contrast_0,contrast_90,dissimilarity_0,dissimilarity_90,homogeneity_0,homogeneity_90,energy_0,energy_90,correlation_0,correlation_90
35.706289978678036,34.76880901614379,1.8355416793583097,1.8691745354858362,0.6920898063680507,0.6771416799227423,0.2557643617202895,0.25240201594428696,0.8978464763648938,0.9005547980740168
