contrast_0,contrast_90,dissimilarity_0,dissimilarity_90,homogeneity_0,homogeneity_90,energy_0,energy_90,correlation_0,correlation_90
33.39915219819273,34.24235963041933,1.6893847091075245,1.7962737333739476,0.7314502181592585,0.6975214700875076,0.2581921241113273,0.2495959699707455,0.8977117564013071,0.895120685141499
