contrast_0,contrast_90,dissimilarity_0,dissimilarity_90,homogeneity_0,homogeneity_90,energy_0,energy_90,correlation_0,correlation_90
49.933394253223675,50.704995431008186,1.8649101431617423,1.8651132094628895,0.7561613317309793,0.7588094835913627,0.2774631184337349,0.27950446630123005,0.8871548815112618,0.8853826135530457
