contrast_0,contrast_90,dissimilarity_0,dissimilarity_90,homogeneity_0,homogeneity_90,energy_0,energy_90,correlation_0,correlation_90
63.86991065082751,63.609021220428446,2.258884150675194,2.1599908620164494,0.6861054216407603,0.715413121358867,0.24649479694060297,0.25541582521025796,0.8794028339883951,0.8798834293958231
