contrast_0,contrast_90,dissimilarity_0,dissimilarity_90,homogeneity_0,homogeneity_90,energy_0,energy_90,correlation_0,correlation_90
38.997258604934565,40.20354858361254,1.9497918570413237,1.9019443598334853,0.6732653749235029,0.6858810520894969,0.23528601673333946,0.23690675325149374,0.9140072213683856,0.911325173154872
