contrast_0,contrast_90,dissimilarity_0,dissimilarity_90,homogeneity_0,homogeneity_90,energy_0,energy_90,correlation_0,correlation_90
64.05987917555079,63.4359833485633,2.2092344400446766,2.075540664026804,0.7065866065194824,0.7460737249481024,0.27899200889876175,0.2919410294214987,0.876687740802391,0.8779215473958825
