contrast_0,contrast_90,dissimilarity_0,dissimilarity_90,homogeneity_0,homogeneity_90,energy_0,energy_90,correlation_0,correlation_90
34.02030663011474,34.05254340542188,1.6240735100010162,1.6495583307950052,0.759562107243554,0.7473837656905802,0.3440100078947239,0.33693073638878657,0.8877052830095413,0.887602488945241
