contrast_0,contrast_90,dissimilarity_0,dissimilarity_90,homogeneity_0,homogeneity_90,energy_0,energy_90,correlation_0,correlation_90
35.38343994314141,35.710351304700986,1.7097674890851882,1.7160879277083974,0.73171685527833,0.7309609306843581,0.31570502145183643,0.31843713628771053,0.8897933467197157,0.8887421620806006
