contrast_0,contrast_90,dissimilarity_0,dissimilarity_90,homogeneity_0,homogeneity_90,energy_0,energy_90,correlation_0,correlation_90
40.33899380647779,40.96814397400748,1.8691491521981936,1.882653061224491,0.7001043419920521,0.7005362484678991,0.2518832503460367,0.25262585392007947,0.8947952627619784,0.8931358762125129
