contrast_0,contrast_90,dissimilarity_0,dissimilarity_90,homogeneity_0,homogeneity_90,energy_0,energy_90,correlation_0,correlation_90
57.54845669611128,57.82391613361762,1.9578891257995732,1.9894659356279827,0.767402754996918,0.7547894794534945,0.2947806100227422,0.29188992427350674,0.8806509007128763,0.8801003838508358
