contrast_0,contrast_90,dissimilarity_0,dissimilarity_90,homogeneity_0,homogeneity_90,energy_0,energy_90,correlation_0,correlation_90
49.626383389176546,49.72154533455173,2.0685602599248654,2.047923647070768,0.6916356175487294,0.6927795280036152,0.23156850146044247,0.23346160103705246,0.9092205563443331,0.9090442999413924
