contrast_0,contrast_90,dissimilarity_0,dissimilarity_90,homogeneity_0,homogeneity_90,energy_0,energy_90,correlation_0,correlation_90
73.40128439435483,73.07965275662505,2.4174281652959686,2.4363894811656013,0.6802526836186603,0.6733298914636612,0.24940726933319207,0.2477546397665007,0.8734676858456281,0.8740389131660655
