contrast_0,contrast_90,dissimilarity_0,dissimilarity_90,homogeneity_0,homogeneity_90,energy_0,energy_90,correlation_0,correlation_90
38.181718956239195,38.85308153111988,1.7669052695705143,1.7979997969336987,0.7233508605427186,0.7142119524952376,0.2595773506174539,0.256948291885689,0.8865595127713044,0.8845308219048085
