contrast_0,contrast_90,dissimilarity_0,dissimilarity_90,homogeneity_0,homogeneity_90,energy_0,energy_90,correlation_0,correlation_90
49.93255660473141,50.35135546756015,1.9432175855416802,1.9041527058584624,0.7239333502468759,0.739013711144922,0.2471954748069168,0.2524200400459518,0.8777213945703778,0.8766648930573241
