contrast_0,contrast_90,dissimilarity_0,dissimilarity_90,homogeneity_0,homogeneity_90,energy_0,energy_90,correlation_0,correlation_90
27.972611432632764,28.482155548786686,1.5025637120519857,1.4967763224692867,0.7641160728432959,0.7683441806842294,0.33768945564918174,0.338915905711027,0.8891424385870345,0.8871183316118686
