contrast_0,contrast_90,dissimilarity_0,dissimilarity_90,homogeneity_0,homogeneity_90,energy_0,energy_90,correlation_0,correlation_90
44.64702000203066,45.73740988932883,1.8718651639760384,2.0416539750228453,0.7193938227350063,0.6667004589954697,0.25333770108735215,0.24274549588700386,0.8840752758024533,0.8811948968191118
