contrast_0,contrast_90,dissimilarity_0,dissimilarity_90,homogeneity_0,homogeneity_90,energy_0,energy_90,correlation_0,correlation_90
21.72065691948423,22.046273733373962,1.4406792567773377,1.4538785663519145,0.731219608883934,0.7256083649346625,0.274440211145539,0.2734406906189549,0.8928865471377581,0.8912823446316364
