contrast_0,contrast_90,dissimilarity_0,dissimilarity_90,homogeneity_0,homogeneity_90,energy_0,energy_90,correlation_0,correlation_90
21.593842014417678,21.640166514366953,1.526830135039091,1.5429992892679463,0.7052854556841891,0.702544032323572,0.29295969873596567,0.29314250172829504,0.919012960795321,0.9188332305773604
