contrast_0,contrast_90,dissimilarity_0,dissimilarity_90,homogeneity_0,homogeneity_90,energy_0,energy_90,correlation_0,correlation_90
29.01210782820589,29.652756625038077,2.0538379530916826,2.0456391511828618,0.6098578574593491,0.6147514818351858,0.22363738971634206,0.22473183703955002,0.921699295235359,0.9199702915079586
