contrast_0,contrast_90,dissimilarity_0,dissimilarity_90,homogeneity_0,homogeneity_90,energy_0,energy_90,correlation_0,correlation_90
34.21905777236269,34.386866686973306,1.733678546045284,1.7445172098690231,0.71512036180993,0.7118878315733459,0.27148104556522773,0.2699875846874121,0.8909941710175646,0.8904706637048747
