contrast_0,contrast_90,dissimilarity_0,dissimilarity_90,homogeneity_0,homogeneity_90,energy_0,energy_90,correlation_0,correlation_90
42.068941009239516,41.73695299015128,1.7151995126408779,1.7052238805970155,0.7725784029230652,0.7742930767081627,0.3073861635572283,0.3090892283214328,0.8610448023986463,0.8621786246842217
