contrast_0,contrast_90,dissimilarity_0,dissimilarity_90,homogeneity_0,homogeneity_90,energy_0,energy_90,correlation_0,correlation_90
16.474286729617226,15.874961925068535,1.5632297695197495,1.5844248147020021,0.6806044839627837,0.674305812764983,0.28033833104199385,0.2785907139382904,0.893484867635773,0.8973869987138097
