contrast_0,contrast_90,dissimilarity_0,dissimilarity_90,homogeneity_0,homogeneity_90,energy_0,energy_90,correlation_0,correlation_90
17.21695095948825,17.50421362574881,1.655066504213627,1.7042339323789222,0.6520493650312237,0.6379687956357751,0.24935629423111288,0.24712075383487214,0.9112904623222373,0.9098134740485181
