contrast_0,contrast_90,dissimilarity_0,dissimilarity_90,homogeneity_0,homogeneity_90,energy_0,energy_90,correlation_0,correlation_90
17.848411006193523,17.960528987714497,1.7615493958777548,1.783049040511728,0.6239807011790159,0.6083709667096512,0.23481928624290316,0.23046074665992225,0.8980145983072203,0.897365459783852
