contrast_0,contrast_90,dissimilarity_0,dissimilarity_90,homogeneity_0,homogeneity_90,energy_0,energy_90,correlation_0,correlation_90
14.902071276271716,15.490912783023655,1.4634988323687708,1.500913798355165,0.6868452194916351,0.6821165009085126,0.2661993771677116,0.2638792476116195,0.8749678764705747,0.8700232645039808
