contrast_0,contrast_90,dissimilarity_0,dissimilarity_90,homogeneity_0,homogeneity_90,energy_0,energy_90,correlation_0,correlation_90
48.49961925068537,48.77053507970351,2.4256523504924354,2.5353843029749195,0.592222390368992,0.5679107867770482,0.21442446260951237,0.2128192419945633,0.8840542656311323,0.8834066814945677
