contrast_0,contrast_90,dissimilarity_0,dissimilarity_90,homogeneity_0,homogeneity_90,energy_0,energy_90,correlation_0,correlation_90
58.53683115037061,59.46979388770433,1.9503249060818357,1.951010254848208,0.7703865025797193,0.7748646489849067,0.28872403269234576,0.28991146808441015,0.8857249892214387,0.8838839613499473
