contrast_0,contrast_90,dissimilarity_0,dissimilarity_90,homogeneity_0,homogeneity_90,energy_0,energy_90,correlation_0,correlation_90
37.74111584932479,38.213448065793465,1.570286323484618,1.5795766067621089,0.8045953744616658,0.8034728683138045,0.3570000814373429,0.35770462898248073,0.8818782278968091,0.8803761057615166
