contrast_0,contrast_90,dissimilarity_0,dissimilarity_90,homogeneity_0,homogeneity_90,energy_0,energy_90,correlation_0,correlation_90
39.81703726266627,40.63607980505633,1.655650319829425,1.664712153518124,0.7807356795518143,0.7820070459878082,0.2910477270831998,0.29213867141573896,0.8825363267673965,0.8800634708985191
