contrast_0,contrast_90,dissimilarity_0,dissimilarity_90,homogeneity_0,homogeneity_90,energy_0,energy_90,correlation_0,correlation_90
39.26558533861306,39.78815108132806,1.6366890039597926,1.6284394354756837,0.7842396405233213,0.7933894954731466,0.3620816662612442,0.36486461955567356,0.8733392720756833,0.8716137982051971
