contrast_0,contrast_90,dissimilarity_0,dissimilarity_90,homogeneity_0,homogeneity_90,energy_0,energy_90,correlation_0,correlation_90
56.03754188242459,56.422758655701074,1.944639049649711,2.023987206823028,0.7575657077324781,0.7319968931055162,0.28924581606074956,0.28341771625374046,0.8748223490211234,0.8739809872880515
