contrast_0,contrast_90,dissimilarity_0,dissimilarity_90,homogeneity_0,homogeneity_90,energy_0,energy_90,correlation_0,correlation_90
65.28525738653668,65.11727078891256,1.9770027413950657,1.9805056350898576,0.7964630922506014,0.7940274077538589,0.32095332128559256,0.3212420976065996,0.8776316545890006,0.8779621827050429
