contrast_0,contrast_90,dissimilarity_0,dissimilarity_90,homogeneity_0,homogeneity_90,energy_0,energy_90,correlation_0,correlation_90
56.490633566859614,58.23477002741391,2.1154178089146107,2.0934358818154135,0.7074700768097972,0.715072604446229,0.2564162829596182,0.2579512211086542,0.9093741684514213,0.9065546950319807
