contrast_0,contrast_90,dissimilarity_0,dissimilarity_90,homogeneity_0,homogeneity_90,energy_0,energy_90,correlation_0,correlation_90
44.39179104477611,44.61729617220023,1.7442126104173012,1.74263884658341,0.7732478755882326,0.7742352024982352,0.3438136167928801,0.34449088154282964,0.874469486842558,0.8738273507432682
