contrast_0,contrast_90,dissimilarity_0,dissimilarity_90,homogeneity_0,homogeneity_90,energy_0,energy_90,correlation_0,correlation_90
45.244872575895975,45.72654584221745,1.9589044573053103,1.9787541882424613,0.7091479468942783,0.6984180223738314,0.2527067006615106,0.252842633891052,0.9154046240152128,0.9144870077718212
