contrast_0,contrast_90,dissimilarity_0,dissimilarity_90,homogeneity_0,homogeneity_90,energy_0,energy_90,correlation_0,correlation_90
55.97862727180425,57.01398619149149,2.116458523707992,2.11831150370596,0.7019681392545841,0.7017575294959205,0.24872187398240034,0.2478246536918858,0.9101200255923456,0.9084458568685192
