B_mean,G_mean,R_mean,B_std,G_std,R_std,B_median,G_median,R_median,B_mode,G_mode,R_mode
3.4641754464143615,7.033007607346341,26.062322946175637,0.9230297957539673,0.9643962856615227,2.0665183780960645,3.0,7.0,26.0,3.0,7.0,26.0
