L_mean,A_mean,B_mean,L_std,A_std,B_std,L_median,A_median,B_median,L_mode,A_mode,B_mode
63.65203552216953,171.62252920393416,164.45001114046536,3.0844784434163817,1.495266423681797,1.6308255599951011,65.0,172.0,165.0,66.0,173.0,166.0
