L_mean,A_mean,B_mean,L_std,A_std,B_std,L_median,A_median,B_median,L_mode,A_mode,B_mode
54.85733838367763,167.2099500270554,159.64105420632143,3.3417162414108925,1.8456237478873303,2.0183867093488668,55.0,167.0,160.0,54.0,167.0,161.0
