L_mean,A_mean,B_mean,L_std,A_std,B_std,L_median,A_median,B_median,L_mode,A_mode,B_mode
63.672565808320336,171.5289492949677,164.34366744119427,5.18429356916145,2.492424993272919,2.6746983784638445,65.0,172.0,165.0,66.0,173.0,166.0
