L_mean,A_mean,B_mean,L_std,A_std,B_std,L_median,A_median,B_median,L_mode,A_mode,B_mode
59.17789731673935,169.51672661298022,162.00359677881403,4.2775520287982935,2.230034498198412,2.43326116916511,60.0,170.0,163.0,60.0,171.0,163.0
