L_mean,A_mean,B_mean,L_std,A_std,B_std,L_median,A_median,B_median,L_mode,A_mode,B_mode
62.48053601553299,170.9360218989719,163.66900085940733,6.253774892033286,3.0411164863590745,3.373788156072945,65.0,172.0,165.0,66.0,173.0,166.0
