L_mean,A_mean,B_mean,L_std,A_std,B_std,L_median,A_median,B_median,L_mode,A_mode,B_mode
62.50151192029793,170.9583028296782,163.68911735684503,6.520931065346034,3.191990153955486,3.5081601608308572,65.0,172.0,165.0,66.0,173.0,166.0
