L_mean,A_mean,B_mean,L_std,A_std,B_std,L_median,A_median,B_median,L_mode,A_mode,B_mode
41.772734506795686,160.63026386987937,152.10615271986504,2.5242730750660125,1.4805541274588139,1.3287934473406724,42.0,161.0,152.0,43.0,161.0,151.0
