L_mean,A_mean,B_mean,L_std,A_std,B_std,L_median,A_median,B_median,L_mode,A_mode,B_mode
60.190183658528824,170.05678454340006,162.724416717064,3.13241558465144,1.5828158762136024,1.6953853688102272,60.0,170.0,163.0,60.0,171.0,163.0
