L_mean,A_mean,B_mean,L_std,A_std,B_std,L_median,A_median,B_median,L_mode,A_mode,B_mode
73.2159340484451,175.94652576630486,168.62657160136231,2.31870736662244,1.1776308703278706,1.4070484699689003,73.0,176.0,168.0,72.0,176.0,170.0
