L_mean,A_mean,B_mean,L_std,A_std,B_std,L_median,A_median,B_median,L_mode,A_mode,B_mode
61.99197886494573,170.7148677467613,163.42976732342362,6.254537387025964,3.088055929190236,3.4033888726772843,64.0,172.0,164.0,66.0,173.0,166.0
