L_mean,A_mean,B_mean,L_std,A_std,B_std,L_median,A_median,B_median,L_mode,A_mode,B_mode
44.27599707164911,162.17484164624247,153.60648693382564,4.443459087991932,2.2625776315398047,2.4409501788745285,45.0,162.0,154.0,45.0,163.0,154.0
