L_mean,A_mean,B_mean,L_std,A_std,B_std,L_median,A_median,B_median,L_mode,A_mode,B_mode
46.31992233504154,163.2057166502212,154.66760034376293,5.089801728348234,2.6183074512254065,2.795872070803189,47.0,164.0,155.0,47.0,165.0,155.0
