L_mean,A_mean,B_mean,L_std,A_std,B_std,L_median,A_median,B_median,L_mode,A_mode,B_mode
49.30378457522997,164.53642932170482,156.3360282649521,3.7743550843775684,1.95167421289994,2.07746856918137,50.0,165.0,157.0,51.0,165.0,157.0
