L_mean,A_mean,B_mean,L_std,A_std,B_std,L_median,A_median,B_median,L_mode,A_mode,B_mode
72.69373269249132,175.7215201960722,168.2848457841296,2.2283898133284836,1.1886401579602317,1.3026768570214196,73.0,176.0,168.0,72.0,176.0,167.0
