L_mean,A_mean,B_mean,L_std,A_std,B_std,L_median,A_median,B_median,L_mode,A_mode,B_mode
62.78454340007003,171.02377693605374,163.76971066619984,6.150209392804942,2.955204342172795,3.256219962634348,65.0,172.0,165.0,66.0,173.0,166.0
