L_mean,A_mean,B_mean,L_std,A_std,B_std,L_median,A_median,B_median,L_mode,A_mode,B_mode
59.82499920425248,169.74074545628164,162.38721074577458,4.851807743114445,2.525849123295641,2.741694528410579,61.0,171.0,163.0,65.0,171.0,164.0
