L_mean,A_mean,B_mean,L_std,A_std,B_std,L_median,A_median,B_median,L_mode,A_mode,B_mode
60.7971798707706,170.2388834070726,162.8919056561734,4.624173200299533,2.3529328449164315,2.6278180188843394,62.0,171.0,164.0,63.0,171.0,164.0
