L_mean,A_mean,B_mean,L_std,A_std,B_std,L_median,A_median,B_median,L_mode,A_mode,B_mode
63.67784957188783,171.43027660183978,164.2667345704555,6.304004055766833,3.02554442219666,3.366249959869564,66.0,173.0,166.0,66.0,174.0,166.0
