L_mean,A_mean,B_mean,L_std,A_std,B_std,L_median,A_median,B_median,L_mode,A_mode,B_mode
48.105516121844865,163.8522137696152,155.77193875927045,3.250174889302786,1.7512848473004365,1.9365651568934392,50.0,165.0,157.0,50.0,165.0,157.0
