L_mean,A_mean,B_mean,L_std,A_std,B_std,L_median,A_median,B_median,L_mode,A_mode,B_mode
51.38023999745361,165.3014291625553,157.60938345481745,4.645895056601583,2.399544415464931,2.794338113974413,52.0,166.0,158.0,54.0,167.0,158.0
