L_mean,A_mean,B_mean,L_std,A_std,B_std,L_median,A_median,B_median,L_mode,A_mode,B_mode
61.25215647579336,170.3795397396314,163.03542667982302,6.1372460155531385,3.044301786698368,3.34577622599157,63.0,171.0,164.0,66.0,173.0,166.0
