L_mean,A_mean,B_mean,L_std,A_std,B_std,L_median,A_median,B_median,L_mode,A_mode,B_mode
52.946175637393765,166.35312092179393,158.49957029633637,5.967012021209314,3.0557821958618936,3.450707146774761,54.0,167.0,159.0,54.0,167.0,161.0
