L_mean,A_mean,B_mean,L_std,A_std,B_std,L_median,A_median,B_median,L_mode,A_mode,B_mode
63.9409873635293,171.61473087818698,164.42362415252887,6.211980338455873,2.993769007379058,3.3245953692978474,66.0,173.0,166.0,69.0,174.0,166.0
