L_mean,A_mean,B_mean,L_std,A_std,B_std,L_median,A_median,B_median,L_mode,A_mode,B_mode
57.49536874940319,168.65821052296528,161.16548365534584,2.55196549521191,1.4676923984379107,1.5645504165669002,58.0,169.0,161.0,58.0,168.0,161.0
