L_mean,A_mean,B_mean,L_std,A_std,B_std,L_median,A_median,B_median,L_mode,A_mode,B_mode
58.748066333513705,169.44008021135053,161.89801699716713,2.853295582008491,1.5830446609161608,1.6773901879009463,59.0,170.0,162.0,60.0,171.0,163.0
