L_mean,A_mean,B_mean,L_std,A_std,B_std,L_median,A_median,B_median,L_mode,A_mode,B_mode
53.432568354712416,166.52204220644873,158.78247445650445,5.271256083186749,2.786699156314417,3.060845445621753,55.0,167.0,160.0,58.0,168.0,161.0
