L_mean,A_mean,B_mean,L_std,A_std,B_std,L_median,A_median,B_median,L_mode,A_mode,B_mode
47.6621892605914,163.69933475506892,155.4145208008403,4.590791838458488,2.322457620615231,2.523020416532312,48.0,164.0,156.0,48.0,165.0,157.0
