L_mean,A_mean,B_mean,L_std,A_std,B_std,L_median,A_median,B_median,L_mode,A_mode,B_mode
73.3894070089442,175.99767641722633,168.93035617659228,1.7855487096244615,0.9792023431096929,1.1366078327614928,73.0,176.0,169.0,75.0,176.0,170.0
