L_mean,A_mean,B_mean,L_std,A_std,B_std,L_median,A_median,B_median,L_mode,A_mode,B_mode
59.66448101346405,169.6652767609893,162.286182639972,4.524845448117766,2.3367371024135073,2.576200128283522,60.0,171.0,163.0,65.0,171.0,164.0
