L_mean,A_mean,B_mean,L_std,A_std,B_std,L_median,A_median,B_median,L_mode,A_mode,B_mode
54.78629404462552,167.26775312728776,159.55212146290225,3.366800313902339,1.8555011558903136,2.0449564456970997,56.0,167.0,160.0,56.0,168.0,161.0
