L_mean,A_mean,B_mean,L_std,A_std,B_std,L_median,A_median,B_median,L_mode,A_mode,B_mode
64.14049718305377,171.49839258999904,164.40083394340644,6.295003104800259,3.017161722462324,3.277676897416716,66.0,173.0,166.0,70.0,174.0,166.0
