L_mean,A_mean,B_mean,L_std,A_std,B_std,L_median,A_median,B_median,L_mode,A_mode,B_mode
60.27039500907152,170.0823757838113,162.68434287169367,2.868000410727183,1.5072907811162566,1.5290938390125215,60.0,170.0,163.0,60.0,171.0,163.0
