L_mean,A_mean,B_mean,L_std,A_std,B_std,L_median,A_median,B_median,L_mode,A_mode,B_mode
73.13126651176115,175.79110035967787,168.76729159372314,2.334424357311007,1.2862269116838942,1.2761857286696283,73.0,176.0,169.0,72.0,176.0,170.0
