L_mean,A_mean,B_mean,L_std,A_std,B_std,L_median,A_median,B_median,L_mode,A_mode,B_mode
63.327784320590766,171.21291020784926,164.10478403412165,6.854114053504402,3.287381460359981,3.6488460165297507,65.0,172.0,165.0,70.0,174.0,166.0
