L_mean,A_mean,B_mean,L_std,A_std,B_std,L_median,A_median,B_median,L_mode,A_mode,B_mode
52.65445459464621,165.93872744055767,158.2537798007448,1.9185307120110677,1.2000001369136868,1.1787311424616673,53.0,166.0,158.0,54.0,167.0,158.0
