L_mean,A_mean,B_mean,L_std,A_std,B_std,L_median,A_median,B_median,L_mode,A_mode,B_mode
61.326479294649396,170.40258458796194,163.05805773944044,6.15729515367418,3.064361952398477,3.3608621144177033,63.0,171.0,164.0,66.0,173.0,166.0
