L_mean,A_mean,B_mean,L_std,A_std,B_std,L_median,A_median,B_median,L_mode,A_mode,B_mode
48.029474488334344,163.91806983480282,155.6416589744406,4.342146578078584,2.209915208270052,2.3974763167817295,49.0,165.0,157.0,52.0,165.0,157.0
