L_mean,A_mean,B_mean,L_std,A_std,B_std,L_median,A_median,B_median,L_mode,A_mode,B_mode
70.85269121813032,174.93338001718814,167.64932998058376,5.798540025710379,2.7838453887031758,2.8172844297864463,73.0,176.0,168.0,73.0,176.0,170.0
