L_mean,A_mean,B_mean,L_std,A_std,B_std,L_median,A_median,B_median,L_mode,A_mode,B_mode
51.3713912849731,165.3304262023745,157.53257790368272,4.308610769865367,2.2436627046754056,2.5761320139720443,53.0,166.0,158.0,54.0,167.0,158.0
