L_mean,A_mean,B_mean,L_std,A_std,B_std,L_median,A_median,B_median,L_mode,A_mode,B_mode
59.7222522837954,169.72588089251042,162.34834643664257,3.81130549475763,2.010091093311217,2.120852853391285,60.0,170.0,163.0,60.0,171.0,164.0
