L_mean,A_mean,B_mean,L_std,A_std,B_std,L_median,A_median,B_median,L_mode,A_mode,B_mode
53.92392653658847,166.64936181048478,159.09332526975842,1.6388322322654159,0.8985205865593604,1.2394496228638756,54.0,167.0,159.0,54.0,167.0,159.0
