L_mean,A_mean,B_mean,L_std,A_std,B_std,L_median,A_median,B_median,L_mode,A_mode,B_mode
60.676767355253524,170.1808893274342,162.8045962377057,5.153347995172838,2.6196052156037792,2.8545919938699855,62.0,171.0,163.0,66.0,171.0,164.0
