L_mean,A_mean,B_mean,L_std,A_std,B_std,L_median,A_median,B_median,L_mode,A_mode,B_mode
59.89247859439157,169.7833656937327,162.40162969093166,4.495749600818245,2.333721548915911,2.5615931572816453,61.0,171.0,163.0,63.0,171.0,164.0
