L_mean,A_mean,B_mean,L_std,A_std,B_std,L_median,A_median,B_median,L_mode,A_mode,B_mode
58.7151860457714,169.30754050354903,161.89706210013688,2.158238229837991,1.3418749787438193,1.2876257115335867,59.0,169.0,162.0,60.0,171.0,161.0
