L_mean,A_mean,B_mean,L_std,A_std,B_std,L_median,A_median,B_median,L_mode,A_mode,B_mode
62.91507782410797,171.12633287710474,163.9437565649171,4.770641650838816,2.3797645627058293,2.5697899287471957,65.0,172.0,165.0,65.0,173.0,166.0
