L_mean,A_mean,B_mean,L_std,A_std,B_std,L_median,A_median,B_median,L_mode,A_mode,B_mode
63.66425820415699,171.63551580354584,164.4219053378744,2.9907686014885635,1.4076179143661547,1.5667460869815188,65.0,172.0,165.0,65.0,173.0,166.0
