L_mean,A_mean,B_mean,L_std,A_std,B_std,L_median,A_median,B_median,L_mode,A_mode,B_mode
54.82130693573543,167.28678740809116,159.51901836585287,3.654955095654168,2.022363866938207,2.231942268231689,54.0,167.0,159.0,54.0,167.0,158.0
