L_mean,A_mean,B_mean,L_std,A_std,B_std,L_median,A_median,B_median,L_mode,A_mode,B_mode
57.45586784225101,168.67409364356877,161.1318394499793,2.4334866015306966,1.4428909174499052,1.4703581797193106,58.0,169.0,161.0,58.0,169.0,161.0
