L_mean,A_mean,B_mean,L_std,A_std,B_std,L_median,A_median,B_median,L_mode,A_mode,B_mode
57.36015532991692,168.57723525479835,161.00098672693127,7.286368006284548,3.712658229085211,4.086694863974846,60.0,170.0,162.0,60.0,171.0,163.0
