L_mean,A_mean,B_mean,L_std,A_std,B_std,L_median,A_median,B_median,L_mode,A_mode,B_mode
63.06900722538753,171.23013018429512,164.07117165865614,4.782713041694568,2.3956192429951226,2.567182731384587,65.0,172.0,165.0,66.0,173.0,166.0
