L_mean,A_mean,B_mean,L_std,A_std,B_std,L_median,A_median,B_median,L_mode,A_mode,B_mode
59.34860107585065,169.5449597351752,162.10312887926918,4.4391599264213735,2.2617484941447423,2.5122431457971546,60.0,170.0,163.0,63.0,171.0,164.0
