L_mean,A_mean,B_mean,L_std,A_std,B_std,L_median,A_median,B_median,L_mode,A_mode,B_mode
46.662603049304515,163.2204857242894,154.88757678963617,3.684294468368157,1.9148184370656767,2.0893655061135417,47.0,163.0,155.0,47.0,163.0,155.0
