L_mean,A_mean,B_mean,L_std,A_std,B_std,L_median,A_median,B_median,L_mode,A_mode,B_mode
61.531527516949424,170.54550084349236,163.21507464111787,6.404757107863077,3.1772163200179735,3.477233883832651,63.0,172.0,164.0,66.0,173.0,166.0
