L_mean,A_mean,B_mean,L_std,A_std,B_std,L_median,A_median,B_median,L_mode,A_mode,B_mode
52.42540662698539,165.81997007989304,158.2151701308209,4.1723113296924454,2.188251313532118,2.497359503924129,54.0,166.0,158.0,54.0,167.0,161.0
