L_mean,A_mean,B_mean,L_std,A_std,B_std,L_median,A_median,B_median,L_mode,A_mode,B_mode
57.57010535697234,168.73613012063532,161.20227902091224,2.6935034107288565,1.547488237944677,1.6427832626886019,58.0,169.0,161.0,54.0,167.0,161.0
