L_mean,A_mean,B_mean,L_std,A_std,B_std,L_median,A_median,B_median,L_mode,A_mode,B_mode
60.083012381831495,169.9215711239138,162.55485883438902,4.61798716327403,2.3632900324506045,2.598797130218157,61.0,171.0,163.0,65.0,171.0,164.0
