L_mean,A_mean,B_mean,L_std,A_std,B_std,L_median,A_median,B_median,L_mode,A_mode,B_mode
63.53092274883025,171.55390393735877,164.45122067670368,2.626068898197881,1.3384121941660299,1.475130130766244,65.0,172.0,165.0,65.0,172.0,165.0
