L_mean,A_mean,B_mean,L_std,A_std,B_std,L_median,A_median,B_median,L_mode,A_mode,B_mode
63.54193589457937,171.50307158544737,164.30804978196517,4.531223902162726,2.1901139196754666,2.3705651248210806,65.0,172.0,165.0,66.0,173.0,166.0
