L_mean,A_mean,B_mean,L_std,A_std,B_std,L_median,A_median,B_median,L_mode,A_mode,B_mode
49.4272209313429,164.59792469045422,156.47872171117547,3.8267393851667126,1.966204346713404,2.1896493076283416,50.0,165.0,157.0,48.0,165.0,157.0
