L_mean,A_mean,B_mean,L_std,A_std,B_std,L_median,A_median,B_median,L_mode,A_mode,B_mode
48.877295731610275,164.3290575166311,156.11993506700193,3.845790706414297,1.9576152728353848,2.0840354151922234,50.0,165.0,157.0,52.0,165.0,157.0
