L_mean,A_mean,B_mean,L_std,A_std,B_std,L_median,A_median,B_median,L_mode,A_mode,B_mode
72.87487665913359,175.79205525670815,168.28007129897827,2.0913010875903058,1.1574882278928547,1.3570198309168047,72.0,176.0,168.0,72.0,175.0,167.0
