L_mean,A_mean,B_mean,L_std,A_std,B_std,L_median,A_median,B_median,L_mode,A_mode,B_mode
49.14603558582933,164.4940637234618,156.24534487697744,3.9291535561516837,2.0393470285024766,2.178257972559064,50.0,165.0,157.0,50.0,165.0,157.0
