L_mean,A_mean,B_mean,L_std,A_std,B_std,L_median,A_median,B_median,L_mode,A_mode,B_mode
62.39440430340262,170.8629086163542,163.59601489639368,6.982712510859355,3.4052367745561143,3.7609978829982924,65.0,172.0,165.0,66.0,173.0,166.0
