L_mean,A_mean,B_mean,L_std,A_std,B_std,L_median,A_median,B_median,L_mode,A_mode,B_mode
53.478753541076486,166.4940000636598,158.81363592959227,5.214424580651656,2.7754948205646874,3.035293615585893,54.0,167.0,160.0,58.0,168.0,161.0
