L_mean,A_mean,B_mean,L_std,A_std,B_std,L_median,A_median,B_median,L_mode,A_mode,B_mode
70.41461629054334,174.71076168953115,167.4322182258013,5.642575274037442,2.702262886817622,2.7464465821061848,72.0,176.0,168.0,73.0,177.0,170.0
