L_mean,A_mean,B_mean,L_std,A_std,B_std,L_median,A_median,B_median,L_mode,A_mode,B_mode
59.65327688830888,169.6377757265175,162.2706496482796,4.783297859403677,2.471919504744258,2.7100435788766295,60.0,171.0,163.0,63.0,171.0,164.0
