L_mean,A_mean,B_mean,L_std,A_std,B_std,L_median,A_median,B_median,L_mode,A_mode,B_mode
46.283731737594294,162.69583346595792,154.70465034853743,5.151155534322285,2.782197355060824,2.979080201968485,48.0,163.0,156.0,51.0,165.0,157.0
