L_mean,A_mean,B_mean,L_std,A_std,B_std,L_median,A_median,B_median,L_mode,A_mode,B_mode
49.140306203647704,164.27039500907154,156.24184358786644,3.6265260490675995,1.9242067871066464,2.020619394659926,50.0,165.0,157.0,52.0,165.0,157.0
