L_mean,A_mean,B_mean,L_std,A_std,B_std,L_median,A_median,B_median,L_mode,A_mode,B_mode
48.62424801858866,164.2455358563835,155.91861094311997,4.2790642825037475,2.2029676520103463,2.327570880530765,50.0,165.0,157.0,52.0,165.0,158.0
