L_mean,A_mean,B_mean,L_std,A_std,B_std,L_median,A_median,B_median,L_mode,A_mode,B_mode
45.40392144380431,162.64006747939013,154.27857529363084,4.157189005229529,2.222502540076453,2.3455736982052415,47.0,163.0,155.0,47.0,163.0,155.0
