L_mean,A_mean,B_mean,L_std,A_std,B_std,L_median,A_median,B_median,L_mode,A_mode,B_mode
55.99067383900436,167.94993156571283,160.296813826909,5.1626223546876675,2.8318476142153326,3.0312081607721284,58.0,169.0,161.0,60.0,171.0,163.0
