L_mean,A_mean,B_mean,L_std,A_std,B_std,L_median,A_median,B_median,L_mode,A_mode,B_mode
55.04141070121272,167.3728236305185,159.72104274755705,3.160914075210216,1.7524412454658944,1.9277537082181833,56.0,167.0,160.0,54.0,167.0,161.0
