L_mean,A_mean,B_mean,L_std,A_std,B_std,L_median,A_median,B_median,L_mode,A_mode,B_mode
53.18244899258363,166.1798707706019,158.65875163128243,3.4810054371224037,1.8454286830699929,2.1089686574323903,54.0,167.0,158.0,54.0,167.0,161.0
