L_mean,A_mean,B_mean,L_std,A_std,B_std,L_median,A_median,B_median,L_mode,A_mode,B_mode
63.70659197249896,171.66906451920934,164.49664194544354,2.7602931702294713,1.3824155753475307,1.5322886715200692,65.0,172.0,165.0,66.0,173.0,166.0
