L_mean,A_mean,B_mean,L_std,A_std,B_std,L_median,A_median,B_median,L_mode,A_mode,B_mode
53.49820161059299,166.66295317821562,158.84438361396695,5.797145239965143,3.01421601616994,3.3604647271016868,56.0,167.0,160.0,56.0,168.0,161.0
