L_mean,A_mean,B_mean,L_std,A_std,B_std,L_median,A_median,B_median,L_mode,A_mode,B_mode
63.4127383263838,171.50125728108986,164.32351911385555,3.147602988751231,1.5487597444927006,1.6604776071485399,65.0,172.0,165.0,66.0,173.0,166.0
