L_mean,A_mean,B_mean,L_std,A_std,B_std,L_median,A_median,B_median,L_mode,A_mode,B_mode
54.131680300474265,166.92300346945922,159.14966419454436,3.2510905821223384,1.764700933527232,1.9023148664715084,54.0,167.0,159.0,56.0,167.0,161.0
