L_mean,A_mean,B_mean,L_std,A_std,B_std,L_median,A_median,B_median,L_mode,A_mode,B_mode
61.30499411146831,170.3830410287424,163.1618868765318,4.2010279612848365,2.1608250490067764,2.3200765915022488,63.0,171.0,164.0,65.0,172.0,164.0
