L_mean,A_mean,B_mean,L_std,A_std,B_std,L_median,A_median,B_median,L_mode,A_mode,B_mode
69.72648566062959,174.31225132889836,166.86033039437248,4.462597765421725,2.1854352597935174,2.0814758444893346,72.0,175.0,167.0,72.0,176.0,167.0
