L_mean,A_mean,B_mean,L_std,A_std,B_std,L_median,A_median,B_median,L_mode,A_mode,B_mode
70.31333354553267,174.6487888722666,167.37368303784575,5.664477993845584,2.727657907494863,2.76178956008959,72.0,176.0,168.0,76.0,177.0,170.0
