L_mean,A_mean,B_mean,L_std,A_std,B_std,L_median,A_median,B_median,L_mode,A_mode,B_mode
58.03698634497247,169.15844924722285,161.54123563675716,2.7092527294952102,1.6829599529362131,1.6904104713103922,59.0,169.0,162.0,60.0,171.0,163.0
