L_mean,A_mean,B_mean,L_std,A_std,B_std,L_median,A_median,B_median,L_mode,A_mode,B_mode
48.19279371041156,163.94544354967056,155.6816373301079,4.253517726979843,2.1801393787673953,2.320138969168329,50.0,165.0,157.0,52.0,165.0,157.0
