L_mean,A_mean,B_mean,L_std,A_std,B_std,L_median,A_median,B_median,L_mode,A_mode,B_mode
59.67231116911226,169.69300060476812,162.2819810930388,4.6380908839258135,2.393783799674333,2.6498802980251805,60.0,171.0,163.0,65.0,171.0,164.0
