L_mean,A_mean,B_mean,L_std,A_std,B_std,L_median,A_median,B_median,L_mode,A_mode,B_mode
55.104115606200466,167.37034089823982,159.68431104179265,2.9629558540074883,1.621256374627264,1.7850405889694814,56.0,167.0,160.0,54.0,167.0,161.0
