L_mean,A_mean,B_mean,L_std,A_std,B_std,L_median,A_median,B_median,L_mode,A_mode,B_mode
45.52974504249292,162.84610242862144,154.2695992615463,4.7466312731660505,2.5319382436174793,2.657793924748841,47.0,163.0,155.0,47.0,165.0,155.0
