L_mean,A_mean,B_mean,L_std,A_std,B_std,L_median,A_median,B_median,L_mode,A_mode,B_mode
63.84791673297896,171.53143202724638,164.38386860616865,5.160917514082023,2.466746054741618,2.6649823466813896,65.0,172.0,165.0,70.0,174.0,166.0
