L_mean,A_mean,B_mean,L_std,A_std,B_std,L_median,A_median,B_median,L_mode,A_mode,B_mode
68.75433682401248,173.66760034376293,166.64652894929498,2.2775068711185855,1.0277185651390826,0.9699735764031486,69.0,174.0,167.0,70.0,174.0,167.0
