L_mean,A_mean,B_mean,L_std,A_std,B_std,L_median,A_median,B_median,L_mode,A_mode,B_mode
60.21628417735621,169.94130566253938,162.6010758506541,4.855360674508806,2.5212602979455063,2.764556144938217,61.0,171.0,163.0,65.0,171.0,164.0
