L_mean,A_mean,B_mean,L_std,A_std,B_std,L_median,A_median,B_median,L_mode,A_mode,B_mode
47.57112391380463,163.7692332176847,155.39656873667124,3.530485497229605,1.7951046526346468,1.9608641528818882,47.0,164.0,155.0,47.0,163.0,155.0
