L_mean,A_mean,B_mean,L_std,A_std,B_std,L_median,A_median,B_median,L_mode,A_mode,B_mode
45.383773116465605,162.60378139223988,154.28471846452558,4.20160490944675,2.225479456175967,2.3912706329146785,47.0,163.0,155.0,47.0,163.0,155.0
