L_mean,A_mean,B_mean,L_std,A_std,B_std,L_median,A_median,B_median,L_mode,A_mode,B_mode
49.88452111913932,164.90059521914887,156.67479390139096,3.5515280151013635,1.8434613772522437,1.9762271984082522,50.0,165.0,157.0,48.0,165.0,157.0
