L_mean,A_mean,B_mean,L_std,A_std,B_std,L_median,A_median,B_median,L_mode,A_mode,B_mode
61.50587261673616,170.49950663653436,163.27504217461885,4.0658695365887425,2.052998471316027,2.2249679941011724,63.0,171.0,164.0,65.0,172.0,164.0
