L_mean,A_mean,B_mean,L_std,A_std,B_std,L_median,A_median,B_median,L_mode,A_mode,B_mode
54.7960976541363,167.1949899735812,159.61492185759303,3.3923183943664883,1.8329063855290364,2.016415670600939,56.0,167.0,160.0,56.0,167.0,161.0
