L_mean,A_mean,B_mean,L_std,A_std,B_std,L_median,A_median,B_median,L_mode,A_mode,B_mode
59.23500015914951,169.55438138587388,162.05681637330107,4.669678242529236,2.453043479749588,2.657249470953069,60.0,170.0,163.0,60.0,171.0,163.0
