L_mean,A_mean,B_mean,L_std,A_std,B_std,L_median,A_median,B_median,L_mode,A_mode,B_mode
53.32081357226979,166.61960085304133,158.73527071330807,6.5153037214151315,3.431756984860906,3.7786645166974853,55.0,167.0,160.0,60.0,167.0,161.0
