L_mean,A_mean,B_mean,L_std,A_std,B_std,L_median,A_median,B_median,L_mode,A_mode,B_mode
59.27415093739059,169.3516249164465,161.99707164910717,5.257610372729382,2.7003416275351184,2.9343884681805803,61.0,170.0,163.0,63.0,172.0,164.0
