L_mean,A_mean,B_mean,L_std,A_std,B_std,L_median,A_median,B_median,L_mode,A_mode,B_mode
63.554031256962794,171.6024127064965,164.41436165133527,3.086657606571311,1.4815168982285287,1.6151364180176542,65.0,172.0,165.0,66.0,173.0,166.0
