L_mean,A_mean,B_mean,L_std,A_std,B_std,L_median,A_median,B_median,L_mode,A_mode,B_mode
52.638062195626574,166.2042843046758,158.32065442276473,6.703797646937859,3.492620650900404,3.864853611033277,54.0,167.0,159.0,54.0,167.0,161.0
