L_mean,A_mean,B_mean,L_std,A_std,B_std,L_median,A_median,B_median,L_mode,A_mode,B_mode
46.850717764267756,163.37750262596683,155.02921984912626,3.679852207803499,1.8722643132098133,2.0105019043482706,47.0,163.0,155.0,47.0,163.0,155.0
