L_mean,A_mean,B_mean,L_std,A_std,B_std,L_median,A_median,B_median,L_mode,A_mode,B_mode
44.34920584396983,162.1544705095967,153.68590253684312,4.062645514370301,2.117801357311102,2.3518794817796005,45.0,163.0,154.0,46.0,163.0,155.0
