L_mean,A_mean,B_mean,L_std,A_std,B_std,L_median,A_median,B_median,L_mode,A_mode,B_mode
69.3088455294904,174.11423751472134,166.5741795843015,4.800005410679918,2.3491068143661082,2.237600403680606,72.0,175.0,167.0,72.0,176.0,167.0
