L_mean,A_mean,B_mean,L_std,A_std,B_std,L_median,A_median,B_median,L_mode,A_mode,B_mode
65.37304643982557,172.2230002864691,164.88824521755737,6.27480028820857,2.946166577814878,3.072808392716464,67.0,173.0,166.0,72.0,175.0,167.0
