L_mean,A_mean,B_mean,L_std,A_std,B_std,L_median,A_median,B_median,L_mode,A_mode,B_mode
60.94439316293726,170.37323741923163,163.042461087946,2.5172302522506844,1.2771051318868925,1.3510334832173418,61.0,171.0,163.0,63.0,171.0,164.0
