L_mean,A_mean,B_mean,L_std,A_std,B_std,L_median,A_median,B_median,L_mode,A_mode,B_mode
70.09415284718465,174.2759970716491,167.17426870802433,1.8442117920352072,1.013152451501641,0.7871371465202872,70.0,174.0,167.0,70.0,174.0,167.0
