L_mean,A_mean,B_mean,L_std,A_std,B_std,L_median,A_median,B_median,L_mode,A_mode,B_mode
63.56071553617468,171.34866473565268,164.20839036190597,5.441719702018912,2.5768227500709697,2.8452281155797614,65.0,172.0,165.0,70.0,173.0,166.0
