L_mean,A_mean,B_mean,L_std,A_std,B_std,L_median,A_median,B_median,L_mode,A_mode,B_mode
70.31069166374893,174.41608046598975,167.14431677117483,2.0199566044654755,0.9665759357733784,0.8514145078068989,70.0,175.0,167.0,72.0,175.0,167.0
