L_mean,A_mean,B_mean,L_std,A_std,B_std,L_median,A_median,B_median,L_mode,A_mode,B_mode
44.47518859216348,162.15736703058855,153.7812012604641,4.646968056514987,2.3566217774517484,2.631153448650853,46.0,163.0,154.0,47.0,163.0,155.0
