L_mean,A_mean,B_mean,L_std,A_std,B_std,L_median,A_median,B_median,L_mode,A_mode,B_mode
46.235286628258585,163.0491135372569,154.65585511029062,4.875704754853749,2.542127971504257,2.7605222996444287,47.0,163.0,155.0,47.0,163.0,155.0
