L_mean,A_mean,B_mean,L_std,A_std,B_std,L_median,A_median,B_median,L_mode,A_mode,B_mode
52.90527421459719,166.12811535156126,158.34325365248114,1.9207637375084061,1.1171985777015065,1.254002410867612,53.0,166.0,158.0,54.0,167.0,158.0
