L_mean,A_mean,B_mean,L_std,A_std,B_std,L_median,A_median,B_median,L_mode,A_mode,B_mode
48.08654550084349,164.04258840755006,155.68049145367158,3.306424761400345,1.6846403205536653,1.8333168958793462,48.0,164.0,156.0,47.0,165.0,155.0
