L_mean,A_mean,B_mean,L_std,A_std,B_std,L_median,A_median,B_median,L_mode,A_mode,B_mode
59.64882070216762,169.75490976223065,162.39052105547952,3.4403796423125064,1.7692231081620382,1.92858307651965,60.0,170.0,163.0,60.0,171.0,163.0
