L_mean,A_mean,B_mean,L_std,A_std,B_std,L_median,A_median,B_median,L_mode,A_mode,B_mode
46.45771397650953,163.19804564407804,154.76105293312537,4.70229070214968,2.413382074604745,2.6013773283809867,47.0,163.0,155.0,47.0,165.0,155.0
