L_mean,A_mean,B_mean,L_std,A_std,B_std,L_median,A_median,B_median,L_mode,A_mode,B_mode
64.05165992933762,171.5999299742178,164.5102651430754,5.027417683995386,2.3778707192163693,2.519347969838537,65.0,172.0,165.0,70.0,174.0,166.0
