L_mean,A_mean,B_mean,L_std,A_std,B_std,L_median,A_median,B_median,L_mode,A_mode,B_mode
57.33981602317217,168.58417417321832,160.9865041219722,7.064434165465502,3.567849976779158,3.997883789533897,60.0,170.0,163.0,60.0,171.0,163.0
