L_mean,A_mean,B_mean,L_std,A_std,B_std,L_median,A_median,B_median,L_mode,A_mode,B_mode
49.90696119935067,164.90240952350638,156.69993952318808,3.68280579934574,1.892824726929689,2.057707147599133,51.0,165.0,157.0,51.0,165.0,157.0
