L_mean,A_mean,B_mean,L_std,A_std,B_std,L_median,A_median,B_median,L_mode,A_mode,B_mode
47.38997994716237,163.590062704905,155.26861253461502,5.249352627478864,2.692531673650873,2.90253229939949,48.0,164.0,156.0,48.0,165.0,157.0
