L_mean,A_mean,B_mean,L_std,A_std,B_std,L_median,A_median,B_median,L_mode,A_mode,B_mode
60.297482254830186,170.0095489703027,162.64818410414745,4.712263591177397,2.441009755372705,2.668812672414688,61.0,171.0,163.0,65.0,171.0,163.0
