L_mean,A_mean,B_mean,L_std,A_std,B_std,L_median,A_median,B_median,L_mode,A_mode,B_mode
42.416685234108925,160.94149664194543,152.46987299869497,2.9938512533575734,1.6997587310245414,1.6625656330277017,43.0,161.0,153.0,43.0,162.0,152.0
