L_mean,A_mean,B_mean,L_std,A_std,B_std,L_median,A_median,B_median,L_mode,A_mode,B_mode
69.50673202406341,174.21087309418468,166.73119648597893,4.130243756633072,2.013371756814385,1.8550833326978196,72.0,175.0,167.0,72.0,176.0,167.0
