L_mean,A_mean,B_mean,L_std,A_std,B_std,L_median,A_median,B_median,L_mode,A_mode,B_mode
60.69255498615399,170.0985772034249,162.82455358563834,3.9097412696522547,2.0109651856452646,2.116129227670388,62.0,171.0,163.0,63.0,171.0,164.0
