L_mean,A_mean,B_mean,L_std,A_std,B_std,L_median,A_median,B_median,L_mode,A_mode,B_mode
91.43845688639908,184.15816277811376,177.32632014514434,2.6568761441034616,1.3484833971850945,1.2530909818971738,92.0,184.0,178.0,95.0,185.0,178.0
