L_mean,A_mean,B_mean,L_std,A_std,B_std,L_median,A_median,B_median,L_mode,A_mode,B_mode
94.34844192634561,185.78673966323964,178.48998949613267,3.6531161208160685,1.70662398793685,1.6021485535972992,95.0,186.0,179.0,95.0,186.0,179.0
