L_mean,A_mean,B_mean,L_std,A_std,B_std,L_median,A_median,B_median,L_mode,A_mode,B_mode
93.65579145048859,185.4926313779164,178.25989114173854,4.280984839095296,1.9741658471567363,1.8724527628179957,95.0,186.0,179.0,97.0,187.0,179.0
