L_mean,A_mean,B_mean,L_std,A_std,B_std,L_median,A_median,B_median,L_mode,A_mode,B_mode
91.78950886462744,184.5589967215202,177.4688862717637,4.3501601106560335,2.0293154821194372,1.8941111709499185,92.0,185.0,178.0,95.0,185.0,179.0
