L_mean,A_mean,B_mean,L_std,A_std,B_std,L_median,A_median,B_median,L_mode,A_mode,B_mode
99.51051978228348,188.1128051691759,180.4286532768883,2.542300481271879,1.2265137417742848,0.9488833572537088,99.0,188.0,181.0,101.0,188.0,181.0
