L_mean,A_mean,B_mean,L_std,A_std,B_std,L_median,A_median,B_median,L_mode,A_mode,B_mode
84.49842441990005,181.445204825413,174.18009357990897,5.857096742530541,2.8209328848922666,2.780409970980013,87.0,183.0,175.0,88.0,183.0,175.0
