L_mean,A_mean,B_mean,L_std,A_std,B_std,L_median,A_median,B_median,L_mode,A_mode,B_mode
91.2586497755992,184.08565426361525,177.24890982589045,2.726977920552125,1.3796986572406136,1.2884959089803714,91.0,184.0,177.0,93.0,185.0,176.0
