L_mean,A_mean,B_mean,L_std,A_std,B_std,L_median,A_median,B_median,L_mode,A_mode,B_mode
91.72148836617119,184.52990419199796,177.42839863768023,4.110831738963628,1.924902768666253,1.799958820365663,92.0,185.0,178.0,95.0,185.0,179.0
