L_mean,A_mean,B_mean,L_std,A_std,B_std,L_median,A_median,B_median,L_mode,A_mode,B_mode
86.29267593977782,182.1353089091893,175.0331667568514,4.7947556602539745,2.237418504810473,2.2666878264444783,88.0,183.0,176.0,88.0,183.0,176.0
