L_mean,A_mean,B_mean,L_std,A_std,B_std,L_median,A_median,B_median,L_mode,A_mode,B_mode
84.40662698539008,181.43199541649426,174.08568609351624,5.311371557414137,2.5590614414556905,2.4874867191874395,86.0,182.0,175.0,88.0,183.0,175.0
