L_mean,A_mean,B_mean,L_std,A_std,B_std,L_median,A_median,B_median,L_mode,A_mode,B_mode
92.32905751663112,184.89336983161982,177.6310914473056,5.783413130388847,2.6871317440114946,2.6103013169336666,94.0,186.0,178.0,95.0,187.0,179.0
