L_mean,A_mean,B_mean,L_std,A_std,B_std,L_median,A_median,B_median,L_mode,A_mode,B_mode
91.72393926854888,184.57723525479835,177.44087595887578,4.085322834048074,1.9032563488016063,1.8152898266529083,92.0,185.0,178.0,95.0,186.0,179.0
