L_mean,A_mean,B_mean,L_std,A_std,B_std,L_median,A_median,B_median,L_mode,A_mode,B_mode
80.62517108571792,179.28290416016807,172.62736734888753,2.9666468601114824,1.5052064365450253,1.6770613231130271,82.0,180.0,173.0,82.0,180.0,174.0
