L_mean,A_mean,B_mean,L_std,A_std,B_std,L_median,A_median,B_median,L_mode,A_mode,B_mode
92.7964477830474,185.09208390361906,177.8487761403062,4.152358742780172,1.922242263390119,1.8338703473278417,94.0,185.0,178.0,95.0,187.0,179.0
