L_mean,A_mean,B_mean,L_std,A_std,B_std,L_median,A_median,B_median,L_mode,A_mode,B_mode
90.18731896743802,183.86803323041664,176.67036954515072,5.128103747782506,2.3171127541781615,2.342888147774304,91.0,184.0,177.0,91.0,184.0,177.0
