L_mean,A_mean,B_mean,L_std,A_std,B_std,L_median,A_median,B_median,L_mode,A_mode,B_mode
81.03552216952605,179.50969220485723,172.92243053124105,2.9209971340329224,1.4832192962049604,1.6675000768774728,82.0,180.0,174.0,82.0,180.0,174.0
