L_mean,A_mean,B_mean,L_std,A_std,B_std,L_median,A_median,B_median,L_mode,A_mode,B_mode
100.33615558455614,188.49180380049017,180.72307986122163,2.0821159738791986,0.9695211888254069,0.7466245831498031,101.0,189.0,181.0,101.0,189.0,181.0
