L_mean,A_mean,B_mean,L_std,A_std,B_std,L_median,A_median,B_median,L_mode,A_mode,B_mode
89.24292580450074,183.50609542604323,176.2946812235414,3.6542808417262984,1.6216784305765968,1.6566977252054682,90.0,184.0,177.0,91.0,184.0,177.0
