L_mean,A_mean,B_mean,L_std,A_std,B_std,L_median,A_median,B_median,L_mode,A_mode,B_mode
83.90416016806188,181.19852309259318,173.9169557882675,5.149491812201006,2.4912682467867002,2.4300392922054836,86.0,182.0,175.0,88.0,183.0,175.0
