L_mean,A_mean,B_mean,L_std,A_std,B_std,L_median,A_median,B_median,L_mode,A_mode,B_mode
91.49489130088806,184.44746474838462,177.204984562498,8.461004616662198,3.93582957084284,3.8490169996120494,94.0,186.0,178.0,95.0,187.0,179.0
