L_mean,A_mean,B_mean,L_std,A_std,B_std,L_median,A_median,B_median,L_mode,A_mode,B_mode
91.67912276792819,184.5685138619219,177.36690326893083,4.883589592487495,2.2462569232554164,2.2000742661944144,93.0,185.0,178.0,95.0,185.0,179.0
