L_mean,A_mean,B_mean,L_std,A_std,B_std,L_median,A_median,B_median,L_mode,A_mode,B_mode
86.47929464939364,182.22128147181462,175.0696756533087,5.788899435193755,2.707352427848056,2.6859450837577477,88.0,183.0,176.0,88.0,184.0,177.0
