L_mean,A_mean,B_mean,L_std,A_std,B_std,L_median,A_median,B_median,L_mode,A_mode,B_mode
107.70461851863641,190.64309131998598,183.46618073017794,5.00354744239586,1.9188643662773368,1.95188427164295,108.0,191.0,184.0,112.0,192.0,184.0
