L_mean,A_mean,B_mean,L_std,A_std,B_std,L_median,A_median,B_median,L_mode,A_mode,B_mode
81.69949390457396,179.8532959862495,172.9105898080657,4.374665478691443,2.218682115820418,2.117128591385439,83.0,180.0,174.0,86.0,182.0,174.0
