L_mean,A_mean,B_mean,L_std,A_std,B_std,L_median,A_median,B_median,L_mode,A_mode,B_mode
107.72069261864596,190.65805137346024,183.46436642582043,4.894234295522084,1.8713003216604625,1.9243586715035996,109.0,191.0,184.0,112.0,192.0,184.0
