L_mean,A_mean,B_mean,L_std,A_std,B_std,L_median,A_median,B_median,L_mode,A_mode,B_mode
94.56338924785943,185.86688735398033,178.64290034057993,4.374673076340263,2.187928159664904,1.9337833502263457,95.0,186.0,179.0,95.0,187.0,179.0
