L_mean,A_mean,B_mean,L_std,A_std,B_std,L_median,A_median,B_median,L_mode,A_mode,B_mode
98.0607632810262,187.52987236209697,180.03243466912818,2.5708387656101106,1.2179977107353832,1.0063768709693968,98.0,187.0,180.0,98.0,187.0,181.0
