L_mean,A_mean,B_mean,L_std,A_std,B_std,L_median,A_median,B_median,L_mode,A_mode,B_mode
83.68313333545532,181.11707037591114,173.925804500748,3.5263323905185797,1.7643642280657468,1.7550905470135463,85.0,182.0,175.0,85.0,182.0,175.0
