L_mean,A_mean,B_mean,L_std,A_std,B_std,L_median,A_median,B_median,L_mode,A_mode,B_mode
83.32994875385937,180.72066078874494,173.92163478371583,2.0047034649100186,1.1294847947254394,1.107436389336619,84.0,181.0,174.0,84.0,181.0,175.0
