L_mean,A_mean,B_mean,L_std,A_std,B_std,L_median,A_median,B_median,L_mode,A_mode,B_mode
92.90256867301143,185.14530349810613,177.89878091479136,6.005262426525294,2.784074777834602,2.702448003857755,95.0,186.0,179.0,95.0,187.0,179.0
