L_mean,A_mean,B_mean,L_std,A_std,B_std,L_median,A_median,B_median,L_mode,A_mode,B_mode
83.2738644682815,180.83095139574115,173.6706878441608,4.946755173774511,2.412639551352124,2.3827678541816777,84.0,181.0,174.0,84.0,181.0,175.0
