L_mean,A_mean,B_mean,L_std,A_std,B_std,L_median,A_median,B_median,L_mode,A_mode,B_mode
81.36295636120572,179.90941210172835,172.71461310755325,4.340385030683066,2.1049327490616623,2.152358347936001,82.0,180.0,173.0,84.0,181.0,174.0
