L_mean,A_mean,B_mean,L_std,A_std,B_std,L_median,A_median,B_median,L_mode,A_mode,B_mode
80.86230384823503,179.6720883598052,172.47499761275742,4.9558219115429,2.3905627727792895,2.425937653438547,82.0,180.0,173.0,84.0,181.0,174.0
