L_mean,A_mean,B_mean,L_std,A_std,B_std,L_median,A_median,B_median,L_mode,A_mode,B_mode
92.03068402457268,184.73052805805773,177.49170831078715,4.924494898603928,2.278783093098887,2.19903509477902,94.0,185.0,178.0,95.0,187.0,179.0
