L_mean,A_mean,B_mean,L_std,A_std,B_std,L_median,A_median,B_median,L_mode,A_mode,B_mode
97.72537161409429,187.40618136677594,179.94534805996753,2.345062011002498,1.1288815501169407,1.0085760759029345,98.0,187.0,180.0,98.0,187.0,181.0
