L_mean,A_mean,B_mean,L_std,A_std,B_std,L_median,A_median,B_median,L_mode,A_mode,B_mode
86.20889964032212,182.07833338638318,174.95843014928224,5.909765173834987,2.7547688905680503,2.745309388181942,88.0,183.0,176.0,88.0,184.0,177.0
