L_mean,A_mean,B_mean,L_std,A_std,B_std,L_median,A_median,B_median,L_mode,A_mode,B_mode
107.64449183563039,190.63249196294998,183.4320909061973,5.1344240132216985,1.976310814969089,2.028158079565865,109.0,191.0,184.0,112.0,192.0,185.0
