L_mean,A_mean,B_mean,L_std,A_std,B_std,L_median,A_median,B_median,L_mode,A_mode,B_mode
91.24512206767037,184.0240315752618,177.19677244803768,2.3426773346695735,1.2244440822008311,1.1656961393844572,91.0,184.0,177.0,90.0,185.0,178.0
