L_mean,A_mean,B_mean,L_std,A_std,B_std,L_median,A_median,B_median,L_mode,A_mode,B_mode
88.81494095553363,183.240283922717,176.16920775376389,5.310849323282976,2.3912367110466577,2.4261861601773225,91.0,184.0,177.0,92.0,185.0,178.0
