L_mean,A_mean,B_mean,L_std,A_std,B_std,L_median,A_median,B_median,L_mode,A_mode,B_mode
91.71190756596746,184.53763885794316,177.41429799153326,4.361787865644748,2.0170345199639805,1.8819865788598924,92.0,185.0,178.0,95.0,185.0,179.0
