L_mean,A_mean,B_mean,L_std,A_std,B_std,L_median,A_median,B_median,L_mode,A_mode,B_mode
83.31288792691855,180.93732692491326,173.6851386192189,5.001000382729623,2.4417428970298847,2.4012545476826337,85.0,182.0,175.0,85.0,182.0,175.0
