L_mean,A_mean,B_mean,L_std,A_std,B_std,L_median,A_median,B_median,L_mode,A_mode,B_mode
99.9597033453226,188.34898303466275,180.59846579877137,3.0158153303962503,1.439972726925567,1.113378576887376,100.0,189.0,181.0,101.0,189.0,181.0
