L_mean,A_mean,B_mean,L_std,A_std,B_std,L_median,A_median,B_median,L_mode,A_mode,B_mode
107.63974918038005,190.6172772702677,183.44090778877677,5.039867418783542,1.9395149633743816,1.9930052220348202,108.0,191.0,184.0,112.0,192.0,184.0
