L_mean,A_mean,B_mean,L_std,A_std,B_std,L_median,A_median,B_median,L_mode,A_mode,B_mode
94.32622465544132,185.84116879396504,178.55925136072827,3.4963125993371373,1.704573682051939,1.569378010130467,95.0,186.0,179.0,97.0,187.0,180.0
