L_mean,A_mean,B_mean,L_std,A_std,B_std,L_median,A_median,B_median,L_mode,A_mode,B_mode
91.24362606232295,184.06168634815546,177.21688894547538,2.708384719414068,1.392603554711716,1.2861542393697485,91.0,184.0,177.0,93.0,185.0,176.0
