L_mean,A_mean,B_mean,L_std,A_std,B_std,L_median,A_median,B_median,L_mode,A_mode,B_mode
90.19387592704587,183.81844224464461,176.71219403507655,4.552225387166747,2.076693477244352,2.0728677170731746,91.0,184.0,177.0,91.0,184.0,177.0
