L_mean,A_mean,B_mean,L_std,A_std,B_std,L_median,A_median,B_median,L_mode,A_mode,B_mode
90.26616163223733,183.87427189101442,176.6972021517013,5.074258713416267,2.2821799309267043,2.306935906005755,92.0,184.0,177.0,91.0,184.0,177.0
