L_mean,A_mean,B_mean,L_std,A_std,B_std,L_median,A_median,B_median,L_mode,A_mode,B_mode
101.51262055575008,188.94830824076138,181.1650698666327,5.947410984094417,2.69404820678518,2.32999744035349,104.0,190.0,182.0,105.0,191.0,182.0
