L_mean,A_mean,B_mean,L_std,A_std,B_std,L_median,A_median,B_median,L_mode,A_mode,B_mode
101.04589871725499,188.69650189387912,180.9486901995735,6.004364060063245,2.7132334306674313,2.367021590175301,104.0,190.0,182.0,104.0,191.0,182.0
