L_mean,A_mean,B_mean,L_std,A_std,B_std,L_median,A_median,B_median,L_mode,A_mode,B_mode
86.03170258140497,181.98640863226916,174.8297100296018,8.489197633016342,3.941331902215194,4.026905898886443,89.0,183.0,176.0,91.0,184.0,177.0
