L_mean,A_mean,B_mean,L_std,A_std,B_std,L_median,A_median,B_median,L_mode,A_mode,B_mode
100.1141420250183,188.40888690836172,180.6562370691027,2.60307431400031,1.2346258356836513,0.9432820438944852,101.0,189.0,181.0,101.0,189.0,181.0
