L_mean,A_mean,B_mean,L_std,A_std,B_std,L_median,A_median,B_median,L_mode,A_mode,B_mode
107.7095521532928,190.67730846357068,183.44899258363307,5.1567752295134355,1.9997179041225366,2.0391391745508516,109.0,191.0,184.0,112.0,192.0,185.0
