L_mean,A_mean,B_mean,L_std,A_std,B_std,L_median,A_median,B_median,L_mode,A_mode,B_mode
81.37218703249833,179.90594264251837,172.7166183913168,4.34469071861787,2.1138575704765015,2.132455416759204,82.0,180.0,173.0,84.0,181.0,174.0
