L_mean,A_mean,B_mean,L_std,A_std,B_std,L_median,A_median,B_median,L_mode,A_mode,B_mode
88.72524429449024,183.31362001464174,176.10023235827737,3.8566277285547987,1.761380309073675,1.8557559537589137,90.0,184.0,177.0,90.0,184.0,177.0
