L_mean,A_mean,B_mean,L_std,A_std,B_std,L_median,A_median,B_median,L_mode,A_mode,B_mode
92.35273896298183,184.91017601935258,177.6579558837572,5.1003831636930155,2.3674063512393944,2.3155979130994906,94.0,185.0,178.0,95.0,187.0,179.0
