L_mean,A_mean,B_mean,L_std,A_std,B_std,L_median,A_median,B_median,L_mode,A_mode,B_mode
83.33370468217844,180.92669573797625,173.8292644109877,3.788340374689282,1.878538849398989,1.8766230925838183,84.0,181.0,174.0,85.0,182.0,175.0
