L_mean,A_mean,B_mean,L_std,A_std,B_std,L_median,A_median,B_median,L_mode,A_mode,B_mode
91.28175828373173,184.38520546201102,177.19126587516314,4.806233603482876,2.197139170394702,2.1192912905277974,92.0,185.0,178.0,95.0,185.0,179.0
