L_mean,A_mean,B_mean,L_std,A_std,B_std,L_median,A_median,B_median,L_mode,A_mode,B_mode
81.96294999522551,179.99844033485056,173.04793583091956,4.1128980705096705,2.053639340818418,1.9980558464997809,83.0,180.0,174.0,86.0,182.0,174.0
