L_mean,A_mean,B_mean,L_std,A_std,B_std,L_median,A_median,B_median,L_mode,A_mode,B_mode
81.18792373555718,179.8165961103861,172.62176528630997,4.549743800328448,2.2142616741307277,2.2596624776498286,82.0,180.0,173.0,84.0,181.0,174.0
