L_mean,A_mean,B_mean,L_std,A_std,B_std,L_median,A_median,B_median,L_mode,A_mode,B_mode
99.85011299614858,188.29840532195945,180.58124582232549,3.2977756299534904,1.5102722089007803,1.2253278150541473,100.0,188.0,181.0,97.0,187.0,181.0
