L_mean,A_mean,B_mean,L_std,A_std,B_std,L_median,A_median,B_median,L_mode,A_mode,B_mode
91.33332272336634,184.36629850081167,177.15634847375625,7.8889983535900905,3.689289296706147,3.5954729917503663,94.0,185.0,178.0,95.0,186.0,179.0
