L_mean,A_mean,B_mean,L_std,A_std,B_std,L_median,A_median,B_median,L_mode,A_mode,B_mode
90.43470095808001,183.9904828595983,176.77009262501193,5.254602215469388,2.3895259572136864,2.3592298995805883,92.0,185.0,177.0,91.0,185.0,178.0
