L_mean,A_mean,B_mean,L_std,A_std,B_std,L_median,A_median,B_median,L_mode,A_mode,B_mode
91.67944106693828,184.5465830601267,177.37969888913645,4.834656827475508,2.247215375659049,2.159949028316169,93.0,185.0,178.0,95.0,186.0,179.0
