L_mean,A_mean,B_mean,L_std,A_std,B_std,L_median,A_median,B_median,L_mode,A_mode,B_mode
83.5282490371455,181.0127001305026,173.85316866664544,3.935447978962672,1.9446269881374187,1.8977362026321936,84.0,181.0,174.0,84.0,182.0,175.0
