L_mean,A_mean,B_mean,L_std,A_std,B_std,L_median,A_median,B_median,L_mode,A_mode,B_mode
88.58360123500016,183.24569500588854,176.03163892160296,3.919008605384683,1.795791988114674,1.85724062001927,90.0,184.0,177.0,90.0,184.0,177.0
