L_mean,A_mean,B_mean,L_std,A_std,B_std,L_median,A_median,B_median,L_mode,A_mode,B_mode
90.03485374160486,183.7395995798453,176.62660343126333,4.608835924072763,2.0425249270202768,2.0882512733935625,91.0,184.0,177.0,92.0,185.0,178.0
