L_mean,A_mean,B_mean,L_std,A_std,B_std,L_median,A_median,B_median,L_mode,A_mode,B_mode
92.66868256039724,185.04297036636217,177.80933889295605,5.7452893558664435,2.66301947321318,2.5807430928230275,95.0,186.0,179.0,95.0,187.0,179.0
