L_mean,A_mean,B_mean,L_std,A_std,B_std,L_median,A_median,B_median,L_mode,A_mode,B_mode
90.8483941814941,184.13113919215712,176.99939523188084,4.226904402341748,1.922532900038078,1.9213344958356777,92.0,184.0,177.0,91.0,184.0,178.0
