L_mean,A_mean,B_mean,L_std,A_std,B_std,L_median,A_median,B_median,L_mode,A_mode,B_mode
94.1989368813063,185.7819333481873,178.4989018684152,3.7858575289904883,1.8557873174538573,1.7183439740983104,95.0,186.0,179.0,97.0,187.0,180.0
