L_mean,A_mean,B_mean,L_std,A_std,B_std,L_median,A_median,B_median,L_mode,A_mode,B_mode
88.37155043447815,183.01916160040741,175.9950027055416,5.256684455752713,2.4241253106352985,2.431963272716339,91.0,184.0,177.0,92.0,184.0,177.0
