L_mean,A_mean,B_mean,L_std,A_std,B_std,L_median,A_median,B_median,L_mode,A_mode,B_mode
92.73654390934844,185.06028583251106,177.8080656969157,5.578731272721793,2.604205983201395,2.515438934382554,95.0,186.0,179.0,95.0,187.0,179.0
