L_mean,A_mean,B_mean,L_std,A_std,B_std,L_median,A_median,B_median,L_mode,A_mode,B_mode
81.14412579176879,179.80940255275806,172.6120571665022,4.789234245203114,2.311734098700878,2.3497622228619934,82.0,180.0,173.0,84.0,181.0,174.0
