L_mean,A_mean,B_mean,L_std,A_std,B_std,L_median,A_median,B_median,L_mode,A_mode,B_mode
73.76760989273323,176.36158767546232,169.0533469140911,4.149448712646481,2.0217052093121013,2.0209826127488917,74.0,177.0,169.0,73.0,176.0,170.0
