L_mean,A_mean,B_mean,L_std,A_std,B_std,L_median,A_median,B_median,L_mode,A_mode,B_mode
73.94369290511507,176.4462552121463,169.17503262564853,3.9049185810898885,1.9382455885349852,1.9161711108980042,75.0,177.0,170.0,73.0,177.0,170.0
