L_mean,A_mean,B_mean,L_std,A_std,B_std,L_median,A_median,B_median,L_mode,A_mode,B_mode
86.38291370913836,182.16793455772353,175.16083648979853,4.4555623130887705,2.076690279195958,2.1071402162752033,88.0,183.0,175.0,91.0,184.0,177.0
