L_mean,A_mean,B_mean,L_std,A_std,B_std,L_median,A_median,B_median,L_mode,A_mode,B_mode
84.18439061654519,180.58506541044656,174.2762835407582,2.121851651161696,0.9779350886001216,0.8745448608232759,84.0,181.0,174.0,84.0,180.0,174.0
