L_mean,A_mean,B_mean,L_std,A_std,B_std,L_median,A_median,B_median,L_mode,A_mode,B_mode
82.16102746920457,180.28363624789128,173.15402489098258,2.1040719403978767,1.0009149970230367,1.2483459077883643,82.0,180.0,174.0,84.0,181.0,174.0
