L_mean,A_mean,B_mean,L_std,A_std,B_std,L_median,A_median,B_median,L_mode,A_mode,B_mode
79.67870897921507,179.1812712862463,171.86176273991788,3.0188952126897473,1.5178324196578334,1.5711079855874333,80.0,179.0,172.0,79.0,179.0,171.0
