L_mean,A_mean,B_mean,L_std,A_std,B_std,L_median,A_median,B_median,L_mode,A_mode,B_mode
79.94467963204634,179.14896393672217,172.11579717987078,5.686536972312273,2.7025347247786593,2.841063672115239,82.0,180.0,173.0,84.0,181.0,174.0
