L_mean,A_mean,B_mean,L_std,A_std,B_std,L_median,A_median,B_median,L_mode,A_mode,B_mode
72.5639621860776,175.72533978419327,168.5002705541586,3.4525859983471587,1.6926509935528404,1.7265678844670675,73.0,176.0,169.0,73.0,177.0,170.0
