L_mean,A_mean,B_mean,L_std,A_std,B_std,L_median,A_median,B_median,L_mode,A_mode,B_mode
83.50542699812203,180.9604990928478,173.9077251169749,3.3368296759042164,1.6490922738508496,1.6671710636748767,84.0,181.0,174.0,85.0,182.0,175.0
