L_mean,A_mean,B_mean,L_std,A_std,B_std,L_median,A_median,B_median,L_mode,A_mode,B_mode
84.3027978482987,181.2601139510456,174.32765700098673,2.284055878828684,1.1884495893962053,1.0951530310606767,84.0,181.0,174.0,82.0,180.0,175.0
