L_mean,A_mean,B_mean,L_std,A_std,B_std,L_median,A_median,B_median,L_mode,A_mode,B_mode
84.18012540980997,181.19696342744373,174.29165738294554,2.4418215923007867,1.2737830452891388,1.1635778447603324,84.0,181.0,174.0,82.0,180.0,175.0
