L_mean,A_mean,B_mean,L_std,A_std,B_std,L_median,A_median,B_median,L_mode,A_mode,B_mode
83.91405926727568,181.06585606518763,174.21911703854602,1.9362118882937733,1.0650886327222135,0.9597780317418182,84.0,181.0,174.0,82.0,180.0,175.0
