L_mean,A_mean,B_mean,L_std,A_std,B_std,L_median,A_median,B_median,L_mode,A_mode,B_mode
75.31288792691855,177.07674189133272,169.77779546105612,3.7005302120393715,1.8413831362508344,1.7975044073023791,76.0,178.0,170.0,79.0,178.0,171.0
