L_mean,A_mean,B_mean,L_std,A_std,B_std,L_median,A_median,B_median,L_mode,A_mode,B_mode
80.12588725849062,179.29210300155967,172.22602412706496,5.005341925771337,2.3861014433317997,2.4802633372500877,82.0,180.0,173.0,82.0,180.0,174.0
