L_mean,A_mean,B_mean,L_std,A_std,B_std,L_median,A_median,B_median,L_mode,A_mode,B_mode
83.41184708915556,180.80376866027947,173.95610656650857,2.1808811010513858,1.1862631777659274,1.1451293951572237,83.0,181.0,174.0,82.0,180.0,174.0
