L_mean,A_mean,B_mean,L_std,A_std,B_std,L_median,A_median,B_median,L_mode,A_mode,B_mode
81.50829168921284,179.44997931056434,173.01858866218927,3.2056859677814775,1.4904376736660312,1.6123286021083039,82.0,180.0,173.0,83.0,180.0,174.0
