L_mean,A_mean,B_mean,L_std,A_std,B_std,L_median,A_median,B_median,L_mode,A_mode,B_mode
73.99372950950122,176.47337428780597,169.19702708724577,3.8223862662366566,1.8748565651932032,1.8660108544973715,75.0,177.0,170.0,75.0,177.0,170.0
