L_mean,A_mean,B_mean,L_std,A_std,B_std,L_median,A_median,B_median,L_mode,A_mode,B_mode
81.40248909825891,179.41140147054142,172.98274819365312,3.2675917370265233,1.550766791542521,1.6513555319726962,82.0,180.0,173.0,83.0,180.0,174.0
