L_mean,A_mean,B_mean,L_std,A_std,B_std,L_median,A_median,B_median,L_mode,A_mode,B_mode
83.38074927586975,180.890505140529,173.8349301333673,3.4826202653635807,1.7129739960029444,1.7251634156018456,84.0,181.0,174.0,85.0,182.0,175.0
