L_mean,A_mean,B_mean,L_std,A_std,B_std,L_median,A_median,B_median,L_mode,A_mode,B_mode
86.12404112423211,182.04398892319446,175.00448801604227,4.786549077055779,2.223686120543723,2.2481096322112184,88.0,183.0,175.0,91.0,184.0,177.0
