L_mean,A_mean,B_mean,L_std,A_std,B_std,L_median,A_median,B_median,L_mode,A_mode,B_mode
81.97714613107553,180.21173250151193,173.02314033803356,2.0945743912875576,1.0107260795044244,1.295451693755261,82.0,180.0,173.0,84.0,180.0,174.0
