L_mean,A_mean,B_mean,L_std,A_std,B_std,L_median,A_median,B_median,L_mode,A_mode,B_mode
81.44721010917657,179.42855778718527,173.00795747525225,3.195584681720868,1.5074078385394372,1.6081067963680697,82.0,180.0,173.0,83.0,180.0,174.0
