L_mean,A_mean,B_mean,L_std,A_std,B_std,L_median,A_median,B_median,L_mode,A_mode,B_mode
86.40331667568513,182.35639940159786,175.1454944775122,2.1958808000391192,1.1208546394948617,0.963623199025373,87.0,183.0,175.0,88.0,183.0,175.0
