L_mean,A_mean,B_mean,L_std,A_std,B_std,L_median,A_median,B_median,L_mode,A_mode,B_mode
79.7936467517586,179.07215838558741,172.0710761689531,5.38390331862938,2.538194466115379,2.6957622603985296,82.0,180.0,173.0,82.0,180.0,174.0
