L_mean,A_mean,B_mean,L_std,A_std,B_std,L_median,A_median,B_median,L_mode,A_mode,B_mode
81.00168698475348,179.69561065665087,172.55320367953655,2.046045819308541,1.0259574259445572,1.263321176002926,81.0,180.0,173.0,82.0,180.0,171.0
