L_mean,A_mean,B_mean,L_std,A_std,B_std,L_median,A_median,B_median,L_mode,A_mode,B_mode
86.4353375561002,182.0992456313461,175.12588725849062,4.058565437115329,1.859912364703125,1.9425403657898903,88.0,183.0,176.0,88.0,183.0,176.0
