L_mean,A_mean,B_mean,L_std,A_std,B_std,L_median,A_median,B_median,L_mode,A_mode,B_mode
81.48664735652672,179.43734283986376,173.03189356081103,3.151603206022181,1.4777109525945427,1.5972630119959277,82.0,180.0,173.0,83.0,180.0,174.0
