L_mean,A_mean,B_mean,L_std,A_std,B_std,L_median,A_median,B_median,L_mode,A_mode,B_mode
86.52627558328294,182.4374383295668,175.25775853837095,1.8147824047345864,0.8900120069111427,0.7725613314366513,87.0,183.0,175.0,88.0,183.0,175.0
