L_mean,A_mean,B_mean,L_std,A_std,B_std,L_median,A_median,B_median,L_mode,A_mode,B_mode
81.48155457236528,179.44883343412803,173.00738453703408,3.205812421958151,1.513015425621666,1.6137015077944914,82.0,180.0,173.0,83.0,180.0,174.0
