L_mean,A_mean,B_mean,L_std,A_std,B_std,L_median,A_median,B_median,L_mode,A_mode,B_mode
80.159022185441,179.29904191997963,172.27386446828152,4.814781550228178,2.2981230173576592,2.4193488762616084,82.0,180.0,173.0,82.0,180.0,174.0
