L_mean,A_mean,B_mean,L_std,A_std,B_std,L_median,A_median,B_median,L_mode,A_mode,B_mode
86.57678963618423,182.18454976605022,175.16513352643474,4.918151689049524,2.2841638561597057,2.3087758366817686,88.0,183.0,176.0,91.0,183.0,177.0
