L_mean,A_mean,B_mean,L_std,A_std,B_std,L_median,A_median,B_median,L_mode,A_mode,B_mode
84.90858452430213,181.59353216411498,174.50940573574817,3.3360289015901192,1.6322854912272629,1.6267384640638876,85.0,182.0,175.0,88.0,183.0,175.0
