L_mean,A_mean,B_mean,L_std,A_std,B_std,L_median,A_median,B_median,L_mode,A_mode,B_mode
86.24069771143012,182.31046885444187,175.14686316325557,1.5085260184109306,0.7226396117428324,0.6142246164458202,86.0,182.0,175.0,85.0,182.0,175.0
