L_mean,A_mean,B_mean,L_std,A_std,B_std,L_median,A_median,B_median,L_mode,A_mode,B_mode
75.25766304866792,177.07900181430435,169.77149314065633,4.035695143935818,2.0152518583890533,1.9638844241314677,76.0,178.0,170.0,76.0,178.0,171.0
