L_mean,A_mean,B_mean,L_std,A_std,B_std,L_median,A_median,B_median,L_mode,A_mode,B_mode
81.53025432090907,179.46127892542253,173.03182990100902,3.2135672830331963,1.4979523606965917,1.6056916894193298,82.0,180.0,173.0,80.0,180.0,174.0
