L_mean,A_mean,B_mean,L_std,A_std,B_std,L_median,A_median,B_median,L_mode,A_mode,B_mode
80.01887513129834,179.32065442276473,172.01496005347423,2.511583851995674,1.2678032827581005,1.4001774321754046,80.0,179.0,172.0,79.0,179.0,171.0
