L_mean,A_mean,B_mean,L_std,A_std,B_std,L_median,A_median,B_median,L_mode,A_mode,B_mode
79.77649043511475,179.0590762962727,172.0445300315116,6.029995991930655,2.8444766997208077,3.0236563185414806,82.0,180.0,173.0,82.0,180.0,174.0
