L_mean,A_mean,B_mean,L_std,A_std,B_std,L_median,A_median,B_median,L_mode,A_mode,B_mode
72.84833052169208,175.47849890186842,168.60546837699334,3.098421066596487,1.6059053352445385,1.5278459038242236,74.0,176.0,169.0,74.0,176.0,169.0
