L_mean,A_mean,B_mean,L_std,A_std,B_std,L_median,A_median,B_median,L_mode,A_mode,B_mode
72.60228538689245,175.29897826017762,168.47299232899385,3.6051696777772775,1.8122385589141734,1.753922937507235,74.0,176.0,169.0,74.0,176.0,169.0
