L_mean,A_mean,B_mean,L_std,A_std,B_std,L_median,A_median,B_median,L_mode,A_mode,B_mode
74.65572779068657,176.75153579272367,169.52703950090716,3.7052840805940646,1.8056204198341523,1.7863978314964455,76.0,177.0,170.0,76.0,177.0,170.0
