L_mean,A_mean,B_mean,L_std,A_std,B_std,L_median,A_median,B_median,L_mode,A_mode,B_mode
83.45599516185504,180.93376197600026,173.86682369417832,3.3666501522653682,1.6572482672195519,1.685204930798231,84.0,181.0,174.0,85.0,182.0,175.0
