L_mean,A_mean,B_mean,L_std,A_std,B_std,L_median,A_median,B_median,L_mode,A_mode,B_mode
83.60686889263775,181.0413788713117,173.92621828946113,3.526110532953964,1.7971184765607382,1.7793786486271153,85.0,182.0,175.0,85.0,182.0,175.0
