L_mean,A_mean,B_mean,L_std,A_std,B_std,L_median,A_median,B_median,L_mode,A_mode,B_mode
79.90890282331222,179.13059808383997,172.1074577458064,5.79449568871083,2.74140760145563,2.905387934594767,82.0,180.0,173.0,84.0,180.0,174.0
