L_mean,A_mean,B_mean,L_std,A_std,B_std,L_median,A_median,B_median,L_mode,A_mode,B_mode
85.92313078906325,182.0834261705446,174.9868860807843,2.036021431969937,1.0400121569967948,0.8918932394565702,86.0,182.0,175.0,88.0,183.0,175.0
