L_mean,A_mean,B_mean,L_std,A_std,B_std,L_median,A_median,B_median,L_mode,A_mode,B_mode
72.86599611675207,175.91246777222523,168.6667727663367,3.7663312312959394,1.836530591460322,1.8837696544057703,73.0,176.0,169.0,73.0,177.0,170.0
