L_mean,A_mean,B_mean,L_std,A_std,B_std,L_median,A_median,B_median,L_mode,A_mode,B_mode
76.14301174523347,177.52392017060828,170.11917114937773,3.153823392888018,1.590295103163172,1.577973214529691,77.0,178.0,171.0,79.0,179.0,171.0
