L_mean,A_mean,B_mean,L_std,A_std,B_std,L_median,A_median,B_median,L_mode,A_mode,B_mode
56.77964159531464,168.28729668650732,160.64360059840214,5.294982811171326,2.7600019519931305,2.985046745225902,58.0,169.0,161.0,60.0,171.0,161.0
