L_mean,A_mean,B_mean,L_std,A_std,B_std,L_median,A_median,B_median,L_mode,A_mode,B_mode
80.3759747907184,179.371009326161,172.47824426266035,4.724869140363415,2.3000890922716275,2.493149386122001,82.0,180.0,174.0,84.0,180.0,174.0
