L_mean,A_mean,B_mean,L_std,A_std,B_std,L_median,A_median,B_median,L_mode,A_mode,B_mode
86.38240443072222,181.74214597192602,175.06929369449662,5.626425612767201,2.607725665426125,2.652132939723836,89.0,183.0,176.0,91.0,183.0,176.0
