L_mean,A_mean,B_mean,L_std,A_std,B_std,L_median,A_median,B_median,L_mode,A_mode,B_mode
83.42709361173887,180.7621669796607,174.13963777572653,1.1851628411095139,0.7438935619603948,0.7083752907304405,84.0,181.0,174.0,84.0,181.0,174.0
