L_mean,A_mean,B_mean,L_std,A_std,B_std,L_median,A_median,B_median,L_mode,A_mode,B_mode
80.57287455836013,179.46153356463063,172.58423783302035,4.625129141200888,2.2672377020468404,2.4132208597047797,82.0,180.0,174.0,84.0,180.0,174.0
