L_mean,A_mean,B_mean,L_std,A_std,B_std,L_median,A_median,B_median,L_mode,A_mode,B_mode
55.69911194576185,167.74956233886112,160.06225928637363,4.75516119297781,2.6284396170622557,2.7936879818574862,57.0,168.0,161.0,60.0,171.0,163.0
