L_mean,A_mean,B_mean,L_std,A_std,B_std,L_median,A_median,B_median,L_mode,A_mode,B_mode
63.07842887608619,171.2265015755801,163.91358181876055,6.9869024017020935,3.3761991748075,3.711009739260274,65.0,172.0,165.0,66.0,173.0,166.0
