L_mean,A_mean,B_mean,L_std,A_std,B_std,L_median,A_median,B_median,L_mode,A_mode,B_mode
30.61794569818888,154.76948785689277,145.55208963300123,5.585314201369188,3.1336041776130084,3.5190784056584588,31.0,155.0,146.0,33.0,155.0,146.0
