L_mean,A_mean,B_mean,L_std,A_std,B_std,L_median,A_median,B_median,L_mode,A_mode,B_mode
65.83076041633511,172.33701499188336,165.38708342617053,3.341776071777619,1.565435531382166,1.6440437986609677,66.0,173.0,166.0,70.0,173.0,166.0
