L_mean,A_mean,B_mean,L_std,A_std,B_std,L_median,A_median,B_median,L_mode,A_mode,B_mode
43.173441130598086,161.4282394881752,152.91421841678073,4.425097125589365,2.3138106986666864,2.522144214966327,43.0,162.0,153.0,43.0,162.0,151.0
