L_mean,A_mean,B_mean,L_std,A_std,B_std,L_median,A_median,B_median,L_mode,A_mode,B_mode
60.316739344940636,170.01164974376928,162.57768087341248,5.614570309240107,2.8510009689825484,3.1518961972172796,61.0,171.0,163.0,65.0,171.0,166.0
