L_mean,A_mean,B_mean,L_std,A_std,B_std,L_median,A_median,B_median,L_mode,A_mode,B_mode
48.43540121590222,164.22210904924086,155.82589044148074,3.9168981996578767,1.9943429915296473,2.1473865052652434,48.0,165.0,156.0,47.0,165.0,155.0
