L_mean,A_mean,B_mean,L_std,A_std,B_std,L_median,A_median,B_median,L_mode,A_mode,B_mode
56.322564216825285,168.04077410319255,160.39004360696438,6.2610460936242545,3.243466962060297,3.5311845390461616,58.0,169.0,161.0,60.0,171.0,163.0
