L_mean,A_mean,B_mean,L_std,A_std,B_std,L_median,A_median,B_median,L_mode,A_mode,B_mode
60.30951395741159,170.01422796575102,162.59872043797944,5.120455982030103,2.615626583117434,2.8460413301489362,60.0,171.0,163.0,60.0,171.0,163.0
