L_mean,A_mean,B_mean,L_std,A_std,B_std,L_median,A_median,B_median,L_mode,A_mode,B_mode
66.21405608428557,172.6130757233345,165.51707674189134,4.116466653482124,1.8137998135370834,1.8101682100181895,66.0,173.0,166.0,70.0,173.0,166.0
