L_mean,A_mean,B_mean,L_std,A_std,B_std,L_median,A_median,B_median,L_mode,A_mode,B_mode
85.80501002641881,181.93134290352356,174.9883820861317,2.302495652686833,1.1448296466629508,1.082989399010995,86.0,182.0,175.0,88.0,183.0,175.0
