L_mean,A_mean,B_mean,L_std,A_std,B_std,L_median,A_median,B_median,L_mode,A_mode,B_mode
53.286564598784096,166.5798453066811,158.6940191616004,5.931917490533771,3.1145577153370385,3.4533690467605744,55.0,167.0,160.0,58.0,168.0,161.0
