L_mean,A_mean,B_mean,L_std,A_std,B_std,L_median,A_median,B_median,L_mode,A_mode,B_mode
78.80551930483496,178.38912053983512,171.75153579272367,3.8972663291861416,1.9602297521458998,2.096145895790061,80.0,179.0,172.0,82.0,180.0,173.0
