L_mean,A_mean,B_mean,L_std,A_std,B_std,L_median,A_median,B_median,L_mode,A_mode,B_mode
45.16831651653563,162.40751822261834,154.07196740618136,4.034625181112581,2.2000730955561374,2.3523923430483036,45.0,163.0,154.0,45.0,163.0,154.0
