L_mean,A_mean,B_mean,L_std,A_std,B_std,L_median,A_median,B_median,L_mode,A_mode,B_mode
79.94159213164848,179.10055065728744,172.23665531400198,2.89468959160188,1.3943956415944454,1.673041041744555,81.0,180.0,173.0,82.0,180.0,174.0
