L_mean,A_mean,B_mean,L_std,A_std,B_std,L_median,A_median,B_median,L_mode,A_mode,B_mode
83.66884170990228,180.9982175255435,174.26132348728396,1.6653862137899786,1.0179178459957061,0.9428293125474173,84.0,181.0,174.0,85.0,182.0,175.0
