L_mean,A_mean,B_mean,L_std,A_std,B_std,L_median,A_median,B_median,L_mode,A_mode,B_mode
55.51427571060254,167.6519400324665,159.99570296336378,3.229851489819361,1.7560960455166181,2.0140234412934834,56.0,168.0,161.0,56.0,168.0,161.0
