L_mean,A_mean,B_mean,L_std,A_std,B_std,L_median,A_median,B_median,L_mode,A_mode,B_mode
52.85682910526148,166.26775312728776,158.46223382245282,6.001559558040495,3.0935753096127643,3.4565928508342036,54.0,167.0,159.0,58.0,168.0,161.0
