L_mean,A_mean,B_mean,L_std,A_std,B_std,L_median,A_median,B_median,L_mode,A_mode,B_mode
80.14899576662316,179.23668714390297,172.30983225642169,4.939607102027185,2.4318309369837667,2.525248696337591,82.0,180.0,173.0,82.0,180.0,174.0
