L_mean,A_mean,B_mean,L_std,A_std,B_std,L_median,A_median,B_median,L_mode,A_mode,B_mode
62.4802177165229,170.92488143361874,163.67046503485375,6.317207925176598,3.125233478333522,3.397182566806715,65.0,172.0,165.0,66.0,173.0,166.0
