L_mean,A_mean,B_mean,L_std,A_std,B_std,L_median,A_median,B_median,L_mode,A_mode,B_mode
48.14272527612439,163.87786866982844,155.6268580704714,5.321321600978181,2.7279825719478397,2.9064802138086674,50.0,165.0,157.0,52.0,165.0,158.0
