L_mean,A_mean,B_mean,L_std,A_std,B_std,L_median,A_median,B_median,L_mode,A_mode,B_mode
63.211923480917974,171.27039500907154,163.93299805837603,7.424445453608632,3.5783101264813375,3.894268676413099,65.0,172.0,165.0,66.0,174.0,166.0
