L_mean,A_mean,B_mean,L_std,A_std,B_std,L_median,A_median,B_median,L_mode,A_mode,B_mode
78.28777413502245,178.3032116370118,171.06350065251297,2.22467379180028,1.1323147443273365,1.0414798589545504,79.0,179.0,171.0,79.0,179.0,171.0
