L_mean,A_mean,B_mean,L_std,A_std,B_std,L_median,A_median,B_median,L_mode,A_mode,B_mode
53.10577076105293,166.4936499347487,158.59630136550274,6.046061638532219,3.1334739102033518,3.4960001618982144,55.0,167.0,160.0,56.0,168.0,161.0
