L_mean,A_mean,B_mean,L_std,A_std,B_std,L_median,A_median,B_median,L_mode,A_mode,B_mode
69.4773848553331,174.1480408695929,166.92730050609543,3.091086965054854,1.4930283398143445,1.4100429457499664,70.0,174.0,167.0,72.0,174.0,168.0
