L_mean,A_mean,B_mean,L_std,A_std,B_std,L_median,A_median,B_median,L_mode,A_mode,B_mode
66.81675525989114,172.90756596746985,165.80485087691378,3.5295510276537447,1.5605874755045595,1.5955133163825233,67.0,173.0,166.0,70.0,174.0,167.0
