L_mean,A_mean,B_mean,L_std,A_std,B_std,L_median,A_median,B_median,L_mode,A_mode,B_mode
42.58165961103861,161.12464589235128,152.51535792723683,3.481099391739351,1.6602871924517808,1.8613860638485145,42.0,161.0,152.0,40.0,160.0,151.0
