L_mean,A_mean,B_mean,L_std,A_std,B_std,L_median,A_median,B_median,L_mode,A_mode,B_mode
59.106248209568065,169.41442531113728,162.03017474615655,3.9539837191078098,2.058494781509397,2.1992037527388675,59.0,170.0,162.0,60.0,171.0,161.0
