L_mean,A_mean,B_mean,L_std,A_std,B_std,L_median,A_median,B_median,L_mode,A_mode,B_mode
45.057803100232356,162.2525702645065,153.92211223223094,5.450809699531442,2.856194126175593,3.000426549721456,45.0,163.0,154.0,45.0,163.0,155.0
