L_mean,A_mean,B_mean,L_std,A_std,B_std,L_median,A_median,B_median,L_mode,A_mode,B_mode
68.50281694623929,173.7463475188592,166.4307222204539,5.171067728565131,2.483223845677671,2.4888692044804226,70.0,174.0,167.0,72.0,176.0,167.0
