L_mean,A_mean,B_mean,L_std,A_std,B_std,L_median,A_median,B_median,L_mode,A_mode,B_mode
57.51745870070344,168.60126683006015,161.0561161154789,7.3197869113284755,3.7118146217831827,4.1144193085739715,60.0,170.0,162.0,63.0,171.0,164.0
