L_mean,A_mean,B_mean,L_std,A_std,B_std,L_median,A_median,B_median,L_mode,A_mode,B_mode
55.552598911417384,167.6791864277302,159.9162555304453,6.800340512740396,3.469599134844767,3.878915455729937,58.0,168.0,161.0,60.0,171.0,161.0
