L_mean,A_mean,B_mean,L_std,A_std,B_std,L_median,A_median,B_median,L_mode,A_mode,B_mode
42.26307413183945,160.8897730528058,152.3523570041697,6.27221971410257,3.2821410446665955,3.534027395141474,43.0,161.0,152.0,45.0,160.0,151.0
