L_mean,A_mean,B_mean,L_std,A_std,B_std,L_median,A_median,B_median,L_mode,A_mode,B_mode
54.61482636789,167.1138237260082,159.35292994238787,3.5313179842755797,1.8047077046658968,2.0932299654537703,54.0,167.0,159.0,54.0,167.0,158.0
