L_mean,A_mean,B_mean,L_std,A_std,B_std,L_median,A_median,B_median,L_mode,A_mode,B_mode
85.452334723239,181.35779991724226,174.6597065283127,4.453423300673882,2.0804650828256848,2.0986381236336085,86.0,182.0,175.0,86.0,182.0,176.0
