L_mean,A_mean,B_mean,L_std,A_std,B_std,L_median,A_median,B_median,L_mode,A_mode,B_mode
56.869943024477195,168.2900340579941,160.68392908298054,7.258497358698049,3.706000722712668,4.093793925868008,59.0,169.0,162.0,60.0,171.0,163.0
