L_mean,A_mean,B_mean,L_std,A_std,B_std,L_median,A_median,B_median,L_mode,A_mode,B_mode
41.82270745137983,160.63806219562656,152.1115956329376,6.260266537309914,3.3136069854023638,3.5817188271167826,42.0,161.0,152.0,38.0,163.0,151.0
