L_mean,A_mean,B_mean,L_std,A_std,B_std,L_median,A_median,B_median,L_mode,A_mode,B_mode
80.70550975586465,179.30044243562403,172.64398255721426,2.720884813200803,1.3772350153714101,1.5254915769226063,82.0,180.0,173.0,82.0,180.0,173.0
