L_mean,A_mean,B_mean,L_std,A_std,B_std,L_median,A_median,B_median,L_mode,A_mode,B_mode
51.82000190979406,165.6583060126683,157.68956297545915,3.7819814872561146,1.9520522184869544,2.1365657088847354,53.0,166.0,158.0,54.0,167.0,158.0
