L_mean,A_mean,B_mean,L_std,A_std,B_std,L_median,A_median,B_median,L_mode,A_mode,B_mode
80.42604322500557,179.31989050514053,172.59461438074928,2.9701233397304825,1.4255693292979088,1.6898283223873847,82.0,180.0,173.0,82.0,180.0,174.0
