L_mean,A_mean,B_mean,L_std,A_std,B_std,L_median,A_median,B_median,L_mode,A_mode,B_mode
54.326797593659485,166.95677499442976,159.1664703822771,3.3161917719204825,1.6794768119659649,1.9636640673205932,54.0,167.0,159.0,54.0,167.0,158.0
