L_mean,A_mean,B_mean,L_std,A_std,B_std,L_median,A_median,B_median,L_mode,A_mode,B_mode
68.64780214533533,173.51421205080052,166.76757806283223,2.265708054359664,1.05429240616474,1.1781806829312378,70.0,174.0,167.0,70.0,174.0,167.0
