L_mean,A_mean,B_mean,L_std,A_std,B_std,L_median,A_median,B_median,L_mode,A_mode,B_mode
52.954737880765194,166.2699812203584,158.39319476716426,3.150294938852329,1.6238648979526908,1.8766374315355654,54.0,167.0,158.0,54.0,167.0,158.0
