L_mean,A_mean,B_mean,L_std,A_std,B_std,L_median,A_median,B_median,L_mode,A_mode,B_mode
60.22561033835185,169.97141674889392,162.54565999299743,5.000849411940088,2.5441000380951686,2.797255004390717,60.0,171.0,163.0,66.0,171.0,166.0
