L_mean,A_mean,B_mean,L_std,A_std,B_std,L_median,A_median,B_median,L_mode,A_mode,B_mode
53.26141897698698,166.53050896011715,158.706655632301,6.109496499478953,3.16628638416819,3.524047667877459,56.0,168.0,160.0,58.0,168.0,161.0
