L_mean,A_mean,B_mean,L_std,A_std,B_std,L_median,A_median,B_median,L_mode,A_mode,B_mode
54.531718496355474,167.0781742368781,159.32393290256869,3.337351041198983,1.7972229454296758,1.9853706011257881,54.0,167.0,159.0,54.0,167.0,158.0
