L_mean,A_mean,B_mean,L_std,A_std,B_std,L_median,A_median,B_median,L_mode,A_mode,B_mode
59.358372855460416,169.65286309959575,162.2398701340039,3.1929009938364294,1.673541889207891,1.83766594564245,60.0,170.0,163.0,60.0,171.0,163.0
