L_mean,A_mean,B_mean,L_std,A_std,B_std,L_median,A_median,B_median,L_mode,A_mode,B_mode
60.19218894229239,169.95040901422797,162.50122545118884,5.1025938818255065,2.6096085092033574,2.8560790448077604,60.0,171.0,163.0,60.0,171.0,166.0
