L_mean,A_mean,B_mean,L_std,A_std,B_std,L_median,A_median,B_median,L_mode,A_mode,B_mode
80.60861953719323,179.4176719610402,172.6275901581946,2.9323042139630338,1.412494138336038,1.6501615084322152,82.0,180.0,173.0,82.0,180.0,174.0
