L_mean,A_mean,B_mean,L_std,A_std,B_std,L_median,A_median,B_median,L_mode,A_mode,B_mode
85.25992297163955,181.19626316962155,174.4992519973263,4.857025962833758,2.226008391563467,2.213334306634776,86.0,182.0,175.0,90.0,183.0,176.0
