L_mean,A_mean,B_mean,L_std,A_std,B_std,L_median,A_median,B_median,L_mode,A_mode,B_mode
56.112104911353725,167.94493427125443,160.25979565203554,6.5215289741850295,3.387937981693596,3.730733325352679,58.0,169.0,161.0,60.0,171.0,163.0
