L_mean,A_mean,B_mean,L_std,A_std,B_std,L_median,A_median,B_median,L_mode,A_mode,B_mode
60.210204666263486,169.95715695324188,162.54110831715315,5.09117222692943,2.603732392671439,2.847120911662351,60.0,171.0,163.0,66.0,171.0,166.0
