L_mean,A_mean,B_mean,L_std,A_std,B_std,L_median,A_median,B_median,L_mode,A_mode,B_mode
89.06210013686858,182.89499315657127,176.2820129229398,3.879051569910781,1.8834835446681424,1.7406061809669386,90.0,183.0,177.0,93.0,185.0,178.0
