L_mean,A_mean,B_mean,L_std,A_std,B_std,L_median,A_median,B_median,L_mode,A_mode,B_mode
42.52073718050737,161.0646783588503,152.47149632364642,3.245860518913437,1.5678623779443037,1.7526102341889942,42.0,161.0,152.0,40.0,160.0,151.0
