L_mean,A_mean,B_mean,L_std,A_std,B_std,L_median,A_median,B_median,L_mode,A_mode,B_mode
46.43995289174651,162.97179870770603,154.7233981602317,7.446351222031158,3.8670737529778005,4.243332109652348,48.0,163.0,155.0,54.0,165.0,157.0
