L_mean,A_mean,B_mean,L_std,A_std,B_std,L_median,A_median,B_median,L_mode,A_mode,B_mode
53.5342967183372,166.67154725148805,158.7957156953242,5.2436900349146836,2.7525579931643422,3.0401821727718694,54.0,167.0,159.0,54.0,167.0,161.0
