L_mean,A_mean,B_mean,L_std,A_std,B_std,L_median,A_median,B_median,L_mode,A_mode,B_mode
46.54607378171054,163.02387242575676,154.78540280739728,7.239481710418081,3.721911593916806,4.11597062834244,47.0,163.0,155.0,54.0,165.0,158.0
