L_mean,A_mean,B_mean,L_std,A_std,B_std,L_median,A_median,B_median,L_mode,A_mode,B_mode
56.702103956456696,168.20056020625776,160.61027469204572,7.366049792854876,3.7798942985837667,4.146179081006868,59.0,169.0,162.0,66.0,171.0,163.0
