L_mean,A_mean,B_mean,L_std,A_std,B_std,L_median,A_median,B_median,L_mode,A_mode,B_mode
60.49374542445173,169.94878568927652,162.53241875417768,8.211817796368276,4.044351599816409,4.473371513304307,63.0,171.0,164.0,66.0,173.0,166.0
