L_mean,A_mean,B_mean,L_std,A_std,B_std,L_median,A_median,B_median,L_mode,A_mode,B_mode
59.602571856001525,169.76751440303022,162.32456950058886,3.571711209441521,1.8449230158863348,2.032077906067071,60.0,170.0,163.0,60.0,171.0,163.0
