L_mean,A_mean,B_mean,L_std,A_std,B_std,L_median,A_median,B_median,L_mode,A_mode,B_mode
65.2025018302193,172.26705286946557,165.01190438297738,5.662876631105293,2.6750732483276987,2.934799654489693,66.0,173.0,166.0,69.0,174.0,167.0
