L_mean,A_mean,B_mean,L_std,A_std,B_std,L_median,A_median,B_median,L_mode,A_mode,B_mode
44.53276888308877,162.03351688576248,153.66619982811852,6.536494566533639,3.3684947148134095,3.640738874423774,45.0,162.0,154.0,45.0,163.0,155.0
