L_mean,A_mean,B_mean,L_std,A_std,B_std,L_median,A_median,B_median,L_mode,A_mode,B_mode
52.34455867842251,165.6317280453258,158.09561702263105,4.640882259137575,2.446727372873077,2.8407501514511457,53.0,166.0,158.0,54.0,167.0,161.0
