L_mean,A_mean,B_mean,L_std,A_std,B_std,L_median,A_median,B_median,L_mode,A_mode,B_mode
79.95391030333896,179.10516599293376,172.27965751026514,4.617538276108031,2.229770928118273,2.470006796050695,82.0,180.0,173.0,82.0,180.0,174.0
