L_mean,A_mean,B_mean,L_std,A_std,B_std,L_median,A_median,B_median,L_mode,A_mode,B_mode
80.41818123945635,179.1667886812872,172.52277429417194,3.447808021433586,1.7380501394321914,1.9185572240002202,82.0,180.0,173.0,82.0,180.0,174.0
