L_mean,A_mean,B_mean,L_std,A_std,B_std,L_median,A_median,B_median,L_mode,A_mode,B_mode
53.628990673839006,166.64283668077792,158.86386351338447,4.561032215891895,2.403744574718358,2.6804540618719335,54.0,167.0,159.0,58.0,168.0,161.0
