L_mean,A_mean,B_mean,L_std,A_std,B_std,L_median,A_median,B_median,L_mode,A_mode,B_mode
39.5095330553522,159.64929815068274,150.83445268485215,4.587710811560806,2.496967648008148,2.6099820405578473,40.0,160.0,151.0,40.0,160.0,151.0
