L_mean,A_mean,B_mean,L_std,A_std,B_std,L_median,A_median,B_median,L_mode,A_mode,B_mode
55.42448355985613,167.44243562402522,159.91367730846358,2.964870970049108,1.5701302218240225,1.7912255797519518,56.0,167.0,160.0,54.0,167.0,161.0
