L_mean,A_mean,B_mean,L_std,A_std,B_std,L_median,A_median,B_median,L_mode,A_mode,B_mode
67.83168348346436,172.95820733997516,166.22586497755992,4.028482524425002,2.058726281869485,1.8197105580633306,69.0,173.0,167.0,70.0,174.0,167.0
