L_mean,A_mean,B_mean,L_std,A_std,B_std,L_median,A_median,B_median,L_mode,A_mode,B_mode
45.6720883598052,162.48954387751854,154.25664449183563,6.25728974999282,3.2592194318866166,3.5478363424352954,46.0,163.0,155.0,52.0,165.0,158.0
