L_mean,A_mean,B_mean,L_std,A_std,B_std,L_median,A_median,B_median,L_mode,A_mode,B_mode
44.62501193621288,162.2092179393322,153.7551325715377,4.457318402883264,2.312746662560265,2.5294121321820167,45.0,162.0,154.0,45.0,162.0,157.0
