L_mean,A_mean,B_mean,L_std,A_std,B_std,L_median,A_median,B_median,L_mode,A_mode,B_mode
68.42604322500557,173.71445395804818,166.40226628895184,5.2350482259942455,2.5205001508110296,2.5298331919567607,70.0,174.0,167.0,72.0,176.0,167.0
