L_mean,A_mean,B_mean,L_std,A_std,B_std,L_median,A_median,B_median,L_mode,A_mode,B_mode
65.6328739217621,172.43062673075087,165.36492981506828,3.4896057222764245,1.6630950809471703,1.7768554868448658,66.0,173.0,166.0,66.0,173.0,166.0
