L_mean,A_mean,B_mean,L_std,A_std,B_std,L_median,A_median,B_median,L_mode,A_mode,B_mode
40.913645478562565,160.4289079160964,151.64258204156985,3.5853694308140294,1.8642791783438737,1.9865824572515889,40.0,160.0,151.0,40.0,160.0,151.0
