L_mean,A_mean,B_mean,L_std,A_std,B_std,L_median,A_median,B_median,L_mode,A_mode,B_mode
84.37177324378521,181.26068688926378,174.40131139192158,1.8076571609486125,1.0051271410501426,0.8884545435869362,84.0,181.0,174.0,84.0,182.0,175.0
