L_mean,A_mean,B_mean,L_std,A_std,B_std,L_median,A_median,B_median,L_mode,A_mode,B_mode
55.40786835152943,167.56084285577873,159.86555049813796,7.000994815772657,3.574162209584156,4.005376151035651,57.0,168.0,161.0,63.0,171.0,163.0
