L_mean,A_mean,B_mean,L_std,A_std,B_std,L_median,A_median,B_median,L_mode,A_mode,B_mode
29.869847534774166,154.35916860298565,145.06210013686857,6.260694457542892,3.377466661648139,3.9145924049963625,31.0,155.0,146.0,33.0,155.0,146.0
