L_mean,A_mean,B_mean,L_std,A_std,B_std,L_median,A_median,B_median,L_mode,A_mode,B_mode
45.90018143043575,162.86825603972372,154.49667377534456,4.63701851386424,2.443307482944772,2.5335908726056298,47.0,163.0,155.0,50.0,165.0,157.0
