L_mean,A_mean,B_mean,L_std,A_std,B_std,L_median,A_median,B_median,L_mode,A_mode,B_mode
60.19091574625203,169.8067606709743,162.37594296081738,8.205702441845355,4.125235229665423,4.545965121116724,63.0,171.0,164.0,66.0,172.0,164.0
