L_mean,A_mean,B_mean,L_std,A_std,B_std,L_median,A_median,B_median,L_mode,A_mode,B_mode
79.41935894579368,178.69089983130152,172.12681032561989,2.968791634284703,1.5032996584791007,1.6767215256479682,80.0,179.0,173.0,80.0,179.0,173.0
