L_mean,A_mean,B_mean,L_std,A_std,B_std,L_median,A_median,B_median,L_mode,A_mode,B_mode
80.15844924722285,179.27297323105324,172.29872362096953,5.10799851508678,2.521305835463778,2.611539535434274,82.0,180.0,173.0,82.0,180.0,174.0
