L_mean,A_mean,B_mean,L_std,A_std,B_std,L_median,A_median,B_median,L_mode,A_mode,B_mode
57.108953751153834,168.36302002100774,160.79937613394023,7.551858003885822,3.8114490714263933,4.2288301513631055,59.0,169.0,162.0,60.0,171.0,164.0
