L_mean,A_mean,B_mean,L_std,A_std,B_std,L_median,A_median,B_median,L_mode,A_mode,B_mode
42.604513479963074,161.10370181748735,152.5484291943852,4.4145001196031215,2.34846402538775,2.5138815330598714,43.0,162.0,153.0,45.0,162.0,154.0
