L_mean,A_mean,B_mean,L_std,A_std,B_std,L_median,A_median,B_median,L_mode,A_mode,B_mode
40.85173632110004,160.19845943279117,151.5883757201515,5.454686905479722,2.883958101540467,3.0871027765113044,41.0,160.0,151.0,45.0,163.0,151.0
