L_mean,A_mean,B_mean,L_std,A_std,B_std,L_median,A_median,B_median,L_mode,A_mode,B_mode
80.74609287965114,179.3880064932998,172.59935703599962,4.456862471177809,2.231965901747468,2.262053607494074,82.0,180.0,174.0,84.0,180.0,174.0
