L_mean,A_mean,B_mean,L_std,A_std,B_std,L_median,A_median,B_median,L_mode,A_mode,B_mode
47.200560206257755,163.48811153197315,155.1353089091893,5.429131326831133,2.741539115526728,3.030770186217569,47.0,164.0,155.0,54.0,165.0,158.0
