L_mean,A_mean,B_mean,L_std,A_std,B_std,L_median,A_median,B_median,L_mode,A_mode,B_mode
84.6887035681319,181.44428175828372,174.50338988445745,2.3244140038795664,1.1777734690265662,1.1099173423231579,85.0,182.0,175.0,85.0,182.0,175.0
