L_mean,A_mean,B_mean,L_std,A_std,B_std,L_median,A_median,B_median,L_mode,A_mode,B_mode
63.24712735143394,171.27972117006715,163.9915014164306,7.343246238443833,3.5345065447768436,3.8665951461045327,65.0,172.0,165.0,66.0,174.0,166.0
