L_mean,A_mean,B_mean,L_std,A_std,B_std,L_median,A_median,B_median,L_mode,A_mode,B_mode
40.47286500938982,160.16780723811948,151.3872425756756,2.819641704612376,1.5115138302702886,1.495758441822239,40.0,160.0,151.0,40.0,160.0,151.0
