L_mean,A_mean,B_mean,L_std,A_std,B_std,L_median,A_median,B_median,L_mode,A_mode,B_mode
53.624534487697744,166.46054683769933,158.86669637457427,2.5911877901883074,1.3509862543155802,1.6146425063297014,54.0,167.0,159.0,54.0,167.0,158.0
