L_mean,A_mean,B_mean,L_std,A_std,B_std,L_median,A_median,B_median,L_mode,A_mode,B_mode
49.49444568227393,164.50058885316867,156.3865104879524,3.7729827123384676,1.895827907571069,2.009951077544564,50.0,165.0,157.0,52.0,165.0,157.0
