L_mean,A_mean,B_mean,L_std,A_std,B_std,L_median,A_median,B_median,L_mode,A_mode,B_mode
51.83117420504822,165.6826240570392,157.70560524556768,3.771342576270454,1.9387295212668472,2.1317991999746275,53.0,166.0,158.0,54.0,167.0,158.0
