L_mean,A_mean,B_mean,L_std,A_std,B_std,L_median,A_median,B_median,L_mode,A_mode,B_mode
65.90992138014451,172.3794760798294,165.4127701562848,3.9275860181255,1.8192961538881989,1.935893230951958,67.0,173.0,166.0,70.0,173.0,166.0
