L_mean,A_mean,B_mean,L_std,A_std,B_std,L_median,A_median,B_median,L_mode,A_mode,B_mode
54.39981538657415,167.1530063341503,159.3611738867492,5.136180002007966,2.7540251034027468,3.0429756467063944,56.0,168.0,161.0,58.0,168.0,161.0
