L_mean,A_mean,B_mean,L_std,A_std,B_std,L_median,A_median,B_median,L_mode,A_mode,B_mode
71.76897857847662,175.01613775981156,168.19358945793678,2.8735623863448074,1.6662860988579506,1.4684807993502993,73.0,176.0,169.0,73.0,176.0,169.0
