L_mean,A_mean,B_mean,L_std,A_std,B_std,L_median,A_median,B_median,L_mode,A_mode,B_mode
66.12232230957761,172.59159054015342,165.48769774326001,3.9885599846744477,1.842322611387037,1.9259222982932662,67.0,173.0,166.0,70.0,174.0,166.0
