L_mean,A_mean,B_mean,L_std,A_std,B_std,L_median,A_median,B_median,L_mode,A_mode,B_mode
56.81459082662253,168.27431008689564,160.64194544354967,5.95431580761856,3.0541646877878574,3.333670298863651,58.0,169.0,161.0,63.0,171.0,164.0
