L_mean,A_mean,B_mean,L_std,A_std,B_std,L_median,A_median,B_median,L_mode,A_mode,B_mode
63.24092052073718,171.28853805264666,164.02695992615463,6.479663669611274,3.1806918174766414,3.4869530412739285,65.0,172.0,165.0,66.0,173.0,166.0
