L_mean,A_mean,B_mean,L_std,A_std,B_std,L_median,A_median,B_median,L_mode,A_mode,B_mode
52.718846484387434,166.17468249673743,158.26803959639685,3.5200757992457374,1.7807767199496893,2.033647432387712,53.0,167.0,158.0,54.0,167.0,158.0
