L_mean,A_mean,B_mean,L_std,A_std,B_std,L_median,A_median,B_median,L_mode,A_mode,B_mode
42.128751949581435,160.8808925104243,152.26460196708788,3.141626628849087,1.5193587793942127,1.661757768085856,42.0,161.0,152.0,40.0,160.0,151.0
