L_mean,A_mean,B_mean,L_std,A_std,B_std,L_median,A_median,B_median,L_mode,A_mode,B_mode
60.20947257854028,169.8296781997008,162.42696629213484,7.685471854194382,3.8798957180896676,4.254480831765993,63.0,171.0,164.0,66.0,173.0,166.0
