L_mean,A_mean,B_mean,L_std,A_std,B_std,L_median,A_median,B_median,L_mode,A_mode,B_mode
68.74364197727346,173.87640449438203,166.57962249737403,5.36228640581547,2.5847924938329903,2.5790597798795987,70.0,174.0,167.0,72.0,176.0,167.0
