L_mean,A_mean,B_mean,L_std,A_std,B_std,L_median,A_median,B_median,L_mode,A_mode,B_mode
62.45650444027119,170.90766145717288,163.65531400197347,6.301419027351242,3.1173627117362175,3.396990812329046,65.0,172.0,165.0,66.0,173.0,166.0
