L_mean,A_mean,B_mean,L_std,A_std,B_std,L_median,A_median,B_median,L_mode,A_mode,B_mode
84.03832320081484,181.14686316325557,174.38883407072603,1.3146674430964298,0.8356545218607867,0.6949379290525802,84.0,181.0,175.0,84.0,182.0,175.0
