L_mean,A_mean,B_mean,L_std,A_std,B_std,L_median,A_median,B_median,L_mode,A_mode,B_mode
63.318808288506226,171.3625425724926,164.13721870324983,4.296715631849569,2.091662545885537,2.2689757373506843,64.0,172.0,164.0,66.0,173.0,166.0
