L_mean,A_mean,B_mean,L_std,A_std,B_std,L_median,A_median,B_median,L_mode,A_mode,B_mode
51.8466435369386,165.6922685170449,157.71407199923607,3.7633013760916656,1.9216812427637717,2.1160959048008197,53.0,166.0,158.0,54.0,167.0,158.0
