L_mean,A_mean,B_mean,L_std,A_std,B_std,L_median,A_median,B_median,L_mode,A_mode,B_mode
42.31336537543368,160.88859534646846,152.3802081675526,6.378294691498336,3.326180017307009,3.587209782105866,43.0,161.0,153.0,45.0,162.0,151.0
