L_mean,A_mean,B_mean,L_std,A_std,B_std,L_median,A_median,B_median,L_mode,A_mode,B_mode
61.193016519718626,170.3752745328962,163.04067861348952,4.700752056330868,2.342923242311719,2.5464366466675514,62.0,171.0,163.0,63.0,171.0,164.0
