L_mean,A_mean,B_mean,L_std,A_std,B_std,L_median,A_median,B_median,L_mode,A_mode,B_mode
63.916796638762456,171.76318553649298,164.5388165642805,3.4708603004572884,1.6039455544752843,1.7642334082292286,65.0,172.0,165.0,66.0,173.0,166.0
