L_mean,A_mean,B_mean,L_std,A_std,B_std,L_median,A_median,B_median,L_mode,A_mode,B_mode
83.88429830983226,181.06334150300793,174.3130470764236,1.3593139498259785,0.8548523552675861,0.7241465829503106,84.0,181.0,174.0,84.0,182.0,175.0
