L_mean,A_mean,B_mean,L_std,A_std,B_std,L_median,A_median,B_median,L_mode,A_mode,B_mode
71.86233567813603,175.03342139605945,168.28452748511953,4.038787313108689,2.042059247275416,1.9728357126222786,74.0,176.0,169.0,74.0,176.0,169.0
