L_mean,A_mean,B_mean,L_std,A_std,B_std,L_median,A_median,B_median,L_mode,A_mode,B_mode
39.851036063277846,159.90231403380335,151.0734952414298,3.6269618944663256,1.9603694000557057,2.0144096663872038,40.0,160.0,151.0,40.0,160.0,151.0
