L_mean,A_mean,B_mean,L_std,A_std,B_std,L_median,A_median,B_median,L_mode,A_mode,B_mode
65.30429385364612,172.31422478276093,165.0229811885285,5.572424486132798,2.621408822841033,2.832506025851881,66.0,173.0,166.0,69.0,174.0,167.0
