L_mean,A_mean,B_mean,L_std,A_std,B_std,L_median,A_median,B_median,L_mode,A_mode,B_mode
60.45007480026737,169.80679250087533,162.48215934048446,8.34995403055202,4.166592425415669,4.560490395563247,63.0,171.0,164.0,66.0,173.0,166.0
