L_mean,A_mean,B_mean,L_std,A_std,B_std,L_median,A_median,B_median,L_mode,A_mode,B_mode
81.66387624534488,179.8929878728077,173.18680968902186,3.259100855530212,1.6771148053032672,1.7791428583414552,82.0,180.0,174.0,82.0,180.0,174.0
