L_mean,A_mean,B_mean,L_std,A_std,B_std,L_median,A_median,B_median,L_mode,A_mode,B_mode
53.925454371836906,166.78362033294076,159.05703918260815,3.7472399406418244,1.989460476230279,2.212079554850818,54.0,167.0,159.0,56.0,167.0,161.0
