L_mean,A_mean,B_mean,L_std,A_std,B_std,L_median,A_median,B_median,L_mode,A_mode,B_mode
56.068720756278445,167.91819715440684,160.24932361460355,6.63565000792921,3.4409131164682982,3.795042066592188,58.0,169.0,161.0,60.0,171.0,163.0
