L_mean,A_mean,B_mean,L_std,A_std,B_std,L_median,A_median,B_median,L_mode,A_mode,B_mode
64.64334595919406,171.94748066333514,164.62517108571794,6.483379397508976,3.1170779039405225,3.362954150115969,66.0,173.0,166.0,70.0,174.0,166.0
