L_mean,A_mean,B_mean,L_std,A_std,B_std,L_median,A_median,B_median,L_mode,A_mode,B_mode
60.283540758188245,169.9925199732629,162.57624852786708,5.10906705515958,2.6131221270507528,2.850453061144997,61.0,171.0,163.0,60.0,171.0,163.0
