L_mean,A_mean,B_mean,L_std,A_std,B_std,L_median,A_median,B_median,L_mode,A_mode,B_mode
53.34519527644269,166.59416876213515,158.75522806124073,6.081059894930128,3.1725164013677714,3.5114662835663517,56.0,168.0,160.0,58.0,168.0,161.0
