L_mean,A_mean,B_mean,L_std,A_std,B_std,L_median,A_median,B_median,L_mode,A_mode,B_mode
61.495623388611264,170.42486551866824,163.09122449629183,7.640233925756665,3.791546421096715,4.151658291691537,63.0,172.0,164.0,66.0,173.0,166.0
