L_mean,A_mean,B_mean,L_std,A_std,B_std,L_median,A_median,B_median,L_mode,A_mode,B_mode
68.5187318967438,173.5187637266448,166.57160136231977,2.712259996192889,1.2418974571559298,1.2254617566113237,70.0,174.0,167.0,70.0,174.0,167.0
