L_mean,A_mean,B_mean,L_std,A_std,B_std,L_median,A_median,B_median,L_mode,A_mode,B_mode
43.860648693382565,161.7724162077856,153.356940509915,4.13125743635798,2.1459567506790935,2.380645081887386,43.0,162.0,153.0,43.0,160.0,151.0
