L_mean,A_mean,B_mean,L_std,A_std,B_std,L_median,A_median,B_median,L_mode,A_mode,B_mode
54.6833879746634,167.20527103160708,159.47299232899385,6.8826046215899925,3.5505516949969,3.9272466560105945,56.0,168.0,161.0,60.0,171.0,161.0
