L_mean,A_mean,B_mean,L_std,A_std,B_std,L_median,A_median,B_median,L_mode,A_mode,B_mode
66.02711907565967,172.45093420759463,165.4854696501894,3.8436419384175173,1.7409284601960888,1.8885048991843854,67.0,173.0,166.0,70.0,173.0,166.0
