L_mean,A_mean,B_mean,L_std,A_std,B_std,L_median,A_median,B_median,L_mode,A_mode,B_mode
80.02291752872648,179.13199859948435,172.23032116370118,3.5733496842574533,1.7585290159598088,1.9158130985908925,81.0,180.0,173.0,82.0,180.0,174.0
