L_mean,A_mean,B_mean,L_std,A_std,B_std,L_median,A_median,B_median,L_mode,A_mode,B_mode
79.73877200241907,179.0190979406054,172.0883279753,2.7718223548397396,1.362356110661726,1.544331431576323,80.0,179.0,172.0,82.0,180.0,174.0
