L_mean,A_mean,B_mean,L_std,A_std,B_std,L_median,A_median,B_median,L_mode,A_mode,B_mode
60.1533564630614,169.93980965719197,162.50488588980488,5.0983737694462095,2.625553527084359,2.8542356135415137,60.0,171.0,163.0,60.0,171.0,163.0
