L_mean,A_mean,B_mean,L_std,A_std,B_std,L_median,A_median,B_median,L_mode,A_mode,B_mode
44.34751885921635,161.92357640767736,153.52528885635166,6.681554365467846,3.4231602457496817,3.728866935815759,45.0,162.0,154.0,40.0,163.0,151.0
