L_mean,A_mean,B_mean,L_std,A_std,B_std,L_median,A_median,B_median,L_mode,A_mode,B_mode
39.67794506159086,159.82461724544038,151.0243817041729,3.7037937115290682,2.0032889386921164,2.0666828152575656,40.0,160.0,151.0,40.0,160.0,151.0
