L_mean,A_mean,B_mean,L_std,A_std,B_std,L_median,A_median,B_median,L_mode,A_mode,B_mode
60.189547060508644,169.954101282745,162.49772416207784,5.85995484353153,2.973044452592427,3.2934529629361218,61.0,171.0,163.0,65.0,171.0,166.0
