L_mean,A_mean,B_mean,L_std,A_std,B_std,L_median,A_median,B_median,L_mode,A_mode,B_mode
60.09386637807557,169.8865900627049,162.4579367858166,5.273564707366956,2.6954353632763133,2.949735216751669,60.0,171.0,163.0,60.0,171.0,163.0
