L_mean,A_mean,B_mean,L_std,A_std,B_std,L_median,A_median,B_median,L_mode,A_mode,B_mode
80.1886876531814,179.2621828946112,172.38176783270205,4.583698944576641,2.2085485082173206,2.4683447675982038,82.0,180.0,173.0,82.0,180.0,174.0
