L_mean,A_mean,B_mean,L_std,A_std,B_std,L_median,A_median,B_median,L_mode,A_mode,B_mode
66.41859502816946,172.73963140974632,165.64503294394754,3.61072120758823,1.5920546225484533,1.661988028764735,67.0,173.0,166.0,70.0,174.0,166.0
