L_mean,A_mean,B_mean,L_std,A_std,B_std,L_median,A_median,B_median,L_mode,A_mode,B_mode
79.81570487315784,178.8668555240793,172.26835789540695,3.906473325535963,1.929872987646443,2.0842216688989,82.0,180.0,173.0,82.0,180.0,174.0
