L_mean,A_mean,B_mean,L_std,A_std,B_std,L_median,A_median,B_median,L_mode,A_mode,B_mode
83.26418817837477,180.77906865709647,173.8696247254671,2.8484291197877556,1.5049946082872194,1.5444972727973398,84.0,181.0,174.0,85.0,182.0,175.0
