L_mean,A_mean,B_mean,L_std,A_std,B_std,L_median,A_median,B_median,L_mode,A_mode,B_mode
82.802145335328,180.52853550625457,173.62106502848775,2.748927004390021,1.4904486235774441,1.583429953937599,84.0,181.0,174.0,85.0,182.0,175.0
