L_mean,A_mean,B_mean,L_std,A_std,B_std,L_median,A_median,B_median,L_mode,A_mode,B_mode
80.34143934812363,179.1144921539294,172.48699748543783,3.0187132811375954,1.5236984130418199,1.681443329481323,82.0,180.0,173.0,82.0,180.0,174.0
