L_mean,A_mean,B_mean,L_std,A_std,B_std,L_median,A_median,B_median,L_mode,A_mode,B_mode
56.469872998694974,168.14441226087786,160.52131011872552,6.206492917001512,3.216400438239321,3.5328408637002013,58.0,169.0,162.0,63.0,171.0,163.0
