L_mean,A_mean,B_mean,L_std,A_std,B_std,L_median,A_median,B_median,L_mode,A_mode,B_mode
82.09144730559888,180.13810994047807,173.33542349683293,2.888935276168313,1.5606299960192258,1.6267759994793396,83.0,180.0,174.0,82.0,180.0,174.0
