L_mean,A_mean,B_mean,L_std,A_std,B_std,L_median,A_median,B_median,L_mode,A_mode,B_mode
82.97335837285546,180.61683165165357,173.67536683960913,2.863817092115334,1.4935714403816553,1.5994737722974874,84.0,181.0,174.0,85.0,182.0,175.0
