L_mean,A_mean,B_mean,L_std,A_std,B_std,L_median,A_median,B_median,L_mode,A_mode,B_mode
77.14670401375052,177.7014355285355,170.68679377407136,4.966057573190111,2.441155342969232,2.4395417557663928,79.0,179.0,171.0,82.0,179.0,172.0
