L_mean,A_mean,B_mean,L_std,A_std,B_std,L_median,A_median,B_median,L_mode,A_mode,B_mode
76.67192921030015,177.4649711939396,170.4703186173091,5.155018539608048,2.49460648655392,2.5552001887406757,78.0,178.0,171.0,82.0,180.0,171.0
