L_mean,A_mean,B_mean,L_std,A_std,B_std,L_median,A_median,B_median,L_mode,A_mode,B_mode
88.92494509342076,182.76837381035745,176.2601139510456,3.8885062252340123,1.829151098901977,1.713745089112607,90.0,183.0,177.0,93.0,183.0,178.0
