L_mean,A_mean,B_mean,L_std,A_std,B_std,L_median,A_median,B_median,L_mode,A_mode,B_mode
55.41070121271923,167.57717159499634,159.86061686348157,6.0521030587767894,3.1586475911238514,3.4730520718928175,57.0,168.0,161.0,60.0,171.0,161.0
