L_mean,A_mean,B_mean,L_std,A_std,B_std,L_median,A_median,B_median,L_mode,A_mode,B_mode
66.36292453130471,172.61062482095682,165.6296909316612,3.8223036972885303,1.7040726003859672,1.88894482810597,67.0,173.0,166.0,70.0,174.0,166.0
