L_mean,A_mean,B_mean,L_std,A_std,B_std,L_median,A_median,B_median,L_mode,A_mode,B_mode
57.039660056657226,168.36524811407836,160.7727663366967,5.491586104116859,2.828099492069409,3.0601556204908973,58.0,168.0,161.0,54.0,171.0,161.0
