L_mean,A_mean,B_mean,L_std,A_std,B_std,L_median,A_median,B_median,L_mode,A_mode,B_mode
69.16637489257408,173.8300283286119,166.86733297259445,3.019909733959638,1.4920461311863293,1.4264392459955493,70.0,174.0,167.0,70.0,174.0,168.0
