L_mean,A_mean,B_mean,L_std,A_std,B_std,L_median,A_median,B_median,L_mode,A_mode,B_mode
52.88881815577554,166.25062864054493,158.3490466944648,3.086864414620678,1.6200235751823455,1.8123936175105764,53.0,166.0,158.0,54.0,167.0,158.0
