L_mean,A_mean,B_mean,L_std,A_std,B_std,L_median,A_median,B_median,L_mode,A_mode,B_mode
59.2554667854983,169.70328166279404,162.22427348250946,2.7982042946547163,1.5688712518014312,1.6268587833498371,60.0,170.0,163.0,60.0,171.0,163.0
