L_mean,A_mean,B_mean,L_std,A_std,B_std,L_median,A_median,B_median,L_mode,A_mode,B_mode
45.17691058980807,162.33663303307128,154.0180793837731,6.462396200074368,3.296803443305983,3.623998201579327,45.0,163.0,154.0,45.0,163.0,155.0
