L_mean,A_mean,B_mean,L_std,A_std,B_std,L_median,A_median,B_median,L_mode,A_mode,B_mode
60.2869147276952,170.00550657287457,162.5692141197441,5.671139253315772,2.8717939318753345,3.178220702129275,61.0,171.0,163.0,65.0,171.0,166.0
