L_mean,A_mean,B_mean,L_std,A_std,B_std,L_median,A_median,B_median,L_mode,A_mode,B_mode
49.553585638348665,164.52000509278417,156.43333227233663,3.929704601974586,1.9530691601576962,2.1551323788923797,51.0,165.0,157.0,52.0,165.0,158.0
