L_mean,A_mean,B_mean,L_std,A_std,B_std,L_median,A_median,B_median,L_mode,A_mode,B_mode
53.12467772225229,166.25393895024988,158.59092211223222,2.0674320894339537,1.1094610586027691,1.366508562528789,54.0,167.0,158.0,54.0,167.0,158.0
