L_mean,A_mean,B_mean,L_std,A_std,B_std,L_median,A_median,B_median,L_mode,A_mode,B_mode
53.30238405958558,166.3258108667282,158.74109558519274,2.23121812781814,1.1740688811644238,1.5124480462149068,54.0,167.0,158.0,56.0,167.0,158.0
