L_mean,A_mean,B_mean,L_std,A_std,B_std,L_median,A_median,B_median,L_mode,A_mode,B_mode
54.21968997676417,167.08890091351816,159.26189642550213,5.351788300358395,2.8567281484105296,3.1440113900350286,56.0,167.0,160.0,60.0,167.0,161.0
