L_mean,A_mean,B_mean,L_std,A_std,B_std,L_median,A_median,B_median,L_mode,A_mode,B_mode
59.05869433746061,169.6116752076901,162.1112773339275,2.817578734469345,1.5984821145286208,1.6506453125417542,60.0,170.0,163.0,60.0,171.0,163.0
