L_mean,A_mean,B_mean,L_std,A_std,B_std,L_median,A_median,B_median,L_mode,A_mode,B_mode
68.54499156507623,173.67332972594454,166.60683706273673,2.2821609652839228,1.0160787672020952,1.0167249739944213,69.0,174.0,167.0,70.0,174.0,167.0
