L_mean,A_mean,B_mean,L_std,A_std,B_std,L_median,A_median,B_median,L_mode,A_mode,B_mode
83.66725021485183,180.96823375879302,174.2477639494541,1.4385980515854213,0.9262376920296135,0.7725764536079937,84.0,181.0,174.0,85.0,182.0,175.0
