L_mean,A_mean,B_mean,L_std,A_std,B_std,L_median,A_median,B_median,L_mode,A_mode,B_mode
47.23382245281217,163.5449597351752,155.19069293694497,4.009769471915192,2.0349375867856723,2.280164902008794,47.0,163.0,155.0,52.0,165.0,157.0
