L_mean,A_mean,B_mean,L_std,A_std,B_std,L_median,A_median,B_median,L_mode,A_mode,B_mode
49.593404844510935,164.5226788044689,156.46869529235764,3.145585513288253,1.5893722840928657,1.6686402418011623,51.0,165.0,157.0,52.0,165.0,157.0
