L_mean,A_mean,B_mean,L_std,A_std,B_std,L_median,A_median,B_median,L_mode,A_mode,B_mode
41.57917687875991,160.74749339529555,151.9582709997772,3.8650494999009575,2.0805484195344954,2.2043569064567716,41.0,161.0,151.0,40.0,160.0,151.0
