L_mean,A_mean,B_mean,L_std,A_std,B_std,L_median,A_median,B_median,L_mode,A_mode,B_mode
40.98558105484292,160.2285386892447,151.66336696692872,5.451573003424847,2.909777189352094,3.07075218869909,41.0,160.0,151.0,45.0,163.0,151.0
