L_mean,A_mean,B_mean,L_std,A_std,B_std,L_median,A_median,B_median,L_mode,A_mode,B_mode
54.10386096699239,166.8151955947417,159.1003278479804,3.894416376976405,2.060788576031406,2.2537053680309342,54.0,167.0,158.0,54.0,165.0,158.0
