L_mean,A_mean,B_mean,L_std,A_std,B_std,L_median,A_median,B_median,L_mode,A_mode,B_mode
56.19890505140529,167.95209599898143,160.28955660947895,6.261343264700575,3.2403944380326912,3.5432183056378626,58.0,169.0,161.0,58.0,171.0,161.0
