L_mean,A_mean,B_mean,L_std,A_std,B_std,L_median,A_median,B_median,L_mode,A_mode,B_mode
78.86176273991788,178.4035076550912,171.83117420504823,3.7827705527977855,1.8948327926115212,2.0685088656836865,80.0,179.0,173.0,82.0,180.0,173.0
