L_mean,A_mean,B_mean,L_std,A_std,B_std,L_median,A_median,B_median,L_mode,A_mode,B_mode
79.90778877677691,179.06849794697138,172.222586497756,2.916064713355185,1.407610010442709,1.6880514936118103,81.0,180.0,172.0,82.0,180.0,174.0
