L_mean,A_mean,B_mean,L_std,A_std,B_std,L_median,A_median,B_median,L_mode,A_mode,B_mode
60.744915173313814,170.22602412706496,162.8455931502053,5.250764644738442,2.650703445954335,2.9143947226749893,62.0,171.0,164.0,65.0,171.0,164.0
