L_mean,A_mean,B_mean,L_std,A_std,B_std,L_median,A_median,B_median,L_mode,A_mode,B_mode
67.97590476493617,173.04653531527518,166.30216125027852,3.8948522368148146,1.9732257809139129,1.7784446919655696,70.0,174.0,167.0,70.0,174.0,167.0
