L_mean,A_mean,B_mean,L_std,A_std,B_std,L_median,A_median,B_median,L_mode,A_mode,B_mode
47.992169844351785,163.90517872489417,155.63156889582072,3.7581846586312424,1.9534183163980612,2.0797415687173824,48.0,165.0,156.0,52.0,165.0,157.0
