L_mean,A_mean,B_mean,L_std,A_std,B_std,L_median,A_median,B_median,L_mode,A_mode,B_mode
48.098927332336,163.81121685711557,155.62746283859056,6.2883874189561135,3.295700446106569,3.511938173700468,50.0,165.0,157.0,54.0,165.0,158.0
