L_mean,A_mean,B_mean,L_std,A_std,B_std,L_median,A_median,B_median,L_mode,A_mode,B_mode
60.12340452621192,169.9103351688576,162.48177738167234,5.236823840089769,2.680962687133559,2.920481975924959,60.0,171.0,163.0,60.0,171.0,163.0
