L_mean,A_mean,B_mean,L_std,A_std,B_std,L_median,A_median,B_median,L_mode,A_mode,B_mode
79.43817041729,178.68354712416846,172.06938918419965,4.06766577126235,2.0304988146644005,2.192632491204003,82.0,180.0,173.0,82.0,180.0,173.0
