L_mean,A_mean,B_mean,L_std,A_std,B_std,L_median,A_median,B_median,L_mode,A_mode,B_mode
42.40551293885476,161.13152115096923,152.37883948180922,3.2664139835469137,1.736644209575027,1.9117852206924675,42.0,161.0,152.0,40.0,160.0,151.0
