L_mean,A_mean,B_mean,L_std,A_std,B_std,L_median,A_median,B_median,L_mode,A_mode,B_mode
52.450838717891585,165.99847216475158,158.07706019034282,3.379130518092982,1.7554883802717955,1.9904473074672928,53.0,166.0,158.0,54.0,167.0,158.0
