L_mean,A_mean,B_mean,L_std,A_std,B_std,L_median,A_median,B_median,L_mode,A_mode,B_mode
80.53047713021613,179.41684438361398,172.52271063436993,3.1992699351209164,1.5194918722354673,1.7827481371819474,82.0,180.0,173.0,82.0,180.0,174.0
