L_mean,A_mean,B_mean,L_std,A_std,B_std,L_median,A_median,B_median,L_mode,A_mode,B_mode
40.05894897666868,159.89324251201577,151.2215679409237,4.470928739901317,2.3326734446399473,2.5789832039063394,40.0,160.0,151.0,40.0,160.0,151.0
