L_mean,A_mean,B_mean,L_std,A_std,B_std,L_median,A_median,B_median,L_mode,A_mode,B_mode
56.639462711270966,168.1275742432441,160.5268166916001,7.628099636592373,3.8796457912127678,4.2949848795010706,58.0,169.0,161.0,65.0,172.0,164.0
