L_mean,A_mean,B_mean,L_std,A_std,B_std,L_median,A_median,B_median,L_mode,A_mode,B_mode
40.79905783493013,160.109558519273,151.5649489130089,6.192503425868757,3.2775875580110014,3.519307769351857,41.0,160.0,151.0,45.0,160.0,151.0
