L_mean,A_mean,B_mean,L_std,A_std,B_std,L_median,A_median,B_median,L_mode,A_mode,B_mode
51.904987745488114,165.7283317948881,157.75242702995195,3.828508834551671,1.9376280843455298,2.1667086152843518,53.0,166.0,158.0,54.0,167.0,158.0
