L_mean,A_mean,B_mean,L_std,A_std,B_std,L_median,A_median,B_median,L_mode,A_mode,B_mode
61.86093516249164,170.40150237132764,163.22392335359837,5.474439487702031,2.5308476843797254,2.806995535636661,63.0,171.0,164.0,66.0,171.0,166.0
