L_mean,A_mean,B_mean,L_std,A_std,B_std,L_median,A_median,B_median,L_mode,A_mode,B_mode
54.03663621606137,166.780914791355,159.10236496164498,5.018830189567315,2.5808978586855535,2.9371157041200333,54.0,167.0,159.0,54.0,167.0,161.0
