L_mean,A_mean,B_mean,L_std,A_std,B_std,L_median,A_median,B_median,L_mode,A_mode,B_mode
84.6286087150269,181.49037145494478,174.51277970525513,1.4849063036263281,0.8519315776201131,0.7258355508594182,85.0,182.0,175.0,85.0,182.0,175.0
