L_mean,A_mean,B_mean,L_std,A_std,B_std,L_median,A_median,B_median,L_mode,A_mode,B_mode
79.68131903109781,178.95715695324188,172.14679950345354,4.661509594582723,2.257378567676607,2.464562696714144,82.0,180.0,173.0,82.0,180.0,174.0
