L_mean,A_mean,B_mean,L_std,A_std,B_std,L_median,A_median,B_median,L_mode,A_mode,B_mode
85.60117134035713,181.36196963427443,174.7176051182481,5.630810885012409,2.606489822349286,2.6494698277683653,87.0,182.0,176.0,90.0,183.0,176.0
