L_mean,A_mean,B_mean,L_std,A_std,B_std,L_median,A_median,B_median,L_mode,A_mode,B_mode
42.40503549033963,161.00569755228062,152.42944902441354,4.48794796764852,2.3840969757820694,2.583577950106142,43.0,162.0,153.0,45.0,162.0,154.0
