L_mean,A_mean,B_mean,L_std,A_std,B_std,L_median,A_median,B_median,L_mode,A_mode,B_mode
59.48916191870643,169.6964700639781,162.28615081007098,3.382652834261746,1.7508732090616392,1.9479598298337601,60.0,170.0,163.0,60.0,171.0,163.0
