L_mean,A_mean,B_mean,L_std,A_std,B_std,L_median,A_median,B_median,L_mode,A_mode,B_mode
41.988254766527675,160.82566763217366,152.1707355890123,3.1720498887697093,1.5326655167112742,1.7199729796030558,42.0,161.0,152.0,40.0,160.0,151.0
