L_mean,A_mean,B_mean,L_std,A_std,B_std,L_median,A_median,B_median,L_mode,A_mode,B_mode
80.44705095967151,179.36613935130663,172.466403539485,3.2859835814427396,1.5556613041603984,1.7917665738893152,82.0,180.0,173.0,82.0,180.0,174.0
