L_mean,A_mean,B_mean,L_std,A_std,B_std,L_median,A_median,B_median,L_mode,A_mode,B_mode
48.109844988382086,164.06486933825636,155.62370691027152,3.803913542979,1.9801648538707617,2.109806060059875,48.0,165.0,156.0,47.0,165.0,155.0
