L_mean,A_mean,B_mean,L_std,A_std,B_std,L_median,A_median,B_median,L_mode,A_mode,B_mode
41.98749084890346,160.96164496928415,152.15313365375434,3.4926533717556563,1.8823525916311155,2.036216167144675,42.0,161.0,152.0,40.0,160.0,151.0
