L_mean,A_mean,B_mean,L_std,A_std,B_std,L_median,A_median,B_median,L_mode,A_mode,B_mode
53.5823280389598,166.60903332590635,158.84584778941337,4.712383751652961,2.4833078877545827,2.7481296788421683,54.0,167.0,159.0,58.0,168.0,161.0
