L_mean,A_mean,B_mean,L_std,A_std,B_std,L_median,A_median,B_median,L_mode,A_mode,B_mode
41.57927236846293,160.52707133080816,151.99700798930516,5.351268213940328,2.8335499203820347,2.974542475678669,42.0,161.0,152.0,38.0,163.0,151.0
