L_mean,A_mean,B_mean,L_std,A_std,B_std,L_median,A_median,B_median,L_mode,A_mode,B_mode
59.839449979310565,169.87077060190342,162.47120985453736,3.2667278546711955,1.6776755901870133,1.788169263817831,60.0,170.0,163.0,60.0,171.0,163.0
