L_mean,A_mean,B_mean,L_std,A_std,B_std,L_median,A_median,B_median,L_mode,A_mode,B_mode
53.18483623515931,166.5247159181335,158.63526116433778,5.92242970991708,3.0904220578003545,3.499197121716722,54.0,167.0,159.0,54.0,167.0,161.0
