L_mean,A_mean,B_mean,L_std,A_std,B_std,L_median,A_median,B_median,L_mode,A_mode,B_mode
89.60209440748639,183.17455517713339,176.48260495909858,5.206619500622979,2.4606447749417097,2.320543704415404,92.0,184.0,178.0,93.0,185.0,178.0
