L_mean,A_mean,B_mean,L_std,A_std,B_std,L_median,A_median,B_median,L_mode,A_mode,B_mode
52.90225037400133,166.2470000318299,158.36648948021772,3.3088649193222297,1.7137165868774165,1.9796378799868812,54.0,167.0,158.0,54.0,167.0,158.0
