L_mean,A_mean,B_mean,L_std,A_std,B_std,L_median,A_median,B_median,L_mode,A_mode,B_mode
66.1558391953401,172.61431708947384,165.50218034821913,3.894232100134808,1.7727896944217345,1.882701910424554,67.0,173.0,166.0,70.0,174.0,166.0
