L_mean,A_mean,B_mean,L_std,A_std,B_std,L_median,A_median,B_median,L_mode,A_mode,B_mode
56.914823184899895,168.28771047522042,160.70694210141008,7.089406091174286,3.6523831613096354,4.00591147058959,59.0,169.0,162.0,60.0,171.0,164.0
