L_mean,A_mean,B_mean,L_std,A_std,B_std,L_median,A_median,B_median,L_mode,A_mode,B_mode
85.90826622529204,181.51456217971162,174.84400165515484,5.723066434056372,2.6537253688770974,2.6726270214567993,88.0,182.0,176.0,90.0,183.0,176.0
