L_mean,A_mean,B_mean,L_std,A_std,B_std,L_median,A_median,B_median,L_mode,A_mode,B_mode
60.349174014068815,169.886908361715,162.4777031543432,7.683398861373194,3.8587931715177137,4.249427495778378,63.0,171.0,164.0,66.0,173.0,164.0
