L_mean,A_mean,B_mean,L_std,A_std,B_std,L_median,A_median,B_median,L_mode,A_mode,B_mode
77.24480376866028,177.77018811471495,170.7650316707515,5.038848993495173,2.4528969674360983,2.5107704320611113,79.0,179.0,171.0,82.0,179.0,172.0
