L_mean,A_mean,B_mean,L_std,A_std,B_std,L_median,A_median,B_median,L_mode,A_mode,B_mode
51.95021803482191,165.74370563707546,157.79122767928192,3.748398100290332,1.9086463580829183,2.1273264078219567,53.0,166.0,158.0,54.0,167.0,158.0
