L_mean,A_mean,B_mean,L_std,A_std,B_std,L_median,A_median,B_median,L_mode,A_mode,B_mode
85.862176528631,182.0021326033676,174.94251519877773,2.0728490280233185,1.0581341400196962,0.9460252590240406,86.0,182.0,175.0,88.0,182.0,175.0
