L_mean,A_mean,B_mean,L_std,A_std,B_std,L_median,A_median,B_median,L_mode,A_mode,B_mode
42.01244549129452,160.80647420186523,152.18792373555718,3.3034604911140772,1.5958805826490545,1.7781396362832185,42.0,161.0,152.0,40.0,160.0,151.0
