L_mean,A_mean,B_mean,L_std,A_std,B_std,L_median,A_median,B_median,L_mode,A_mode,B_mode
85.95753891205398,182.04761753190948,174.9770188114715,2.318434533124949,1.1662586708693226,0.9989395889910481,86.0,182.0,175.0,88.0,183.0,175.0
