L_mean,A_mean,B_mean,L_std,A_std,B_std,L_median,A_median,B_median,L_mode,A_mode,B_mode
85.81226724384886,181.94187860075755,175.04074227329153,2.3602710772962623,1.157149561804234,1.0798559774705034,86.0,182.0,175.0,88.0,182.0,175.0
