L_mean,A_mean,B_mean,L_std,A_std,B_std,L_median,A_median,B_median,L_mode,A_mode,B_mode
61.35353471050705,170.38154502339498,163.0816755259891,6.3515904191097095,3.1739998244413936,3.4196664022658094,63.0,171.0,164.0,66.0,173.0,166.0
