L_mean,A_mean,B_mean,L_std,A_std,B_std,L_median,A_median,B_median,L_mode,A_mode,B_mode
55.49068975395487,167.6286087150269,159.89725307954293,6.946120095124492,3.583388584654079,3.9538991472230154,58.0,169.0,161.0,60.0,171.0,163.0
