L_mean,A_mean,B_mean,L_std,A_std,B_std,L_median,A_median,B_median,L_mode,A_mode,B_mode
51.35649489130089,165.52060986090333,157.51901836585287,3.132418656439506,1.59401998245067,1.7973724431695655,51.0,166.0,157.0,52.0,165.0,157.0
