L_mean,A_mean,B_mean,L_std,A_std,B_std,L_median,A_median,B_median,L_mode,A_mode,B_mode
33.819970079893054,156.73791259509184,147.66021580672884,5.117482004296104,2.9759560433433756,3.2139451947049116,36.0,157.0,149.0,36.0,157.0,149.0
