L_mean,A_mean,B_mean,L_std,A_std,B_std,L_median,A_median,B_median,L_mode,A_mode,B_mode
37.69195021803482,158.74714326638446,149.8493809084254,4.399533124993938,2.493021237910176,2.5691435936952045,38.0,159.0,151.0,40.0,160.0,151.0
