L_mean,A_mean,B_mean,L_std,A_std,B_std,L_median,A_median,B_median,L_mode,A_mode,B_mode
50.56065187637267,165.13365375433682,157.03981920616226,4.355000133205875,2.189444053284547,2.4661651465550944,51.0,165.0,157.0,54.0,163.0,158.0
