L_mean,A_mean,B_mean,L_std,A_std,B_std,L_median,A_median,B_median,L_mode,A_mode,B_mode
55.34471782792755,167.57895406945283,159.80090396918865,7.112269285732859,3.6731706288314983,4.046252098616545,58.0,169.0,161.0,60.0,171.0,163.0
