L_mean,A_mean,B_mean,L_std,A_std,B_std,L_median,A_median,B_median,L_mode,A_mode,B_mode
51.619887322150426,165.6685234108922,157.70009867269312,5.711059878883564,2.8441613829969135,3.293289826955731,52.0,166.0,158.0,54.0,165.0,158.0
