L_mean,A_mean,B_mean,L_std,A_std,B_std,L_median,A_median,B_median,L_mode,A_mode,B_mode
50.12493236146035,165.03568131903108,156.70993411210492,2.4229706716173496,1.2013250424825237,1.2516303292680913,51.0,165.0,157.0,52.0,165.0,157.0
