L_mean,A_mean,B_mean,L_std,A_std,B_std,L_median,A_median,B_median,L_mode,A_mode,B_mode
49.171149377725435,164.54648757042366,156.17757901772924,4.933859493286139,2.4739562397446035,2.718537680083145,51.0,165.0,157.0,52.0,165.0,158.0
