L_mean,A_mean,B_mean,L_std,A_std,B_std,L_median,A_median,B_median,L_mode,A_mode,B_mode
46.76983798580386,163.28685106789317,154.89171467676735,4.098834273446059,2.1819082879290828,2.371282847818532,48.0,163.0,155.0,51.0,165.0,157.0
