L_mean,A_mean,B_mean,L_std,A_std,B_std,L_median,A_median,B_median,L_mode,A_mode,B_mode
33.593277524906895,156.62851322532387,147.51332081357228,5.136551773999928,3.0197938901833656,3.2333128986726907,35.0,157.0,148.0,36.0,157.0,149.0
