L_mean,A_mean,B_mean,L_std,A_std,B_std,L_median,A_median,B_median,L_mode,A_mode,B_mode
48.85485565139892,164.48492854187222,156.05913995607474,2.79032431517918,1.481520943353528,1.5186863187504445,49.0,165.0,156.0,47.0,165.0,155.0
