L_mean,A_mean,B_mean,L_std,A_std,B_std,L_median,A_median,B_median,L_mode,A_mode,B_mode
52.45551771333991,166.1123277206608,158.1253779800745,5.712406825221266,2.8872948788439325,3.2144172460959686,54.0,167.0,158.0,58.0,167.0,161.0
