L_mean,A_mean,B_mean,L_std,A_std,B_std,L_median,A_median,B_median,L_mode,A_mode,B_mode
55.566476748257315,167.56860935162493,159.93563994015977,2.6518284654772213,1.4702114129030543,1.596523709149696,56.0,168.0,161.0,58.0,167.0,161.0
