L_mean,A_mean,B_mean,L_std,A_std,B_std,L_median,A_median,B_median,L_mode,A_mode,B_mode
40.561479453798896,160.03163892160296,151.36970430021964,4.607152735594884,2.559805110992239,2.656502492473537,41.0,160.0,151.0,40.0,160.0,151.0
