L_mean,A_mean,B_mean,L_std,A_std,B_std,L_median,A_median,B_median,L_mode,A_mode,B_mode
52.13432218225801,165.96992074354648,157.99980902059394,6.536569184757372,3.3525764348745195,3.7416829033218204,54.0,167.0,158.0,56.0,168.0,161.0
