L_mean,A_mean,B_mean,L_std,A_std,B_std,L_median,A_median,B_median,L_mode,A_mode,B_mode
49.558296463698,164.79020912244962,156.44081229907374,2.4353721868850893,1.232029835205013,1.2940751361690392,50.0,165.0,157.0,52.0,165.0,157.0
