L_mean,A_mean,B_mean,L_std,A_std,B_std,L_median,A_median,B_median,L_mode,A_mode,B_mode
47.46449374542445,163.5770442753923,155.21106407359073,6.303756955673949,3.285138753360785,3.5032517640519645,50.0,165.0,157.0,52.0,165.0,158.0
