L_mean,A_mean,B_mean,L_std,A_std,B_std,L_median,A_median,B_median,L_mode,A_mode,B_mode
46.742559760639146,163.28927014036987,154.89025050132093,4.628900475537183,2.396940644107089,2.634644986667593,48.0,164.0,155.0,51.0,165.0,157.0
