L_mean,A_mean,B_mean,L_std,A_std,B_std,L_median,A_median,B_median,L_mode,A_mode,B_mode
49.27720660788745,164.59684247381992,156.2526339243085,5.222368710843391,2.6334366816907715,2.9148199501773657,51.0,165.0,157.0,54.0,167.0,158.0
