L_mean,A_mean,B_mean,L_std,A_std,B_std,L_median,A_median,B_median,L_mode,A_mode,B_mode
48.98395772989146,164.44163987649998,156.08680014005157,5.9168919392511246,2.971670665506367,3.335498545655088,51.0,165.0,157.0,52.0,165.0,158.0
