L_mean,A_mean,B_mean,L_std,A_std,B_std,L_median,A_median,B_median,L_mode,A_mode,B_mode
50.58188242034567,165.18209886367254,157.0134958780278,3.3472221829137,1.7093082059528226,1.7973316326784174,51.0,165.0,157.0,54.0,167.0,158.0
