L_mean,A_mean,B_mean,L_std,A_std,B_std,L_median,A_median,B_median,L_mode,A_mode,B_mode
49.61288474392845,164.81774198682243,156.47264220008276,2.8069286583357096,1.426833572303634,1.4807862037100035,50.0,165.0,157.0,51.0,165.0,157.0
