L_mean,A_mean,B_mean,L_std,A_std,B_std,L_median,A_median,B_median,L_mode,A_mode,B_mode
39.729636820829484,159.56198873221504,150.81672342999013,5.512202402241663,3.0743457763621764,3.265599832892196,41.0,160.0,151.0,40.0,160.0,151.0
