L_mean,A_mean,B_mean,L_std,A_std,B_std,L_median,A_median,B_median,L_mode,A_mode,B_mode
39.9572524429449,159.65302224910081,150.98500811662475,4.539451565202991,2.607752952781428,2.6331244023739075,41.0,160.0,151.0,43.0,162.0,151.0
