L_mean,A_mean,B_mean,L_std,A_std,B_std,L_median,A_median,B_median,L_mode,A_mode,B_mode
36.558328293599004,158.1628417735621,149.23331317439602,4.657178331787244,2.707594911106557,2.8441267536938413,38.0,159.0,150.0,38.0,160.0,151.0
