L_mean,A_mean,B_mean,L_std,A_std,B_std,L_median,A_median,B_median,L_mode,A_mode,B_mode
36.69761594041442,158.22834770983863,149.31371550434477,4.97580519757429,2.8885251580687474,3.008857245664741,38.0,159.0,151.0,38.0,160.0,151.0
