L_mean,A_mean,B_mean,L_std,A_std,B_std,L_median,A_median,B_median,L_mode,A_mode,B_mode
48.83830410287424,164.4434541808575,156.03501289110991,2.7846743583823264,1.460735095459778,1.4955954114336527,49.0,165.0,156.0,47.0,165.0,157.0
