L_mean,A_mean,B_mean,L_std,A_std,B_std,L_median,A_median,B_median,L_mode,A_mode,B_mode
46.905083235191135,163.36231976318552,155.01171340357132,3.7665472208476083,1.972134582643748,2.14170224615564,47.0,163.0,155.0,50.0,165.0,157.0
