L_mean,A_mean,B_mean,L_std,A_std,B_std,L_median,A_median,B_median,L_mode,A_mode,B_mode
49.64761116592928,164.70554158576567,156.45889168284685,3.0328274763345293,1.5651028380328498,1.6201474392762931,50.0,165.0,157.0,52.0,165.0,157.0
