L_mean,A_mean,B_mean,L_std,A_std,B_std,L_median,A_median,B_median,L_mode,A_mode,B_mode
50.427380080847946,165.11044975650125,156.98704523028934,2.0078513421500808,1.0488868337660486,1.0251132249836634,51.0,165.0,157.0,51.0,165.0,157.0
