L_mean,A_mean,B_mean,L_std,A_std,B_std,L_median,A_median,B_median,L_mode,A_mode,B_mode
46.493554445045675,163.2151701308209,154.71047522042207,5.791500144463712,2.9449875514146675,3.144038555408726,47.0,164.0,155.0,52.0,165.0,151.0
