L_mean,A_mean,B_mean,L_std,A_std,B_std,L_median,A_median,B_median,L_mode,A_mode,B_mode
52.38380494636662,166.11258235986887,158.1395422860235,6.457343923875106,3.3010538988977918,3.700469719709674,54.0,167.0,159.0,56.0,168.0,161.0
