L_mean,A_mean,B_mean,L_std,A_std,B_std,L_median,A_median,B_median,L_mode,A_mode,B_mode
55.54467326606614,167.6763217366394,159.91011235955057,6.855444619271999,3.5465972841977034,3.8992441355802505,58.0,169.0,161.0,60.0,171.0,163.0
