L_mean,A_mean,B_mean,L_std,A_std,B_std,L_median,A_median,B_median,L_mode,A_mode,B_mode
48.5819779100487,164.21434255339466,155.87334882388515,5.7930942768418525,2.895441618026877,3.253472880379735,50.0,165.0,157.0,52.0,165.0,158.0
