L_mean,A_mean,B_mean,L_std,A_std,B_std,L_median,A_median,B_median,L_mode,A_mode,B_mode
47.88493490785244,163.80364134067543,155.4932679759366,5.981118537223984,3.0333519950970897,3.261816319490052,49.0,165.0,157.0,54.0,167.0,158.0
