L_mean,A_mean,B_mean,L_std,A_std,B_std,L_median,A_median,B_median,L_mode,A_mode,B_mode
37.61813667759493,158.8354075818824,149.99945889168285,2.8007862593879316,1.7237785300353878,1.6556709231583153,38.0,159.0,151.0,38.0,160.0,151.0
