L_mean,A_mean,B_mean,L_std,A_std,B_std,L_median,A_median,B_median,L_mode,A_mode,B_mode
51.5392303529936,165.53515612566446,157.6769583346596,6.7187531834517555,3.482428060518939,3.8792756139321116,54.0,167.0,158.0,54.0,167.0,161.0
