L_mean,A_mean,B_mean,L_std,A_std,B_std,L_median,A_median,B_median,L_mode,A_mode,B_mode
45.55005251933667,162.6407040774103,154.18636407040773,6.837102803045397,3.4977268420621686,3.800949775961436,47.0,163.0,155.0,52.0,165.0,158.0
