L_mean,A_mean,B_mean,L_std,A_std,B_std,L_median,A_median,B_median,L_mode,A_mode,B_mode
51.528821975363655,165.59496450966037,157.61081580036287,3.3298531219510465,1.6943798878269916,1.910064453939208,52.0,166.0,158.0,52.0,165.0,157.0
