L_mean,A_mean,B_mean,L_std,A_std,B_std,L_median,A_median,B_median,L_mode,A_mode,B_mode
47.87204379794379,163.7851163382882,155.47054142661617,5.871847869687484,3.0183860681365955,3.2115038343979685,50.0,165.0,157.0,54.0,165.0,158.0
