L_mean,A_mean,B_mean,L_std,A_std,B_std,L_median,A_median,B_median,L_mode,A_mode,B_mode
47.55610020052838,163.61189801699717,155.254384568864,6.251552833316631,3.252698985674379,3.4657044982057164,50.0,165.0,157.0,52.0,165.0,158.0
