L_mean,A_mean,B_mean,L_std,A_std,B_std,L_median,A_median,B_median,L_mode,A_mode,B_mode
32.18184422446446,155.54336824012478,146.50705032307349,6.480559270437487,3.9713336531472976,4.170354956658067,33.0,157.0,147.0,36.0,157.0,149.0
