L_mean,A_mean,B_mean,L_std,A_std,B_std,L_median,A_median,B_median,L_mode,A_mode,B_mode
44.917624216188685,162.34509978673967,153.82194353375561,6.987840970176771,3.6039725526041235,3.8922819039944447,46.0,163.0,154.0,45.0,163.0,155.0
