L_mean,A_mean,B_mean,L_std,A_std,B_std,L_median,A_median,B_median,L_mode,A_mode,B_mode
49.071967406181365,164.48667918642772,156.13549988859535,5.473104487426189,2.756261681715878,3.0760777248031457,51.0,165.0,157.0,52.0,166.0,158.0
