L_mean,A_mean,B_mean,L_std,A_std,B_std,L_median,A_median,B_median,L_mode,A_mode,B_mode
38.078365216284176,159.1207944743292,150.23971098449883,2.3764817850629676,1.426701881448315,1.3473575296477922,38.0,159.0,151.0,38.0,160.0,151.0
