L_mean,A_mean,B_mean,L_std,A_std,B_std,L_median,A_median,B_median,L_mode,A_mode,B_mode
39.31508419008817,159.31508419008816,150.59843396887035,4.8150673270438045,2.781548561754392,2.826208347027314,40.0,160.0,151.0,40.0,160.0,151.0
