L_mean,A_mean,B_mean,L_std,A_std,B_std,L_median,A_median,B_median,L_mode,A_mode,B_mode
54.901327306872076,167.29207117165865,159.597224432632,3.584967210240684,1.9192207514696664,2.0958633482442974,56.0,167.0,160.0,58.0,168.0,161.0
