L_mean,A_mean,B_mean,L_std,A_std,B_std,L_median,A_median,B_median,L_mode,A_mode,B_mode
32.29378998631314,155.6706560142598,146.61648152274248,6.180916435819032,3.661735104866709,3.949709263730831,33.0,157.0,147.0,36.0,157.0,149.0
