L_mean,A_mean,B_mean,L_std,A_std,B_std,L_median,A_median,B_median,L_mode,A_mode,B_mode
51.99178788553968,165.50329439475442,157.9678199700799,6.656683099354562,3.4709767809355485,3.773282978809889,54.0,167.0,159.0,54.0,168.0,161.0
