L_mean,A_mean,B_mean,L_std,A_std,B_std,L_median,A_median,B_median,L_mode,A_mode,B_mode
41.58964891619187,160.03300760734635,152.02915618932425,3.861557916998183,1.98486098553054,1.9790834958781651,42.0,160.0,152.0,38.0,160.0,151.0
