L_mean,A_mean,B_mean,L_std,A_std,B_std,L_median,A_median,B_median,L_mode,A_mode,B_mode
63.79447432918484,170.99847216475158,164.11242321036383,7.7488055725122384,3.779678107811948,4.034621153397796,67.0,172.0,166.0,70.0,172.0,166.0
