L_mean,A_mean,B_mean,L_std,A_std,B_std,L_median,A_median,B_median,L_mode,A_mode,B_mode
33.88700385141802,155.6134258522456,147.5774262342044,2.4296235360405714,1.3841390379874645,1.5715463049355929,34.0,155.0,148.0,36.0,155.0,146.0
