L_mean,A_mean,B_mean,L_std,A_std,B_std,L_median,A_median,B_median,L_mode,A_mode,B_mode
30.61565394531623,154.0682114778623,145.60588216570648,2.7564888684746895,1.5094012198103826,1.6661639773083272,31.0,154.0,146.0,32.0,155.0,146.0
