L_mean,A_mean,B_mean,L_std,A_std,B_std,L_median,A_median,B_median,L_mode,A_mode,B_mode
58.96438234077092,168.72301620141963,161.674921220995,9.686756031774927,4.787832619785682,5.269787217911734,62.0,170.0,164.0,70.0,172.0,166.0
