L_mean,A_mean,B_mean,L_std,A_std,B_std,L_median,A_median,B_median,L_mode,A_mode,B_mode
51.76916955788268,165.4137250533151,157.79087755037082,5.101846662684938,2.72542613155827,3.037506742151823,53.0,166.0,158.0,54.0,167.0,161.0
