L_mean,A_mean,B_mean,L_std,A_std,B_std,L_median,A_median,B_median,L_mode,A_mode,B_mode
51.99532100455168,165.50975586465927,157.96667409364358,6.6441823353891545,3.4786319778894286,3.7841312702976238,54.0,167.0,159.0,58.0,167.0,161.0
