L_mean,A_mean,B_mean,L_std,A_std,B_std,L_median,A_median,B_median,L_mode,A_mode,B_mode
57.95215965878346,168.26189642550213,161.14749976127575,8.71723392494657,4.261315305156921,4.766299571215296,60.0,169.0,163.0,61.0,170.0,164.0
