L_mean,A_mean,B_mean,L_std,A_std,B_std,L_median,A_median,B_median,L_mode,A_mode,B_mode
52.468281503644526,165.60203074768438,158.1420568482032,2.791969381356431,1.5367618806659324,1.8408387496512648,52.0,166.0,158.0,51.0,165.0,158.0
