L_mean,A_mean,B_mean,L_std,A_std,B_std,L_median,A_median,B_median,L_mode,A_mode,B_mode
59.960467262946814,169.173122831588,162.14867746761308,9.72055913050631,4.758087832894064,5.259162423077367,63.0,171.0,164.0,68.0,172.0,166.0
