L_mean,A_mean,B_mean,L_std,A_std,B_std,L_median,A_median,B_median,L_mode,A_mode,B_mode
42.05299678518,160.27902091224496,152.1940032466499,4.625574246873522,2.6729822161845,2.6388277629335684,43.0,161.0,153.0,45.0,162.0,154.0
