L_mean,A_mean,B_mean,L_std,A_std,B_std,L_median,A_median,B_median,L_mode,A_mode,B_mode
32.33195403762294,154.56182958271,146.47270585988477,2.97700983836455,1.6761078343844427,1.885715246578364,33.0,155.0,147.0,33.0,155.0,146.0
