L_mean,A_mean,B_mean,L_std,A_std,B_std,L_median,A_median,B_median,L_mode,A_mode,B_mode
29.81296750167107,153.65633255880573,145.0557659865678,2.772751781085986,1.5590452398871626,1.771717600711139,30.0,154.0,145.0,27.0,155.0,146.0
