L_mean,A_mean,B_mean,L_std,A_std,B_std,L_median,A_median,B_median,L_mode,A_mode,B_mode
56.300187796415955,167.61119775917496,160.3465957920871,8.694339736044373,4.392738080373737,4.830468531033894,60.0,169.0,162.0,60.0,170.0,164.0
