L_mean,A_mean,B_mean,L_std,A_std,B_std,L_median,A_median,B_median,L_mode,A_mode,B_mode
46.84893528981125,162.72314352102364,155.01298659961168,6.074350069359999,3.254034646454176,3.448346986602441,48.0,163.0,156.0,51.0,163.0,158.0
