L_mean,A_mean,B_mean,L_std,A_std,B_std,L_median,A_median,B_median,L_mode,A_mode,B_mode
48.18190788426648,163.47678008721394,155.77432600184613,6.518810308784044,3.5390582797636636,3.6636239807121207,51.0,165.0,157.0,54.0,165.0,158.0
