L_mean,A_mean,B_mean,L_std,A_std,B_std,L_median,A_median,B_median,L_mode,A_mode,B_mode
58.77216156857752,168.67730846357068,161.8002992010695,3.8646123101137513,1.9073637442501747,2.283084275519903,60.0,169.0,162.0,61.0,170.0,163.0
