L_mean,A_mean,B_mean,L_std,A_std,B_std,L_median,A_median,B_median,L_mode,A_mode,B_mode
51.417640131139194,165.14126110067798,157.6268580704714,5.2836861843226135,2.8511201344353516,3.073616426725094,53.0,166.0,158.0,54.0,167.0,158.0
