L_mean,A_mean,B_mean,L_std,A_std,B_std,L_median,A_median,B_median,L_mode,A_mode,B_mode
61.215488429830984,169.6657223796034,163.04745838240444,4.708896458941059,2.335411079023904,2.6453316353835548,62.0,170.0,164.0,65.0,170.0,164.0
