L_mean,A_mean,B_mean,L_std,A_std,B_std,L_median,A_median,B_median,L_mode,A_mode,B_mode
63.87614985517395,171.06591972498967,164.14552630741318,7.863213183235849,3.8517640216834734,4.060344465351965,67.0,172.0,166.0,70.0,172.0,166.0
