L_mean,A_mean,B_mean,L_std,A_std,B_std,L_median,A_median,B_median,L_mode,A_mode,B_mode
46.8328611898017,162.69739313110736,155.00512461406245,6.080594004183453,3.2514032762998837,3.4438924458813425,48.0,163.0,156.0,51.0,163.0,158.0
