L_mean,A_mean,B_mean,L_std,A_std,B_std,L_median,A_median,B_median,L_mode,A_mode,B_mode
31.113473597097112,154.39634592736417,145.92459496450965,2.8331861581164777,1.5493813352566501,1.6958956493374424,32.0,155.0,146.0,32.0,155.0,146.0
