L_mean,A_mean,B_mean,L_std,A_std,B_std,L_median,A_median,B_median,L_mode,A_mode,B_mode
51.04265206735207,164.76547728936563,157.01817487347614,2.5707387415469074,1.4060198872988765,1.5708647086482033,52.0,165.0,157.0,52.0,165.0,158.0
