L_mean,A_mean,B_mean,L_std,A_std,B_std,L_median,A_median,B_median,L_mode,A_mode,B_mode
47.98160231721679,163.38011267784958,155.66161632237325,6.498411605249775,3.50865954829717,3.6719539184775862,51.0,165.0,157.0,54.0,165.0,158.0
