L_mean,A_mean,B_mean,L_std,A_std,B_std,L_median,A_median,B_median,L_mode,A_mode,B_mode
67.86491390011777,172.98567654454595,166.07998854123565,8.654585811589051,4.258066366793261,4.370887746121944,70.0,174.0,167.0,74.0,176.0,169.0
