L_mean,A_mean,B_mean,L_std,A_std,B_std,L_median,A_median,B_median,L_mode,A_mode,B_mode
66.38355030715854,172.25705828054873,165.35757710793519,8.431040803619686,4.126717054823289,4.261202744255443,70.0,174.0,167.0,70.0,176.0,167.0
