L_mean,A_mean,B_mean,L_std,A_std,B_std,L_median,A_median,B_median,L_mode,A_mode,B_mode
47.69748862081039,163.15001432345545,155.48569245949645,5.686691124134454,3.0574354179251886,3.2017600577728764,50.0,164.0,157.0,51.0,165.0,158.0
