L_mean,A_mean,B_mean,L_std,A_std,B_std,L_median,A_median,B_median,L_mode,A_mode,B_mode
37.15555272623102,157.25034217143585,149.3742878059649,2.901011025100109,1.8694164706112435,1.6817917246026686,38.0,158.0,150.0,38.0,158.0,150.0
