L_mean,A_mean,B_mean,L_std,A_std,B_std,L_median,A_median,B_median,L_mode,A_mode,B_mode
33.23124423083044,155.2497374033167,147.1250915109654,2.4012387693479558,1.3839378390565786,1.4636803864937629,33.0,155.0,147.0,33.0,155.0,146.0
