L_mean,A_mean,B_mean,L_std,A_std,B_std,L_median,A_median,B_median,L_mode,A_mode,B_mode
54.00334213960595,166.46735843651527,159.12591908839164,8.490364093376664,4.327909290992832,4.763164326957425,57.0,168.0,161.0,58.0,170.0,161.0
