L_mean,A_mean,B_mean,L_std,A_std,B_std,L_median,A_median,B_median,L_mode,A_mode,B_mode
63.33259063564312,170.79425151987778,163.9148231848999,7.728930633895961,3.7462146323077703,4.007171707932523,66.0,172.0,166.0,70.0,172.0,166.0
