L_mean,A_mean,B_mean,L_std,A_std,B_std,L_median,A_median,B_median,L_mode,A_mode,B_mode
61.29321704809498,169.74914855014802,162.84931724862335,8.889836065615688,4.314573847198539,4.652608061380436,62.0,170.0,164.0,68.0,172.0,166.0
