L_mean,A_mean,B_mean,L_std,A_std,B_std,L_median,A_median,B_median,L_mode,A_mode,B_mode
40.729636820829484,159.6018079383773,151.58461979183244,3.6695167486962768,1.9475767110667466,1.8886201118872141,40.0,159.0,151.0,38.0,158.0,151.0
