L_mean,A_mean,B_mean,L_std,A_std,B_std,L_median,A_median,B_median,L_mode,A_mode,B_mode
40.85345513575453,159.62879969443296,151.47464748384633,4.499728748031785,2.705384795065376,2.5515443722384124,42.0,160.0,152.0,45.0,162.0,152.0
