L_mean,A_mean,B_mean,L_std,A_std,B_std,L_median,A_median,B_median,L_mode,A_mode,B_mode
40.910589808065694,159.57971798707706,151.52532068625266,4.519550684211302,2.6121191438393643,2.5449492826179703,42.0,160.0,152.0,42.0,160.0,152.0
