L_mean,A_mean,B_mean,L_std,A_std,B_std,L_median,A_median,B_median,L_mode,A_mode,B_mode
50.0173154661489,164.44504567590795,156.86704650348537,7.330441750242996,3.9068010349185314,4.171152359726875,52.0,166.0,158.0,54.0,167.0,158.0
