L_mean,A_mean,B_mean,L_std,A_std,B_std,L_median,A_median,B_median,L_mode,A_mode,B_mode
51.312601457809464,165.13005697552282,157.50762326129166,4.8042366190758585,2.5714304374145263,2.8127657004841313,53.0,166.0,158.0,54.0,167.0,158.0
