L_mean,A_mean,B_mean,L_std,A_std,B_std,L_median,A_median,B_median,L_mode,A_mode,B_mode
64.6098927332336,171.33434128019863,164.5243657892224,8.405848571870644,4.126323969734848,4.3068336194888825,67.0,172.0,166.0,70.0,172.0,167.0
