L_mean,A_mean,B_mean,L_std,A_std,B_std,L_median,A_median,B_median,L_mode,A_mode,B_mode
50.4625521214629,164.6933507336792,157.13549988859535,7.249382437653918,3.859892414003068,4.108969677546425,53.0,166.0,158.0,54.0,167.0,161.0
