L_mean,A_mean,B_mean,L_std,A_std,B_std,L_median,A_median,B_median,L_mode,A_mode,B_mode
47.774867110163285,163.29738676512716,155.5402489098259,6.590187035290833,3.540052915592375,3.6958179590208715,51.0,165.0,157.0,54.0,165.0,158.0
