L_mean,A_mean,B_mean,L_std,A_std,B_std,L_median,A_median,B_median,L_mode,A_mode,B_mode
42.46309322978006,160.52392017060828,152.5350288060604,4.164270217133077,2.03587222563629,2.1714289751707123,42.0,160.0,152.0,38.0,160.0,151.0
