L_mean,A_mean,B_mean,L_std,A_std,B_std,L_median,A_median,B_median,L_mode,A_mode,B_mode
64.73151478498902,171.41261100677977,164.58391953401025,8.299539948491958,4.068902683162177,4.255970641461967,67.0,172.0,166.0,70.0,172.0,167.0
