L_mean,A_mean,B_mean,L_std,A_std,B_std,L_median,A_median,B_median,L_mode,A_mode,B_mode
61.1876372664481,169.77970525511665,163.1070757869943,4.574667288105692,2.2503595903602505,2.6050979692672285,62.0,170.0,164.0,61.0,170.0,164.0
