L_mean,A_mean,B_mean,L_std,A_std,B_std,L_median,A_median,B_median,L_mode,A_mode,B_mode
57.579845306681094,168.1293248877996,161.007066238024,8.047323816973813,3.986542939024707,4.566963606780991,61.0,170.0,163.0,65.0,172.0,164.0
