L_mean,A_mean,B_mean,L_std,A_std,B_std,L_median,A_median,B_median,L_mode,A_mode,B_mode
28.56880033103097,152.68504312951586,144.16672502148518,3.362052582992587,1.7383657959839145,2.125373095495331,28.0,152.0,144.0,27.0,152.0,145.0
