L_mean,A_mean,B_mean,L_std,A_std,B_std,L_median,A_median,B_median,L_mode,A_mode,B_mode
34.45325779036827,155.43645160263551,147.70340898239806,3.882036392523402,2.531274810305505,2.495631304481158,36.0,156.0,149.0,36.0,157.0,149.0
