L_mean,A_mean,B_mean,L_std,A_std,B_std,L_median,A_median,B_median,L_mode,A_mode,B_mode
47.19177515357927,162.9700162332495,155.2141515739886,6.84834155893477,3.731075477644358,3.8438336228777596,50.0,164.0,157.0,52.0,165.0,158.0
