L_mean,A_mean,B_mean,L_std,A_std,B_std,L_median,A_median,B_median,L_mode,A_mode,B_mode
39.95667950472674,159.03822771111183,151.15421587038864,3.82787130158363,2.0875225656628484,2.0188491714225134,39.0,159.0,151.0,38.0,158.0,151.0
