L_mean,A_mean,B_mean,L_std,A_std,B_std,L_median,A_median,B_median,L_mode,A_mode,B_mode
34.02218544100328,155.73450679568387,147.59346850431294,2.63820638876019,1.4933061018388443,1.6133414094581084,34.0,155.0,147.0,36.0,155.0,146.0
