L_mean,A_mean,B_mean,L_std,A_std,B_std,L_median,A_median,B_median,L_mode,A_mode,B_mode
57.829932838908874,168.26835789540695,161.1303752745329,8.133354906233828,4.066641806844307,4.614037544802076,61.0,170.0,163.0,65.0,172.0,164.0
