L_mean,A_mean,B_mean,L_std,A_std,B_std,L_median,A_median,B_median,L_mode,A_mode,B_mode
37.90938027182735,157.93293439857402,149.7763312856097,6.096063295407421,3.548276017090805,3.549224944461958,38.0,158.0,151.0,38.0,160.0,151.0
