L_mean,A_mean,B_mean,L_std,A_std,B_std,L_median,A_median,B_median,L_mode,A_mode,B_mode
39.85065410446573,159.02177165229017,150.91937486074417,3.5395617288813503,2.2030339130699472,1.8867946787438115,40.0,160.0,151.0,42.0,160.0,152.0
