L_mean,A_mean,B_mean,L_std,A_std,B_std,L_median,A_median,B_median,L_mode,A_mode,B_mode
57.18193971416749,167.99309291148106,160.8540599038737,8.785952426417616,4.332557695716642,4.887074231691968,61.0,170.0,163.0,62.0,170.0,164.0
