L_mean,A_mean,B_mean,L_std,A_std,B_std,L_median,A_median,B_median,L_mode,A_mode,B_mode
64.19288920011459,171.18082566763218,164.3084635706783,7.738605585450065,3.806221575544738,4.022384842003678,67.0,172.0,166.0,70.0,174.0,167.0
