L_mean,A_mean,B_mean,L_std,A_std,B_std,L_median,A_median,B_median,L_mode,A_mode,B_mode
37.56068370627367,157.49839258999904,149.53439220804023,3.2345328238091224,2.076538464538893,1.797586741524084,38.0,158.0,150.0,38.0,158.0,150.0
