L_mean,A_mean,B_mean,L_std,A_std,B_std,L_median,A_median,B_median,L_mode,A_mode,B_mode
31.885571505872615,154.56883216093198,146.17146767673552,4.161931213681116,2.2556792516444983,2.566838280974652,32.0,155.0,146.0,33.0,155.0,146.0
