L_mean,A_mean,B_mean,L_std,A_std,B_std,L_median,A_median,B_median,L_mode,A_mode,B_mode
40.91052614826368,159.69927109526688,151.63634338097208,5.013724127027421,2.7816214090403326,2.7782636924214263,41.0,160.0,151.0,38.0,160.0,151.0
