L_mean,A_mean,B_mean,L_std,A_std,B_std,L_median,A_median,B_median,L_mode,A_mode,B_mode
57.47989941751281,168.06989846261578,160.9444886526403,8.259277944041568,4.1283539157246425,4.71233606189577,61.0,170.0,163.0,65.0,172.0,164.0
