L_mean,A_mean,B_mean,L_std,A_std,B_std,L_median,A_median,B_median,L_mode,A_mode,B_mode
57.215488429830984,167.9204889072795,160.82363051850908,8.066266369828964,4.023269870206299,4.610075133820038,61.0,170.0,163.0,64.0,170.0,164.0
