L_mean,A_mean,B_mean,L_std,A_std,B_std,L_median,A_median,B_median,L_mode,A_mode,B_mode
31.236909953210045,154.19575389120538,145.7717159499634,3.310292531533968,1.9527630353950682,2.155251511531377,32.0,155.0,146.0,32.0,155.0,146.0
