L_mean,A_mean,B_mean,L_std,A_std,B_std,L_median,A_median,B_median,L_mode,A_mode,B_mode
37.945348059967536,157.74889391093993,149.77228888818155,3.040466208713414,1.9782367601933035,1.6652172973455301,38.0,158.0,150.0,38.0,158.0,151.0
