L_mean,A_mean,B_mean,L_std,A_std,B_std,L_median,A_median,B_median,L_mode,A_mode,B_mode
52.485024031575264,165.83368876722793,158.2808670465035,6.6510939931176525,3.484541619344379,3.7776635573540553,54.0,167.0,159.0,54.0,167.0,161.0
