L_mean,A_mean,B_mean,L_std,A_std,B_std,L_median,A_median,B_median,L_mode,A_mode,B_mode
41.07330426202375,159.80701531018238,151.71884648438743,5.021478505413875,2.796447996576465,2.808298589231235,41.0,160.0,151.0,38.0,160.0,151.0
