L_mean,A_mean,B_mean,L_std,A_std,B_std,L_median,A_median,B_median,L_mode,A_mode,B_mode
40.850272145653626,159.61600407422733,151.64328229939204,3.2971891950788517,1.7561731597516337,1.6579981925222778,40.0,160.0,151.0,38.0,158.0,151.0
