L_mean,A_mean,B_mean,L_std,A_std,B_std,L_median,A_median,B_median,L_mode,A_mode,B_mode
44.90622911162746,161.82706814781807,153.87544959735175,4.86990725338498,2.5516279826465773,2.7381224519421257,45.0,162.0,154.0,45.0,163.0,154.0
