L_mean,A_mean,B_mean,L_std,A_std,B_std,L_median,A_median,B_median,L_mode,A_mode,B_mode
42.12926122799758,160.29795970334533,152.23302670528696,3.7123462713059756,2.124167920924079,2.0184327838850495,43.0,161.0,152.0,43.0,162.0,152.0
