L_mean,A_mean,B_mean,L_std,A_std,B_std,L_median,A_median,B_median,L_mode,A_mode,B_mode
31.388006493299805,154.31132826176912,145.87895088646275,3.077526211892063,1.812003189831041,1.979544699837183,32.0,155.0,146.0,32.0,155.0,146.0
