L_mean,A_mean,B_mean,L_std,A_std,B_std,L_median,A_median,B_median,L_mode,A_mode,B_mode
50.88200655695961,164.90982589044148,157.37501989368812,7.133899778343451,3.7540299064052522,4.028994401565468,54.0,166.0,158.0,54.0,167.0,161.0
