L_mean,A_mean,B_mean,L_std,A_std,B_std,L_median,A_median,B_median,L_mode,A_mode,B_mode
48.30295699780374,163.53416939873318,155.8113760066206,7.7930819011917025,4.248104960867296,4.437173592779926,51.0,165.0,157.0,54.0,167.0,158.0
