L_mean,A_mean,B_mean,L_std,A_std,B_std,L_median,A_median,B_median,L_mode,A_mode,B_mode
52.07928828341344,165.51812712862463,157.99777190692936,4.841232446853756,2.619805217939245,2.9622435433865024,53.0,166.0,158.0,54.0,167.0,158.0
