L_mean,A_mean,B_mean,L_std,A_std,B_std,L_median,A_median,B_median,L_mode,A_mode,B_mode
32.06843428716937,154.71388101983004,146.32148200019097,4.209049277455262,2.2636921510106256,2.569873003888285,32.0,155.0,146.0,33.0,155.0,146.0
