L_mean,A_mean,B_mean,L_std,A_std,B_std,L_median,A_median,B_median,L_mode,A_mode,B_mode
61.750007957475255,169.93627653817995,163.1547888086068,8.269513507898075,4.022348226702598,4.315555767466764,64.0,171.0,164.0,68.0,172.0,166.0
