L_mean,A_mean,B_mean,L_std,A_std,B_std,L_median,A_median,B_median,L_mode,A_mode,B_mode
58.02228093070631,168.33475506891173,161.1904382977369,8.870970507990927,4.360667183831112,4.895442316785561,61.0,170.0,163.0,61.0,172.0,164.0
