L_mean,A_mean,B_mean,L_std,A_std,B_std,L_median,A_median,B_median,L_mode,A_mode,B_mode
40.659674698411685,159.4342871693669,151.37594296081738,4.1322486368375255,2.436882023947056,2.3159164189347434,42.0,160.0,152.0,42.0,160.0,152.0
