L_mean,A_mean,B_mean,L_std,A_std,B_std,L_median,A_median,B_median,L_mode,A_mode,B_mode
51.9219212528249,165.40793201133144,157.8841391603272,8.528038867908379,4.484829787407043,4.8006950126538666,54.0,166.0,158.0,54.0,170.0,161.0
