L_mean,A_mean,B_mean,L_std,A_std,B_std,L_median,A_median,B_median,L_mode,A_mode,B_mode
59.52392017060827,169.03211637011808,162.21122322309577,3.9628008067545015,1.9257165134966434,2.2633915397351503,60.0,170.0,163.0,61.0,170.0,164.0
