L_mean,A_mean,B_mean,L_std,A_std,B_std,L_median,A_median,B_median,L_mode,A_mode,B_mode
34.79027278225165,156.19339847853072,148.07336792182576,5.284312572459499,3.1793680857826576,3.296910216658299,36.0,157.0,149.0,38.0,158.0,151.0
