L_mean,A_mean,B_mean,L_std,A_std,B_std,L_median,A_median,B_median,L_mode,A_mode,B_mode
41.11089537511538,159.72591272241144,151.65114428494127,4.1454244894390815,2.4313128084734825,2.3177423569935405,42.0,160.0,152.0,42.0,160.0,152.0
