L_mean,A_mean,B_mean,L_std,A_std,B_std,L_median,A_median,B_median,L_mode,A_mode,B_mode
51.53299169239584,165.27819333481872,157.6900404239743,5.182099234249264,2.742750881726825,3.101487756967037,53.0,166.0,158.0,54.0,167.0,161.0
