L_mean,A_mean,B_mean,L_std,A_std,B_std,L_median,A_median,B_median,L_mode,A_mode,B_mode
37.976382213451316,157.6745074322819,149.8325747206926,3.877962636082174,2.499360199532362,2.1690943214657996,38.0,158.0,150.0,38.0,158.0,150.0
