L_mean,A_mean,B_mean,L_std,A_std,B_std,L_median,A_median,B_median,L_mode,A_mode,B_mode
32.84247381990642,155.13371741413883,146.81793296622848,4.328286674629383,2.2707132561931664,2.6077284243631103,33.0,155.0,147.0,33.0,155.0,147.0
