L_mean,A_mean,B_mean,L_std,A_std,B_std,L_median,A_median,B_median,L_mode,A_mode,B_mode
42.763249196295,160.67975936594837,152.68682560397238,4.5994065487878615,2.612450960015825,2.565352067429818,45.0,162.0,154.0,45.0,163.0,154.0
