L_mean,A_mean,B_mean,L_std,A_std,B_std,L_median,A_median,B_median,L_mode,A_mode,B_mode
59.511729318521816,169.02253556991437,162.35321641149696,3.1565244805157353,1.5409903589880642,1.8908441212885663,61.0,170.0,163.0,61.0,170.0,164.0
