L_mean,A_mean,B_mean,L_std,A_std,B_std,L_median,A_median,B_median,L_mode,A_mode,B_mode
51.33204952732597,165.13241238819748,157.5427634720056,4.86632508061926,2.620031430197381,2.8491752772484613,53.0,166.0,158.0,54.0,167.0,158.0
