L_mean,A_mean,B_mean,L_std,A_std,B_std,L_median,A_median,B_median,L_mode,A_mode,B_mode
38.84435178406595,158.2017697424961,150.13187127988033,3.815464492911282,2.3881656756162055,2.067339862649219,39.0,158.0,150.0,42.0,160.0,151.0
