L_mean,A_mean,B_mean,L_std,A_std,B_std,L_median,A_median,B_median,L_mode,A_mode,B_mode
47.81583219276188,163.18891046248845,155.48072699493903,6.031447184519849,3.3223869303343454,3.418950339221083,50.0,164.0,157.0,51.0,165.0,158.0
