L_mean,A_mean,B_mean,L_std,A_std,B_std,L_median,A_median,B_median,L_mode,A_mode,B_mode
51.42992647292867,165.1976000254639,157.57414775440049,4.808531535320307,2.588719253732879,2.816097021069547,53.0,166.0,158.0,54.0,167.0,158.0
