L_mean,A_mean,B_mean,L_std,A_std,B_std,L_median,A_median,B_median,L_mode,A_mode,B_mode
45.11821625234745,161.74249610083712,153.99178788553968,5.984512693909331,3.2706650089401954,3.352924418196781,46.0,163.0,154.0,51.0,165.0,157.0
