L_mean,A_mean,B_mean,L_std,A_std,B_std,L_median,A_median,B_median,L_mode,A_mode,B_mode
32.37565649170831,154.61113409937295,146.45348059967534,5.330329943444972,2.427482920356724,2.996827230542445,32.0,154.0,146.0,33.0,155.0,146.0
