L_mean,A_mean,B_mean,L_std,A_std,B_std,L_median,A_median,B_median,L_mode,A_mode,B_mode
31.44109876818283,154.25145621797117,145.91132189578892,3.2700637919879814,1.903245120172256,2.0914670060472833,32.0,155.0,146.0,32.0,155.0,146.0
