L_mean,A_mean,B_mean,L_std,A_std,B_std,L_median,A_median,B_median,L_mode,A_mode,B_mode
37.645637712066716,157.53665213101186,149.55524079320114,3.5417580822925796,2.2608286030724907,1.9881106661826666,38.0,158.0,150.0,38.0,158.0,150.0
