L_mean,A_mean,B_mean,L_std,A_std,B_std,L_median,A_median,B_median,L_mode,A_mode,B_mode
52.762103319858674,165.85431454308178,158.36053728872903,4.682665970081987,2.468351995917024,2.768617065410417,53.0,166.0,158.0,52.0,165.0,158.0
