L_mean,A_mean,B_mean,L_std,A_std,B_std,L_median,A_median,B_median,L_mode,A_mode,B_mode
63.44081229907375,170.67590794792628,163.92987872807714,8.636448422642026,4.213241457053279,4.495238840364167,66.0,172.0,166.0,68.0,172.0,166.0
