L_mean,A_mean,B_mean,L_std,A_std,B_std,L_median,A_median,B_median,L_mode,A_mode,B_mode
44.562561670433205,161.65104879523824,153.6621574306904,4.937692001265593,2.5731929333736914,2.765021587200517,45.0,162.0,154.0,45.0,163.0,154.0
