L_mean,A_mean,B_mean,L_std,A_std,B_std,L_median,A_median,B_median,L_mode,A_mode,B_mode
39.07865168539326,158.37864850240317,150.29140274373748,3.823846992416048,2.383413403980118,2.0745834171607074,39.0,159.0,151.0,42.0,160.0,151.0
