L_mean,A_mean,B_mean,L_std,A_std,B_std,L_median,A_median,B_median,L_mode,A_mode,B_mode
32.27007671006143,154.7088200655696,146.41321577489893,4.174797512793509,2.2814748548611257,2.542819150832051,33.0,155.0,146.0,33.0,155.0,147.0
