L_mean,A_mean,B_mean,L_std,A_std,B_std,L_median,A_median,B_median,L_mode,A_mode,B_mode
33.04726740299838,155.12722411433302,146.9968806697011,2.503084472979081,1.409507049541975,1.5324735292831695,33.0,155.0,147.0,33.0,155.0,146.0
