L_mean,A_mean,B_mean,L_std,A_std,B_std,L_median,A_median,B_median,L_mode,A_mode,B_mode
40.72995511983958,159.59630136550274,151.42766654995702,4.427071309347391,2.6854734364028143,2.517811974740057,42.0,160.0,152.0,43.0,162.0,152.0
