L_mean,A_mean,B_mean,L_std,A_std,B_std,L_median,A_median,B_median,L_mode,A_mode,B_mode
45.511952127828884,162.04955915587104,154.22471910112358,7.085983256272498,3.8711576907152274,3.962428121312354,47.0,163.0,155.0,51.0,165.0,157.0
