L_mean,A_mean,B_mean,L_std,A_std,B_std,L_median,A_median,B_median,L_mode,A_mode,B_mode
36.279657510265146,157.0225992297164,148.8865582328039,5.877296941430797,3.4708394280358488,3.461397646560195,38.0,158.0,150.0,38.0,160.0,151.0
