L_mean,A_mean,B_mean,L_std,A_std,B_std,L_median,A_median,B_median,L_mode,A_mode,B_mode
57.50845083871789,168.11999872680397,160.943438265907,8.025551263350684,4.008091211748983,4.536368365638825,61.0,170.0,163.0,64.0,172.0,164.0
