L_mean,A_mean,B_mean,L_std,A_std,B_std,L_median,A_median,B_median,L_mode,A_mode,B_mode
41.474106375529175,159.94846739026642,151.82977368940382,3.89712528449903,2.2821533936332146,2.1433063443916414,42.0,160.0,152.0,42.0,160.0,152.0
