L_mean,A_mean,B_mean,L_std,A_std,B_std,L_median,A_median,B_median,L_mode,A_mode,B_mode
50.44405894897667,164.71601362319763,157.1511601998918,6.354936318325329,3.389326037557403,3.643556096082023,53.0,166.0,158.0,54.0,167.0,158.0
