L_mean,A_mean,B_mean,L_std,A_std,B_std,L_median,A_median,B_median,L_mode,A_mode,B_mode
55.17649680109495,166.97081198077473,159.74497883311582,8.821837280348841,4.481117311154334,4.931917333244971,58.0,168.0,161.0,58.0,170.0,164.0
