L_mean,A_mean,B_mean,L_std,A_std,B_std,L_median,A_median,B_median,L_mode,A_mode,B_mode
58.2116370118089,168.44555495432408,161.473406117707,3.6464932761877527,1.863080667711591,2.182062429911453,59.0,169.0,162.0,61.0,170.0,163.0
