L_mean,A_mean,B_mean,L_std,A_std,B_std,L_median,A_median,B_median,L_mode,A_mode,B_mode
48.11528790145463,163.46296591017602,155.76840564025846,7.143122923036712,3.828906948438639,4.009946410347232,51.0,165.0,157.0,54.0,167.0,158.0
