L_mean,A_mean,B_mean,L_std,A_std,B_std,L_median,A_median,B_median,L_mode,A_mode,B_mode
47.96731069166375,163.2848139542286,155.61963268294235,5.4261936396833965,2.9002465404627387,3.075003600054418,50.0,164.0,157.0,51.0,165.0,158.0
