L_mean,A_mean,B_mean,L_std,A_std,B_std,L_median,A_median,B_median,L_mode,A_mode,B_mode
50.5674953050896,164.76280357768087,157.20622592863737,7.167511526746502,3.780446439516085,4.059231926606481,53.0,166.0,158.0,54.0,167.0,161.0
