L_mean,A_mean,B_mean,L_std,A_std,B_std,L_median,A_median,B_median,L_mode,A_mode,B_mode
60.82350319890505,169.52662571219403,162.83629881911068,4.848869264432188,2.255485755128742,2.675820753659185,61.0,170.0,164.0,65.0,170.0,164.0
