L_mean,A_mean,B_mean,L_std,A_std,B_std,L_median,A_median,B_median,L_mode,A_mode,B_mode
40.53999427061782,159.30855906038133,151.28309513957413,4.0519842586513475,2.42984601516087,2.2438705792932656,42.0,160.0,152.0,42.0,160.0,152.0
