L_mean,A_mean,B_mean,L_std,A_std,B_std,L_median,A_median,B_median,L_mode,A_mode,B_mode
48.96549638730624,163.8674921220995,156.21822580131777,7.468375304027851,4.033786555244537,4.23983319336752,52.0,165.0,158.0,54.0,167.0,158.0
