L_mean,A_mean,B_mean,L_std,A_std,B_std,L_median,A_median,B_median,L_mode,A_mode,B_mode
79.71935576280357,178.99904510296972,171.98911417385492,2.648520348839601,1.3111047928093171,1.5120502838343266,80.0,179.0,172.0,82.0,180.0,171.0
