L_mean,A_mean,B_mean,L_std,A_std,B_std,L_median,A_median,B_median,L_mode,A_mode,B_mode
79.8494763981284,179.05707101250914,172.12181303116148,3.242732829681876,1.5574544502110312,1.7642506235217623,80.0,179.0,172.0,82.0,180.0,174.0
