L_mean,A_mean,B_mean,L_std,A_std,B_std,L_median,A_median,B_median,L_mode,A_mode,B_mode
69.37645223923353,174.0117452334723,166.72814081548205,3.484553839789892,1.5367978749516285,1.4952927870501096,70.0,174.0,167.0,72.0,175.0,167.0
