L_mean,A_mean,B_mean,L_std,A_std,B_std,L_median,A_median,B_median,L_mode,A_mode,B_mode
68.85036763535665,173.87544959735175,166.4272209313429,4.862279451780632,2.3030910178258894,2.1915224351494893,70.0,175.0,167.0,72.0,175.0,167.0
