L_mean,A_mean,B_mean,L_std,A_std,B_std,L_median,A_median,B_median,L_mode,A_mode,B_mode
75.20224719101124,177.03421714358467,169.74898940064296,3.985534231300961,1.9696918637255647,1.8895067822675957,76.0,177.0,170.0,79.0,177.0,171.0
