L_mean,A_mean,B_mean,L_std,A_std,B_std,L_median,A_median,B_median,L_mode,A_mode,B_mode
63.843205907629624,171.6903905528854,164.51647197377216,3.9915544287575973,1.9727535865869759,2.1343329311907793,65.0,172.0,165.0,66.0,173.0,166.0
