L_mean,A_mean,B_mean,L_std,A_std,B_std,L_median,A_median,B_median,L_mode,A_mode,B_mode
69.5809275233154,174.21402425438458,166.63338320017826,3.6715328083922483,1.6318514931493782,1.469377035528314,71.0,175.0,167.0,72.0,175.0,167.0
