L_mean,A_mean,B_mean,L_std,A_std,B_std,L_median,A_median,B_median,L_mode,A_mode,B_mode
69.90116815736702,174.39481809211574,166.7975936594837,3.1814259091083565,1.4263235668262908,1.2130179697255254,72.0,175.0,167.0,72.0,175.0,167.0
