L_mean,A_mean,B_mean,L_std,A_std,B_std,L_median,A_median,B_median,L_mode,A_mode,B_mode
75.23121240092944,177.1476589107808,169.75494159213164,6.747403449317183,3.2499045563588576,3.2846858943713904,77.0,178.0,171.0,81.0,180.0,171.0
