L_mean,A_mean,B_mean,L_std,A_std,B_std,L_median,A_median,B_median,L_mode,A_mode,B_mode
68.78317471432663,173.96737435146576,166.48461024286215,5.279955303160611,2.459498502712248,2.4144175390459726,70.0,175.0,167.0,72.0,175.0,167.0
