L_mean,A_mean,B_mean,L_std,A_std,B_std,L_median,A_median,B_median,L_mode,A_mode,B_mode
68.71092083903619,173.82850049336346,166.1815895852564,4.648843411873774,2.122280166408625,1.9827932423139165,71.0,175.0,167.0,72.0,175.0,167.0
