L_mean,A_mean,B_mean,L_std,A_std,B_std,L_median,A_median,B_median,L_mode,A_mode,B_mode
69.82748193653117,174.24544036668047,166.70309068338798,3.3522838834202924,1.4750320931164245,1.3287389397700409,72.0,175.0,167.0,72.0,175.0,167.0
