L_mean,A_mean,B_mean,L_std,A_std,B_std,L_median,A_median,B_median,L_mode,A_mode,B_mode
63.90836171499507,171.6138078110577,164.5024986472292,4.363333597090278,2.1159516549347805,2.2580110465702834,65.0,172.0,165.0,66.0,173.0,166.0
