L_mean,A_mean,B_mean,L_std,A_std,B_std,L_median,A_median,B_median,L_mode,A_mode,B_mode
69.55785084508388,174.15803545850972,166.71146194735334,3.333048941056308,1.4552832407517573,1.3301392847004891,71.0,175.0,167.0,72.0,175.0,167.0
