L_mean,A_mean,B_mean,L_std,A_std,B_std,L_median,A_median,B_median,L_mode,A_mode,B_mode
74.15927682464907,176.53337365120794,169.15517076741892,1.7485031137602052,0.7991046071191571,1.1163036759868123,74.0,177.0,169.0,76.0,177.0,170.0
