L_mean,A_mean,B_mean,L_std,A_std,B_std,L_median,A_median,B_median,L_mode,A_mode,B_mode
74.6519082025655,176.79272368462935,169.4148072699494,1.9459469617709846,0.9578628117342582,1.2816434252280204,75.0,177.0,170.0,76.0,177.0,170.0
