L_mean,A_mean,B_mean,L_std,A_std,B_std,L_median,A_median,B_median,L_mode,A_mode,B_mode
68.77184326956743,173.87293503517205,166.24760479994907,5.45520386329443,2.5756862304176806,2.5039368179221384,72.0,175.0,167.0,72.0,175.0,167.0
