L_mean,A_mean,B_mean,L_std,A_std,B_std,L_median,A_median,B_median,L_mode,A_mode,B_mode
68.77862303848235,173.883470732406,166.25495750708214,4.917401927061592,2.258365784315525,2.1121758770478576,72.0,175.0,167.0,72.0,175.0,167.0
