L_mean,A_mean,B_mean,L_std,A_std,B_std,L_median,A_median,B_median,L_mode,A_mode,B_mode
78.10172836362479,178.3332590635643,171.17328198109303,3.4181137017376404,1.6004755787155056,1.7641047588421845,79.0,179.0,171.0,82.0,179.0,171.0
