L_mean,A_mean,B_mean,L_std,A_std,B_std,L_median,A_median,B_median,L_mode,A_mode,B_mode
53.699589394276984,166.6894038259541,158.9297195785721,7.406364660277191,3.816375072679222,4.162562866362641,55.0,167.0,160.0,54.0,167.0,161.0
