L_mean,A_mean,B_mean,L_std,A_std,B_std,L_median,A_median,B_median,L_mode,A_mode,B_mode
76.17060826940828,177.35875481427252,170.314415762167,5.73587751998258,2.6949544151961415,2.792308870912037,77.0,178.0,171.0,82.0,180.0,171.0
