L_mean,A_mean,B_mean,L_std,A_std,B_std,L_median,A_median,B_median,L_mode,A_mode,B_mode
71.31403380335487,175.03291211764332,167.4943183626699,2.485031215210088,1.265796154786995,1.2257481335921347,72.0,175.0,167.0,72.0,175.0,167.0
