L_mean,A_mean,B_mean,L_std,A_std,B_std,L_median,A_median,B_median,L_mode,A_mode,B_mode
61.063755291721044,169.86271763694816,163.01333672852277,2.2285483786413143,1.0826387241754307,1.275683581122414,61.0,170.0,163.0,62.0,170.0,164.0
