L_mean,A_mean,B_mean,L_std,A_std,B_std,L_median,A_median,B_median,L_mode,A_mode,B_mode
75.4717191329535,177.13938313651843,169.79208708660917,3.5425454538927608,1.7155856319392744,1.87212059571044,75.0,177.0,170.0,72.0,176.0,171.0
