L_mean,A_mean,B_mean,L_std,A_std,B_std,L_median,A_median,B_median,L_mode,A_mode,B_mode
65.14867746761307,171.95989432472865,164.70095808002037,7.773472155450576,3.805082957941669,3.945595051054662,69.0,174.0,167.0,70.0,174.0,167.0
