L_mean,A_mean,B_mean,L_std,A_std,B_std,L_median,A_median,B_median,L_mode,A_mode,B_mode
60.67005124614062,167.66343062673076,160.5741795843015,7.589168915209159,4.578618597735541,5.1827543503365865,63.0,169.0,162.0,65.0,170.0,164.0
