L_mean,A_mean,B_mean,L_std,A_std,B_std,L_median,A_median,B_median,L_mode,A_mode,B_mode
64.16615208326702,171.2908298055193,164.2551484864882,8.441534662158523,4.150144303005695,4.470130936834721,67.0,172.0,166.0,70.0,174.0,167.0
