L_mean,A_mean,B_mean,L_std,A_std,B_std,L_median,A_median,B_median,L_mode,A_mode,B_mode
63.22194989973581,171.1653563357418,163.7537638857943,9.912777466314624,4.807849629720228,5.189560235818884,67.0,173.0,166.0,70.0,174.0,167.0
