L_mean,A_mean,B_mean,L_std,A_std,B_std,L_median,A_median,B_median,L_mode,A_mode,B_mode
72.76585924817773,175.787981029379,168.5318139860585,6.296908663482928,3.0260663141373962,3.0261489405292936,73.0,176.0,169.0,72.0,179.0,171.0
