L_mean,A_mean,B_mean,L_std,A_std,B_std,L_median,A_median,B_median,L_mode,A_mode,B_mode
98.59563293758157,186.25483018747812,179.82213451316167,7.0684494853566235,3.1289850044552385,2.8822936604302325,101.0,187.0,181.0,102.0,189.0,182.0
