L_mean,A_mean,B_mean,L_std,A_std,B_std,L_median,A_median,B_median,L_mode,A_mode,B_mode
64.84091415475697,172.0936435687685,164.94178311105452,4.313329997280569,2.0349982482875957,2.156283429564259,66.0,173.0,166.0,66.0,173.0,166.0
