L_mean,A_mean,B_mean,L_std,A_std,B_std,L_median,A_median,B_median,L_mode,A_mode,B_mode
70.32498328930197,174.65060317662412,167.15708056147946,3.8019298062094884,1.852445158258629,1.7745137043269763,72.0,175.0,167.0,72.0,176.0,167.0
