L_mean,A_mean,B_mean,L_std,A_std,B_std,L_median,A_median,B_median,L_mode,A_mode,B_mode
71.554763344686,175.2466817328198,167.8752586179457,3.4137207871285415,1.6985386753352356,1.652294845679137,72.0,175.0,168.0,72.0,176.0,168.0
