L_mean,A_mean,B_mean,L_std,A_std,B_std,L_median,A_median,B_median,L_mode,A_mode,B_mode
80.37352388834071,179.39911512875196,172.40990546519402,5.626838315940692,2.711915343332963,2.8671969951443157,82.0,180.0,174.0,84.0,181.0,174.0
