L_mean,A_mean,B_mean,L_std,A_std,B_std,L_median,A_median,B_median,L_mode,A_mode,B_mode
66.95887576789636,172.83874972148837,165.80507368622082,4.8143826948526725,2.345554679289132,2.4333375493195466,68.0,173.0,166.0,70.0,174.0,166.0
