L_mean,A_mean,B_mean,L_std,A_std,B_std,L_median,A_median,B_median,L_mode,A_mode,B_mode
71.1466085240475,174.95954419581756,167.75357290638826,2.843986330594258,1.41564861793105,1.3902668484484884,72.0,175.0,168.0,72.0,176.0,168.0
