L_mean,A_mean,B_mean,L_std,A_std,B_std,L_median,A_median,B_median,L_mode,A_mode,B_mode
98.62711270967948,186.34045262119236,179.84508387178917,6.381339938269288,2.7761335441434953,2.6597844361678074,101.0,187.0,180.0,102.0,189.0,182.0
