L_mean,A_mean,B_mean,L_std,A_std,B_std,L_median,A_median,B_median,L_mode,A_mode,B_mode
62.17286819237992,170.69672470318616,163.25954101282744,9.662226034639271,4.755970049652268,5.0292362158041355,65.0,172.0,165.0,72.0,172.0,166.0
