L_mean,A_mean,B_mean,L_std,A_std,B_std,L_median,A_median,B_median,L_mode,A_mode,B_mode
58.700767100614314,169.33940223445904,161.8184104147436,3.266989595692411,1.7825687572339857,1.905581239198059,59.0,170.0,162.0,60.0,171.0,161.0
