L_mean,A_mean,B_mean,L_std,A_std,B_std,L_median,A_median,B_median,L_mode,A_mode,B_mode
49.63487920552567,164.47410637552917,156.5204507113983,3.00686073246362,1.6459353514248158,1.7202592175199631,50.0,165.0,157.0,51.0,165.0,157.0
