L_mean,A_mean,B_mean,L_std,A_std,B_std,L_median,A_median,B_median,L_mode,A_mode,B_mode
76.76904223827864,177.66826877168413,170.515930865455,4.061024547372471,2.017562761449302,2.1150559855616327,77.0,178.0,171.0,82.0,180.0,171.0
