L_mean,A_mean,B_mean,L_std,A_std,B_std,L_median,A_median,B_median,L_mode,A_mode,B_mode
69.99477989623452,174.45290766145717,167.09071521787567,3.5490808368967603,1.7632016587134105,1.605149332884208,71.0,175.0,167.0,72.0,176.0,167.0
