L_mean,A_mean,B_mean,L_std,A_std,B_std,L_median,A_median,B_median,L_mode,A_mode,B_mode
44.077473979055924,161.89703027023586,153.48782506286406,3.4177344425219425,1.833899485391062,1.9853005227104676,45.0,162.0,154.0,45.0,162.0,154.0
