L_mean,A_mean,B_mean,L_std,A_std,B_std,L_median,A_median,B_median,L_mode,A_mode,B_mode
47.37798007448197,163.55119839577299,155.29741859502818,3.325866126584704,1.7065562973022468,1.8917156237857329,47.0,163.0,155.0,45.0,163.0,155.0
