L_mean,A_mean,B_mean,L_std,A_std,B_std,L_median,A_median,B_median,L_mode,A_mode,B_mode
48.11821625234745,163.69513320813573,155.80014005156443,3.617242825619778,1.9163495978996443,2.120930767215307,49.0,165.0,157.0,51.0,165.0,157.0
