L_mean,A_mean,B_mean,L_std,A_std,B_std,L_median,A_median,B_median,L_mode,A_mode,B_mode
103.91122640608587,188.664385523761,181.996435051087,4.724702145704863,1.964538570592161,1.875124991383706,105.0,189.0,183.0,106.0,190.0,183.0
