L_mean,A_mean,B_mean,L_std,A_std,B_std,L_median,A_median,B_median,L_mode,A_mode,B_mode
85.09507591431391,181.5997071649107,174.5530445300315,5.223831943681975,2.4369690910453454,2.476332143305265,86.0,182.0,175.0,88.0,184.0,175.0
