L_mean,A_mean,B_mean,L_std,A_std,B_std,L_median,A_median,B_median,L_mode,A_mode,B_mode
65.85323232644747,172.49724671356273,165.24760479994907,5.129995420370936,2.4205217960675744,2.4723250616068735,66.0,173.0,166.0,70.0,174.0,167.0
