L_mean,A_mean,B_mean,L_std,A_std,B_std,L_median,A_median,B_median,L_mode,A_mode,B_mode
69.81347678008721,174.2590317344113,166.85682910526148,2.852079497310664,1.3528775101487513,1.1791955759646722,70.0,175.0,167.0,72.0,175.0,167.0
