L_mean,A_mean,B_mean,L_std,A_std,B_std,L_median,A_median,B_median,L_mode,A_mode,B_mode
53.42658433332272,166.4653531527517,158.66056593563994,10.237202841883736,5.207749634438098,5.718589195475366,55.0,167.0,160.0,54.0,167.0,161.0
