L_mean,A_mean,B_mean,L_std,A_std,B_std,L_median,A_median,B_median,L_mode,A_mode,B_mode
85.24254384568864,181.6724066588153,174.64162714453957,4.997796229057509,2.322899541137964,2.3502249729797398,86.0,182.0,175.0,88.0,184.0,175.0
