L_mean,A_mean,B_mean,L_std,A_std,B_std,L_median,A_median,B_median,L_mode,A_mode,B_mode
80.47003214820002,179.41544386796957,172.37018174873475,7.743767948771516,3.715515522373323,3.7796733058089123,82.0,180.0,174.0,82.0,182.0,175.0
