L_mean,A_mean,B_mean,L_std,A_std,B_std,L_median,A_median,B_median,L_mode,A_mode,B_mode
52.72639017092657,165.91265875163128,158.25072413024796,5.213472152663282,2.7683591832176893,3.205288544061005,54.0,167.0,159.0,54.0,167.0,161.0
