L_mean,A_mean,B_mean,L_std,A_std,B_std,L_median,A_median,B_median,L_mode,A_mode,B_mode
68.79205525670815,173.7919279371041,166.44361333036255,3.7281683365167377,1.7475731009646576,1.6276861309170665,70.0,174.0,167.0,72.0,175.0,167.0
