L_mean,A_mean,B_mean,L_std,A_std,B_std,L_median,A_median,B_median,L_mode,A_mode,B_mode
93.4862335678136,184.77601298659962,177.88191106725657,6.298315404100439,2.767280839570987,2.4927057457044035,95.0,185.0,178.0,93.0,187.0,180.0
