L_mean,A_mean,B_mean,L_std,A_std,B_std,L_median,A_median,B_median,L_mode,A_mode,B_mode
70.84065951554891,174.93583091956583,167.62749466849158,5.947033907536686,2.865427927371349,2.8095111235844206,72.0,176.0,168.0,72.0,176.0,168.0
