L_mean,A_mean,B_mean,L_std,A_std,B_std,L_median,A_median,B_median,L_mode,A_mode,B_mode
75.35563548397364,177.08839163510203,169.6631759875227,3.360129837010384,1.6416204684955202,1.7262865345186496,75.0,177.0,170.0,72.0,176.0,171.0
