L_mean,A_mean,B_mean,L_std,A_std,B_std,L_median,A_median,B_median,L_mode,A_mode,B_mode
59.11863004106057,169.402775567368,161.94811726135532,4.490386931819891,2.3231658362027314,2.497971109086064,60.0,170.0,162.0,60.0,171.0,163.0
