L_mean,A_mean,B_mean,L_std,A_std,B_std,L_median,A_median,B_median,L_mode,A_mode,B_mode
71.76850112996149,175.2318171690486,167.85285036763537,2.2279913377328326,1.2185001702152989,1.234951784239285,72.0,175.0,168.0,72.0,175.0,167.0
