L_mean,A_mean,B_mean,L_std,A_std,B_std,L_median,A_median,B_median,L_mode,A_mode,B_mode
64.74902123054397,171.97358118216252,164.89741222904797,4.3883745779389915,2.0649936783645613,2.233435472226901,66.0,173.0,166.0,66.0,173.0,166.0
