L_mean,A_mean,B_mean,L_std,A_std,B_std,L_median,A_median,B_median,L_mode,A_mode,B_mode
60.57191966132985,169.65671451761784,162.73094184677086,2.949848974767632,1.4847997568933937,1.7059477007335122,61.0,170.0,163.0,62.0,170.0,164.0
