L_mean,A_mean,B_mean,L_std,A_std,B_std,L_median,A_median,B_median,L_mode,A_mode,B_mode
57.12088996403221,168.59493267975935,160.9127224114333,3.1674314875078116,1.8760373014106049,1.9870881662172268,58.0,169.0,161.0,60.0,170.0,161.0
