L_mean,A_mean,B_mean,L_std,A_std,B_std,L_median,A_median,B_median,L_mode,A_mode,B_mode
62.7932966228475,170.98666327147723,163.59315020530286,9.353840042355174,4.513876025471244,4.887522915515329,66.0,173.0,166.0,70.0,174.0,167.0
