L_mean,A_mean,B_mean,L_std,A_std,B_std,L_median,A_median,B_median,L_mode,A_mode,B_mode
50.91682846866346,164.91717859757455,156.78912690581532,3.6463092921026115,2.0363429787201164,2.3839767145513124,52.0,165.0,157.0,54.0,167.0,158.0
