L_mean,A_mean,B_mean,L_std,A_std,B_std,L_median,A_median,B_median,L_mode,A_mode,B_mode
72.9509182926441,175.88534869656556,168.63417894770348,6.522283394065295,3.124919280877697,3.1316023640665285,73.0,176.0,169.0,72.0,179.0,171.0
