L_mean,A_mean,B_mean,L_std,A_std,B_std,L_median,A_median,B_median,L_mode,A_mode,B_mode
56.93350733679218,168.39526371072986,160.7275997071649,4.3713833202137975,2.3614498954269734,2.5681121166792744,58.0,169.0,161.0,54.0,171.0,161.0
