L_mean,A_mean,B_mean,L_std,A_std,B_std,L_median,A_median,B_median,L_mode,A_mode,B_mode
69.95419677244804,174.45491294522074,167.09883184263296,3.656366861521992,1.8087723048149071,1.7044867984261969,71.0,175.0,167.0,72.0,176.0,167.0
