L_mean,A_mean,B_mean,L_std,A_std,B_std,L_median,A_median,B_median,L_mode,A_mode,B_mode
78.86535951873189,178.61826399719897,171.63296941146513,5.873665918574841,2.798461462731059,2.9474255915780327,82.0,180.0,173.0,82.0,180.0,174.0
