L_mean,A_mean,B_mean,L_std,A_std,B_std,L_median,A_median,B_median,L_mode,A_mode,B_mode
61.16300092306713,170.3487602253557,163.0585988477576,4.876617059815434,2.4985330188597397,2.6885429678701396,62.0,171.0,164.0,65.0,171.0,164.0
