L_mean,A_mean,B_mean,L_std,A_std,B_std,L_median,A_median,B_median,L_mode,A_mode,B_mode
55.20689435655855,167.2996785179998,159.78422510105995,5.7742005937525525,3.0453741567421293,3.4205312165159873,57.0,168.0,161.0,58.0,169.0,161.0
