L_mean,A_mean,B_mean,L_std,A_std,B_std,L_median,A_median,B_median,L_mode,A_mode,B_mode
71.04389343349142,174.8893592640927,167.5734474965783,3.361271088915774,1.680387367900694,1.5972702584438299,72.0,175.0,167.0,72.0,175.0,167.0
