L_mean,A_mean,B_mean,L_std,A_std,B_std,L_median,A_median,B_median,L_mode,A_mode,B_mode
60.972562625330234,170.32335996435052,162.8915236973613,5.0580169461230025,2.499426889504716,2.7713469496296876,62.0,171.0,163.0,63.0,171.0,164.0
