L_mean,A_mean,B_mean,L_std,A_std,B_std,L_median,A_median,B_median,L_mode,A_mode,B_mode
57.29687748671102,168.57363847598435,160.9000222809307,4.898732652872997,2.57592801225607,2.8086578670280296,58.0,169.0,161.0,60.0,171.0,161.0
