L_mean,A_mean,B_mean,L_std,A_std,B_std,L_median,A_median,B_median,L_mode,A_mode,B_mode
61.91931120094217,170.57796734252156,163.19457618486805,9.47532152691403,4.5970121446530925,5.016688332099716,65.0,172.0,165.0,70.0,173.0,166.0
