L_mean,A_mean,B_mean,L_std,A_std,B_std,L_median,A_median,B_median,L_mode,A_mode,B_mode
73.33991151287519,176.0801476907407,168.80310023235828,6.458898978705675,3.1070483265265394,3.1205512160019295,74.0,177.0,169.0,72.0,179.0,171.0
