L_mean,A_mean,B_mean,L_std,A_std,B_std,L_median,A_median,B_median,L_mode,A_mode,B_mode
60.754114014705415,169.72654932043162,162.80650603176625,2.8937201548295044,1.3928930484536424,1.5928398301283093,61.0,170.0,163.0,62.0,170.0,164.0
