L_mean,A_mean,B_mean,L_std,A_std,B_std,L_median,A_median,B_median,L_mode,A_mode,B_mode
79.95916223700544,179.18203520387053,172.19750453576088,5.3127984873981875,2.5605473030928128,2.712977307922119,82.0,180.0,173.0,84.0,181.0,174.0
