L_mean,A_mean,B_mean,L_std,A_std,B_std,L_median,A_median,B_median,L_mode,A_mode,B_mode
79.80335487156636,179.11181844224464,172.14052901295477,5.53826402617489,2.6740185163643244,2.851407496968857,82.0,180.0,173.0,82.0,180.0,174.0
