L_mean,A_mean,B_mean,L_std,A_std,B_std,L_median,A_median,B_median,L_mode,A_mode,B_mode
102.00916701149059,187.85135436228794,181.22554667854982,5.398758451327921,2.3042115595967014,2.181433218331203,103.0,189.0,182.0,102.0,190.0,183.0
