L_mean,A_mean,B_mean,L_std,A_std,B_std,L_median,A_median,B_median,L_mode,A_mode,B_mode
71.50189387911004,175.11512875194958,167.59700162332496,2.336982876418616,1.211635341982741,1.1941980200776097,72.0,175.0,167.0,72.0,175.0,167.0
