L_mean,A_mean,B_mean,L_std,A_std,B_std,L_median,A_median,B_median,L_mode,A_mode,B_mode
77.85307317694242,178.36588471209853,171.00547474297355,2.966420301889146,1.5261821931399107,1.4802951801854527,79.0,179.0,171.0,81.0,180.0,171.0
