L_mean,A_mean,B_mean,L_std,A_std,B_std,L_median,A_median,B_median,L_mode,A_mode,B_mode
76.15151032880287,177.35907311328262,170.31065983384792,5.862047296928273,2.754075944422677,2.874020465220476,77.0,178.0,171.0,82.0,180.0,171.0
