L_mean,A_mean,B_mean,L_std,A_std,B_std,L_median,A_median,B_median,L_mode,A_mode,B_mode
80.09205207371805,179.1561574943502,172.21462902250374,7.701159767928557,3.717178286989,3.756404244099286,83.0,180.0,174.0,82.0,180.0,174.0
