L_mean,A_mean,B_mean,L_std,A_std,B_std,L_median,A_median,B_median,L_mode,A_mode,B_mode
70.63806219562657,174.82452175573735,167.50733679218257,6.214262238607494,2.9829730093081444,2.9652653402329907,72.0,175.0,168.0,72.0,176.0,168.0
