L_mean,A_mean,B_mean,L_std,A_std,B_std,L_median,A_median,B_median,L_mode,A_mode,B_mode
87.15396123118057,182.28236305185092,175.45099786739664,4.099477200285441,1.859737836550473,1.8891384963098017,88.0,183.0,176.0,91.0,183.0,176.0
