L_mean,A_mean,B_mean,L_std,A_std,B_std,L_median,A_median,B_median,L_mode,A_mode,B_mode
71.14670401375052,175.0101855683229,167.75662857688513,2.7808553345450076,1.4117664237614773,1.365234403466655,72.0,175.0,168.0,72.0,176.0,168.0
