L_mean,A_mean,B_mean,L_std,A_std,B_std,L_median,A_median,B_median,L_mode,A_mode,B_mode
72.05331508419009,175.50536333832002,168.11512875194958,4.288079667591525,2.123879790399132,2.094642687681238,72.0,176.0,168.0,72.0,176.0,168.0
