L_mean,A_mean,B_mean,L_std,A_std,B_std,L_median,A_median,B_median,L_mode,A_mode,B_mode
103.89489766686826,188.77744533214502,181.97326288315244,4.752343022093782,2.0095099355003567,1.9063036307612913,104.0,189.0,182.0,104.0,190.0,183.0
