L_mean,A_mean,B_mean,L_std,A_std,B_std,L_median,A_median,B_median,L_mode,A_mode,B_mode
77.40557659865678,178.1159244994748,170.74466053410575,2.8819626387243744,1.463434759928112,1.3866848668433642,78.0,178.0,171.0,79.0,179.0,171.0
