L_mean,A_mean,B_mean,L_std,A_std,B_std,L_median,A_median,B_median,L_mode,A_mode,B_mode
69.73912213133018,174.22844319954166,166.83273387019767,2.908523017443154,1.3600050268982427,1.1940564613735065,70.0,175.0,167.0,72.0,175.0,167.0
