L_mean,A_mean,B_mean,L_std,A_std,B_std,L_median,A_median,B_median,L_mode,A_mode,B_mode
75.2324855969698,176.91896107203107,169.74972148836616,3.709008731837401,1.819749152393075,1.849981073955861,75.0,177.0,170.0,72.0,177.0,171.0
