L_mean,A_mean,B_mean,L_std,A_std,B_std,L_median,A_median,B_median,L_mode,A_mode,B_mode
59.48368717573288,169.74752522519654,162.2982143425534,3.384324257113122,1.8081121323815026,1.90359240672711,60.0,170.0,163.0,60.0,171.0,163.0
