L_mean,A_mean,B_mean,L_std,A_std,B_std,L_median,A_median,B_median,L_mode,A_mode,B_mode
57.04497565012573,168.42123690995322,160.77353025432092,5.534125241526117,2.866620274956543,3.148930743212759,58.0,169.0,161.0,60.0,171.0,163.0
