L_mean,A_mean,B_mean,L_std,A_std,B_std,L_median,A_median,B_median,L_mode,A_mode,B_mode
60.9642868510679,169.38641499824936,162.7327879810294,7.843662623343239,3.6543807144231284,4.235401067441695,64.0,171.0,165.0,68.0,172.0,166.0
