L_mean,A_mean,B_mean,L_std,A_std,B_std,L_median,A_median,B_median,L_mode,A_mode,B_mode
45.49883820861317,162.58436515262437,154.29850081166248,3.472619297396648,1.7744852971686955,2.0076618216730067,45.0,163.0,154.0,45.0,163.0,154.0
