L_mean,A_mean,B_mean,L_std,A_std,B_std,L_median,A_median,B_median,L_mode,A_mode,B_mode
102.01193621287838,187.8487124805042,181.19944615972244,4.962036049297247,2.103796349176444,2.0121089883382854,103.0,188.0,182.0,102.0,189.0,183.0
