L_mean,A_mean,B_mean,L_std,A_std,B_std,L_median,A_median,B_median,L_mode,A_mode,B_mode
75.16535633574179,176.97434509978675,169.6367571696852,3.5087197839672633,1.6654883995592222,1.8310053582636805,75.0,177.0,170.0,72.0,176.0,171.0
