L_mean,A_mean,B_mean,L_std,A_std,B_std,L_median,A_median,B_median,L_mode,A_mode,B_mode
78.71381736002802,178.55823280389598,171.55848744310404,6.0495206544896085,2.883053500730098,3.014230632167879,82.0,180.0,173.0,82.0,180.0,174.0
