L_mean,A_mean,B_mean,L_std,A_std,B_std,L_median,A_median,B_median,L_mode,A_mode,B_mode
76.52207403634975,177.7000350128911,170.31333354553269,3.570450968563167,1.8231346705016782,1.7606088687003951,77.0,178.0,171.0,81.0,179.0,171.0
