L_mean,A_mean,B_mean,L_std,A_std,B_std,L_median,A_median,B_median,L_mode,A_mode,B_mode
79.43667441194258,178.71945125250662,172.04688544418627,3.5166772436074707,1.717111963634884,1.910493466585093,80.0,179.0,173.0,82.0,180.0,174.0
