L_mean,A_mean,B_mean,L_std,A_std,B_std,L_median,A_median,B_median,L_mode,A_mode,B_mode
93.62141515739886,184.90272782251648,177.96584651621734,5.6465111895321956,2.55250901536948,2.2292414024624327,95.0,185.0,178.0,93.0,185.0,178.0
