L_mean,A_mean,B_mean,L_std,A_std,B_std,L_median,A_median,B_median,L_mode,A_mode,B_mode
76.53334182130693,177.7099659420059,170.31788522137697,3.6121810850661342,1.830227561785894,1.8145870077933548,77.0,178.0,171.0,81.0,179.0,171.0
