L_mean,A_mean,B_mean,L_std,A_std,B_std,L_median,A_median,B_median,L_mode,A_mode,B_mode
72.01683801763376,175.46980933889296,168.14826367889995,3.103613950440679,1.543813216916105,1.5328857092579296,72.0,176.0,168.0,72.0,176.0,168.0
