L_mean,A_mean,B_mean,L_std,A_std,B_std,L_median,A_median,B_median,L_mode,A_mode,B_mode
85.0385460101219,181.55880574211415,174.5186364070408,5.178935713095531,2.4070682986741203,2.4473533460240913,86.0,182.0,175.0,88.0,184.0,175.0
