L_mean,A_mean,B_mean,L_std,A_std,B_std,L_median,A_median,B_median,L_mode,A_mode,B_mode
78.83661711812076,178.60616863481553,171.60330394372474,5.8433097662452385,2.7876078848338546,2.9404202649775506,82.0,180.0,173.0,82.0,180.0,174.0
