L_mean,A_mean,B_mean,L_std,A_std,B_std,L_median,A_median,B_median,L_mode,A_mode,B_mode
71.54648757042365,175.14536715790814,167.93115192411753,2.401287446622113,1.2840611229964212,1.2511019030667376,72.0,175.0,168.0,72.0,176.0,168.0
