L_mean,A_mean,B_mean,L_std,A_std,B_std,L_median,A_median,B_median,L_mode,A_mode,B_mode
76.5165992933762,177.7085017665595,170.31030970493683,3.5316495878986016,1.8009601460716658,1.7759300769893298,77.0,178.0,171.0,79.0,179.0,171.0
