L_mean,A_mean,B_mean,L_std,A_std,B_std,L_median,A_median,B_median,L_mode,A_mode,B_mode
73.32393290256867,176.06630168380175,168.83690358722984,6.267141847417822,2.9905466752123107,3.0539786382184064,74.0,176.0,169.0,73.0,177.0,170.0
