L_mean,A_mean,B_mean,L_std,A_std,B_std,L_median,A_median,B_median,L_mode,A_mode,B_mode
74.92933761976,176.71617277270266,169.49097622306394,8.097664157339649,3.90621738637443,3.9840355430169825,78.0,178.0,171.0,79.0,179.0,171.0
