L_mean,A_mean,B_mean,L_std,A_std,B_std,L_median,A_median,B_median,L_mode,A_mode,B_mode
74.84225101059936,176.6597065283127,169.57166502212178,10.846091774177927,5.2592362473768866,5.446737541036023,79.0,179.0,172.0,82.0,180.0,174.0
