L_mean,A_mean,B_mean,L_std,A_std,B_std,L_median,A_median,B_median,L_mode,A_mode,B_mode
59.718750994684406,169.69831619823663,162.2197854664672,5.095831329382569,2.5572925883031417,2.8038394802901774,60.0,170.0,163.0,63.0,171.0,164.0
