L_mean,A_mean,B_mean,L_std,A_std,B_std,L_median,A_median,B_median,L_mode,A_mode,B_mode
71.72699493904574,175.33023522296847,167.98749084890346,3.9924626416220543,1.9249743247794349,1.9550598062274849,72.0,176.0,168.0,72.0,176.0,170.0
