L_mean,A_mean,B_mean,L_std,A_std,B_std,L_median,A_median,B_median,L_mode,A_mode,B_mode
75.82006556959608,177.2441990005411,170.0374001336856,5.6376218790833414,2.684724311563735,2.6795413606775313,77.0,178.0,171.0,82.0,179.0,171.0
