L_mean,A_mean,B_mean,L_std,A_std,B_std,L_median,A_median,B_median,L_mode,A_mode,B_mode
80.06206830696756,179.24142979915334,172.2413024795493,5.4203640594374765,2.6267327273441583,2.7643857465255937,82.0,180.0,173.0,84.0,180.0,174.0
