L_mean,A_mean,B_mean,L_std,A_std,B_std,L_median,A_median,B_median,L_mode,A_mode,B_mode
54.79689340166152,167.19670878823567,159.4854696501894,6.696808396857955,3.4655730702353984,3.764233732453709,56.0,168.0,161.0,58.0,167.0,161.0
