L_mean,A_mean,B_mean,L_std,A_std,B_std,L_median,A_median,B_median,L_mode,A_mode,B_mode
58.70019416239615,169.3416939873317,161.83187446287042,3.296414126237873,1.81920017437498,1.8808061864268473,59.0,170.0,162.0,60.0,171.0,163.0
