L_mean,A_mean,B_mean,L_std,A_std,B_std,L_median,A_median,B_median,L_mode,A_mode,B_mode
78.96708788235668,178.66877805010026,171.65945188910462,5.701842904309326,2.711990514590136,2.85567374562097,82.0,180.0,173.0,82.0,180.0,174.0
