L_mean,A_mean,B_mean,L_std,A_std,B_std,L_median,A_median,B_median,L_mode,A_mode,B_mode
87.12735143393704,182.2523474551994,175.44020753095458,4.089632166400284,1.859542980063292,1.8675755293279046,88.0,182.0,176.0,91.0,182.0,176.0
