L_mean,A_mean,B_mean,L_std,A_std,B_std,L_median,A_median,B_median,L_mode,A_mode,B_mode
71.57866760034376,175.24162077855937,167.88121080943438,3.6515526827239015,1.7871422819595324,1.7962191031764547,72.0,176.0,168.0,72.0,176.0,167.0
