L_mean,A_mean,B_mean,L_std,A_std,B_std,L_median,A_median,B_median,L_mode,A_mode,B_mode
71.89056880033102,175.39545469013592,168.04650348537416,3.3100429759534986,1.652821962456033,1.6560560359911252,72.0,176.0,168.0,72.0,176.0,167.0
