L_mean,A_mean,B_mean,L_std,A_std,B_std,L_median,A_median,B_median,L_mode,A_mode,B_mode
68.71404016933508,173.78852213769616,166.45309864086323,3.797368418198351,1.7841661070566868,1.6903945748461249,70.0,174.0,167.0,72.0,175.0,167.0
