L_mean,A_mean,B_mean,L_std,A_std,B_std,L_median,A_median,B_median,L_mode,A_mode,B_mode
86.08278957252443,181.98959162237006,175.05541585765667,2.8007060134417534,1.2758106374673754,1.25550127599713,86.0,182.0,175.0,86.0,183.0,175.0
