L_mean,A_mean,B_mean,L_std,A_std,B_std,L_median,A_median,B_median,L_mode,A_mode,B_mode
64.47085972562625,171.99955438138588,164.7582519018366,3.834955973811487,1.7505137097632562,1.8747457445338689,65.0,172.0,165.0,66.0,171.0,166.0
