L_mean,A_mean,B_mean,L_std,A_std,B_std,L_median,A_median,B_median,L_mode,A_mode,B_mode
61.2357004169717,169.51036063277843,162.86268580704714,7.858727723137966,3.666719668867814,4.240177712517257,65.0,171.0,165.0,68.0,172.0,166.0
