L_mean,A_mean,B_mean,L_std,A_std,B_std,L_median,A_median,B_median,L_mode,A_mode,B_mode
78.85947098704523,178.7145494477512,171.52035522169527,3.0507577133660146,1.4408161194708704,1.58595536484104,79.0,179.0,171.0,82.0,179.0,171.0
