L_mean,A_mean,B_mean,L_std,A_std,B_std,L_median,A_median,B_median,L_mode,A_mode,B_mode
76.88483941814941,177.71894197409046,170.60476811917115,4.355514189164555,2.1288116672972905,2.2295201960970927,77.0,178.0,171.0,82.0,180.0,171.0
