L_mean,A_mean,B_mean,L_std,A_std,B_std,L_median,A_median,B_median,L_mode,A_mode,B_mode
75.02364961644969,176.8992583633065,169.58958525638985,5.494063016502708,2.687874151355039,2.6682862428233833,76.0,177.0,170.0,79.0,179.0,171.0
