L_mean,A_mean,B_mean,L_std,A_std,B_std,L_median,A_median,B_median,L_mode,A_mode,B_mode
85.15758983989559,181.62418435878664,174.58993538530095,5.0843745861184395,2.3643335977560427,2.4005435678109444,86.0,182.0,175.0,88.0,184.0,175.0
