L_mean,A_mean,B_mean,L_std,A_std,B_std,L_median,A_median,B_median,L_mode,A_mode,B_mode
49.00868956297546,164.19190247318332,156.18423146704015,4.8890303112612985,2.514612375839473,2.765709511962036,51.0,165.0,157.0,51.0,165.0,158.0
