L_mean,A_mean,B_mean,L_std,A_std,B_std,L_median,A_median,B_median,L_mode,A_mode,B_mode
54.99936340197982,167.3212273609829,159.60909698570836,6.554141683948279,3.3684969201294868,3.6855674167823826,56.0,168.0,161.0,58.0,169.0,161.0
