L_mean,A_mean,B_mean,L_std,A_std,B_std,L_median,A_median,B_median,L_mode,A_mode,B_mode
52.69172740872776,165.9018365852882,158.2780660152147,5.325822055695322,2.8425787832429306,3.2344652096771034,54.0,167.0,159.0,58.0,167.0,161.0
