L_mean,A_mean,B_mean,L_std,A_std,B_std,L_median,A_median,B_median,L_mode,A_mode,B_mode
93.36130120635325,184.75268166916,177.8342617054461,6.089346935764858,2.7068390908599276,2.405152673029015,95.0,185.0,178.0,95.0,187.0,180.0
