L_mean,A_mean,B_mean,L_std,A_std,B_std,L_median,A_median,B_median,L_mode,A_mode,B_mode
65.10726676640036,172.3007607346341,165.1112773339275,3.2047148180612837,1.4501862737236133,1.5264514193360343,65.0,172.0,165.0,65.0,173.0,166.0
