L_mean,A_mean,B_mean,L_std,A_std,B_std,L_median,A_median,B_median,L_mode,A_mode,B_mode
53.765063500652516,166.61208899640323,159.00203711366458,4.618495238876809,2.421596715628722,2.748427506199665,55.0,167.0,160.0,58.0,167.0,161.0
