L_mean,A_mean,B_mean,L_std,A_std,B_std,L_median,A_median,B_median,L_mode,A_mode,B_mode
49.269344622338224,164.30012413661393,156.3239965623707,3.1797980344726446,1.7003078848717714,1.8676020252354373,50.0,165.0,157.0,51.0,165.0,157.0
