L_mean,A_mean,B_mean,L_std,A_std,B_std,L_median,A_median,B_median,L_mode,A_mode,B_mode
87.15256071553617,182.27647452016424,175.39987904637616,4.559295054419374,2.0902765049164604,2.101778439984471,88.0,183.0,176.0,90.0,183.0,176.0
