L_mean,A_mean,B_mean,L_std,A_std,B_std,L_median,A_median,B_median,L_mode,A_mode,B_mode
43.4392208040233,161.554827004488,153.11531973135564,3.8820715809379966,2.1343783037976114,2.226175370542048,44.0,162.0,153.0,44.0,162.0,153.0
