L_mean,A_mean,B_mean,L_std,A_std,B_std,L_median,A_median,B_median,L_mode,A_mode,B_mode
55.11108635452144,167.3738740172518,159.67393449406373,6.15297701909942,3.163226099538916,3.488448072799777,56.0,168.0,161.0,54.0,167.0,161.0
