L_mean,A_mean,B_mean,L_std,A_std,B_std,L_median,A_median,B_median,L_mode,A_mode,B_mode
68.87268039596397,173.88025591240412,166.4618518636407,3.531348215410484,1.649647533775281,1.4804830097040376,70.0,174.0,167.0,72.0,175.0,167.0
