L_mean,A_mean,B_mean,L_std,A_std,B_std,L_median,A_median,B_median,L_mode,A_mode,B_mode
78.83445268485215,178.40653149568706,171.72317535092466,3.9391054449684333,1.9450349100747863,2.1074813082378525,80.0,179.0,172.0,82.0,180.0,174.0
