L_mean,A_mean,B_mean,L_std,A_std,B_std,L_median,A_median,B_median,L_mode,A_mode,B_mode
77.86122163160073,178.3724735016074,170.9866314415762,3.0389256252412626,1.5454175330785742,1.5703759126151975,79.0,179.0,171.0,81.0,180.0,171.0
