L_mean,A_mean,B_mean,L_std,A_std,B_std,L_median,A_median,B_median,L_mode,A_mode,B_mode
75.10936753986695,176.82038386860617,169.62914982334405,8.2255498691434,3.9730656157933715,4.100967485829419,78.0,178.0,171.0,79.0,179.0,171.0
