L_mean,A_mean,B_mean,L_std,A_std,B_std,L_median,A_median,B_median,L_mode,A_mode,B_mode
75.30403921443805,177.03182990100902,169.8279593850463,3.4071210638848237,1.6644450124543173,1.7526501494455164,75.0,177.0,170.0,73.0,177.0,170.0
