L_mean,A_mean,B_mean,L_std,A_std,B_std,L_median,A_median,B_median,L_mode,A_mode,B_mode
65.25428907916097,172.01534201228634,164.74268708024317,7.786734090709669,3.775594285506537,3.9184043128806745,69.0,174.0,167.0,70.0,174.0,167.0
