L_mean,A_mean,B_mean,L_std,A_std,B_std,L_median,A_median,B_median,L_mode,A_mode,B_mode
102.21364229557246,187.99627590158195,181.30518509087437,5.058745905709426,2.1391508882746852,2.012295770389923,103.0,189.0,182.0,104.0,190.0,183.0
