L_mean,A_mean,B_mean,L_std,A_std,B_std,L_median,A_median,B_median,L_mode,A_mode,B_mode
49.059744724193905,164.2954133112646,156.3572906388261,2.03373367844398,1.2456605228100404,1.2521742305449033,50.0,165.0,157.0,50.0,165.0,157.0
