L_mean,A_mean,B_mean,L_std,A_std,B_std,L_median,A_median,B_median,L_mode,A_mode,B_mode
65.1250915109654,172.29140274373748,165.1331444759207,3.308545424793059,1.5052239892247168,1.600806478227986,65.0,172.0,165.0,65.0,173.0,166.0
