L_mean,A_mean,B_mean,L_std,A_std,B_std,L_median,A_median,B_median,L_mode,A_mode,B_mode
70.60034376293089,174.8088614444409,167.5045357608938,6.153829532157442,2.958433780886151,2.940380355113471,72.0,175.0,168.0,72.0,176.0,168.0
