L_mean,A_mean,B_mean,L_std,A_std,B_std,L_median,A_median,B_median,L_mode,A_mode,B_mode
72.72212496419137,175.28156730432568,168.49030779514277,2.923729947951672,1.4735946768075776,1.435207231168171,73.0,176.0,169.0,74.0,176.0,169.0
