L_mean,A_mean,B_mean,L_std,A_std,B_std,L_median,A_median,B_median,L_mode,A_mode,B_mode
71.38994811726135,175.16401947989942,167.82528567336155,3.187311639633124,1.5801702783591303,1.5620596457259563,72.0,175.0,168.0,72.0,176.0,168.0
