L_mean,A_mean,B_mean,L_std,A_std,B_std,L_median,A_median,B_median,L_mode,A_mode,B_mode
59.38784734379476,169.5398351211128,162.09934112104912,4.8238353596385375,2.478365752356789,2.6714268475614005,60.0,170.0,163.0,60.0,171.0,164.0
