L_mean,A_mean,B_mean,L_std,A_std,B_std,L_median,A_median,B_median,L_mode,A_mode,B_mode
53.24512206767037,166.37161409428018,158.56179775280899,10.282799842076574,5.175000893262346,5.737965755201031,55.0,167.0,160.0,54.0,167.0,161.0
