L_mean,A_mean,B_mean,L_std,A_std,B_std,L_median,A_median,B_median,L_mode,A_mode,B_mode
67.77709520323391,173.3536938600121,166.16564280485088,4.001662810530175,1.9292271244712402,1.9191879115230777,68.0,174.0,166.0,70.0,174.0,166.0
