L_mean,A_mean,B_mean,L_std,A_std,B_std,L_median,A_median,B_median,L_mode,A_mode,B_mode
75.76983798580386,177.1424388070153,169.985835694051,6.093189962480578,2.9365021959832536,2.8756521657310876,78.0,178.0,171.0,79.0,179.0,171.0
