L_mean,A_mean,B_mean,L_std,A_std,B_std,L_median,A_median,B_median,L_mode,A_mode,B_mode
75.26979024095235,176.92714135659037,169.84330139733265,6.0977137412149505,2.8760590910570585,2.968135529222485,76.0,177.0,170.0,82.0,180.0,171.0
