L_mean,A_mean,B_mean,L_std,A_std,B_std,L_median,A_median,B_median,L_mode,A_mode,B_mode
47.69923926536588,163.43333227233663,155.53951682210268,2.7398974782494823,1.541615799452725,1.7536856842916633,48.0,163.0,156.0,48.0,163.0,157.0
