L_mean,A_mean,B_mean,L_std,A_std,B_std,L_median,A_median,B_median,L_mode,A_mode,B_mode
61.18146226565236,170.37062736734887,163.07537320558933,4.374150882071158,2.256293118552648,2.4284353136560077,62.0,171.0,164.0,63.0,172.0,164.0
