L_mean,A_mean,B_mean,L_std,A_std,B_std,L_median,A_median,B_median,L_mode,A_mode,B_mode
75.11570169016774,176.80131775790178,169.70942483368876,8.3356663865953,4.019844401798211,4.177194514754247,78.0,178.0,171.0,82.0,180.0,171.0
