L_mean,A_mean,B_mean,L_std,A_std,B_std,L_median,A_median,B_median,L_mode,A_mode,B_mode
75.28042142788937,176.97268994493427,169.85631982684535,3.3181863353008287,1.6062109679906484,1.6573852947804841,75.0,177.0,170.0,75.0,177.0,170.0
