L_mean,A_mean,B_mean,L_std,A_std,B_std,L_median,A_median,B_median,L_mode,A_mode,B_mode
76.3424260750549,177.61718178056466,170.22379603399435,3.7100910073478857,1.865349242671958,1.823294942213354,77.0,178.0,171.0,79.0,179.0,171.0
