L_mean,A_mean,B_mean,L_std,A_std,B_std,L_median,A_median,B_median,L_mode,A_mode,B_mode
56.74529713212592,168.28112168571155,160.61129324887798,5.427825475784148,2.817981823607172,3.0946938308828007,58.0,169.0,161.0,58.0,171.0,161.0
