L_mean,A_mean,B_mean,L_std,A_std,B_std,L_median,A_median,B_median,L_mode,A_mode,B_mode
79.03447178279275,178.69411465130344,171.7078015087373,5.475213457900602,2.612252243519647,2.782930811944174,82.0,180.0,173.0,82.0,180.0,174.0
