L_mean,A_mean,B_mean,L_std,A_std,B_std,L_median,A_median,B_median,L_mode,A_mode,B_mode
63.46812235413948,171.26059139956075,163.9134226692555,9.159968716235122,4.478649298130423,4.772046226362554,67.0,173.0,166.0,70.0,174.0,167.0
