L_mean,A_mean,B_mean,L_std,A_std,B_std,L_median,A_median,B_median,L_mode,A_mode,B_mode
78.25314320272464,178.44721010917655,171.27787503580865,3.7218160481962284,1.7717571255342828,1.965485149647422,79.0,179.0,171.0,82.0,180.0,171.0
