L_mean,A_mean,B_mean,L_std,A_std,B_std,L_median,A_median,B_median,L_mode,A_mode,B_mode
78.78629404462552,178.56103383518476,171.5031670751504,4.063810084212597,1.851891317588371,2.0803041502753556,79.0,179.0,172.0,82.0,180.0,174.0
