L_mean,A_mean,B_mean,L_std,A_std,B_std,L_median,A_median,B_median,L_mode,A_mode,B_mode
78.75551453034981,178.56167043320497,171.58146863163256,6.072169905516451,2.892109487201043,3.0570905270151787,82.0,180.0,173.0,82.0,180.0,174.0
