L_mean,A_mean,B_mean,L_std,A_std,B_std,L_median,A_median,B_median,L_mode,A_mode,B_mode
73.27727026768947,176.05105516121844,168.78877677690423,6.316441340168253,3.039727759787468,3.0644253804358237,74.0,176.0,169.0,72.0,179.0,171.0
