L_mean,A_mean,B_mean,L_std,A_std,B_std,L_median,A_median,B_median,L_mode,A_mode,B_mode
73.20390234586371,176.06133621924437,168.71878282458542,4.326566925281294,2.1279333856008633,2.1057360262746094,73.0,176.0,169.0,72.0,177.0,167.0
