L_mean,A_mean,B_mean,L_std,A_std,B_std,L_median,A_median,B_median,L_mode,A_mode,B_mode
80.74405576598657,179.57854028073973,172.58490626094152,4.997111950530911,2.4443152364905365,2.5897301786915166,82.0,180.0,174.0,84.0,181.0,175.0
