L_mean,A_mean,B_mean,L_std,A_std,B_std,L_median,A_median,B_median,L_mode,A_mode,B_mode
48.65668268771684,164.00264188178375,155.999936340198,4.693268492781001,2.395716382972663,2.580472099776461,51.0,165.0,157.0,52.0,165.0,158.0
