L_mean,A_mean,B_mean,L_std,A_std,B_std,L_median,A_median,B_median,L_mode,A_mode,B_mode
70.91756055638668,174.98102937899864,167.6763217366394,5.864863896815653,2.821828528389012,2.7634173672426394,72.0,176.0,168.0,72.0,176.0,168.0
