L_mean,A_mean,B_mean,L_std,A_std,B_std,L_median,A_median,B_median,L_mode,A_mode,B_mode
87.14953687494032,182.2646337969889,175.46532132285068,3.9752443928948558,1.7967431792190287,1.813886847969998,87.0,182.0,176.0,91.0,182.0,176.0
