L_mean,A_mean,B_mean,L_std,A_std,B_std,L_median,A_median,B_median,L_mode,A_mode,B_mode
58.61202533660121,169.21949899735813,161.75207690104085,5.779029798296151,2.963009015398304,3.3099667715428924,60.0,171.0,163.0,60.0,171.0,163.0
