L_mean,A_mean,B_mean,L_std,A_std,B_std,L_median,A_median,B_median,L_mode,A_mode,B_mode
68.77388038323201,173.85670178565744,166.4617882038387,3.6305355434341977,1.710682514409936,1.5511232934355625,70.0,174.0,167.0,72.0,175.0,167.0
