L_mean,A_mean,B_mean,L_std,A_std,B_std,L_median,A_median,B_median,L_mode,A_mode,B_mode
65.78702613234873,172.4723875608747,165.08781869688386,6.0603765339702385,2.870265314538398,2.9311051272255693,68.0,173.0,166.0,72.0,174.0,167.0
