L_mean,A_mean,B_mean,L_std,A_std,B_std,L_median,A_median,B_median,L_mode,A_mode,B_mode
48.33863831683483,163.86975204507115,155.79482445809595,4.619815888760075,2.36202546368061,2.6061463758377097,50.0,165.0,157.0,51.0,165.0,158.0
