L_mean,A_mean,B_mean,L_std,A_std,B_std,L_median,A_median,B_median,L_mode,A_mode,B_mode
79.81557755355381,179.11048158640227,172.1367730846357,5.6612456741364605,2.7239256169949355,2.864120428794485,82.0,180.0,173.0,84.0,180.0,174.0
