L_mean,A_mean,B_mean,L_std,A_std,B_std,L_median,A_median,B_median,L_mode,A_mode,B_mode
53.38838845211191,166.39488175191775,158.86144444090777,4.6144890476324365,2.3391812811885018,2.750094725150939,56.0,167.0,160.0,56.0,168.0,161.0
