L_mean,A_mean,B_mean,L_std,A_std,B_std,L_median,A_median,B_median,L_mode,A_mode,B_mode
71.00079574752523,174.89324251201577,167.54234968329249,3.4539191585323543,1.7049518140854008,1.6257836227980165,72.0,175.0,167.0,72.0,175.0,167.0
