L_mean,A_mean,B_mean,L_std,A_std,B_std,L_median,A_median,B_median,L_mode,A_mode,B_mode
70.77960976541362,174.83082407613713,167.48365534583186,2.5835172356385057,1.3249653454667996,1.2610582545798583,72.0,175.0,168.0,72.0,176.0,168.0
