L_mean,A_mean,B_mean,L_std,A_std,B_std,L_median,A_median,B_median,L_mode,A_mode,B_mode
48.58468345163447,163.99595760257185,155.9367539866951,4.498553051178719,2.273397757459371,2.503558265887069,51.0,165.0,157.0,52.0,165.0,158.0
