L_mean,A_mean,B_mean,L_std,A_std,B_std,L_median,A_median,B_median,L_mode,A_mode,B_mode
74.68969029506319,176.60040742273293,169.48072699493903,10.666638502268425,5.172900270750839,5.389739578431199,79.0,179.0,171.0,82.0,180.0,174.0
