L_mean,A_mean,B_mean,L_std,A_std,B_std,L_median,A_median,B_median,L_mode,A_mode,B_mode
72.2459178151956,175.5646306139988,168.2530158831206,5.275610044051018,2.5056024412614457,2.475483150909956,73.0,176.0,168.0,72.0,177.0,171.0
