L_mean,A_mean,B_mean,L_std,A_std,B_std,L_median,A_median,B_median,L_mode,A_mode,B_mode
73.71926027310055,175.74052264697457,169.0702804214279,5.382486157182583,2.641252364077092,2.584790906332484,75.0,176.0,170.0,74.0,176.0,169.0
