L_mean,A_mean,B_mean,L_std,A_std,B_std,L_median,A_median,B_median,L_mode,A_mode,B_mode
86.0519463984467,182.07219021548843,175.17433236782634,2.498861616789072,1.2307374046409474,1.1039691225062112,86.0,182.0,175.0,88.0,183.0,175.0
