L_mean,A_mean,B_mean,L_std,A_std,B_std,L_median,A_median,B_median,L_mode,A_mode,B_mode
57.642391062163796,168.6844701912977,161.15504344781488,6.585825577347906,3.381319136833481,3.7707147218803057,59.0,170.0,162.0,63.0,171.0,163.0
