L_mean,A_mean,B_mean,L_std,A_std,B_std,L_median,A_median,B_median,L_mode,A_mode,B_mode
51.01986185822962,164.98618582296209,156.85421905337876,3.421253944439789,1.8825658376678314,2.2659777264574914,52.0,165.0,157.0,54.0,167.0,158.0
