L_mean,A_mean,B_mean,L_std,A_std,B_std,L_median,A_median,B_median,L_mode,A_mode,B_mode
59.29732310532514,169.50023872425757,162.0172836362479,4.888311079229693,2.5139681604869106,2.713412154284624,60.0,170.0,163.0,60.0,171.0,163.0
