L_mean,A_mean,B_mean,L_std,A_std,B_std,L_median,A_median,B_median,L_mode,A_mode,B_mode
76.0077983257472,177.41353407390903,170.12798803195722,3.2643636161205434,1.5715205270662265,1.7190676356354793,76.0,177.0,170.0,73.0,176.0,170.0
