L_mean,A_mean,B_mean,L_std,A_std,B_std,L_median,A_median,B_median,L_mode,A_mode,B_mode
75.9247541140147,177.30356176592292,170.10484769392366,5.50649580154195,2.6357221356621494,2.622930215175657,77.0,178.0,171.0,82.0,179.0,171.0
