L_mean,A_mean,B_mean,L_std,A_std,B_std,L_median,A_median,B_median,L_mode,A_mode,B_mode
59.52076901040838,168.148390998504,161.2137377852755,8.400768715926208,4.698790138035445,5.042686865062029,62.0,170.0,163.0,65.0,171.0,163.0
