L_mean,A_mean,B_mean,L_std,A_std,B_std,L_median,A_median,B_median,L_mode,A_mode,B_mode
70.61463538848395,174.74122290479676,167.50367635356653,4.354900410303728,2.1103089983459897,2.0617521784859516,72.0,175.0,168.0,72.0,176.0,168.0
