L_mean,A_mean,B_mean,L_std,A_std,B_std,L_median,A_median,B_median,L_mode,A_mode,B_mode
71.33169939841487,175.1643377789095,167.87121622051757,4.310397325175018,2.0740717797061983,2.088801894532652,72.0,176.0,168.0,72.0,177.0,170.0
