L_mean,A_mean,B_mean,L_std,A_std,B_std,L_median,A_median,B_median,L_mode,A_mode,B_mode
79.20291561893242,178.82869147276952,171.75389120539836,3.2521144173272303,1.4847070506690934,1.695771028532887,80.0,179.0,172.0,82.0,180.0,171.0
