L_mean,A_mean,B_mean,L_std,A_std,B_std,L_median,A_median,B_median,L_mode,A_mode,B_mode
46.744692364006745,162.96033994334277,154.92660024827322,3.0891658342801533,1.6814589008316723,1.9017162528307987,47.0,163.0,155.0,47.0,163.0,155.0
