L_mean,A_mean,B_mean,L_std,A_std,B_std,L_median,A_median,B_median,L_mode,A_mode,B_mode
64.37097749625998,171.7748989400643,164.68701658337844,4.406229736866937,2.102465640152196,2.280561855751357,65.0,172.0,165.0,66.0,173.0,166.0
