L_mean,A_mean,B_mean,L_std,A_std,B_std,L_median,A_median,B_median,L_mode,A_mode,B_mode
46.968138269089984,163.19845943279117,155.11958493809084,2.6234548753105904,1.4446718734341089,1.6258601314882521,47.0,163.0,155.0,45.0,163.0,157.0
