L_mean,A_mean,B_mean,L_std,A_std,B_std,L_median,A_median,B_median,L_mode,A_mode,B_mode
104.78349301333672,189.1149059426425,182.32074991246776,3.4684971319160542,1.4832610455013466,1.399948195730016,105.0,189.0,182.0,104.0,189.0,183.0
