L_mean,A_mean,B_mean,L_std,A_std,B_std,L_median,A_median,B_median,L_mode,A_mode,B_mode
104.61714995066366,189.12763790304612,182.25985931183754,3.7560369860121203,1.6404822296462438,1.5277180624370312,105.0,189.0,183.0,104.0,190.0,183.0
