L_mean,A_mean,B_mean,L_std,A_std,B_std,L_median,A_median,B_median,L_mode,A_mode,B_mode
46.12229047967661,162.91596906133623,154.60629595441958,3.1452313530333056,1.6233957461043844,1.8955847357293927,46.0,163.0,155.0,45.0,163.0,154.0
