L_mean,A_mean,B_mean,L_std,A_std,B_std,L_median,A_median,B_median,L_mode,A_mode,B_mode
64.12254511888467,171.64964827959386,164.44288124263934,5.496382243311315,2.6154929493577503,2.8263655000886834,65.0,172.0,165.0,70.0,173.0,166.0
