L_mean,A_mean,B_mean,L_std,A_std,B_std,L_median,A_median,B_median,L_mode,A_mode,B_mode
58.14791354998886,169.05754846102428,161.5706782951905,5.017126403711086,2.670670093651336,2.8781671411877703,60.0,170.0,163.0,60.0,171.0,163.0
