L_mean,A_mean,B_mean,L_std,A_std,B_std,L_median,A_median,B_median,L_mode,A_mode,B_mode
79.95461056116116,179.1774198682242,172.19985994843557,5.388424467414436,2.597065625216148,2.7323179679003573,82.0,180.0,173.0,84.0,181.0,174.0
