L_mean,A_mean,B_mean,L_std,A_std,B_std,L_median,A_median,B_median,L_mode,A_mode,B_mode
61.08052964955279,170.18171690486042,162.96766082057485,5.868872767193605,3.0250291642908222,3.237958552157272,64.0,172.0,164.0,66.0,173.0,166.0
