L_mean,A_mean,B_mean,L_std,A_std,B_std,L_median,A_median,B_median,L_mode,A_mode,B_mode
54.34318999267912,167.07164910717128,159.29490403284845,6.895740644355479,3.5276009709510183,3.885008019315993,56.0,168.0,160.0,60.0,171.0,161.0
