L_mean,A_mean,B_mean,L_std,A_std,B_std,L_median,A_median,B_median,L_mode,A_mode,B_mode
102.24002928350893,187.93490785243657,181.2819810930388,5.056653003400538,2.1422089736837697,2.0512355172457974,103.0,188.0,182.0,102.0,190.0,183.0
