L_mean,A_mean,B_mean,L_std,A_std,B_std,L_median,A_median,B_median,L_mode,A_mode,B_mode
65.06496482795939,172.279148231849,165.08985581054844,3.3702457426338364,1.541380970713239,1.6350905301311776,65.0,172.0,165.0,65.0,173.0,166.0
