L_mean,A_mean,B_mean,L_std,A_std,B_std,L_median,A_median,B_median,L_mode,A_mode,B_mode
61.16688417099023,170.33596460515008,163.07050323073494,4.5716295911886435,2.3318201484584615,2.524471742828338,62.0,171.0,164.0,65.0,172.0,164.0
