L_mean,A_mean,B_mean,L_std,A_std,B_std,L_median,A_median,B_median,L_mode,A_mode,B_mode
48.96409587166184,164.20345672724957,156.18954706050863,3.6193741859347917,1.8792277232918555,2.068337272986204,50.0,165.0,157.0,51.0,165.0,157.0
