L_mean,A_mean,B_mean,L_std,A_std,B_std,L_median,A_median,B_median,L_mode,A_mode,B_mode
55.915173313810996,167.93185218193972,160.2462997740077,5.251295621719261,2.8141384711683988,3.046349221815463,58.0,169.0,161.0,60.0,171.0,163.0
