L_mean,A_mean,B_mean,L_std,A_std,B_std,L_median,A_median,B_median,L_mode,A_mode,B_mode
45.78565744660534,162.74326001846134,154.45920998185696,3.2777415704752415,1.7495600897563819,1.9120592998716852,45.0,163.0,154.0,45.0,163.0,154.0
