L_mean,A_mean,B_mean,L_std,A_std,B_std,L_median,A_median,B_median,L_mode,A_mode,B_mode
76.62036477066556,177.55081643696087,170.3678263360601,4.468893030906792,2.157793048825161,2.254437090438405,78.0,178.0,171.0,82.0,179.0,171.0
