L_mean,A_mean,B_mean,L_std,A_std,B_std,L_median,A_median,B_median,L_mode,A_mode,B_mode
53.69054970239043,166.6092243053124,158.81936531177388,10.558649913091367,5.32134979577352,5.897822520501163,56.0,168.0,160.0,54.0,167.0,161.0
