L_mean,A_mean,B_mean,L_std,A_std,B_std,L_median,A_median,B_median,L_mode,A_mode,B_mode
71.12537798007448,175.08893274341918,167.75166311232772,4.657485111331733,2.2164334169482567,2.2629144100632965,72.0,176.0,168.0,72.0,177.0,170.0
