L_mean,A_mean,B_mean,L_std,A_std,B_std,L_median,A_median,B_median,L_mode,A_mode,B_mode
47.68994493427125,163.3053442403794,155.5876118025273,2.1222411171820506,1.1822663737053754,1.4438287767567954,48.0,163.0,156.0,48.0,163.0,157.0
