L_mean,A_mean,B_mean,L_std,A_std,B_std,L_median,A_median,B_median,L_mode,A_mode,B_mode
71.88398001082217,175.26797593659484,167.90447846707195,2.143012843397076,1.1893406364066612,1.2193575440406745,72.0,175.0,168.0,72.0,175.0,167.0
