L_mean,A_mean,B_mean,L_std,A_std,B_std,L_median,A_median,B_median,L_mode,A_mode,B_mode
76.7261037018175,177.62020562116052,170.4565681000732,4.150828527204295,2.007500367238236,2.126423392518466,77.0,178.0,171.0,82.0,179.0,171.0
