L_mean,A_mean,B_mean,L_std,A_std,B_std,L_median,A_median,B_median,L_mode,A_mode,B_mode
71.69739313110736,175.3099277461247,167.98815927682466,3.1015519153679936,1.5537565633360966,1.5153025909155007,72.0,176.0,168.0,72.0,176.0,168.0
