L_mean,A_mean,B_mean,L_std,A_std,B_std,L_median,A_median,B_median,L_mode,A_mode,B_mode
61.09408918738263,170.2378011904383,162.98284368335615,5.797248806264678,2.989468758224301,3.2287470496084882,63.0,172.0,164.0,66.0,173.0,166.0
