L_mean,A_mean,B_mean,L_std,A_std,B_std,L_median,A_median,B_median,L_mode,A_mode,B_mode
77.93010153738422,178.40465353152752,171.00432886653724,3.0776829156629963,1.5744474058359827,1.5317642137869545,79.0,179.0,171.0,81.0,180.0,171.0
