L_mean,A_mean,B_mean,L_std,A_std,B_std,L_median,A_median,B_median,L_mode,A_mode,B_mode
63.26533405481109,171.18502721456537,163.812776522265,9.15625640204258,4.4313922163181445,4.7674089308478695,66.0,173.0,166.0,70.0,174.0,167.0
