L_mean,A_mean,B_mean,L_std,A_std,B_std,L_median,A_median,B_median,L_mode,A_mode,B_mode
54.022981188528505,166.7529999681701,158.98468981761468,10.89489483065136,5.491535954779348,6.047635884375672,56.0,168.0,161.0,54.0,171.0,161.0
