L_mean,A_mean,B_mean,L_std,A_std,B_std,L_median,A_median,B_median,L_mode,A_mode,B_mode
57.2487506763854,168.55546360250818,160.86376802368144,5.072008261847777,2.6633876859926526,2.907018275931603,58.0,169.0,161.0,60.0,171.0,161.0
