L_mean,A_mean,B_mean,L_std,A_std,B_std,L_median,A_median,B_median,L_mode,A_mode,B_mode
66.59763822134514,172.855110290607,165.59849762867236,6.829559345164389,3.2670215070794573,3.4266080552717972,68.0,173.0,166.0,72.0,174.0,167.0
