L_mean,A_mean,B_mean,L_std,A_std,B_std,L_median,A_median,B_median,L_mode,A_mode,B_mode
65.91816532450584,172.5320686252666,165.18314925040582,5.683420358151126,2.6790001235930796,2.713016465139599,68.0,173.0,166.0,72.0,174.0,167.0
