L_mean,A_mean,B_mean,L_std,A_std,B_std,L_median,A_median,B_median,L_mode,A_mode,B_mode
75.27513766432186,177.01690167743578,169.63236464334597,3.7597835623038955,1.8546806664833146,2.009350845656336,75.0,177.0,170.0,72.0,176.0,171.0
