L_mean,A_mean,B_mean,L_std,A_std,B_std,L_median,A_median,B_median,L_mode,A_mode,B_mode
72.78078747175097,175.865709647643,168.50335805455646,4.2641758792757845,2.085641163834165,2.1018736694304088,73.0,176.0,168.0,72.0,176.0,167.0
