L_mean,A_mean,B_mean,L_std,A_std,B_std,L_median,A_median,B_median,L_mode,A_mode,B_mode
56.41875417767451,168.0364452366553,160.50806887990578,5.368395825044532,2.893531715660801,3.136059267277283,58.0,169.0,161.0,60.0,171.0,163.0
