L_mean,A_mean,B_mean,L_std,A_std,B_std,L_median,A_median,B_median,L_mode,A_mode,B_mode
76.38555559092211,177.3670624184359,170.34392208040234,4.750821719788581,2.328077834353355,2.27702429353482,77.0,178.0,171.0,82.0,177.0,171.0
