L_mean,A_mean,B_mean,L_std,A_std,B_std,L_median,A_median,B_median,L_mode,A_mode,B_mode
60.87911003596779,170.22500557023267,162.81608683196995,5.499336892905307,2.685269233499635,2.976241492819067,61.0,171.0,163.0,63.0,171.0,164.0
