L_mean,A_mean,B_mean,L_std,A_std,B_std,L_median,A_median,B_median,L_mode,A_mode,B_mode
76.61282108412642,177.60941528471847,170.45984657987714,4.871823972659432,2.331678459493043,2.4057587072196096,77.0,178.0,171.0,82.0,177.0,171.0
