L_mean,A_mean,B_mean,L_std,A_std,B_std,L_median,A_median,B_median,L_mode,A_mode,B_mode
52.985008116624755,166.0056657223796,158.50542699812203,4.3093913337791925,2.2624819407302783,2.7281047515252705,54.0,167.0,159.0,54.0,167.0,161.0
