L_mean,A_mean,B_mean,L_std,A_std,B_std,L_median,A_median,B_median,L_mode,A_mode,B_mode
70.99484355603654,174.8880542381513,167.52341089219212,3.434530668395488,1.6958667562982999,1.629881468387469,72.0,175.0,167.0,72.0,175.0,167.0
