L_mean,A_mean,B_mean,L_std,A_std,B_std,L_median,A_median,B_median,L_mode,A_mode,B_mode
77.75217239074387,178.30340261641786,170.91918388133814,3.017648275590581,1.5504212019225778,1.4949389182589052,78.0,179.0,171.0,81.0,180.0,171.0
