L_mean,A_mean,B_mean,L_std,A_std,B_std,L_median,A_median,B_median,L_mode,A_mode,B_mode
61.594582550848266,170.5727154088551,163.26549320431613,4.868434567937531,2.411563711689633,2.6170128172256386,63.0,171.0,164.0,65.0,171.0,164.0
