L_mean,A_mean,B_mean,L_std,A_std,B_std,L_median,A_median,B_median,L_mode,A_mode,B_mode
64.87392176210332,171.73934494063724,164.65149441385236,7.794628038419234,3.774708496490277,3.9569124304456245,68.0,173.0,166.0,70.0,174.0,167.0
