L_mean,A_mean,B_mean,L_std,A_std,B_std,L_median,A_median,B_median,L_mode,A_mode,B_mode
77.84225101059936,178.3583410255594,170.97514084731196,2.991404990966825,1.5455666649184152,1.535937226597687,78.0,179.0,171.0,81.0,180.0,171.0
