L_mean,A_mean,B_mean,L_std,A_std,B_std,L_median,A_median,B_median,L_mode,A_mode,B_mode
48.33860648693383,163.86274946684915,155.82770474583825,5.024278666653898,2.593626100467775,2.7577030907179503,51.0,165.0,157.0,51.0,165.0,158.0
