L_mean,A_mean,B_mean,L_std,A_std,B_std,L_median,A_median,B_median,L_mode,A_mode,B_mode
71.43559219530827,175.0960944711462,167.54075818824202,2.5069417299789296,1.2638195941782104,1.24679445281154,72.0,175.0,167.0,72.0,175.0,167.0
