L_mean,A_mean,B_mean,L_std,A_std,B_std,L_median,A_median,B_median,L_mode,A_mode,B_mode
61.57163319222077,170.54776076646402,163.26632078174237,4.701149834090619,2.342414199812578,2.536094755969143,63.0,171.0,164.0,63.0,171.0,164.0
