L_mean,A_mean,B_mean,L_std,A_std,B_std,L_median,A_median,B_median,L_mode,A_mode,B_mode
51.44908807333609,165.18213069357355,157.254416398765,3.4970285340603455,1.921904813168155,2.314945255162367,52.0,166.0,158.0,54.0,167.0,158.0
