L_mean,A_mean,B_mean,L_std,A_std,B_std,L_median,A_median,B_median,L_mode,A_mode,B_mode
71.74141388420281,175.32250055702326,167.96298182512652,3.5260464785123697,1.734644005393301,1.744210364163612,72.0,176.0,168.0,72.0,176.0,167.0
