L_mean,A_mean,B_mean,L_std,A_std,B_std,L_median,A_median,B_median,L_mode,A_mode,B_mode
71.10357449788332,174.9053378743992,167.73269249132636,2.416105511958493,1.2734741969829768,1.2252275574562677,72.0,175.0,168.0,70.0,174.0,168.0
