L_mean,A_mean,B_mean,L_std,A_std,B_std,L_median,A_median,B_median,L_mode,A_mode,B_mode
56.4681860139415,168.31572078810834,160.61864595601108,4.540015516916414,2.576369604333188,2.7250383264813416,58.0,169.0,161.0,60.0,171.0,163.0
