L_mean,A_mean,B_mean,L_std,A_std,B_std,L_median,A_median,B_median,L_mode,A_mode,B_mode
69.48804787217112,174.23016201419614,166.83916351020147,4.177542828174536,2.0240524232904082,1.9156045474757857,71.0,175.0,167.0,72.0,176.0,167.0
