L_mean,A_mean,B_mean,L_std,A_std,B_std,L_median,A_median,B_median,L_mode,A_mode,B_mode
77.0,177.43772479867587,170.54088550784607,4.691521808328715,2.326911079008931,2.4614660299741487,78.0,178.0,171.0,82.0,180.0,171.0
