L_mean,A_mean,B_mean,L_std,A_std,B_std,L_median,A_median,B_median,L_mode,A_mode,B_mode
85.05812139924245,181.58204156985073,174.5515166947831,5.124027885858,2.375877117153158,2.4376805413898714,86.0,182.0,175.0,88.0,184.0,175.0
