L_mean,A_mean,B_mean,L_std,A_std,B_std,L_median,A_median,B_median,L_mode,A_mode,B_mode
56.630804978196515,168.3264792946494,160.68147818060285,5.15933020368834,2.7931528804533476,3.030348742502596,58.0,169.0,162.0,60.0,171.0,163.0
