L_mean,A_mean,B_mean,L_std,A_std,B_std,L_median,A_median,B_median,L_mode,A_mode,B_mode
72.20829487220294,175.56555368112805,168.2406658815291,5.3149558789846365,2.5184021107231427,2.496364336717456,73.0,176.0,168.0,72.0,177.0,170.0
