L_mean,A_mean,B_mean,L_std,A_std,B_std,L_median,A_median,B_median,L_mode,A_mode,B_mode
86.30362542572493,182.10790336442054,175.22701085399623,2.348020618153742,1.1089751161923298,1.0037325075400965,86.0,182.0,175.0,88.0,183.0,175.0
