L_mean,A_mean,B_mean,L_std,A_std,B_std,L_median,A_median,B_median,L_mode,A_mode,B_mode
65.45192093452589,172.1063755291721,164.92284431995415,7.302151510675553,3.577885334088845,3.668568683786818,69.0,174.0,167.0,70.0,174.0,167.0
