L_mean,A_mean,B_mean,L_std,A_std,B_std,L_median,A_median,B_median,L_mode,A_mode,B_mode
78.36470700576122,178.46318871948307,171.29512684215553,3.519612856593762,1.6614734256973587,1.9015057085769929,79.0,179.0,171.0,82.0,180.0,171.0
