L_mean,A_mean,B_mean,L_std,A_std,B_std,L_median,A_median,B_median,L_mode,A_mode,B_mode
40.07117165865614,158.98733169939842,150.78078747175095,4.604918361349588,2.8356707693251986,2.63895280673144,42.0,160.0,151.0,42.0,160.0,152.0
