L_mean,A_mean,B_mean,L_std,A_std,B_std,L_median,A_median,B_median,L_mode,A_mode,B_mode
42.209313429035234,160.62937263265113,152.3300124136614,5.674163191604895,3.1281740434554033,3.3260572706483886,43.0,161.0,153.0,43.0,163.0,152.0
