L_mean,A_mean,B_mean,L_std,A_std,B_std,L_median,A_median,B_median,L_mode,A_mode,B_mode
54.189324251201576,167.02304484833053,159.20845402170798,5.13241984750069,2.724251611018898,3.013106051745062,56.0,168.0,160.0,58.0,169.0,161.0
