L_mean,A_mean,B_mean,L_std,A_std,B_std,L_median,A_median,B_median,L_mode,A_mode,B_mode
37.84215552089633,158.91017601935258,150.07091701944807,2.866991670903084,1.8049506510621562,1.7111022906793878,38.0,160.0,151.0,38.0,160.0,151.0
