L_mean,A_mean,B_mean,L_std,A_std,B_std,L_median,A_median,B_median,L_mode,A_mode,B_mode
50.73574816182322,164.98074290988956,157.18047553872108,3.1677898369309614,1.7039939215219495,1.8274906061152905,51.0,165.0,158.0,51.0,165.0,158.0
