L_mean,A_mean,B_mean,L_std,A_std,B_std,L_median,A_median,B_median,L_mode,A_mode,B_mode
49.71521787567241,164.44081229907374,156.6275583282936,2.923941712691447,1.6430222861978143,1.6301746661944296,50.0,165.0,157.0,51.0,165.0,157.0
