L_mean,A_mean,B_mean,L_std,A_std,B_std,L_median,A_median,B_median,L_mode,A_mode,B_mode
40.61278925422542,159.37820288378904,151.16093197950156,4.696995899095054,2.814235166779323,2.6347098897112855,42.0,160.0,152.0,42.0,160.0,152.0
