L_mean,A_mean,B_mean,L_std,A_std,B_std,L_median,A_median,B_median,L_mode,A_mode,B_mode
54.268612534615016,167.0515644396346,159.26310596174045,4.913940360671081,2.607312697230482,2.8860961076001925,56.0,168.0,160.0,58.0,168.0,161.0
