L_mean,A_mean,B_mean,L_std,A_std,B_std,L_median,A_median,B_median,L_mode,A_mode,B_mode
55.73469777508992,167.51879555654583,160.0449119903237,6.702981622314526,3.5342604127143304,3.869117100473983,58.0,168.0,161.0,60.0,170.0,164.0
