L_mean,A_mean,B_mean,L_std,A_std,B_std,L_median,A_median,B_median,L_mode,A_mode,B_mode
48.52433395932139,164.13451316166407,155.88235668587072,4.123135142227655,2.0735270664073204,2.3138156813146544,49.0,165.0,156.0,54.0,165.0,158.0
