L_mean,A_mean,B_mean,L_std,A_std,B_std,L_median,A_median,B_median,L_mode,A_mode,B_mode
41.782219817296365,160.60015278352483,152.06276856478976,2.430573737482391,1.4665344097656587,1.3191917053568767,42.0,161.0,152.0,43.0,161.0,152.0
