L_mean,A_mean,B_mean,L_std,A_std,B_std,L_median,A_median,B_median,L_mode,A_mode,B_mode
44.889868542508836,162.0597128942929,153.92284431995415,4.952624246043131,2.620728779256896,2.822912809052673,46.0,163.0,154.0,50.0,163.0,157.0
