L_mean,A_mean,B_mean,L_std,A_std,B_std,L_median,A_median,B_median,L_mode,A_mode,B_mode
39.38046280676067,158.64003564948914,150.42209631728045,4.134235877649211,2.5867933766082563,2.3465076581985,40.0,160.0,151.0,42.0,160.0,152.0
