L_mean,A_mean,B_mean,L_std,A_std,B_std,L_median,A_median,B_median,L_mode,A_mode,B_mode
49.10048699748544,164.37107298596302,156.2678486169908,2.787982610795779,1.422987268311553,1.5274736966859466,50.0,165.0,157.0,52.0,165.0,157.0
