L_mean,A_mean,B_mean,L_std,A_std,B_std,L_median,A_median,B_median,L_mode,A_mode,B_mode
37.74192316261897,158.82369417831111,149.9730719037464,3.30576924394273,2.033636503218772,1.9720095289660415,38.0,160.0,151.0,38.0,160.0,151.0
