L_mean,A_mean,B_mean,L_std,A_std,B_std,L_median,A_median,B_median,L_mode,A_mode,B_mode
49.82764108603622,164.71891014418946,156.6763535665404,2.4262201721895704,1.2656292511752354,1.312575110496887,51.0,165.0,157.0,51.0,165.0,157.0
