L_mean,A_mean,B_mean,L_std,A_std,B_std,L_median,A_median,B_median,L_mode,A_mode,B_mode
49.78607123531846,164.72011968042779,156.5912085813413,3.251897962840506,1.677055845393627,1.765802202095867,50.0,165.0,157.0,52.0,165.0,158.0
