L_mean,A_mean,B_mean,L_std,A_std,B_std,L_median,A_median,B_median,L_mode,A_mode,B_mode
54.962949995225514,167.17302734188496,159.67928191743323,6.644317821533569,3.4861645098678684,3.9043440699434995,58.0,168.0,161.0,60.0,170.0,163.0
