L_mean,A_mean,B_mean,L_std,A_std,B_std,L_median,A_median,B_median,L_mode,A_mode,B_mode
38.392239870134006,159.21548842983097,150.40124773211954,2.616312780776737,1.5502895657838691,1.4480419667914168,38.0,160.0,151.0,38.0,160.0,151.0
