L_mean,A_mean,B_mean,L_std,A_std,B_std,L_median,A_median,B_median,L_mode,A_mode,B_mode
51.97163955820098,165.84263296941145,157.90638826113252,6.351398578676897,3.2034802970395844,3.607403366517898,54.0,167.0,159.0,54.0,167.0,161.0
