L_mean,A_mean,B_mean,L_std,A_std,B_std,L_median,A_median,B_median,L_mode,A_mode,B_mode
41.88608078428876,160.53034981061208,152.13416303275298,4.66232865394868,2.6057302983155965,2.7029978854334256,43.0,162.0,153.0,43.0,162.0,154.0
