L_mean,A_mean,B_mean,L_std,A_std,B_std,L_median,A_median,B_median,L_mode,A_mode,B_mode
40.719833211318715,159.43944361333035,151.1862049209027,4.566711085420382,2.8023386039535505,2.6257930836130376,42.0,160.0,152.0,43.0,162.0,152.0
