L_mean,A_mean,B_mean,L_std,A_std,B_std,L_median,A_median,B_median,L_mode,A_mode,B_mode
45.35207053506063,162.2639335391667,154.16099563930356,5.750313450706453,3.0571620163574336,3.2659068136225486,46.0,163.0,155.0,51.0,163.0,157.0
