L_mean,A_mean,B_mean,L_std,A_std,B_std,L_median,A_median,B_median,L_mode,A_mode,B_mode
52.229907374988066,165.99019639048922,158.07721933984786,7.039975478918646,3.6387735462746167,4.030286513386171,54.0,167.0,159.0,54.0,167.0,161.0
