L_mean,A_mean,B_mean,L_std,A_std,B_std,L_median,A_median,B_median,L_mode,A_mode,B_mode
48.15813094821275,163.77512174937135,155.75382754559632,3.411269340458922,1.8040661847079271,1.9328070272955973,49.0,164.0,156.0,50.0,165.0,157.0
