L_mean,A_mean,B_mean,L_std,A_std,B_std,L_median,A_median,B_median,L_mode,A_mode,B_mode
42.19457618486806,160.69583346595792,152.34153483782666,4.961731434878955,2.7525561921246684,2.889888521308086,43.0,162.0,153.0,45.0,162.0,154.0
