L_mean,A_mean,B_mean,L_std,A_std,B_std,L_median,A_median,B_median,L_mode,A_mode,B_mode
48.431486138078114,164.0982907343158,155.8458796193144,3.8870150965544275,1.9097647418268713,2.084750593433052,48.0,165.0,156.0,45.0,163.0,158.0
