L_mean,A_mean,B_mean,L_std,A_std,B_std,L_median,A_median,B_median,L_mode,A_mode,B_mode
48.50587261673616,164.10121908520864,155.87121622051757,3.621394910560978,1.8140768503157272,1.9980967263918972,49.0,165.0,156.0,52.0,165.0,158.0
