L_mean,A_mean,B_mean,L_std,A_std,B_std,L_median,A_median,B_median,L_mode,A_mode,B_mode
48.99232899385683,164.3692586816055,156.18674602921985,3.0323837382439534,1.5471664098456668,1.6223680086192254,50.0,165.0,157.0,51.0,165.0,157.0
