L_mean,A_mean,B_mean,L_std,A_std,B_std,L_median,A_median,B_median,L_mode,A_mode,B_mode
31.155489066429002,154.94550720947257,145.91444122608777,6.348861443754046,3.6745062340228047,3.98857236509226,34.0,157.0,148.0,36.0,157.0,149.0
