L_mean,A_mean,B_mean,L_std,A_std,B_std,L_median,A_median,B_median,L_mode,A_mode,B_mode
49.89543877518541,164.56832288251584,156.67189738039914,3.4413929625300996,1.8437638350245067,1.9486167270997001,51.0,165.0,157.0,51.0,165.0,158.0
