L_mean,A_mean,B_mean,L_std,A_std,B_std,L_median,A_median,B_median,L_mode,A_mode,B_mode
39.73867651271605,158.91959767005125,150.68504312951586,4.2007816572636525,2.584495847140324,2.3991665601943644,41.0,160.0,151.0,42.0,160.0,152.0
