L_mean,A_mean,B_mean,L_std,A_std,B_std,L_median,A_median,B_median,L_mode,A_mode,B_mode
38.90797975618296,159.56510806251393,150.68084158258267,2.6213905877015353,1.4703489840955464,1.3945033624379204,39.0,160.0,151.0,38.0,160.0,151.0
