L_mean,A_mean,B_mean,L_std,A_std,B_std,L_median,A_median,B_median,L_mode,A_mode,B_mode
60.719514912308625,170.25718560015278,162.78524365789224,5.460632908241581,2.750048847580875,3.0560715686383038,62.0,171.0,164.0,65.0,171.0,166.0
