L_mean,A_mean,B_mean,L_std,A_std,B_std,L_median,A_median,B_median,L_mode,A_mode,B_mode
44.59480536015533,161.86434096189961,153.73654390934846,4.959935845644312,2.6738497117435545,2.8293293991770425,45.0,162.0,154.0,45.0,163.0,154.0
