L_mean,A_mean,B_mean,L_std,A_std,B_std,L_median,A_median,B_median,L_mode,A_mode,B_mode
55.39819206162269,167.64544673266067,159.96431868096892,6.829922577524787,3.5533316764910468,3.9310852715328926,58.0,169.0,161.0,60.0,171.0,163.0
