L_mean,A_mean,B_mean,L_std,A_std,B_std,L_median,A_median,B_median,L_mode,A_mode,B_mode
41.97937422414616,160.56342107776044,152.20339306744756,4.349441549293379,2.4920799137194036,2.513284783748372,43.0,162.0,153.0,45.0,162.0,154.0
