L_mean,A_mean,B_mean,L_std,A_std,B_std,L_median,A_median,B_median,L_mode,A_mode,B_mode
40.17388674921221,159.11108635452143,150.92271700035013,4.445791023751945,2.730781099475359,2.526737319034297,42.0,160.0,151.0,42.0,160.0,152.0
