L_mean,A_mean,B_mean,L_std,A_std,B_std,L_median,A_median,B_median,L_mode,A_mode,B_mode
55.68523410892192,167.93385746570328,160.21997644587324,6.244876382448082,3.3744750122848544,3.6730854360163385,59.0,169.0,162.0,60.0,171.0,163.0
