L_mean,A_mean,B_mean,L_std,A_std,B_std,L_median,A_median,B_median,L_mode,A_mode,B_mode
39.91284973103733,159.9564566954197,151.0723811948945,2.962864240455747,1.6522591501303292,1.6273442979458428,40.0,160.0,151.0,40.0,160.0,151.0
