L_mean,A_mean,B_mean,L_std,A_std,B_std,L_median,A_median,B_median,L_mode,A_mode,B_mode
29.721010917656045,153.00089123722825,144.4423401343222,5.452557322616505,3.2932687822100433,3.503135301077247,32.0,154.0,146.0,33.0,155.0,146.0
