L_mean,A_mean,B_mean,L_std,A_std,B_std,L_median,A_median,B_median,L_mode,A_mode,B_mode
38.87010217398224,159.54174491517333,150.67937740713626,2.378555779567092,1.3301883292729793,1.2447159594255635,38.0,160.0,151.0,38.0,160.0,151.0
