L_mean,A_mean,B_mean,L_std,A_std,B_std,L_median,A_median,B_median,L_mode,A_mode,B_mode
46.237769360537285,163.04481650062067,154.65741477544006,4.754683077632922,2.432190237132561,2.5956722617320844,47.0,163.0,155.0,48.0,165.0,155.0
