L_mean,A_mean,B_mean,L_std,A_std,B_std,L_median,A_median,B_median,L_mode,A_mode,B_mode
59.343221822580134,169.43982557214247,162.09447114619473,3.2504335526332455,1.7153058988383054,1.737936426147316,59.0,169.0,162.0,58.0,168.0,161.0
