L_mean,A_mean,B_mean,L_std,A_std,B_std,L_median,A_median,B_median,L_mode,A_mode,B_mode
53.0809116083649,166.36346563962186,158.52433395932138,3.050766886119096,1.598981343722269,1.807674401557265,53.0,167.0,158.0,54.0,167.0,158.0
