L_mean,A_mean,B_mean,L_std,A_std,B_std,L_median,A_median,B_median,L_mode,A_mode,B_mode
59.50249864722921,169.59763822134514,162.28736034630933,3.2636564163494026,1.738368020651431,1.8159322239313844,60.0,170.0,163.0,63.0,171.0,164.0
