L_mean,A_mean,B_mean,L_std,A_std,B_std,L_median,A_median,B_median,L_mode,A_mode,B_mode
56.04885889804883,167.8780596492345,160.2364325046949,3.128884148869257,1.7479647894482293,1.907090252536379,56.0,168.0,161.0,54.0,167.0,161.0
