L_mean,A_mean,B_mean,L_std,A_std,B_std,L_median,A_median,B_median,L_mode,A_mode,B_mode
47.099659420059204,163.51927300506097,155.0269280962536,4.2993526968647595,2.142793545198391,2.4567899267202136,47.0,163.0,155.0,52.0,165.0,158.0
