L_mean,A_mean,B_mean,L_std,A_std,B_std,L_median,A_median,B_median,L_mode,A_mode,B_mode
52.869242766655,166.21115956329376,158.4713690040424,3.862518503236917,2.055484872889739,2.2396132694593684,53.0,166.0,158.0,56.0,167.0,161.0
