L_mean,A_mean,B_mean,L_std,A_std,B_std,L_median,A_median,B_median,L_mode,A_mode,B_mode
56.54164942547029,168.21497915141484,160.5339465894261,6.500327487114539,3.336546853771849,3.7128863116521167,58.0,169.0,162.0,60.0,171.0,163.0
