L_mean,A_mean,B_mean,L_std,A_std,B_std,L_median,A_median,B_median,L_mode,A_mode,B_mode
38.0342808033867,159.11882102046664,150.34299901327307,1.9227346587811973,1.3132815634181598,1.1636503255895911,38.0,160.0,151.0,38.0,160.0,151.0
