L_mean,A_mean,B_mean,L_std,A_std,B_std,L_median,A_median,B_median,L_mode,A_mode,B_mode
45.17293185218194,162.37680236814464,154.11264601967088,3.9748039097135393,2.2028049285585616,2.266160492081636,45.0,163.0,154.0,45.0,163.0,154.0
