L_mean,A_mean,B_mean,L_std,A_std,B_std,L_median,A_median,B_median,L_mode,A_mode,B_mode
52.69650189387911,166.09246586243117,158.21224177992806,3.8478145618202735,1.9232337866313622,2.1946497479733735,53.0,166.0,158.0,54.0,167.0,158.0
