L_mean,A_mean,B_mean,L_std,A_std,B_std,L_median,A_median,B_median,L_mode,A_mode,B_mode
52.80392780978451,166.20749912467772,158.42706178183786,3.9298591351843863,2.071597808875132,2.276550281432366,53.0,166.0,158.0,56.0,167.0,161.0
