L_mean,A_mean,B_mean,L_std,A_std,B_std,L_median,A_median,B_median,L_mode,A_mode,B_mode
45.96661043384155,162.8148772957316,154.46904542126873,4.919196760064756,2.5963807934994403,2.7686685288177317,47.0,163.0,155.0,47.0,163.0,155.0
