L_mean,A_mean,B_mean,L_std,A_std,B_std,L_median,A_median,B_median,L_mode,A_mode,B_mode
31.95063182353503,154.7364165897444,146.07445013846007,5.9044154804452385,3.4667206523016496,3.757112180659709,34.0,156.0,147.0,36.0,156.0,148.0
