L_mean,A_mean,B_mean,L_std,A_std,B_std,L_median,A_median,B_median,L_mode,A_mode,B_mode
56.266129802336316,167.9995862112869,160.3562084221918,7.138579448995,3.6289629542261443,4.06076000541718,58.0,169.0,161.0,63.0,171.0,163.0
