L_mean,A_mean,B_mean,L_std,A_std,B_std,L_median,A_median,B_median,L_mode,A_mode,B_mode
52.85202279020912,166.26422000827577,158.44043034026163,3.923012351347641,2.055303233390352,2.2748134168919765,53.0,166.0,158.0,56.0,167.0,161.0
