L_mean,A_mean,B_mean,L_std,A_std,B_std,L_median,A_median,B_median,L_mode,A_mode,B_mode
38.769806155902856,159.50978769456026,150.68208294872204,1.9052822693318834,1.1803722265448542,0.9714973599118135,38.0,160.0,151.0,38.0,160.0,151.0
