L_mean,A_mean,B_mean,L_std,A_std,B_std,L_median,A_median,B_median,L_mode,A_mode,B_mode
40.02536843110418,159.86052137377854,151.04160168061878,4.024398712062072,2.282064377017518,2.3344377861259917,40.0,160.0,151.0,40.0,160.0,151.0
