L_mean,A_mean,B_mean,L_std,A_std,B_std,L_median,A_median,B_median,L_mode,A_mode,B_mode
58.932234140751824,169.24031575261802,161.89814431677118,2.7203545176095862,1.4394627361613908,1.5552188954484791,59.0,169.0,162.0,60.0,170.0,161.0
