L_mean,A_mean,B_mean,L_std,A_std,B_std,L_median,A_median,B_median,L_mode,A_mode,B_mode
50.22280930706305,165.04160168061878,156.8608078428876,6.293193842038056,3.195614208880064,3.56293374048593,52.0,166.0,158.0,54.0,167.0,158.0
