L_mean,A_mean,B_mean,L_std,A_std,B_std,L_median,A_median,B_median,L_mode,A_mode,B_mode
46.330044243562405,162.97997899226533,154.68825794951778,5.0247122030426095,2.67649469405033,2.743204665105535,47.0,163.0,155.0,52.0,165.0,157.0
