L_mean,A_mean,B_mean,L_std,A_std,B_std,L_median,A_median,B_median,L_mode,A_mode,B_mode
44.96788362988191,162.26297864213643,154.01120412515516,3.9317394465857944,2.135894908625191,2.255669766582195,45.0,163.0,154.0,45.0,163.0,154.0
