L_mean,A_mean,B_mean,L_std,A_std,B_std,L_median,A_median,B_median,L_mode,A_mode,B_mode
39.79345577235255,159.83655345831875,151.03705000477447,3.7255643663832387,2.0541413045038905,2.099289851933431,40.0,160.0,151.0,40.0,160.0,151.0
