L_mean,A_mean,B_mean,L_std,A_std,B_std,L_median,A_median,B_median,L_mode,A_mode,B_mode
58.90199573479327,169.43928446382532,161.9862813126651,2.540888223376732,1.456923653297034,1.5362843392753114,60.0,170.0,162.0,60.0,170.0,163.0
