L_mean,A_mean,B_mean,L_std,A_std,B_std,L_median,A_median,B_median,L_mode,A_mode,B_mode
31.90915746252029,154.89871725498935,146.21278288824521,5.844253126600569,3.4628596111556353,3.6678465923007777,34.0,156.0,147.0,36.0,157.0,148.0
