L_mean,A_mean,B_mean,L_std,A_std,B_std,L_median,A_median,B_median,L_mode,A_mode,B_mode
45.612980233631475,162.8335614476239,154.28287233026705,6.060568856503768,3.05108181297863,3.3143259658831026,46.0,163.0,155.0,52.0,165.0,157.0
