L_mean,A_mean,B_mean,L_std,A_std,B_std,L_median,A_median,B_median,L_mode,A_mode,B_mode
39.01737912595092,159.61323487283954,150.7487984212369,2.6938973121590615,1.444846052871071,1.408479508453057,38.0,160.0,151.0,38.0,160.0,151.0
