L_mean,A_mean,B_mean,L_std,A_std,B_std,L_median,A_median,B_median,L_mode,A_mode,B_mode
40.51663112327721,160.23344049400006,151.4562498010631,3.0572354046207924,1.636069546744244,1.6944474412413626,40.0,160.0,151.0,40.0,160.0,151.0
