L_mean,A_mean,B_mean,L_std,A_std,B_std,L_median,A_median,B_median,L_mode,A_mode,B_mode
52.820861317121306,166.1462902250374,158.2925804500748,3.850661974401124,1.9187703670172527,2.2089174470702826,53.0,166.0,158.0,54.0,167.0,158.0
