L_mean,A_mean,B_mean,L_std,A_std,B_std,L_median,A_median,B_median,L_mode,A_mode,B_mode
40.977559919788646,160.44510933570996,151.7537002259923,3.4153854871678178,1.77854319898741,1.861448416470028,40.0,160.0,151.0,40.0,160.0,151.0
