L_mean,A_mean,B_mean,L_std,A_std,B_std,L_median,A_median,B_median,L_mode,A_mode,B_mode
46.76019352579814,163.3813222140879,154.97078015087374,2.973362868260617,1.572172542952486,1.7204818541972602,47.0,163.0,155.0,45.0,163.0,155.0
