L_mean,A_mean,B_mean,L_std,A_std,B_std,L_median,A_median,B_median,L_mode,A_mode,B_mode
46.619027914823185,163.08794601648788,154.85813413120286,3.8548892867441023,1.922353239449815,2.177832854094504,47.0,163.0,155.0,47.0,163.0,155.0
