L_mean,A_mean,B_mean,L_std,A_std,B_std,L_median,A_median,B_median,L_mode,A_mode,B_mode
57.258745265302224,168.58248718846485,161.00455167584428,2.737587793709002,1.5951935187327413,1.7312819861912394,58.0,169.0,161.0,60.0,167.0,161.0
