L_mean,A_mean,B_mean,L_std,A_std,B_std,L_median,A_median,B_median,L_mode,A_mode,B_mode
56.74905306044498,168.18038004901805,160.6882897794188,4.211985027747254,2.24763114316749,2.3885950860092033,57.0,168.0,161.0,51.0,165.0,158.0
