L_mean,A_mean,B_mean,L_std,A_std,B_std,L_median,A_median,B_median,L_mode,A_mode,B_mode
59.315848107712384,169.54114014705414,162.25199732628832,2.8200803709376006,1.5172914350756082,1.6048962315121995,60.0,170.0,163.0,60.0,170.0,163.0
