L_mean,A_mean,B_mean,L_std,A_std,B_std,L_median,A_median,B_median,L_mode,A_mode,B_mode
47.958207339975175,163.91176751440304,155.50841900881687,3.9770002047894977,2.011548491783177,2.21080021949571,48.0,164.0,155.0,52.0,165.0,158.0
