L_mean,A_mean,B_mean,L_std,A_std,B_std,L_median,A_median,B_median,L_mode,A_mode,B_mode
46.195913040710444,162.90511506509216,154.61622688353438,4.7158066425984,2.5054825801209484,2.6508466123335745,47.0,163.0,155.0,47.0,163.0,155.0
