L_mean,A_mean,B_mean,L_std,A_std,B_std,L_median,A_median,B_median,L_mode,A_mode,B_mode
59.22051755419041,169.2547665276761,162.06458286914727,2.7593986807298116,1.3730885122248628,1.5395635627645716,60.0,170.0,162.0,60.0,170.0,163.0
