L_mean,A_mean,B_mean,L_std,A_std,B_std,L_median,A_median,B_median,L_mode,A_mode,B_mode
57.26380621956266,168.55746888627178,160.96419136136487,3.0296765241912915,1.676471888689144,1.8712090552071574,58.0,169.0,161.0,54.0,167.0,161.0
