L_mean,A_mean,B_mean,L_std,A_std,B_std,L_median,A_median,B_median,L_mode,A_mode,B_mode
56.886717382308944,168.36021898971893,160.74306903905529,2.626575625222441,1.480202104906525,1.6375291046973908,57.0,168.0,161.0,54.0,167.0,161.0
