L_mean,A_mean,B_mean,L_std,A_std,B_std,L_median,A_median,B_median,L_mode,A_mode,B_mode
53.70754686952924,166.70149918833752,158.932902568673,3.301122093169888,1.7269219260914923,1.943698876851041,54.0,167.0,158.0,56.0,165.0,161.0
