L_mean,A_mean,B_mean,L_std,A_std,B_std,L_median,A_median,B_median,L_mode,A_mode,B_mode
39.83773116465608,159.88318426329695,151.09485310500685,3.398585071778232,1.8471590710502015,1.870482740716088,40.0,160.0,151.0,40.0,160.0,151.0
