L_mean,A_mean,B_mean,L_std,A_std,B_std,L_median,A_median,B_median,L_mode,A_mode,B_mode
35.333068084158256,157.32998058376037,148.54072635834103,3.212265888434319,2.1647664432360862,2.2235496515094946,36.0,158.0,149.0,36.0,159.0,149.0
