L_mean,A_mean,B_mean,L_std,A_std,B_std,L_median,A_median,B_median,L_mode,A_mode,B_mode
47.85364611516058,163.86828786962474,155.52824903714549,3.5109103877229577,1.7590300980389229,1.9888374111874894,48.0,164.0,156.0,51.0,165.0,157.0
