L_mean,A_mean,B_mean,L_std,A_std,B_std,L_median,A_median,B_median,L_mode,A_mode,B_mode
46.13756883216093,162.95104561224815,154.60110768055512,4.829593710743622,2.484858066906418,2.6112689513792673,47.0,163.0,155.0,48.0,165.0,157.0
