L_mean,A_mean,B_mean,L_std,A_std,B_std,L_median,A_median,B_median,L_mode,A_mode,B_mode
36.5183817678327,158.2582996466881,149.39173059171787,2.7005363243337865,1.7032236467671347,1.7020184882345857,37.0,159.0,150.0,38.0,159.0,151.0
