L_mean,A_mean,B_mean,L_std,A_std,B_std,L_median,A_median,B_median,L_mode,A_mode,B_mode
39.44991565076233,159.54384568863992,150.64410987681828,3.937025937511134,2.2939525666457685,2.2609112996558878,40.0,160.0,151.0,40.0,160.0,151.0
