L_mean,A_mean,B_mean,L_std,A_std,B_std,L_median,A_median,B_median,L_mode,A_mode,B_mode
40.70016233249515,160.4053537893497,151.51742687080244,3.3051144918991087,1.7778918767700214,1.8443948493221634,40.0,160.0,151.0,40.0,160.0,151.0
