L_mean,A_mean,B_mean,L_std,A_std,B_std,L_median,A_median,B_median,L_mode,A_mode,B_mode
52.29194385205462,165.9201387783684,158.12776522265017,3.1706428218338303,1.7061527182911744,1.8897309910735187,52.0,166.0,158.0,56.0,167.0,158.0
