L_mean,A_mean,B_mean,L_std,A_std,B_std,L_median,A_median,B_median,L_mode,A_mode,B_mode
31.134576821466084,155.22497374033168,145.92125282490372,5.036658994795927,2.894997824080417,3.145702013891176,33.0,156.0,147.0,33.0,157.0,147.0
