L_mean,A_mean,B_mean,L_std,A_std,B_std,L_median,A_median,B_median,L_mode,A_mode,B_mode
59.234108921921255,169.55950599993633,162.16128210841265,2.7606723304839402,1.5071872157078714,1.5991127015583488,60.0,170.0,163.0,60.0,171.0,163.0
