L_mean,A_mean,B_mean,L_std,A_std,B_std,L_median,A_median,B_median,L_mode,A_mode,B_mode
40.52414297991533,160.27170003501288,151.4293217048095,3.467986009999246,1.902737233444718,1.9437213962478064,40.0,160.0,151.0,40.0,160.0,151.0
