L_mean,A_mean,B_mean,L_std,A_std,B_std,L_median,A_median,B_median,L_mode,A_mode,B_mode
41.67199287010217,160.45940096126301,152.04258840755006,5.7189916505720255,3.1384246452762334,3.32863344839526,42.0,161.0,152.0,45.0,160.0,151.0
