L_mean,A_mean,B_mean,L_std,A_std,B_std,L_median,A_median,B_median,L_mode,A_mode,B_mode
49.60578667600344,164.78037368303785,156.58815291084446,6.85693286136655,3.3675159332038818,3.828994028092773,52.0,166.0,158.0,56.0,167.0,161.0
