L_mean,A_mean,B_mean,L_std,A_std,B_std,L_median,A_median,B_median,L_mode,A_mode,B_mode
53.49645096603749,166.58633860648695,158.75147213292166,2.8565451532781467,1.5122163655360519,1.7217054396778901,54.0,167.0,158.0,54.0,167.0,158.0
