L_mean,A_mean,B_mean,L_std,A_std,B_std,L_median,A_median,B_median,L_mode,A_mode,B_mode
41.210841264283665,160.64939364038577,151.77785912085812,3.2570435880327238,1.7169991372545494,1.8280128495139014,40.0,161.0,151.0,40.0,160.0,151.0
