L_mean,A_mean,B_mean,L_std,A_std,B_std,L_median,A_median,B_median,L_mode,A_mode,B_mode
59.03472642200083,169.36763535665403,162.0042015469332,3.365438305720415,1.8352174350264296,1.9387705745096735,60.0,170.0,162.0,60.0,171.0,164.0
