L_mean,A_mean,B_mean,L_std,A_std,B_std,L_median,A_median,B_median,L_mode,A_mode,B_mode
32.01645605882166,154.70471400833944,146.05805773944044,5.728444645479927,3.483626219598094,3.695424973326891,34.0,156.0,147.0,36.0,155.0,148.0
