L_mean,A_mean,B_mean,L_std,A_std,B_std,L_median,A_median,B_median,L_mode,A_mode,B_mode
52.303880064933,165.918706432823,157.99914059267275,2.389923574085496,1.3695315852860752,1.309635220343518,52.0,166.0,158.0,54.0,167.0,158.0
