L_mean,A_mean,B_mean,L_std,A_std,B_std,L_median,A_median,B_median,L_mode,A_mode,B_mode
39.17226342426075,159.39313110736225,150.5130980042652,3.5265901727260736,2.1166142655132156,2.0251699555765947,40.0,160.0,151.0,40.0,160.0,151.0
