L_mean,A_mean,B_mean,L_std,A_std,B_std,L_median,A_median,B_median,L_mode,A_mode,B_mode
31.17325015119203,155.21644332686125,145.94547537957158,4.989127469063859,2.879830423423763,3.1297772210555075,33.0,156.0,147.0,33.0,157.0,147.0
