L_mean,A_mean,B_mean,L_std,A_std,B_std,L_median,A_median,B_median,L_mode,A_mode,B_mode
55.979628863354236,167.79527007671007,160.1533246331604,3.651078178262017,2.0089814340257024,2.194139612462225,56.0,168.0,161.0,54.0,167.0,161.0
