L_mean,A_mean,B_mean,L_std,A_std,B_std,L_median,A_median,B_median,L_mode,A_mode,B_mode
28.757997262628514,153.82251647197378,144.45698188878632,2.97316885495921,1.7296080990969773,1.9564597175487266,29.0,154.0,145.0,27.0,154.0,146.0
