L_mean,A_mean,B_mean,L_std,A_std,B_std,L_median,A_median,B_median,L_mode,A_mode,B_mode
34.70668746220199,156.74733424579048,148.1049431836267,5.164415807640321,3.12705414658875,3.383426452326244,36.0,158.0,149.0,38.0,158.0,151.0
