L_mean,A_mean,B_mean,L_std,A_std,B_std,L_median,A_median,B_median,L_mode,A_mode,B_mode
28.7247350160741,153.7999490721584,144.40268007766497,3.0349143323040897,1.7920054184812517,2.0262842989430823,29.0,154.0,145.0,27.0,154.0,146.0
