L_mean,A_mean,B_mean,L_std,A_std,B_std,L_median,A_median,B_median,L_mode,A_mode,B_mode
26.419804564407805,152.14326638444155,142.98653595187318,5.840955579613309,3.9662206798020745,3.7650694782874696,29.0,154.0,145.0,30.0,154.0,145.0
