L_mean,A_mean,B_mean,L_std,A_std,B_std,L_median,A_median,B_median,L_mode,A_mode,B_mode
35.850049336346565,157.67864531941305,148.83970461851862,2.8596787168974083,1.7342327194790665,1.7990175046427628,36.0,158.0,149.0,38.0,157.0,151.0
