L_mean,A_mean,B_mean,L_std,A_std,B_std,L_median,A_median,B_median,L_mode,A_mode,B_mode
29.507686921093676,153.80555113473596,144.66604067861348,5.8268627767841545,3.7548420139668273,3.7124235623635475,32.0,155.0,146.0,33.0,156.0,146.0
