L_mean,A_mean,B_mean,L_std,A_std,B_std,L_median,A_median,B_median,L_mode,A_mode,B_mode
45.678708979215074,162.6534042079129,154.3615240156603,3.4182534424055806,1.8135222495054626,2.00893891615016,46.0,163.0,155.0,43.0,163.0,155.0
