L_mean,A_mean,B_mean,L_std,A_std,B_std,L_median,A_median,B_median,L_mode,A_mode,B_mode
36.80870229493586,156.15638030365724,148.69971671388103,2.9087443834458533,1.8603756863675203,1.6035190908196,37.0,156.0,149.0,33.0,155.0,150.0
