L_mean,A_mean,B_mean,L_std,A_std,B_std,L_median,A_median,B_median,L_mode,A_mode,B_mode
46.8784416080466,162.95839831938122,154.8755769169558,2.5832754322585165,1.263211650277465,1.5705810780088107,47.0,163.0,155.0,45.0,163.0,154.0
