L_mean,A_mean,B_mean,L_std,A_std,B_std,L_median,A_median,B_median,L_mode,A_mode,B_mode
28.871566349428655,153.89018684151893,144.55384027755673,2.945448607813668,1.7194266722764409,1.9292223837434792,29.0,154.0,145.0,27.0,154.0,146.0
