L_mean,A_mean,B_mean,L_std,A_std,B_std,L_median,A_median,B_median,L_mode,A_mode,B_mode
46.034567272495785,162.4961644969284,154.3102778750358,3.547956494544532,1.8923958564067134,2.1690801473974357,46.0,163.0,154.0,45.0,163.0,154.0
