L_mean,A_mean,B_mean,L_std,A_std,B_std,L_median,A_median,B_median,L_mode,A_mode,B_mode
46.946302956997805,162.99557564375974,154.8879269185473,3.44834565562184,1.7174191175910907,2.017071199749801,47.0,163.0,155.0,45.0,163.0,157.0
