L_mean,A_mean,B_mean,L_std,A_std,B_std,L_median,A_median,B_median,L_mode,A_mode,B_mode
34.16322373237419,156.60731451125187,147.86793774071361,5.922798755222769,3.8034052160866456,3.8929243176568726,36.0,158.0,149.0,38.0,158.0,151.0
