L_mean,A_mean,B_mean,L_std,A_std,B_std,L_median,A_median,B_median,L_mode,A_mode,B_mode
33.4215552089633,148.83502562307032,144.6873348823885,2.73694392903476,2.0295902603208043,1.8333943077606787,33.0,149.0,145.0,36.0,151.0,144.0
