L_mean,A_mean,B_mean,L_std,A_std,B_std,L_median,A_median,B_median,L_mode,A_mode,B_mode
34.53751153833912,153.78241079670244,147.28554604195182,2.2310518582204364,1.2965616343834507,1.2045845291024893,34.0,154.0,147.0,33.0,154.0,147.0
