L_mean,A_mean,B_mean,L_std,A_std,B_std,L_median,A_median,B_median,L_mode,A_mode,B_mode
38.62405703918261,158.2664799312474,149.73504790400102,6.1753428434236,3.630050594208539,3.7414384855907907,40.0,159.0,151.0,42.0,160.0,151.0
