L_mean,A_mean,B_mean,L_std,A_std,B_std,L_median,A_median,B_median,L_mode,A_mode,B_mode
38.62548938472801,158.68392908298054,150.1530063341503,6.64790181573976,3.8076584057426843,4.017031075345596,40.0,160.0,151.0,43.0,160.0,151.0
