L_mean,A_mean,B_mean,L_std,A_std,B_std,L_median,A_median,B_median,L_mode,A_mode,B_mode
35.16039087118439,157.20431613457683,148.40764554222235,2.5812046545768017,1.5869010245141326,1.7087408000098274,36.0,157.0,149.0,36.0,157.0,149.0
