L_mean,A_mean,B_mean,L_std,A_std,B_std,L_median,A_median,B_median,L_mode,A_mode,B_mode
37.01664703822771,154.7286500938982,148.1936212878378,2.7511734052303978,2.005925634516941,1.5146891503271391,38.0,155.0,149.0,38.0,156.0,149.0
