L_mean,A_mean,B_mean,L_std,A_std,B_std,L_median,A_median,B_median,L_mode,A_mode,B_mode
34.92144380430977,157.31954037622944,148.33087182098865,1.9874200372054227,1.3463814475802767,1.3905807793497076,35.0,157.0,148.0,36.0,157.0,149.0
