L_mean,A_mean,B_mean,L_std,A_std,B_std,L_median,A_median,B_median,L_mode,A_mode,B_mode
39.18493172486234,158.91635102014834,150.41442531113728,6.917760443824341,4.027116240904115,4.24321153213862,41.0,160.0,151.0,45.0,162.0,151.0
