L_mean,A_mean,B_mean,L_std,A_std,B_std,L_median,A_median,B_median,L_mode,A_mode,B_mode
41.78788553967597,160.30623547760766,151.95639303561765,6.832494349134318,3.8283729786353393,4.135294134354788,44.0,162.0,153.0,45.0,163.0,154.0
