L_mean,A_mean,B_mean,L_std,A_std,B_std,L_median,A_median,B_median,L_mode,A_mode,B_mode
34.53063627972117,156.593659483719,147.97552280612408,5.334843384772886,3.2595311700022283,3.5315710994961877,36.0,158.0,149.0,38.0,158.0,151.0
