L_mean,A_mean,B_mean,L_std,A_std,B_std,L_median,A_median,B_median,L_mode,A_mode,B_mode
21.495177769997134,149.00401056752713,139.547665276761,5.300834983522992,4.584601745922921,3.3261455061664185,23.0,151.0,140.0,21.0,151.0,142.0
