L_mean,A_mean,B_mean,L_std,A_std,B_std,L_median,A_median,B_median,L_mode,A_mode,B_mode
32.84552949040329,148.68628449565523,144.39621860776012,2.9192584865527733,1.800832539453171,1.5613857959683126,33.0,149.0,144.0,33.0,148.0,144.0
