L_mean,A_mean,B_mean,L_std,A_std,B_std,L_median,A_median,B_median,L_mode,A_mode,B_mode
21.935735429862813,149.36317917051278,139.81175796543272,4.841257947597911,4.104621284850022,2.9836513229080825,24.0,151.0,141.0,24.0,152.0,142.0
