L_mean,A_mean,B_mean,L_std,A_std,B_std,L_median,A_median,B_median,L_mode,A_mode,B_mode
21.066524493108826,148.82140242543846,139.23560492726867,5.136056191771633,4.594898443399434,3.140430086930784,23.0,151.0,140.0,24.0,151.0,139.0
