L_mean,A_mean,B_mean,L_std,A_std,B_std,L_median,A_median,B_median,L_mode,A_mode,B_mode
36.55772352547984,155.88955024349875,148.52949040328485,3.065480779345259,2.063472219522946,1.837341907379123,37.0,156.0,149.0,38.0,155.0,150.0
