L_mean,A_mean,B_mean,L_std,A_std,B_std,L_median,A_median,B_median,L_mode,A_mode,B_mode
34.80685616067734,157.27793869561066,148.2805805773944,2.3710035544739654,1.5606024440004769,1.578899433628851,35.0,157.0,149.0,36.0,157.0,149.0
