L_mean,A_mean,B_mean,L_std,A_std,B_std,L_median,A_median,B_median,L_mode,A_mode,B_mode
45.86761944170354,162.5060635961422,154.23894706687463,2.3163128534051523,1.2227302354058815,1.5634368784706139,46.0,163.0,154.0,45.0,163.0,154.0
