L_mean,A_mean,B_mean,L_std,A_std,B_std,L_median,A_median,B_median,L_mode,A_mode,B_mode
36.242416526084604,155.67921825763122,148.31708947385172,3.4135609914001126,2.4072504859224253,2.1343137587885104,36.0,156.0,149.0,36.0,155.0,149.0
