L_mean,A_mean,B_mean,L_std,A_std,B_std,L_median,A_median,B_median,L_mode,A_mode,B_mode
25.93105643441449,151.879873953592,142.67784957188783,5.9644527490179735,4.217079709671155,3.8592688171879423,28.0,154.0,144.0,27.0,154.0,145.0
