L_mean,A_mean,B_mean,L_std,A_std,B_std,L_median,A_median,B_median,L_mode,A_mode,B_mode
39.10045516758443,158.95505617977528,150.38641499824936,7.263955868553816,4.135133567309312,4.390778042178313,41.0,160.0,151.0,45.0,160.0,151.0
