L_mean,A_mean,B_mean,L_std,A_std,B_std,L_median,A_median,B_median,L_mode,A_mode,B_mode
20.884361969634273,148.69908011586085,139.13209408918738,5.233906442000176,4.690541656954971,3.249139518660663,21.0,151.0,139.0,21.0,151.0,139.0
