L_mean,A_mean,B_mean,L_std,A_std,B_std,L_median,A_median,B_median,L_mode,A_mode,B_mode
36.41487092975141,155.81637330107904,148.42699812203585,3.431264066401741,2.4300479369751335,2.100138385591016,37.0,156.0,149.0,36.0,155.0,150.0
