L_mean,A_mean,B_mean,L_std,A_std,B_std,L_median,A_median,B_median,L_mode,A_mode,B_mode
36.309482127510584,155.73221504281122,148.40834580004457,3.043117619859721,2.0805351094940994,1.8574615333019262,36.0,156.0,149.0,36.0,155.0,149.0
