L_mean,A_mean,B_mean,L_std,A_std,B_std,L_median,A_median,B_median,L_mode,A_mode,B_mode
23.906038132221408,150.58964891619186,141.22487825062865,5.578492340605248,4.158725895843786,3.6256864297416462,26.0,152.0,142.0,27.0,152.0,142.0
