L_mean,A_mean,B_mean,L_std,A_std,B_std,L_median,A_median,B_median,L_mode,A_mode,B_mode
34.38558742082312,153.6894038259541,147.25600789381545,2.0476637857271154,1.2686751446048752,1.0815360182803018,34.0,154.0,147.0,33.0,155.0,147.0
