L_mean,A_mean,B_mean,L_std,A_std,B_std,L_median,A_median,B_median,L_mode,A_mode,B_mode
26.030047426552503,151.9700162332495,142.76213514975967,5.716733562874347,3.9068270415825452,3.715548973623312,28.0,154.0,145.0,30.0,154.0,145.0
