L_mean,A_mean,B_mean,L_std,A_std,B_std,L_median,A_median,B_median,L_mode,A_mode,B_mode
28.13059808383996,153.13807811057708,143.9685838877041,4.632610037500396,2.7784057229330803,2.949731595440538,30.0,154.0,145.0,31.0,155.0,146.0
