L_mean,A_mean,B_mean,L_std,A_std,B_std,L_median,A_median,B_median,L_mode,A_mode,B_mode
32.861189801699716,148.62981825126525,144.3359964350511,2.9449453915079618,1.8188490697617465,1.5898441613359044,33.0,149.0,144.0,33.0,148.0,144.0
