L_mean,A_mean,B_mean,L_std,A_std,B_std,L_median,A_median,B_median,L_mode,A_mode,B_mode
26.343094502976097,152.19814113378106,142.88003310309705,5.531764607246992,3.704687923800312,3.6239855265210528,29.0,154.0,145.0,30.0,154.0,145.0
