L_mean,A_mean,B_mean,L_std,A_std,B_std,L_median,A_median,B_median,L_mode,A_mode,B_mode
23.939491358181876,150.65273577999173,141.23560492726867,5.54031791928957,4.145200679494089,3.609839513641314,26.0,152.0,142.0,27.0,152.0,142.0
