L_mean,A_mean,B_mean,L_std,A_std,B_std,L_median,A_median,B_median,L_mode,A_mode,B_mode
24.15007798325747,150.8059649234491,141.41296113569086,5.555514739933826,4.122376634824273,3.6232362138871035,26.0,152.0,142.0,27.0,152.0,142.0
