L_mean,A_mean,B_mean,L_std,A_std,B_std,L_median,A_median,B_median,L_mode,A_mode,B_mode
24.061336219244357,150.71617277270266,141.32011331444758,5.583483378746721,4.151250239720763,3.647888783518846,26.0,152.0,142.0,27.0,152.0,142.0
