L_mean,A_mean,B_mean,L_std,A_std,B_std,L_median,A_median,B_median,L_mode,A_mode,B_mode
34.629308972849095,156.46439825572142,148.0762962727186,5.582229401157453,3.4153540311238513,3.716357099565567,37.0,158.0,150.0,38.0,158.0,150.0
