L_mean,A_mean,B_mean,L_std,A_std,B_std,L_median,A_median,B_median,L_mode,A_mode,B_mode
34.710411560620045,156.66661361683165,147.98185695642488,5.602107163567519,3.2646611144133364,3.593673787802122,36.0,158.0,149.0,38.0,158.0,151.0
