L_mean,A_mean,B_mean,L_std,A_std,B_std,L_median,A_median,B_median,L_mode,A_mode,B_mode
35.678072381194895,157.38501448260496,148.57370213578636,4.186608849809131,2.3243547342344306,2.4600551671729507,36.0,157.0,149.0,33.0,155.0,151.0
