L_mean,A_mean,B_mean,L_std,A_std,B_std,L_median,A_median,B_median,L_mode,A_mode,B_mode
23.721074577458065,149.49482764108603,140.81051659929338,2.68548461555693,1.8652175374597069,1.5373605231908503,24.0,150.0,141.0,23.0,149.0,139.0
