L_mean,A_mean,B_mean,L_std,A_std,B_std,L_median,A_median,B_median,L_mode,A_mode,B_mode
25.33332272336633,150.7900499729446,141.91039882865965,2.72516358520179,1.8064724056159278,1.8514749272189317,26.0,151.0,142.0,27.0,152.0,142.0
