L_mean,A_mean,B_mean,L_std,A_std,B_std,L_median,A_median,B_median,L_mode,A_mode,B_mode
24.609765413629564,150.3395932138651,141.42343317312285,2.6740038875296888,1.696622943321595,1.736383129337259,25.0,150.0,142.0,23.0,149.0,142.0
