L_mean,A_mean,B_mean,L_std,A_std,B_std,L_median,A_median,B_median,L_mode,A_mode,B_mode
16.284050036604388,142.90721583855876,135.31565712830633,2.328174233069412,3.050246257854619,1.464574334487129,16.0,144.0,136.0,17.0,146.0,136.0
