L_mean,A_mean,B_mean,L_std,A_std,B_std,L_median,A_median,B_median,L_mode,A_mode,B_mode
16.779928064423718,143.2865327688831,135.71069802972912,2.7193579709741296,3.3269864072558617,1.804836173506436,17.0,144.0,136.0,16.0,146.0,136.0
