L_mean,A_mean,B_mean,L_std,A_std,B_std,L_median,A_median,B_median,L_mode,A_mode,B_mode
12.594837190056339,139.50975586465927,133.43807492758697,2.2735461400500965,2.496453174274629,1.0399422921900277,12.0,139.0,133.0,11.0,141.0,133.0
