L_mean,A_mean,B_mean,L_std,A_std,B_std,L_median,A_median,B_median,L_mode,A_mode,B_mode
22.346309322978005,148.95667950472674,140.03399433427762,2.3321426981949576,1.5491074588972225,1.2189574789408097,23.0,149.0,140.0,23.0,149.0,139.0
