L_mean,A_mean,B_mean,L_std,A_std,B_std,L_median,A_median,B_median,L_mode,A_mode,B_mode
24.348664735652672,150.02002100773467,141.25342967183371,2.848806182745125,1.9891833069733027,1.7480407832368514,25.0,150.0,142.0,27.0,152.0,142.0
