L_mean,A_mean,B_mean,L_std,A_std,B_std,L_median,A_median,B_median,L_mode,A_mode,B_mode
19.037272814081547,145.80418244899258,137.4978833115829,4.167761583416865,4.060292241281779,2.6802840333387046,19.0,147.0,138.0,20.0,149.0,139.0
