L_mean,A_mean,B_mean,L_std,A_std,B_std,L_median,A_median,B_median,L_mode,A_mode,B_mode
16.9720851768151,143.9374224146163,136.05487474933952,3.164544267675845,3.7686171958328774,2.084289792658479,17.0,145.0,136.0,17.0,146.0,136.0
