L_mean,A_mean,B_mean,L_std,A_std,B_std,L_median,A_median,B_median,L_mode,A_mode,B_mode
15.504917719705892,142.9668332431486,135.22904796766082,3.362980063302812,3.3650236656545376,1.740042890939594,15.0,143.0,135.0,15.0,141.0,135.0
