L_mean,A_mean,B_mean,L_std,A_std,B_std,L_median,A_median,B_median,L_mode,A_mode,B_mode
17.760798293917308,144.74268708024317,136.60626412451856,3.1151782203225435,3.8460137904775316,2.1674364992985797,18.0,146.0,137.0,20.0,149.0,139.0
