L_mean,A_mean,B_mean,L_std,A_std,B_std,L_median,A_median,B_median,L_mode,A_mode,B_mode
17.538211796161313,144.3929082980552,136.30442117325015,3.0492434613966157,3.7134859252954167,2.0854586757609117,17.0,146.0,136.0,20.0,146.0,136.0
