L_mean,A_mean,B_mean,L_std,A_std,B_std,L_median,A_median,B_median,L_mode,A_mode,B_mode
60.40137505172359,170.15641213355826,162.8614762708088,2.3235589176913205,1.2459686811506991,1.2749813972608939,60.0,170.0,163.0,60.0,171.0,163.0
