L_mean,A_mean,B_mean,L_std,A_std,B_std,L_median,A_median,B_median,L_mode,A_mode,B_mode
40.962090587898274,160.14036986344973,151.60018461342585,2.3746781501607472,1.3533358715976709,1.1916134735186854,41.0,160.0,151.0,40.0,160.0,151.0
