L_mean,A_mean,B_mean,L_std,A_std,B_std,L_median,A_median,B_median,L_mode,A_mode,B_mode
53.042429258045004,165.0190342808034,157.809179743451,3.647552043714576,2.201585024521212,2.490081116132961,53.0,166.0,158.0,52.0,166.0,160.0
