L_mean,A_mean,B_mean,L_std,A_std,B_std,L_median,A_median,B_median,L_mode,A_mode,B_mode
41.45328962026928,160.052933125378,151.71544068497948,2.8465313491780413,1.6802884790095256,1.4950691356124308,42.0,160.0,152.0,42.0,160.0,152.0
