L_mean,A_mean,B_mean,L_std,A_std,B_std,L_median,A_median,B_median,L_mode,A_mode,B_mode
46.3452271063437,162.58999904510296,154.15603017474615,2.4721112296781516,1.2616124431997207,1.6476745123990186,46.0,163.0,154.0,46.0,163.0,154.0
