L_mean,A_mean,B_mean,L_std,A_std,B_std,L_median,A_median,B_median,L_mode,A_mode,B_mode
54.99968170098991,166.18292644109877,159.06391444122607,3.0354412598497147,1.747781541046167,2.133034547961928,55.0,166.0,159.0,54.0,166.0,160.0
