L_mean,A_mean,B_mean,L_std,A_std,B_std,L_median,A_median,B_median,L_mode,A_mode,B_mode
62.158926695737975,170.81646879078207,163.51637648406913,5.954071196123788,2.955347166269046,3.209673834060287,65.0,172.0,165.0,66.0,173.0,166.0
