L_mean,A_mean,B_mean,L_std,A_std,B_std,L_median,A_median,B_median,L_mode,A_mode,B_mode
43.28293599006907,161.4282394881752,153.03654072635834,3.2860214216136696,1.7840726621283818,1.8462866059094332,44.0,162.0,153.0,45.0,162.0,153.0
