L_mean,A_mean,B_mean,L_std,A_std,B_std,L_median,A_median,B_median,L_mode,A_mode,B_mode
55.75624661807302,167.65410446573512,160.12286341789476,6.466361550150334,3.3791579901801203,3.7361055179517626,58.0,168.0,161.0,60.0,171.0,161.0
