L_mean,A_mean,B_mean,L_std,A_std,B_std,L_median,A_median,B_median,L_mode,A_mode,B_mode
41.667791323168984,160.14918674602922,151.7660502275838,2.962876893213161,1.7704906614751739,1.589676448606297,42.0,160.0,152.0,42.0,160.0,152.0
