L_mean,A_mean,B_mean,L_std,A_std,B_std,L_median,A_median,B_median,L_mode,A_mode,B_mode
40.056593563994014,159.86666454467326,151.03669987586338,2.800738474427705,1.6967409271675127,1.560598831085109,40.0,160.0,151.0,40.0,160.0,151.0
