L_mean,A_mean,B_mean,L_std,A_std,B_std,L_median,A_median,B_median,L_mode,A_mode,B_mode
45.957570741954996,162.30626730750868,154.07620078301557,3.273610841432663,1.667568154150814,2.091624007674093,46.0,163.0,154.0,45.0,163.0,154.0
