L_mean,A_mean,B_mean,L_std,A_std,B_std,L_median,A_median,B_median,L_mode,A_mode,B_mode
54.74615653945316,167.13483146067415,159.5650762326129,6.262249514673245,3.3096923333405663,3.671804634727386,58.0,169.0,161.0,58.0,169.0,162.0
