L_mean,A_mean,B_mean,L_std,A_std,B_std,L_median,A_median,B_median,L_mode,A_mode,B_mode
60.513448133176304,170.07823789668015,162.82522201355954,2.7931202094289653,1.4550134963539683,1.472817256012981,60.0,170.0,163.0,60.0,170.0,164.0
