L_mean,A_mean,B_mean,L_std,A_std,B_std,L_median,A_median,B_median,L_mode,A_mode,B_mode
41.71407199923608,160.4833370468218,151.9077569468759,2.2827735664374864,1.317976324156383,1.274875723957829,42.0,160.0,152.0,42.0,160.0,151.0
