L_mean,A_mean,B_mean,L_std,A_std,B_std,L_median,A_median,B_median,L_mode,A_mode,B_mode
61.11808893274342,170.28003946907725,162.97931056434413,6.248528958687229,3.156354482148744,3.4358528850874244,63.0,172.0,164.0,66.0,173.0,166.0
