L_mean,A_mean,B_mean,L_std,A_std,B_std,L_median,A_median,B_median,L_mode,A_mode,B_mode
39.67769042238279,159.36527994397937,150.78279275551452,2.3224464992376004,1.4847073707180565,1.3008412608213706,40.0,160.0,151.0,40.0,160.0,151.0
