L_mean,A_mean,B_mean,L_std,A_std,B_std,L_median,A_median,B_median,L_mode,A_mode,B_mode
52.5650125728109,164.81891969315976,157.52127828882453,3.331436284506208,2.175289160129121,2.377733543185856,53.0,165.0,158.0,54.0,166.0,158.0
