L_mean,A_mean,B_mean,L_std,A_std,B_std,L_median,A_median,B_median,L_mode,A_mode,B_mode
38.582455358563834,158.9819206162269,150.44670083076042,2.1171797293011645,1.45014916856523,1.2960022631012138,38.0,160.0,151.0,38.0,160.0,151.0
