L_mean,A_mean,B_mean,L_std,A_std,B_std,L_median,A_median,B_median,L_mode,A_mode,B_mode
46.424356240252095,162.91428207658274,154.77305280580578,6.941487786710655,3.605755034241002,3.899242948636513,48.0,163.0,156.0,51.0,165.0,157.0
