L_mean,A_mean,B_mean,L_std,A_std,B_std,L_median,A_median,B_median,L_mode,A_mode,B_mode
43.02995193684948,160.82563580227264,152.2081357226979,2.3617679876220428,1.4004941209945185,1.4056798515621554,43.0,161.0,152.0,42.0,160.0,151.0
