L_mean,A_mean,B_mean,L_std,A_std,B_std,L_median,A_median,B_median,L_mode,A_mode,B_mode
38.34131202851959,158.74949867905912,150.28914282076582,2.6952829656226105,1.7370290754751898,1.647735235070982,38.0,160.0,151.0,38.0,160.0,151.0
