L_mean,A_mean,B_mean,L_std,A_std,B_std,L_median,A_median,B_median,L_mode,A_mode,B_mode
40.62380239997454,159.50093898207976,151.21889422923894,2.9736595125412757,1.8582829795708908,1.6412144701868236,42.0,160.0,152.0,42.0,160.0,152.0
