L_mean,A_mean,B_mean,L_std,A_std,B_std,L_median,A_median,B_median,L_mode,A_mode,B_mode
38.43995289174651,158.7642995830283,150.35359837030907,2.4247325801785684,1.6570415835643544,1.514832821792734,38.0,159.0,151.0,38.0,160.0,151.0
