L_mean,A_mean,B_mean,L_std,A_std,B_std,L_median,A_median,B_median,L_mode,A_mode,B_mode
43.26237387401725,161.35907311328262,153.0258458796193,3.8117893567482004,2.10039206121875,2.1643467615676295,43.0,162.0,153.0,43.0,162.0,153.0
