L_mean,A_mean,B_mean,L_std,A_std,B_std,L_median,A_median,B_median,L_mode,A_mode,B_mode
46.91469586529586,163.04036031447941,155.01009007861987,6.340563330238127,3.311278689917347,3.619920734198891,48.0,163.0,156.0,50.0,165.0,157.0
