L_mean,A_mean,B_mean,L_std,A_std,B_std,L_median,A_median,B_median,L_mode,A_mode,B_mode
52.41652608460387,164.63242830314798,157.2989464302766,3.5463003046920787,2.248455897497914,2.505547036342664,53.0,165.0,158.0,54.0,166.0,157.0
