L_mean,A_mean,B_mean,L_std,A_std,B_std,L_median,A_median,B_median,L_mode,A_mode,B_mode
38.23519113855556,158.84880797020722,150.4332049527326,1.8545017172998788,1.3386603921869118,1.176196309132721,38.0,159.0,151.0,38.0,160.0,151.0
