L_mean,A_mean,B_mean,L_std,A_std,B_std,L_median,A_median,B_median,L_mode,A_mode,B_mode
52.720342489734854,164.83728554604195,157.57688512588726,3.5301410934099415,2.243246688985569,2.490614761729041,53.0,165.0,158.0,52.0,166.0,157.0
