L_mean,A_mean,B_mean,L_std,A_std,B_std,L_median,A_median,B_median,L_mode,A_mode,B_mode
39.47569787057962,159.64325046949105,150.78979533373652,2.2619381344648963,1.4958514831791612,1.1860293673852913,40.0,160.0,151.0,40.0,160.0,151.0
