L_mean,A_mean,B_mean,L_std,A_std,B_std,L_median,A_median,B_median,L_mode,A_mode,B_mode
40.08361714995066,159.67956838654231,151.24127064964827,2.283127917673612,1.2846572498764384,1.0673936828167958,40.0,160.0,151.0,38.0,160.0,151.0
