L_mean,A_mean,B_mean,L_std,A_std,B_std,L_median,A_median,B_median,L_mode,A_mode,B_mode
56.2922303211637,168.00082757742624,160.47655727790686,5.916031449153924,3.098460533919716,3.4331671801389336,58.0,169.0,162.0,60.0,171.0,163.0
