L_mean,A_mean,B_mean,L_std,A_std,B_std,L_median,A_median,B_median,L_mode,A_mode,B_mode
53.54448228666009,166.57799917242258,158.79600216443328,4.877497551594809,2.523111361357719,2.7934450371266144,54.0,167.0,159.0,54.0,167.0,161.0
