L_mean,A_mean,B_mean,L_std,A_std,B_std,L_median,A_median,B_median,L_mode,A_mode,B_mode
61.59614221599771,170.5318139860585,163.25002387242574,5.974629784174974,3.046716579782901,3.246764184544943,64.0,172.0,164.0,66.0,173.0,166.0
