L_mean,A_mean,B_mean,L_std,A_std,B_std,L_median,A_median,B_median,L_mode,A_mode,B_mode
41.78078747175096,160.4964509660375,151.99166056593563,2.8199474272444545,1.5995313632297037,1.5416488419565204,42.0,160.0,152.0,42.0,160.0,151.0
