L_mean,A_mean,B_mean,L_std,A_std,B_std,L_median,A_median,B_median,L_mode,A_mode,B_mode
60.978960435433045,170.1854728331795,162.91542795301908,6.288920306081228,3.201642897954602,3.426639838509635,63.0,171.0,164.0,66.0,173.0,166.0
