L_mean,A_mean,B_mean,L_std,A_std,B_std,L_median,A_median,B_median,L_mode,A_mode,B_mode
41.19989177833657,159.85453735238883,151.47674825731292,2.536395875485525,1.5460345014066241,1.362154264836997,42.0,160.0,152.0,42.0,160.0,152.0
