L_mean,A_mean,B_mean,L_std,A_std,B_std,L_median,A_median,B_median,L_mode,A_mode,B_mode
48.53028615081007,163.2364006747939,155.16551548524683,2.2689194992667314,1.2599142378824837,1.5046329382059562,48.0,163.0,155.0,47.0,163.0,154.0
