L_mean,A_mean,B_mean,L_std,A_std,B_std,L_median,A_median,B_median,L_mode,A_mode,B_mode
42.72432122736098,161.01941623961548,152.64439634592736,4.061781546625969,2.263812230296173,2.3735877683559576,43.0,161.0,152.0,43.0,161.0,152.0
