L_mean,A_mean,B_mean,L_std,A_std,B_std,L_median,A_median,B_median,L_mode,A_mode,B_mode
55.751822261832764,167.6583060126683,160.13374924403985,6.295220817154074,3.299897151006235,3.6654307779956903,58.0,169.0,161.0,60.0,171.0,161.0
