H_mean,S_mean,V_mean,H_std,S_std,V_std,H_median,S_median,V_median,H_mode,S_mode,V_mode
2.9737721615685775,248.40118407231753,80.80310023235828,0.6820479005096725,2.409856072108247,4.222289709783819,3.0,249.0,81.0,3.0,249.0,80.0
