H_mean,S_mean,V_mean,H_std,S_std,V_std,H_median,S_median,V_median,H_mode,S_mode,V_mode
2.954674220963173,251.8979215074641,116.5363974918038,0.24197431468339736,2.323072364602577,9.153983336240676,3.0,253.0,118.0,3.0,253.0,124.0
