H_mean,S_mean,V_mean,H_std,S_std,V_std,H_median,S_median,V_median,H_mode,S_mode,V_mode
3.004297036636216,248.0405831237865,80.22927077696788,0.7054035840032394,2.279429779203779,4.857360490597953,3.0,249.0,81.0,3.0,249.0,83.0
