H_mean,S_mean,V_mean,H_std,S_std,V_std,H_median,S_median,V_median,H_mode,S_mode,V_mode
2.8241397969252318,250.27688830887735,105.32335996435052,0.40532851026718864,2.955748826752471,8.4622395323607,3.0,250.0,108.0,3.0,250.0,109.0
