H_mean,S_mean,V_mean,H_std,S_std,V_std,H_median,S_median,V_median,H_mode,S_mode,V_mode
2.7713658210522967,250.24483559856128,105.77435783174714,0.42267958396957533,3.0903585404160987,8.691164049023156,3.0,250.0,108.0,3.0,250.0,109.0
