H_mean,S_mean,V_mean,H_std,S_std,V_std,H_median,S_median,V_median,H_mode,S_mode,V_mode
3.000063659802018,247.86475475061272,80.56771811439667,0.7245820136435979,2.319360992389361,4.9208407214256695,3.0,249.0,82.0,3.0,249.0,83.0
