H_mean,S_mean,V_mean,H_std,S_std,V_std,H_median,S_median,V_median,H_mode,S_mode,V_mode
2.9048285959830666,246.60562752649838,85.66635897762357,0.6152877282027253,2.9472471491206145,8.211689402584605,3.0,246.0,88.0,3.0,246.0,89.0
