H_mean,S_mean,V_mean,H_std,S_std,V_std,H_median,S_median,V_median,H_mode,S_mode,V_mode
2.7502944265843334,247.41869051787248,90.68708024318045,0.5769106875840967,2.52963429881914,8.466268481147164,3.0,247.0,91.0,3.0,247.0,100.0
