H_mean,S_mean,V_mean,H_std,S_std,V_std,H_median,S_median,V_median,H_mode,S_mode,V_mode
2.6588789508864625,247.6435369386001,96.25034217143585,0.48419131664367343,2.4656861452806575,6.709660651154871,3.0,247.0,97.0,3.0,250.0,100.0
