H_mean,S_mean,V_mean,H_std,S_std,V_std,H_median,S_median,V_median,H_mode,S_mode,V_mode
3.5336919502180346,246.80571028424103,67.17388674921222,0.5419323770150081,5.264417963821252,9.33018902917434,4.0,248.0,70.0,4.0,248.0,70.0
