H_mean,S_mean,V_mean,H_std,S_std,V_std,H_median,S_median,V_median,H_mode,S_mode,V_mode
2.8929878728077156,246.42104593054717,85.1264920266098,0.5992691741175055,2.58824646215871,7.7012952039994405,3.0,246.0,88.0,3.0,246.0,89.0
