H_mean,S_mean,V_mean,H_std,S_std,V_std,H_median,S_median,V_median,H_mode,S_mode,V_mode
3.012859280007639,248.37346022853868,79.88289779418785,0.7533729614456143,2.4710392265727754,4.916433640460297,3.0,249.0,80.0,3.0,249.0,83.0
