H_mean,S_mean,V_mean,H_std,S_std,V_std,H_median,S_median,V_median,H_mode,S_mode,V_mode
3.133590094534806,248.64802495464238,79.92103001559666,0.7403208371054248,2.546298186022244,4.279450439194203,3.0,249.0,80.0,3.0,249.0,80.0
