H_mean,S_mean,V_mean,H_std,S_std,V_std,H_median,S_median,V_median,H_mode,S_mode,V_mode
2.8629086163542032,250.05258299646687,102.59731992233505,0.4387833104904795,2.9077857785174452,11.562857155355559,3.0,250.0,106.0,3.0,250.0,114.0
