H_mean,S_mean,V_mean,H_std,S_std,V_std,H_median,S_median,V_median,H_mode,S_mode,V_mode
3.1855364929815067,244.52547983575772,82.4236878123309,0.5997279904604451,3.434098241066091,7.8814815758989445,3.0,244.0,84.0,3.0,246.0,84.0
