H_mean,S_mean,V_mean,H_std,S_std,V_std,H_median,S_median,V_median,H_mode,S_mode,V_mode
2.911353725689913,251.26406085877073,107.83018747811694,0.3546823883088514,2.777319052208957,11.434895943747206,3.0,252.0,113.0,3.0,253.0,114.0
