H_mean,S_mean,V_mean,H_std,S_std,V_std,H_median,S_median,V_median,H_mode,S_mode,V_mode
2.8673966323964732,249.9625362065124,102.50087532227775,0.4369305151860004,3.0033239856730503,11.723577351354216,3.0,250.0,106.0,3.0,250.0,114.0
