H_mean,S_mean,V_mean,H_std,S_std,V_std,H_median,S_median,V_median,H_mode,S_mode,V_mode
2.954483241557119,248.34398574020435,80.99283827227298,0.7188685971380256,2.6337022203710374,4.738540075966708,3.0,249.0,81.0,3.0,249.0,83.0
