H_mean,S_mean,V_mean,H_std,S_std,V_std,H_median,S_median,V_median,H_mode,S_mode,V_mode
3.2055575007161727,244.25814049718306,80.95257344749658,0.6021381365681555,3.546314400772545,7.038589416489867,3.0,244.0,83.0,3.0,243.0,84.0
