H_mean,S_mean,V_mean,H_std,S_std,V_std,H_median,S_median,V_median,H_mode,S_mode,V_mode
2.995702963363784,247.80099945889168,91.44892892383105,0.46436621160892444,2.698367928441302,8.515874992777409,3.0,248.0,94.0,3.0,250.0,100.0
