H_mean,S_mean,V_mean,H_std,S_std,V_std,H_median,S_median,V_median,H_mode,S_mode,V_mode
3.0102492281249007,247.6887035681319,90.0536970430022,0.5065995497294578,2.5470834998069574,9.016512899838023,3.0,248.0,91.0,3.0,250.0,100.0
