H_mean,S_mean,V_mean,H_std,S_std,V_std,H_median,S_median,V_median,H_mode,S_mode,V_mode
2.846548047235573,250.11780246363435,102.91794251519877,0.4476407375761251,2.846594587828827,11.548508281958217,3.0,250.0,106.0,3.0,250.0,114.0
