H_mean,S_mean,V_mean,H_std,S_std,V_std,H_median,S_median,V_median,H_mode,S_mode,V_mode
2.9979310564344144,247.94757615303817,92.60273100550657,0.43014976867019294,2.510803356783771,8.281860421871146,3.0,248.0,95.0,3.0,250.0,100.0
