H_mean,S_mean,V_mean,H_std,S_std,V_std,H_median,S_median,V_median,H_mode,S_mode,V_mode
3.5698188878632586,246.61263010472038,67.30423019384409,0.5459851341040254,5.745066052159323,10.4434222231053,4.0,248.0,70.0,4.0,248.0,70.0
