H_mean,S_mean,V_mean,H_std,S_std,V_std,H_median,S_median,V_median,H_mode,S_mode,V_mode
2.886399083298851,251.24257567558965,107.7360346309323,0.3437183361944591,2.8747312557841433,10.605170024334576,3.0,251.0,113.0,3.0,253.0,116.0
