H_mean,S_mean,V_mean,H_std,S_std,V_std,H_median,S_median,V_median,H_mode,S_mode,V_mode
3.5651398924149347,246.86866982843682,66.62453448769774,0.5090516683371377,4.358264059628503,7.8058570740555595,4.0,248.0,70.0,4.0,248.0,70.0
