H_mean,S_mean,V_mean,H_std,S_std,V_std,H_median,S_median,V_median,H_mode,S_mode,V_mode
2.7943788394818094,248.6618391316803,97.31043702454086,0.44872308799232424,2.220851274561348,3.3817434573637635,3.0,250.0,98.0,3.0,250.0,100.0
