H_mean,S_mean,V_mean,H_std,S_std,V_std,H_median,S_median,V_median,H_mode,S_mode,V_mode
3.2088678104211095,244.14514434860106,81.6470063978101,0.6227942852967913,3.4927721112258108,7.500482330962984,3.0,244.0,84.0,3.0,243.0,84.0
