H_mean,S_mean,V_mean,H_std,S_std,V_std,H_median,S_median,V_median,H_mode,S_mode,V_mode
2.7400133685584236,248.3261609956393,98.20215170130821,0.4538278048105778,2.1172863134221993,3.7857586936720504,3.0,248.0,99.0,3.0,250.0,100.0
