H_mean,S_mean,V_mean,H_std,S_std,V_std,H_median,S_median,V_median,H_mode,S_mode,V_mode
2.6531495687048414,247.37476525448005,96.13881019830028,0.48459102182608493,2.4134463974361275,5.819853232272061,3.0,247.0,97.0,3.0,250.0,100.0
