H_mean,S_mean,V_mean,H_std,S_std,V_std,H_median,S_median,V_median,H_mode,S_mode,V_mode
2.923289938568291,251.8615399306108,116.64496928414553,0.2669710005785465,2.3030499997983283,9.125504244251172,3.0,253.0,119.0,3.0,253.0,124.0
