H_mean,S_mean,V_mean,H_std,S_std,V_std,H_median,S_median,V_median,H_mode,S_mode,V_mode
3.254511888468027,243.74758888499858,80.29748225483019,0.6073598699127183,3.6677243705224742,6.955737251502647,3.0,244.0,82.0,3.0,243.0,84.0
