H_mean,S_mean,V_mean,H_std,S_std,V_std,H_median,S_median,V_median,H_mode,S_mode,V_mode
2.9020912244962918,251.23385428271317,108.03873698952796,0.3448866451727937,2.8673059854571092,11.122268618161145,3.0,252.0,113.0,3.0,253.0,116.0
