H_mean,S_mean,V_mean,H_std,S_std,V_std,H_median,S_median,V_median,H_mode,S_mode,V_mode
2.9932838908870996,252.44078046917275,117.02590953942133,0.15691988699684445,1.9390548055826629,7.756518303439208,3.0,253.0,120.0,3.0,253.0,124.0
