H_mean,S_mean,V_mean,H_std,S_std,V_std,H_median,S_median,V_median,H_mode,S_mode,V_mode
3.047203743196359,251.17681510010505,107.73800808479486,0.2605671499822139,2.917357545510749,9.862052316950939,3.0,253.0,111.0,3.0,253.0,115.0
