H_mean,S_mean,V_mean,H_std,S_std,V_std,H_median,S_median,V_median,H_mode,S_mode,V_mode
3.067925008753223,248.00515644396347,78.9865359518732,0.7052372388094555,2.8630637598024435,6.057832082201398,3.0,249.0,80.0,3.0,249.0,83.0
