H_mean,S_mean,V_mean,H_std,S_std,V_std,H_median,S_median,V_median,H_mode,S_mode,V_mode
2.8847757583473914,248.14574911672025,98.51440303020658,0.39148728528315446,2.2158020958020934,5.16970634140663,3.0,248.0,100.0,3.0,250.0,100.0
