H_mean,S_mean,V_mean,H_std,S_std,V_std,H_median,S_median,V_median,H_mode,S_mode,V_mode
2.830855906038132,249.68319699525733,102.04207912913391,0.43178585089168864,2.8344520235718162,10.517665501657895,3.0,250.0,105.0,3.0,250.0,109.0
