H_mean,S_mean,V_mean,H_std,S_std,V_std,H_median,S_median,V_median,H_mode,S_mode,V_mode
2.946812235413948,251.1533564630614,107.31995416494254,0.3487090695627761,2.8602159910908287,12.58002626216448,3.0,252.0,112.0,3.0,253.0,116.0
