H_mean,S_mean,V_mean,H_std,S_std,V_std,H_median,S_median,V_median,H_mode,S_mode,V_mode
2.9094757615303815,247.99589394276984,97.86249482764109,0.34973111036979776,2.29916830379692,5.462007287396246,3.0,248.0,100.0,3.0,250.0,100.0
