H_mean,S_mean,V_mean,H_std,S_std,V_std,H_median,S_median,V_median,H_mode,S_mode,V_mode
3.6124072954133113,247.32746602158068,67.81732819810931,0.517742365219722,5.003382576119567,8.577068354481803,4.0,248.0,70.0,4.0,248.0,70.0
