H_mean,S_mean,V_mean,H_std,S_std,V_std,H_median,S_median,V_median,H_mode,S_mode,V_mode
2.743737466976478,249.1971544068498,98.975268166916,0.520457183140623,2.964783676107879,10.826892440995247,3.0,249.0,102.0,3.0,250.0,109.0
