H_mean,S_mean,V_mean,H_std,S_std,V_std,H_median,S_median,V_median,H_mode,S_mode,V_mode
2.7957793551262053,249.6858707069421,102.43521023649616,0.450070034674433,2.6925520098330664,5.312204605956056,3.0,250.0,102.0,3.0,250.0,109.0
