H_mean,S_mean,V_mean,H_std,S_std,V_std,H_median,S_median,V_median,H_mode,S_mode,V_mode
2.4753159117675145,247.24658624311678,93.50058885316867,0.5090568670219728,2.513679763890249,4.777098726262375,2.0,247.0,93.0,2.0,247.0,100.0
