H_mean,S_mean,V_mean,H_std,S_std,V_std,H_median,S_median,V_median,H_mode,S_mode,V_mode
2.5521214629022504,247.80870229493587,93.08950568163733,0.5961451240499195,2.4266309387771448,7.746633015995955,2.0,247.0,95.0,2.0,247.0,100.0
