H_mean,S_mean,V_mean,H_std,S_std,V_std,H_median,S_median,V_median,H_mode,S_mode,V_mode
2.7473024158894868,248.74908489034598,102.3653436037814,0.4418299547677317,2.1446232995507586,4.130851623126014,3.0,248.0,102.0,3.0,250.0,106.0
