H_mean,S_mean,V_mean,H_std,S_std,V_std,H_median,S_median,V_median,H_mode,S_mode,V_mode
3.5923544577776365,248.68189196931598,75.2777477162046,0.5011536074619839,3.4220410645971424,4.618369249498515,4.0,249.0,77.0,4.0,252.0,77.0
