H_mean,S_mean,V_mean,H_std,S_std,V_std,H_median,S_median,V_median,H_mode,S_mode,V_mode
2.899003724098418,252.01639239901965,110.96247254671037,0.3066686673315798,2.40601644550934,4.065993185378268,3.0,253.0,112.0,3.0,253.0,106.0
