H_mean,S_mean,V_mean,H_std,S_std,V_std,H_median,S_median,V_median,H_mode,S_mode,V_mode
3.5617659229079797,249.6826240570392,75.25814049718305,0.5248592650503087,2.6785396919511633,3.7618435356352387,4.0,249.0,77.0,4.0,252.0,77.0
