H_mean,S_mean,V_mean,H_std,S_std,V_std,H_median,S_median,V_median,H_mode,S_mode,V_mode
3.5033580545564504,243.55871025241112,69.77929146640354,0.5522685040348595,7.299427280390099,8.977541098532232,4.0,245.0,73.0,4.0,248.0,74.0
