H_mean,S_mean,V_mean,H_std,S_std,V_std,H_median,S_median,V_median,H_mode,S_mode,V_mode
3.64003564948913,245.72413024795492,69.54791991596906,0.5212618123435263,7.36738721316509,9.151234967550833,4.0,248.0,73.0,4.0,248.0,74.0
