H_mean,S_mean,V_mean,H_std,S_std,V_std,H_median,S_median,V_median,H_mode,S_mode,V_mode
2.878346118343572,250.7908457204698,108.78107394086004,0.33373283598680953,2.7782088357477672,5.408645389606386,3.0,250.0,109.0,3.0,250.0,109.0
