H_mean,S_mean,V_mean,H_std,S_std,V_std,H_median,S_median,V_median,H_mode,S_mode,V_mode
2.689181016647038,246.3880064932998,81.87532227774771,0.6796510396052999,2.762488143876074,6.38091097504618,3.0,246.0,84.0,3.0,246.0,83.0
