H_mean,S_mean,V_mean,H_std,S_std,V_std,H_median,S_median,V_median,H_mode,S_mode,V_mode
2.7199287010217397,248.12108094343827,91.68978578476622,0.661874470829092,2.64612068426214,9.8243917713867,3.0,248.0,93.0,3.0,247.0,100.0
