H_mean,S_mean,V_mean,H_std,S_std,V_std,H_median,S_median,V_median,H_mode,S_mode,V_mode
2.6099563930356178,247.76496801094947,92.41779928064423,0.5792878466069004,2.342685547129383,8.152328804873882,3.0,247.0,94.0,3.0,247.0,100.0
