H_mean,S_mean,V_mean,H_std,S_std,V_std,H_median,S_median,V_median,H_mode,S_mode,V_mode
3.049018047553872,248.62832224591781,80.74259159054016,0.7268302111256174,2.4556734877899644,3.800126895140701,3.0,249.0,80.0,3.0,249.0,80.0
