H_mean,S_mean,V_mean,H_std,S_std,V_std,H_median,S_median,V_median,H_mode,S_mode,V_mode
2.979756182958271,250.95648852532068,109.4851513511793,0.42261949339434035,2.8778033233005584,10.551469223413493,3.0,251.0,109.0,3.0,253.0,106.0
