H_mean,S_mean,V_mean,H_std,S_std,V_std,H_median,S_median,V_median,H_mode,S_mode,V_mode
3.4578094662125602,242.54161759556928,68.31502053028615,0.563803068598616,7.452429210623147,9.09457362796781,3.0,244.0,71.0,4.0,248.0,74.0
