H_mean,S_mean,V_mean,H_std,S_std,V_std,H_median,S_median,V_median,H_mode,S_mode,V_mode
2.765254480058567,247.07963841232453,89.19852309259318,0.6171554248214566,2.9201600347598213,6.220025682355456,3.0,247.0,90.0,3.0,246.0,94.0
