H_mean,S_mean,V_mean,H_std,S_std,V_std,H_median,S_median,V_median,H_mode,S_mode,V_mode
2.772734506795684,249.22662889518415,98.21456536270172,0.532354162417967,2.8699110044098983,11.217489900564996,3.0,249.0,101.0,3.0,250.0,109.0
