H_mean,S_mean,V_mean,H_std,S_std,V_std,H_median,S_median,V_median,H_mode,S_mode,V_mode
2.5772034248973488,247.64468281503645,92.4834007066238,0.5731169022147763,2.317261994964251,7.9500157221908685,3.0,247.0,94.0,3.0,247.0,100.0
