H_mean,S_mean,V_mean,H_std,S_std,V_std,H_median,S_median,V_median,H_mode,S_mode,V_mode
3.383232008148455,249.50253047713022,75.8378266543591,0.5637341911599874,2.5735306231799533,4.192431393678863,3.0,249.0,76.0,3.0,252.0,77.0
