H_mean,S_mean,V_mean,H_std,S_std,V_std,H_median,S_median,V_median,H_mode,S_mode,V_mode
2.966514944138524,252.27154088550785,113.79978992265335,0.26683056865601734,2.362143102723235,5.711533567534212,3.0,253.0,115.0,3.0,253.0,116.0
