H_mean,S_mean,V_mean,H_std,S_std,V_std,H_median,S_median,V_median,H_mode,S_mode,V_mode
2.737976254893847,247.5074959416876,92.20275646942738,0.5574637823883777,2.553990999398899,8.314488064835682,3.0,247.0,94.0,3.0,247.0,94.0
