H_mean,S_mean,V_mean,H_std,S_std,V_std,H_median,S_median,V_median,H_mode,S_mode,V_mode
3.4353057261991915,245.84301492822357,77.55291721042748,0.5454501627802729,3.3773375819817177,5.40551959257868,3.0,246.0,79.0,3.0,249.0,79.0
