H_mean,S_mean,V_mean,H_std,S_std,V_std,H_median,S_median,V_median,H_mode,S_mode,V_mode
2.812617372759971,247.46866346245662,95.71884648438743,0.4393390436887339,3.126693069138555,7.691646945951816,3.0,247.0,97.0,3.0,250.0,105.0
