H_mean,S_mean,V_mean,H_std,S_std,V_std,H_median,S_median,V_median,H_mode,S_mode,V_mode
2.745933730146099,247.56163860330395,93.04612152656205,0.5100231372426743,3.178416710764105,6.147097033976597,3.0,247.0,94.0,3.0,247.0,94.0
