H_mean,S_mean,V_mean,H_std,S_std,V_std,H_median,S_median,V_median,H_mode,S_mode,V_mode
2.6739026641627146,247.1897698698157,90.36155584556133,0.5657139190173294,2.910233868168615,6.102746043182465,3.0,247.0,91.0,3.0,246.0,91.0
