H_mean,S_mean,V_mean,H_std,S_std,V_std,H_median,S_median,V_median,H_mode,S_mode,V_mode
3.2293344367699017,248.9441703536302,79.41910430658561,0.6199572573888279,1.90284853080922,3.2453010711446955,3.0,249.0,80.0,3.0,249.0,80.0
