H_mean,S_mean,V_mean,H_std,S_std,V_std,H_median,S_median,V_median,H_mode,S_mode,V_mode
3.393513066174364,249.1815895852564,75.28513225323869,0.6386558302471937,2.583732922611057,5.447032332596289,3.0,249.0,75.0,4.0,248.0,70.0
