H_mean,S_mean,V_mean,H_std,S_std,V_std,H_median,S_median,V_median,H_mode,S_mode,V_mode
3.432441035108381,242.38167234299902,68.43941178342935,0.553562670602426,7.964885788212759,9.246464235091846,3.0,244.0,71.0,3.0,248.0,74.0
