H_mean,S_mean,V_mean,H_std,S_std,V_std,H_median,S_median,V_median,H_mode,S_mode,V_mode
2.6586561415794,247.5126842155521,84.25785402807398,0.6773893018840033,2.5157841126434697,5.337287230380503,3.0,249.0,83.0,2.0,249.0,83.0
