H_mean,S_mean,V_mean,H_std,S_std,V_std,H_median,S_median,V_median,H_mode,S_mode,V_mode
2.792946493936404,246.89553426488843,80.9692523156253,0.6842315457654188,2.784963304813869,5.884980801727196,3.0,248.0,83.0,3.0,249.0,83.0
