H_mean,S_mean,V_mean,H_std,S_std,V_std,H_median,S_median,V_median,H_mode,S_mode,V_mode
2.8571792341725817,247.49517776999713,95.33268612534616,0.4219802477665333,2.8431400528423185,7.395151950093352,3.0,247.0,98.0,3.0,250.0,100.0
