H_mean,S_mean,V_mean,H_std,S_std,V_std,H_median,S_median,V_median,H_mode,S_mode,V_mode
3.409014227965751,238.3014291625553,64.2961135690868,0.5612522142118742,8.05833918764648,8.717330980163037,3.0,240.0,67.0,3.0,244.0,68.0
