H_mean,S_mean,V_mean,H_std,S_std,V_std,H_median,S_median,V_median,H_mode,S_mode,V_mode
3.0090396918865583,252.30543973008244,113.80930706305503,0.21196035956157383,2.1824924976639877,5.186361908054175,3.0,253.0,114.0,3.0,253.0,113.0
