H_mean,S_mean,V_mean,H_std,S_std,V_std,H_median,S_median,V_median,H_mode,S_mode,V_mode
2.7685966196645126,249.7854982971003,104.44695546996849,0.43737188181783054,2.709220132719457,4.9087609069700315,3.0,250.0,105.0,3.0,250.0,109.0
