H_mean,S_mean,V_mean,H_std,S_std,V_std,H_median,S_median,V_median,H_mode,S_mode,V_mode
2.712735143393704,247.1674889391094,93.64060858770729,0.5287276465992063,2.5773782360191464,7.801398948439037,3.0,247.0,94.0,3.0,247.0,101.0
