H_mean,S_mean,V_mean,H_std,S_std,V_std,H_median,S_median,V_median,H_mode,S_mode,V_mode
2.9005952191488684,246.45873253334182,84.32237323741923,0.6204682630590538,3.431051504061913,9.515392024426252,3.0,246.0,85.0,3.0,246.0,84.0
