H_mean,S_mean,V_mean,H_std,S_std,V_std,H_median,S_median,V_median,H_mode,S_mode,V_mode
2.926504758570201,247.41684438361398,84.64551039246268,0.6459728995850368,3.408527695379871,6.204275187092787,3.0,249.0,83.0,3.0,249.0,83.0
