H_mean,S_mean,V_mean,H_std,S_std,V_std,H_median,S_median,V_median,H_mode,S_mode,V_mode
2.569755228061241,247.2908298055193,84.69697934239424,0.6356429301186898,2.390122222703897,5.497763404245183,2.0,248.0,84.0,2.0,249.0,83.0
