H_mean,S_mean,V_mean,H_std,S_std,V_std,H_median,S_median,V_median,H_mode,S_mode,V_mode
2.809084253747971,247.47213292166663,83.25183817678327,0.6432963000659325,2.4760622003534305,5.138052937800245,3.0,249.0,83.0,3.0,249.0,83.0
