H_mean,S_mean,V_mean,H_std,S_std,V_std,H_median,S_median,V_median,H_mode,S_mode,V_mode
2.7505808956934144,247.54747429735494,83.32702040296655,0.6880688585419061,2.4485893030301957,5.690102469950416,3.0,249.0,83.0,3.0,249.0,83.0
