H_mean,S_mean,V_mean,H_std,S_std,V_std,H_median,S_median,V_median,H_mode,S_mode,V_mode
2.7947926281949265,250.03338956615846,104.38358213705955,0.4150539738193585,2.821801911598484,5.01735101108094,3.0,250.0,105.0,3.0,250.0,109.0
