H_mean,S_mean,V_mean,H_std,S_std,V_std,H_median,S_median,V_median,H_mode,S_mode,V_mode
2.753891205398351,247.80383232008148,92.3646433459592,0.5805141267809818,2.4085252160225865,7.803384780872107,3.0,248.0,94.0,3.0,247.0,95.0
