H_mean,S_mean,V_mean,H_std,S_std,V_std,H_median,S_median,V_median,H_mode,S_mode,V_mode
2.789445204825413,247.65566413088456,92.69650189387912,0.5515269226954015,2.4773931679960226,8.216332607457263,3.0,248.0,94.0,3.0,247.0,100.0
