H_mean,S_mean,V_mean,H_std,S_std,V_std,H_median,S_median,V_median,H_mode,S_mode,V_mode
3.0624820956806826,248.57252442944903,80.95782538116306,0.7105723233281733,2.533183156623431,4.342697854696129,3.0,249.0,80.0,3.0,249.0,79.0
