H_mean,S_mean,V_mean,H_std,S_std,V_std,H_median,S_median,V_median,H_mode,S_mode,V_mode
2.980010822166343,252.55715058726167,114.59722443263202,0.2757866492790483,2.088487152940818,5.472636278299485,3.0,253.0,115.0,3.0,253.0,116.0
