H_mean,S_mean,V_mean,H_std,S_std,V_std,H_median,S_median,V_median,H_mode,S_mode,V_mode
2.858452430212942,249.03370786516854,102.97571378553013,0.3635206300133201,2.6811341815455783,6.29263777935196,3.0,250.0,103.0,3.0,250.0,106.0
