H_mean,S_mean,V_mean,H_std,S_std,V_std,H_median,S_median,V_median,H_mode,S_mode,V_mode
3.2611006779768914,247.42349683292485,68.06690645192093,0.5369937948491629,4.366473737801893,7.9143045193430455,3.0,248.0,70.0,3.0,248.0,72.0
