H_mean,S_mean,V_mean,H_std,S_std,V_std,H_median,S_median,V_median,H_mode,S_mode,V_mode
2.7350479040010187,247.47140083394342,91.13740968265589,0.5630181102240854,2.831804402085993,6.366205924343607,3.0,247.0,92.0,3.0,250.0,95.0
