H_mean,S_mean,V_mean,H_std,S_std,V_std,H_median,S_median,V_median,H_mode,S_mode,V_mode
2.7728936563007287,249.66225292039343,103.73593914122927,0.43073140894849127,2.740710899679461,5.17133041249109,3.0,250.0,104.0,3.0,250.0,109.0
