H_mean,S_mean,V_mean,H_std,S_std,V_std,H_median,S_median,V_median,H_mode,S_mode,V_mode
2.784893528981125,246.69478307922464,82.90113632746602,0.6551958418602303,2.7282853058362817,6.6408725503492265,3.0,246.0,83.0,3.0,249.0,83.0
