H_mean,S_mean,V_mean,H_std,S_std,V_std,H_median,S_median,V_median,H_mode,S_mode,V_mode
2.8431422478276094,247.34150300792564,95.12989782601777,0.40906634539274767,2.8150201366729393,7.174395679555187,3.0,247.0,97.0,3.0,250.0,100.0
