H_mean,S_mean,V_mean,H_std,S_std,V_std,H_median,S_median,V_median,H_mode,S_mode,V_mode
3.079670242225547,252.28073972689944,113.88477575834739,0.31863367466564974,2.202866066705247,4.447036049245391,3.0,253.0,115.0,3.0,253.0,115.0
