H_mean,S_mean,V_mean,H_std,S_std,V_std,H_median,S_median,V_median,H_mode,S_mode,V_mode
2.5069230034694594,247.23277206607887,95.22322309577618,0.5081066857317971,2.34902372512298,6.403043546226094,3.0,247.0,96.0,3.0,247.0,100.0
