H_mean,S_mean,V_mean,H_std,S_std,V_std,H_median,S_median,V_median,H_mode,S_mode,V_mode
2.9858356940509916,252.19985994843557,114.30766782315307,0.21797684834042197,2.279631017624189,4.602592529934287,3.0,253.0,115.0,3.0,253.0,115.0
