H_mean,S_mean,V_mean,H_std,S_std,V_std,H_median,S_median,V_median,H_mode,S_mode,V_mode
3.449056243435083,238.34503612693766,64.3275615112837,0.5688724086665218,7.734188155471929,8.437875069684448,3.0,240.0,67.0,3.0,244.0,68.0
