H_mean,S_mean,V_mean,H_std,S_std,V_std,H_median,S_median,V_median,H_mode,S_mode,V_mode
3.606805232835726,248.62424801858867,74.75939777827291,0.5199075181106215,3.927367882299897,6.055643140628213,4.0,249.0,77.0,4.0,252.0,77.0
