H_mean,S_mean,V_mean,H_std,S_std,V_std,H_median,S_median,V_median,H_mode,S_mode,V_mode
2.6947830792246235,248.0073527071331,91.8130629913741,0.615102428700812,2.35538775190491,9.084386237107655,3.0,248.0,94.0,3.0,247.0,100.0
