H_mean,S_mean,V_mean,H_std,S_std,V_std,H_median,S_median,V_median,H_mode,S_mode,V_mode
2.721138237260082,248.96937963522933,98.96772448037687,0.4916508188231406,2.9377211797333516,10.66455756950419,3.0,249.0,101.0,3.0,250.0,109.0
