H_mean,S_mean,V_mean,H_std,S_std,V_std,H_median,S_median,V_median,H_mode,S_mode,V_mode
2.9581755100741636,252.26842155520896,114.19626316962155,0.31235093823236304,2.3927557636894425,5.322074716452263,3.0,253.0,115.0,3.0,253.0,115.0
