H_mean,S_mean,V_mean,H_std,S_std,V_std,H_median,S_median,V_median,H_mode,S_mode,V_mode
2.7033771524970556,247.03822771111183,93.66088423465003,0.5289183654012438,2.623333431934066,7.7971543289923115,3.0,247.0,94.0,3.0,247.0,94.0
