H_mean,S_mean,V_mean,H_std,S_std,V_std,H_median,S_median,V_median,H_mode,S_mode,V_mode
2.8999586211286883,251.038832479231,110.8766909634911,0.36834969548027435,2.859200279907066,6.052646282234184,3.0,251.0,112.0,3.0,253.0,115.0
