H_mean,S_mean,V_mean,H_std,S_std,V_std,H_median,S_median,V_median,H_mode,S_mode,V_mode
2.810421109590349,247.530031511602,84.01400515644396,0.6522879979826406,2.3978886503071446,5.498349862799732,3.0,249.0,83.0,3.0,249.0,83.0
