H_mean,S_mean,V_mean,H_std,S_std,V_std,H_median,S_median,V_median,H_mode,S_mode,V_mode
2.7068147818060284,247.71499506636533,93.42661616322373,0.5098492288514385,2.6196116548669184,6.246198394534932,3.0,247.0,94.0,3.0,247.0,100.0
