H_mean,S_mean,V_mean,H_std,S_std,V_std,H_median,S_median,V_median,H_mode,S_mode,V_mode
3.4799312474138206,249.86029856447146,76.0596810643919,0.5568517998780746,2.5278928470115747,3.623196046683102,4.0,249.0,77.0,4.0,252.0,77.0
