H_mean,S_mean,V_mean,H_std,S_std,V_std,H_median,S_median,V_median,H_mode,S_mode,V_mode
2.749403189356081,249.50733679218257,104.08348983034662,0.43970740952432413,2.7850399699087105,4.34448187162096,3.0,250.0,104.0,3.0,250.0,109.0
