H_mean,S_mean,V_mean,H_std,S_std,V_std,H_median,S_median,V_median,H_mode,S_mode,V_mode
2.7388993220231086,248.88547601616958,99.03590412833816,0.5202541181194833,2.740157878564332,10.373916350277396,3.0,249.0,102.0,3.0,250.0,109.0
