H_mean,S_mean,V_mean,H_std,S_std,V_std,H_median,S_median,V_median,H_mode,S_mode,V_mode
2.907056689053697,244.66944647802146,89.57475252251966,0.504455748925551,3.240793711129366,7.787774803646523,3.0,244.0,90.0,3.0,247.0,95.0
