H_mean,S_mean,V_mean,H_std,S_std,V_std,H_median,S_median,V_median,H_mode,S_mode,V_mode
2.6691281790113632,248.06136804914536,92.83257472069262,0.6509866808710275,2.60112315852305,9.462441239665457,3.0,248.0,94.0,3.0,247.0,100.0
