H_mean,S_mean,V_mean,H_std,S_std,V_std,H_median,S_median,V_median,H_mode,S_mode,V_mode
2.8892001145876436,251.35891396377758,110.29630454849286,0.32318254428254667,2.5031994178866475,4.500964376752442,3.0,251.0,111.0,3.0,250.0,114.0
