H_mean,S_mean,V_mean,H_std,S_std,V_std,H_median,S_median,V_median,H_mode,S_mode,V_mode
3.0217079924881434,248.5519623133972,80.99159690613362,0.7054661969503347,2.4481211356020993,4.392752576325865,3.0,249.0,80.0,3.0,249.0,79.0
