H_mean,S_mean,V_mean,H_std,S_std,V_std,H_median,S_median,V_median,H_mode,S_mode,V_mode
2.85819779100487,240.19591304071045,56.55049813795079,0.5992969514130418,7.892563770633567,9.322702804599757,3.0,242.0,59.0,3.0,247.0,62.0
