H_mean,S_mean,V_mean,H_std,S_std,V_std,H_median,S_median,V_median,H_mode,S_mode,V_mode
3.533755610020053,248.62889518413598,72.86860616863481,0.5081601804759187,3.287233530327305,4.304223909599891,4.0,248.0,73.0,4.0,248.0,77.0
