H_mean,S_mean,V_mean,H_std,S_std,V_std,H_median,S_median,V_median,H_mode,S_mode,V_mode
2.8166279402871055,244.88843619696343,85.65716013623198,0.5359080158490813,4.7373596063553505,12.590242461535013,3.0,246.0,89.0,3.0,250.0,90.0
