H_mean,S_mean,V_mean,H_std,S_std,V_std,H_median,S_median,V_median,H_mode,S_mode,V_mode
3.562434350829169,248.98309832256422,74.01375051723589,0.5092655945448638,3.3138020799218486,3.540572344498596,4.0,248.0,74.0,4.0,248.0,74.0
