H_mean,S_mean,V_mean,H_std,S_std,V_std,H_median,S_median,V_median,H_mode,S_mode,V_mode
2.8032275519623133,239.41136964064043,56.11331444759207,2.083924434042366,7.799216468738397,9.216579278995823,3.0,241.0,59.0,3.0,247.0,59.0
