H_mean,S_mean,V_mean,H_std,S_std,V_std,H_median,S_median,V_median,H_mode,S_mode,V_mode
3.3216093197950154,243.8342617054461,65.88035140210714,0.613760264775664,7.567786360397695,9.265361989820487,3.0,246.0,69.0,3.0,248.0,70.0
