H_mean,S_mean,V_mean,H_std,S_std,V_std,H_median,S_median,V_median,H_mode,S_mode,V_mode
3.494159213164847,248.2423846961836,74.31365184454276,0.5214149123397601,3.503723330298627,4.217263239180358,4.0,248.0,75.0,4.0,248.0,78.0
