H_mean,S_mean,V_mean,H_std,S_std,V_std,H_median,S_median,V_median,H_mode,S_mode,V_mode
3.4996021262373875,249.056498074291,73.85001750644555,0.5154922608796377,3.4554290159367937,4.013922812678538,4.0,248.0,74.0,4.0,248.0,77.0
