H_mean,S_mean,V_mean,H_std,S_std,V_std,H_median,S_median,V_median,H_mode,S_mode,V_mode
3.9773371104815864,240.09529872362097,74.25578508450839,0.7140025163020638,4.702502583266589,5.985208273362865,4.0,241.0,75.0,4.0,242.0,70.0
