H_mean,S_mean,V_mean,H_std,S_std,V_std,H_median,S_median,V_median,H_mode,S_mode,V_mode
3.069102715090556,243.0526466562689,59.869242766655,0.6033651178324233,7.926806037789595,9.859547861012695,3.0,246.0,63.0,3.0,247.0,66.0
