H_mean,S_mean,V_mean,H_std,S_std,V_std,H_median,S_median,V_median,H_mode,S_mode,V_mode
2.830091988413916,244.6456058821657,84.38638316834835,0.5453997441268237,4.594632722700182,11.805335670916428,3.0,246.0,88.0,3.0,246.0,88.0
