H_mean,S_mean,V_mean,H_std,S_std,V_std,H_median,S_median,V_median,H_mode,S_mode,V_mode
3.505681637330108,249.09106534678676,73.7537002259923,0.5190917020900843,3.428340138872791,3.9114454862102273,4.0,248.0,74.0,4.0,248.0,77.0
