H_mean,S_mean,V_mean,H_std,S_std,V_std,H_median,S_median,V_median,H_mode,S_mode,V_mode
3.4088232485596968,243.74023617786548,64.85132253238693,0.6457209200613613,7.288729320215754,9.422672108660478,3.0,247.0,69.0,4.0,248.0,70.0
