H_mean,S_mean,V_mean,H_std,S_std,V_std,H_median,S_median,V_median,H_mode,S_mode,V_mode
3.352388834070726,244.26196008530414,64.54193589457937,0.5802568081414848,6.449955408184539,7.225524617109308,3.0,247.0,67.0,3.0,248.0,68.0
