H_mean,S_mean,V_mean,H_std,S_std,V_std,H_median,S_median,V_median,H_mode,S_mode,V_mode
6.247063691631919,221.76808734124836,62.51392558169144,0.724544490992855,9.64451927845887,4.083730840104549,6.0,224.0,62.0,6.0,225.0,61.0
