H_mean,S_mean,V_mean,H_std,S_std,V_std,H_median,S_median,V_median,H_mode,S_mode,V_mode
2.8326702103956456,244.98443517840659,85.2748830251138,0.5270668295702803,4.082636458007325,11.486737004543908,3.0,246.0,88.0,3.0,246.0,95.0
