H_mean,S_mean,V_mean,H_std,S_std,V_std,H_median,S_median,V_median,H_mode,S_mode,V_mode
4.773307445013846,239.87325333418212,70.10774421491548,0.4741032178732318,4.056927535153596,3.1395493282448643,5.0,240.0,70.0,5.0,240.0,70.0
