H_mean,S_mean,V_mean,H_std,S_std,V_std,H_median,S_median,V_median,H_mode,S_mode,V_mode
2.943024477193876,242.68144635070186,60.05818505904447,0.5858338983433891,7.760450774750832,9.728978954825623,3.0,245.0,64.0,3.0,247.0,66.0
