H_mean,S_mean,V_mean,H_std,S_std,V_std,H_median,S_median,V_median,H_mode,S_mode,V_mode
2.790431931756692,245.56934143934814,91.61619505363338,0.46022754301660057,3.492950035634367,5.853339986525483,3.0,246.0,92.0,3.0,250.0,95.0
