H_mean,S_mean,V_mean,H_std,S_std,V_std,H_median,S_median,V_median,H_mode,S_mode,V_mode
3.008307604163351,242.80329121176433,60.0925613521342,0.6352785249649822,7.776996605761897,9.853899680961833,3.0,244.0,64.0,3.0,247.0,66.0
