H_mean,S_mean,V_mean,H_std,S_std,V_std,H_median,S_median,V_median,H_mode,S_mode,V_mode
4.00289652099182,240.14781806028583,74.2872648566063,0.7168249839180166,4.598286945782475,5.83465307927978,4.0,240.0,75.0,4.0,239.0,70.0
