H_mean,S_mean,V_mean,H_std,S_std,V_std,H_median,S_median,V_median,H_mode,S_mode,V_mode
3.223063946271127,242.99207435464876,62.75650125728109,0.6286281973538901,7.538778085521357,8.581432665180802,3.0,244.0,67.0,3.0,248.0,68.0
