H_mean,S_mean,V_mean,H_std,S_std,V_std,H_median,S_median,V_median,H_mode,S_mode,V_mode
3.040551293885476,243.44125791768786,60.31794888117898,0.5394524679965678,7.32797330885913,9.526568480975937,3.0,247.0,65.0,3.0,247.0,66.0
