H_mean,S_mean,V_mean,H_std,S_std,V_std,H_median,S_median,V_median,H_mode,S_mode,V_mode
2.9176878759907057,242.40057930419837,60.22611961676799,0.5602580905847749,7.6758223640282255,9.035047705100274,3.0,244.0,64.0,3.0,247.0,66.0
