H_mean,S_mean,V_mean,H_std,S_std,V_std,H_median,S_median,V_median,H_mode,S_mode,V_mode
6.18862399337938,221.45567686284497,63.08046598975077,0.699872078402825,10.33489169337105,4.094233858802212,6.0,224.0,63.0,6.0,225.0,67.0
