H_mean,S_mean,V_mean,H_std,S_std,V_std,H_median,S_median,V_median,H_mode,S_mode,V_mode
3.5446414361651337,248.45659992997423,74.32304166534043,0.5103849085065556,3.468266569166257,3.818581560011221,4.0,248.0,74.0,4.0,248.0,74.0
