H_mean,S_mean,V_mean,H_std,S_std,V_std,H_median,S_median,V_median,H_mode,S_mode,V_mode
3.0269599261546296,245.64484196454148,80.36798548556514,0.6187114224314144,3.7331027793380076,9.70920572588962,3.0,246.0,83.0,3.0,246.0,84.0
