H_mean,S_mean,V_mean,H_std,S_std,V_std,H_median,S_median,V_median,H_mode,S_mode,V_mode
2.7756946875895214,246.68682560397238,91.12391380462807,0.4880257171174184,3.0679101579704935,6.405158616273593,3.0,247.0,91.0,3.0,250.0,100.0
