H_mean,S_mean,V_mean,H_std,S_std,V_std,H_median,S_median,V_median,H_mode,S_mode,V_mode
2.797434509978674,236.9727217748353,51.12986599611675,0.6781746409053558,7.503202827205879,8.951255377868618,3.0,240.0,54.0,3.0,241.0,53.0
