H_mean,S_mean,V_mean,H_std,S_std,V_std,H_median,S_median,V_median,H_mode,S_mode,V_mode
4.782124327593341,240.27144539580482,70.25696279084572,0.46884204884777025,3.707734886739039,3.0227710378996644,5.0,240.0,70.0,5.0,240.0,70.0
