H_mean,S_mean,V_mean,H_std,S_std,V_std,H_median,S_median,V_median,H_mode,S_mode,V_mode
6.370595537447879,222.88003310309705,63.60273100550657,0.6360127577999012,10.467173219229188,4.337665139417499,6.0,225.0,64.0,6.0,229.0,61.0
