H_mean,S_mean,V_mean,H_std,S_std,V_std,H_median,S_median,V_median,H_mode,S_mode,V_mode
3.951968679377407,240.3328771047522,74.74087277588566,0.6549579948990163,3.77290463333579,4.928542880716266,4.0,240.0,76.0,4.0,239.0,70.0
