H_mean,S_mean,V_mean,H_std,S_std,V_std,H_median,S_median,V_median,H_mode,S_mode,V_mode
4.774580641054206,240.08635452143744,70.22844319954164,0.48426935676755156,3.765963054013669,3.1724552548348908,5.0,240.0,70.0,5.0,240.0,70.0
