H_mean,S_mean,V_mean,H_std,S_std,V_std,H_median,S_median,V_median,H_mode,S_mode,V_mode
4.523347232390107,236.39055288538052,73.70932934398574,0.5800214691438105,5.0694373642677215,4.779181719538151,5.0,236.0,74.0,5.0,238.0,74.0
