H_mean,S_mean,V_mean,H_std,S_std,V_std,H_median,S_median,V_median,H_mode,S_mode,V_mode
3.353916669319158,247.80093579908967,72.90995321004551,0.5942439006015097,5.4009327199299255,9.515450989761558,3.0,249.0,77.0,3.0,249.0,79.0
