H_mean,S_mean,V_mean,H_std,S_std,V_std,H_median,S_median,V_median,H_mode,S_mode,V_mode
2.8135086099882227,237.0063978101028,51.19639048922558,0.7198296080953015,7.58012902673066,9.115414986893972,3.0,240.0,53.0,3.0,241.0,53.0
