H_mean,S_mean,V_mean,H_std,S_std,V_std,H_median,S_median,V_median,H_mode,S_mode,V_mode
2.8426011395104562,237.53442403794125,51.801572397109844,0.6414076918669762,7.615315468136485,9.005793134407554,3.0,241.0,55.0,3.0,241.0,56.0
