H_mean,S_mean,V_mean,H_std,S_std,V_std,H_median,S_median,V_median,H_mode,S_mode,V_mode
3.3093548079065473,223.88633542349683,44.39640958716618,0.9501246454013097,10.681002485769268,6.417537075657452,3.0,224.0,47.0,4.0,240.0,50.0
