H_mean,S_mean,V_mean,H_std,S_std,V_std,H_median,S_median,V_median,H_mode,S_mode,V_mode
3.942419709074705,238.10901741095586,52.69997135308909,0.5509106882064148,4.671925860441639,3.376169547963669,4.0,240.0,52.0,4.0,241.0,50.0
