H_mean,S_mean,V_mean,H_std,S_std,V_std,H_median,S_median,V_median,H_mode,S_mode,V_mode
3.3423624152528886,217.57118757360664,40.85164083139701,0.9434202107705082,9.453740990208315,4.666567186889216,3.0,219.0,42.0,4.0,226.0,44.0
