H_mean,S_mean,V_mean,H_std,S_std,V_std,H_median,S_median,V_median,H_mode,S_mode,V_mode
3.3179488811789795,221.63093229780054,43.524047490212304,0.9876853251734576,11.278233479581152,6.047100172002487,3.0,222.0,44.0,4.0,222.0,50.0
