H_mean,S_mean,V_mean,H_std,S_std,V_std,H_median,S_median,V_median,H_mode,S_mode,V_mode
3.666709106534679,239.56555368112805,57.56969156825922,0.5918637897019644,4.470332139310926,4.6622411863592035,4.0,240.0,58.0,4.0,242.0,59.0
