H_mean,S_mean,V_mean,H_std,S_std,V_std,H_median,S_median,V_median,H_mode,S_mode,V_mode
3.867237482891428,238.31753509246587,54.11245504026483,0.6409754198343413,4.595062554828235,3.9056533836422114,4.0,240.0,54.0,4.0,241.0,50.0
