H_mean,S_mean,V_mean,H_std,S_std,V_std,H_median,S_median,V_median,H_mode,S_mode,V_mode
2.8648184104147436,249.92844638253175,104.5275806092243,0.35793257813259965,2.864319697971097,7.516504951324506,3.0,250.0,106.0,3.0,250.0,109.0
