H_mean,S_mean,V_mean,H_std,S_std,V_std,H_median,S_median,V_median,H_mode,S_mode,V_mode
2.7378489352898114,247.17573288347074,82.42384696183595,0.7542200228396678,2.429308531218497,4.698335740432492,3.0,248.0,83.0,2.0,246.0,83.0
