H_mean,S_mean,V_mean,H_std,S_std,V_std,H_median,S_median,V_median,H_mode,S_mode,V_mode
2.9823344049400005,251.3466912817901,107.96094471146195,0.2516305114073534,3.0272079101132774,10.596010353911455,3.0,253.0,113.0,3.0,253.0,115.0
