H_mean,S_mean,V_mean,H_std,S_std,V_std,H_median,S_median,V_median,H_mode,S_mode,V_mode
3.033580545564503,252.90826622529204,116.11757965432727,0.23907052293413825,1.6055871468047394,3.8826105298185394,3.0,253.0,116.0,3.0,253.0,115.0
