H_mean,S_mean,V_mean,H_std,S_std,V_std,H_median,S_median,V_median,H_mode,S_mode,V_mode
3.0262278384314225,248.36123754655122,98.27440557659865,0.3330334273362689,3.09826193032947,7.428265186420417,3.0,249.0,100.0,3.0,250.0,105.0
