H_mean,S_mean,V_mean,H_std,S_std,V_std,H_median,S_median,V_median,H_mode,S_mode,V_mode
2.975681955629118,243.83524843237737,82.60632778432058,0.6244789275308815,2.7079495970296437,5.0711799409025495,3.0,243.0,84.0,3.0,243.0,84.0
