H_mean,S_mean,V_mean,H_std,S_std,V_std,H_median,S_median,V_median,H_mode,S_mode,V_mode
2.9344304039214437,248.3246649902919,93.286246299774,0.5257237796508663,2.684071612689724,11.31970635970038,3.0,248.0,96.0,3.0,250.0,100.0
