H_mean,S_mean,V_mean,H_std,S_std,V_std,H_median,S_median,V_median,H_mode,S_mode,V_mode
3.246745392621829,244.71728681923798,100.7724480376866,0.442348213030225,4.67056071910839,6.459414317695453,3.0,245.0,102.0,3.0,245.0,104.0
