H_mean,S_mean,V_mean,H_std,S_std,V_std,H_median,S_median,V_median,H_mode,S_mode,V_mode
3.0533150841900882,253.18318108030684,116.16411496960245,0.23273714491196376,1.3119642113118961,3.6039610491403358,3.0,253.0,116.0,3.0,253.0,115.0
