H_mean,S_mean,V_mean,H_std,S_std,V_std,H_median,S_median,V_median,H_mode,S_mode,V_mode
2.8268135086099884,247.07896998440336,87.74306903905529,0.6626924842137578,2.654250015693269,5.9802803154185105,3.0,247.0,89.0,3.0,246.0,89.0
