H_mean,S_mean,V_mean,H_std,S_std,V_std,H_median,S_median,V_median,H_mode,S_mode,V_mode
3.307572333450043,247.51901836585287,79.38084476557277,0.510175568509364,2.169311082322457,3.150418990145335,3.0,249.0,80.0,3.0,249.0,80.0
