H_mean,S_mean,V_mean,H_std,S_std,V_std,H_median,S_median,V_median,H_mode,S_mode,V_mode
3.032434669128179,244.0371136645765,82.4438361396696,0.621529044740077,2.7853837781887965,4.948284720250554,3.0,243.0,84.0,3.0,243.0,84.0
