H_mean,S_mean,V_mean,H_std,S_std,V_std,H_median,S_median,V_median,H_mode,S_mode,V_mode
2.8105802590953943,241.33618741445713,84.80606041315211,0.43555104004991524,2.4089690319320165,2.677748606903591,3.0,240.0,85.0,3.0,240.0,85.0
