H_mean,S_mean,V_mean,H_std,S_std,V_std,H_median,S_median,V_median,H_mode,S_mode,V_mode
2.8651367094248337,249.96406404176082,104.57284272845911,0.354388985832849,2.8196942593649705,8.171235170156784,3.0,250.0,106.0,3.0,250.0,106.0
