H_mean,S_mean,V_mean,H_std,S_std,V_std,H_median,S_median,V_median,H_mode,S_mode,V_mode
2.659865677817742,243.4756978705796,91.05888531686666,0.5294162188289249,3.435747008048815,4.060667471406277,3.0,244.0,92.0,3.0,244.0,92.0
