H_mean,S_mean,V_mean,H_std,S_std,V_std,H_median,S_median,V_median,H_mode,S_mode,V_mode
2.9894961326670275,251.1417067192921,108.22888881815578,0.27037153674522535,3.1095415810184948,10.87734453023495,3.0,253.0,111.0,3.0,253.0,116.0
