H_mean,S_mean,V_mean,H_std,S_std,V_std,H_median,S_median,V_median,H_mode,S_mode,V_mode
2.877423051214311,243.95588375720152,84.27141356590381,0.653752468144374,2.7739675680302422,4.946462342265279,3.0,243.0,84.0,3.0,243.0,84.0
