H_mean,S_mean,V_mean,H_std,S_std,V_std,H_median,S_median,V_median,H_mode,S_mode,V_mode
3.060572301620142,253.0668427921189,116.08323519113856,0.24886621631234274,1.4492917553317275,3.757198929860867,3.0,253.0,116.0,3.0,253.0,116.0
