H_mean,S_mean,V_mean,H_std,S_std,V_std,H_median,S_median,V_median,H_mode,S_mode,V_mode
2.8061877327561513,247.3661075214056,81.3049622815673,0.7767977396435057,2.316633035267226,4.271603805353483,3.0,248.0,83.0,2.0,249.0,83.0
