H_mean,S_mean,V_mean,H_std,S_std,V_std,H_median,S_median,V_median,H_mode,S_mode,V_mode
3.2009103351688575,247.0663653436038,79.90928478212433,0.5244182015360547,2.2735247587621905,3.660892600577004,3.0,248.0,80.0,3.0,249.0,83.0
