H_mean,S_mean,V_mean,H_std,S_std,V_std,H_median,S_median,V_median,H_mode,S_mode,V_mode
2.963713912849731,248.70095808002037,92.65575962058757,0.5019897340019138,2.6423533991357204,11.345565774986314,3.0,249.0,95.0,3.0,250.0,100.0
