H_mean,S_mean,V_mean,H_std,S_std,V_std,H_median,S_median,V_median,H_mode,S_mode,V_mode
2.9491994779896236,248.30228856988253,92.6010758506541,0.4861502511381363,2.594239602311969,10.794391356649623,3.0,249.0,95.0,3.0,250.0,100.0
