H_mean,S_mean,V_mean,H_std,S_std,V_std,H_median,S_median,V_median,H_mode,S_mode,V_mode
2.923544577776363,248.3018429512684,93.11614730878188,0.516112740055412,2.6628917726275176,11.197894042757072,3.0,248.0,96.0,3.0,250.0,100.0
