H_mean,S_mean,V_mean,H_std,S_std,V_std,H_median,S_median,V_median,H_mode,S_mode,V_mode
2.6747939013909665,241.92103001559664,86.38355030715854,0.49592075762065774,2.5011779467606012,3.956401605220108,3.0,242.0,86.0,3.0,240.0,85.0
