H_mean,S_mean,V_mean,H_std,S_std,V_std,H_median,S_median,V_median,H_mode,S_mode,V_mode
3.033294076455422,252.9677881401789,116.28987490848904,0.2738016692570899,1.5887644404041137,4.586662017436788,3.0,253.0,116.0,3.0,253.0,115.0
