H_mean,S_mean,V_mean,H_std,S_std,V_std,H_median,S_median,V_median,H_mode,S_mode,V_mode
3.000923067129261,252.0413788713117,116.92074354648757,0.1776051347122428,2.3123502261719957,10.274288723177518,3.0,253.0,121.0,3.0,253.0,125.0
