H_mean,S_mean,V_mean,H_std,S_std,V_std,H_median,S_median,V_median,H_mode,S_mode,V_mode
3.260241270649648,245.31050068434288,101.3741923162619,0.4491690603391937,4.41976422682656,5.682015516417932,3.0,245.0,103.0,3.0,245.0,104.0
