H_mean,S_mean,V_mean,H_std,S_std,V_std,H_median,S_median,V_median,H_mode,S_mode,V_mode
3.278989082343954,245.48397364484197,102.23490466944648,0.45833746646938117,4.227421264832992,6.417158340885619,3.0,245.0,103.0,3.0,248.0,101.0
