H_mean,S_mean,V_mean,H_std,S_std,V_std,H_median,S_median,V_median,H_mode,S_mode,V_mode
3.00544291307254,252.08533596460515,117.31416112295891,0.16945114122455976,2.02444173675638,9.609399890884754,3.0,253.0,121.0,3.0,253.0,125.0
