H_mean,S_mean,V_mean,H_std,S_std,V_std,H_median,S_median,V_median,H_mode,S_mode,V_mode
2.822643791577808,247.30031511602,88.02871057071013,0.6898757469111386,2.633835046798066,6.367871452097923,3.0,247.0,89.0,3.0,246.0,89.0
