H_mean,S_mean,V_mean,H_std,S_std,V_std,H_median,S_median,V_median,H_mode,S_mode,V_mode
2.79307381354044,247.62042843046757,81.47935830919566,0.7680385873375737,2.220487408507051,3.83657953081806,3.0,249.0,83.0,2.0,249.0,83.0
