H_mean,S_mean,V_mean,H_std,S_std,V_std,H_median,S_median,V_median,H_mode,S_mode,V_mode
3.001559665149441,252.1240729541331,117.26638444154439,0.19697576439072612,2.195270366479983,10.17342555966533,3.0,253.0,121.0,3.0,253.0,124.0
