H_mean,S_mean,V_mean,H_std,S_std,V_std,H_median,S_median,V_median,H_mode,S_mode,V_mode
2.998949613266703,252.0094534805997,117.12738326383806,0.18307607513869958,2.204110683738637,10.517050878725717,3.0,253.0,121.0,3.0,253.0,125.0
