H_mean,S_mean,V_mean,H_std,S_std,V_std,H_median,S_median,V_median,H_mode,S_mode,V_mode
2.7309100168698475,241.1678390680205,85.91103542667982,0.4452131046051425,2.5638521673261456,2.1828668805568046,3.0,240.0,86.0,3.0,240.0,85.0
