H_mean,S_mean,V_mean,H_std,S_std,V_std,H_median,S_median,V_median,H_mode,S_mode,V_mode
3.2408886908361714,244.5144666900086,101.06703377152498,0.45187815017975336,4.7662501138729985,6.275548309517615,3.0,245.0,102.0,3.0,245.0,102.0
