H_mean,S_mean,V_mean,H_std,S_std,V_std,H_median,S_median,V_median,H_mode,S_mode,V_mode
2.869147276951969,242.23363147340612,93.83432536524812,0.474424331029836,3.5785376246774976,4.273464500730402,3.0,242.0,94.0,3.0,241.0,93.0
