H_mean,S_mean,V_mean,H_std,S_std,V_std,H_median,S_median,V_median,H_mode,S_mode,V_mode
3.2366553140019736,246.90256867301142,105.69089983130152,0.43238622504211033,3.6468203318579193,5.412790218148964,3.0,248.0,106.0,3.0,245.0,102.0
