H_mean,S_mean,V_mean,H_std,S_std,V_std,H_median,S_median,V_median,H_mode,S_mode,V_mode
2.962727185918452,248.30117452334724,92.12957952700768,0.5230050658596915,2.7850155557305385,10.907223109986319,3.0,248.0,95.0,3.0,250.0,100.0
