H_mean,S_mean,V_mean,H_std,S_std,V_std,H_median,S_median,V_median,H_mode,S_mode,V_mode
2.7516312824267115,247.22694719419422,82.09618996084922,0.752150361333914,2.4064219589583122,4.820628109603019,3.0,248.0,83.0,2.0,249.0,83.0
