H_mean,S_mean,V_mean,H_std,S_std,V_std,H_median,S_median,V_median,H_mode,S_mode,V_mode
2.976032084540217,251.27395995798454,107.68513861921889,0.2705138608406003,3.0393660434482985,10.68619901923277,3.0,253.0,113.0,3.0,253.0,116.0
