H_mean,S_mean,V_mean,H_std,S_std,V_std,H_median,S_median,V_median,H_mode,S_mode,V_mode
3.015946780405513,252.97087564057676,116.0974949867906,0.22404841236106499,1.5498091178776259,4.393392340600808,3.0,253.0,116.0,3.0,253.0,115.0
