H_mean,S_mean,V_mean,H_std,S_std,V_std,H_median,S_median,V_median,H_mode,S_mode,V_mode
2.770124454912945,246.58449247222842,86.80450074800267,0.6750925111175603,2.49977058237184,5.376987565180782,3.0,246.0,88.0,3.0,246.0,89.0
