H_mean,S_mean,V_mean,H_std,S_std,V_std,H_median,S_median,V_median,H_mode,S_mode,V_mode
2.8121717541458446,247.46700830760417,82.16577012445491,0.7887075731175685,2.318439319233557,3.767517734199736,3.0,248.0,83.0,2.0,249.0,83.0
