H_mean,S_mean,V_mean,H_std,S_std,V_std,H_median,S_median,V_median,H_mode,S_mode,V_mode
2.9742177801827037,251.22618327657,108.37081834675494,0.26118452151002236,3.060956255321492,10.514380705742786,3.0,253.0,113.0,3.0,253.0,116.0
