H_mean,S_mean,V_mean,H_std,S_std,V_std,H_median,S_median,V_median,H_mode,S_mode,V_mode
2.9533055352197857,243.9901009007862,83.52974504249292,0.6467903561731075,2.7616798368737414,4.851409521584699,3.0,243.0,84.0,3.0,243.0,84.0
