H_mean,S_mean,V_mean,H_std,S_std,V_std,H_median,S_median,V_median,H_mode,S_mode,V_mode
3.0432568354712415,248.39866951013784,98.25129706846612,0.35360803366935645,3.1297165292398472,7.44190001172118,3.0,249.0,100.0,3.0,250.0,105.0
