H_mean,S_mean,V_mean,H_std,S_std,V_std,H_median,S_median,V_median,H_mode,S_mode,V_mode
2.894547537957157,242.11888468026865,93.48149091256326,0.49034593816742017,3.6811369462346737,4.292886372519202,3.0,242.0,94.0,3.0,241.0,97.0
