H_mean,S_mean,V_mean,H_std,S_std,V_std,H_median,S_median,V_median,H_mode,S_mode,V_mode
2.9124041124232103,245.86586879714804,83.2194353375561,0.6737024357278772,2.727051218735123,3.9599600792622787,3.0,246.0,83.0,3.0,246.0,84.0
