H_mean,S_mean,V_mean,H_std,S_std,V_std,H_median,S_median,V_median,H_mode,S_mode,V_mode
3.263265111245504,247.14113378107393,104.93382563580228,0.4470831201244832,3.5925334462924297,4.422483413873969,3.0,248.0,106.0,3.0,250.0,108.0
