H_mean,S_mean,V_mean,H_std,S_std,V_std,H_median,S_median,V_median,H_mode,S_mode,V_mode
3.0106948467390264,252.90225037400134,117.38329566795048,0.22682966646861366,1.4740218288763616,4.608965482668229,3.0,253.0,117.0,3.0,253.0,124.0
