H_mean,S_mean,V_mean,H_std,S_std,V_std,H_median,S_median,V_median,H_mode,S_mode,V_mode
2.9810293789986315,251.1809211573352,107.62233822452812,0.2643087224685481,3.2977489030058256,10.943246715818997,3.0,253.0,111.0,3.0,253.0,115.0
