H_mean,S_mean,V_mean,H_std,S_std,V_std,H_median,S_median,V_median,H_mode,S_mode,V_mode
2.8884680268644365,243.60801476907406,83.42251010599357,0.60109800977748,2.8253289202857883,4.153072811558691,3.0,243.0,84.0,3.0,243.0,84.0
