H_mean,S_mean,V_mean,H_std,S_std,V_std,H_median,S_median,V_median,H_mode,S_mode,V_mode
2.983480281376325,252.1038927968934,118.88242034567273,0.17880661698647646,1.9757803794151996,9.928156845226662,3.0,253.0,124.0,3.0,253.0,125.0
