H_mean,S_mean,V_mean,H_std,S_std,V_std,H_median,S_median,V_median,H_mode,S_mode,V_mode
2.707642359232263,244.09867269312792,92.66269853900755,0.5094502606144368,3.6570851150102555,5.145714197222682,3.0,244.0,92.0,3.0,247.0,92.0
