H_mean,S_mean,V_mean,H_std,S_std,V_std,H_median,S_median,V_median,H_mode,S_mode,V_mode
2.877964159531464,243.57226979024097,83.55953782983735,0.6043439060460587,2.82748254552348,4.122004914194799,3.0,243.0,84.0,3.0,243.0,84.0
