H_mean,S_mean,V_mean,H_std,S_std,V_std,H_median,S_median,V_median,H_mode,S_mode,V_mode
2.858261450806888,245.74189133271796,83.98083839959257,0.6470693133041145,2.734960709877759,4.166589500367267,3.0,246.0,84.0,3.0,246.0,84.0
