contrast_0,contrast_90,dissimilarity_0,dissimilarity_90,homogeneity_0,homogeneity_90,energy_0,energy_90,correlation_0,correlation_90
171.0774951771754,173.1869986800691,3.2753325210681274,3.2825413747588605,0.7054070377976841,0.6996841620828118,0.24482855836625123,0.242214890762393,0.8897141082196109,0.8883259333343425
