contrast_0,contrast_90,dissimilarity_0,dissimilarity_90,homogeneity_0,homogeneity_90,energy_0,energy_90,correlation_0,correlation_90
188.48449081124977,188.91275764036953,3.433419636511319,3.428444512133211,0.7061549319380555,0.700634824879176,0.2680761899618532,0.2674318474326387,0.8899514349302731,0.8896768644852441
