contrast_0,contrast_90,dissimilarity_0,dissimilarity_90,homogeneity_0,homogeneity_90,energy_0,energy_90,correlation_0,correlation_90
158.74050665042137,159.09125291907816,2.7728957254543602,2.78010457914509,0.8639416790819426,0.8612891882704791,0.4727010127384191,0.4713681955631413,0.8787992829312067,0.8785247260424311
