contrast_0,contrast_90,dissimilarity_0,dissimilarity_90,homogeneity_0,homogeneity_90,energy_0,energy_90,correlation_0,correlation_90
181.94963955731512,185.03533353639946,3.403695806680881,3.406081835719361,0.7023547121249252,0.6998804162312425,0.2684899561314193,0.2669078996186011,0.8937120099738826,0.8918815599519335
