contrast_0,contrast_90,dissimilarity_0,dissimilarity_90,homogeneity_0,homogeneity_90,energy_0,energy_90,correlation_0,correlation_90
200.82602294649212,202.51825058381556,3.815615798558225,3.7346177276880903,0.6058487101453268,0.628467595940438,0.21070283460894415,0.21404242340218999,0.89096589258155,0.8900401800386932
