contrast_0,contrast_90,dissimilarity_0,dissimilarity_90,homogeneity_0,homogeneity_90,energy_0,energy_90,correlation_0,correlation_90
240.49004975124362,239.10490912783018,3.7322063153619647,3.6845111178799868,0.705980887465518,0.7224949181843432,0.23863999296964297,0.24246760762921865,0.875772814505517,0.8764987144009206
