contrast_0,contrast_90,dissimilarity_0,dissimilarity_90,homogeneity_0,homogeneity_90,energy_0,energy_90,correlation_0,correlation_90
189.06579348157172,188.48068331810327,3.5722408366331604,3.5357650522895727,0.6555144828885785,0.6571258685880174,0.22774723091751636,0.22900559869301942,0.8781333403344153,0.878515520129338
