contrast_0,contrast_90,dissimilarity_0,dissimilarity_90,homogeneity_0,homogeneity_90,energy_0,energy_90,correlation_0,correlation_90
171.067697228145,173.37194131383896,3.3183825769113606,3.312341354452226,0.6923687941344641,0.6915862687972419,0.2351764380952708,0.23410408001170935,0.890194751307952,0.8886803183597786
