contrast_0,contrast_90,dissimilarity_0,dissimilarity_90,homogeneity_0,homogeneity_90,energy_0,energy_90,correlation_0,correlation_90
157.97027617016946,157.18862321047803,3.4063102853081513,3.199538024164889,0.6239334107451024,0.6788230814425962,0.22100992849990747,0.2284325418668835,0.8881217898648344,0.8886661436112312
