contrast_0,contrast_90,dissimilarity_0,dissimilarity_90,homogeneity_0,homogeneity_90,energy_0,energy_90,correlation_0,correlation_90
140.55929535993482,140.07830744237984,2.992232713981113,2.9555538633363794,0.712584901262844,0.7215349585396545,0.2917387349342049,0.2964130433883276,0.8893573678401981,0.8897278832450779
