contrast_0,contrast_90,dissimilarity_0,dissimilarity_90,homogeneity_0,homogeneity_90,energy_0,energy_90,correlation_0,correlation_90
140.41072697735808,137.01355467560163,2.8688953193217563,2.86460554371002,0.7531167495605043,0.7496588852613327,0.27734761846310585,0.2775258001451901,0.8849242016453588,0.8877565844435291
