contrast_0,contrast_90,dissimilarity_0,dissimilarity_90,homogeneity_0,homogeneity_90,energy_0,energy_90,correlation_0,correlation_90
138.7298710528989,142.28832876434157,3.1085897045385313,3.1217636308254666,0.6785512198654715,0.6710939890022204,0.23931448936922367,0.23649198662094317,0.8977747319832099,0.8951185380290373
