contrast_0,contrast_90,dissimilarity_0,dissimilarity_90,homogeneity_0,homogeneity_90,energy_0,energy_90,correlation_0,correlation_90
132.35135546756015,134.06076759061833,2.910853893796325,2.958168341963649,0.7218039347468143,0.6999818657945204,0.28415524489422145,0.2791989836784176,0.896621047717171,0.8952699123392941
