contrast_0,contrast_90,dissimilarity_0,dissimilarity_90,homogeneity_0,homogeneity_90,energy_0,energy_90,correlation_0,correlation_90
138.16270687379418,137.73058178495265,3.157579449690325,3.1700172606355963,0.6548438702392094,0.6619971867448546,0.242989719517492,0.24607937356815074,0.887521100850828,0.8878939931479047
