contrast_0,contrast_90,dissimilarity_0,dissimilarity_90,homogeneity_0,homogeneity_90,energy_0,energy_90,correlation_0,correlation_90
109.70326936744844,110.69098385622902,2.469590821403188,2.4792364707076864,0.803483756159672,0.8025228922100435,0.3260915911375807,0.3241676579204498,0.8827025321224617,0.8816223499801583
