contrast_0,contrast_90,dissimilarity_0,dissimilarity_90,homogeneity_0,homogeneity_90,energy_0,energy_90,correlation_0,correlation_90
156.334424814702,158.38189156259529,2.9932226621992055,2.9953548583612553,0.7634370570787831,0.7641877205499625,0.2692709976737418,0.2687498634591646,0.8872931271763274,0.8857844627533766
