contrast_0,contrast_90,dissimilarity_0,dissimilarity_90,homogeneity_0,homogeneity_90,energy_0,energy_90,correlation_0,correlation_90
136.8827038278,142.00294446136664,3.245887907401767,3.273682607371307,0.6580772005899045,0.6490961569107421,0.24973754377731786,0.24585121065407872,0.897208979483901,0.8933428075323478
