contrast_0,contrast_90,dissimilarity_0,dissimilarity_90,homogeneity_0,homogeneity_90,energy_0,energy_90,correlation_0,correlation_90
139.49812163671433,142.2839882221547,3.0858970453853196,3.0894507056553966,0.6882812875768405,0.6877391613279755,0.24722623984114003,0.24658163089074117,0.897113028300349,0.8950363887369196
