contrast_0,contrast_90,dissimilarity_0,dissimilarity_90,homogeneity_0,homogeneity_90,energy_0,energy_90,correlation_0,correlation_90
151.01167631231598,151.17750533049028,3.2876434155751846,3.148213016549904,0.6741945017993968,0.6990552840104575,0.2622425246255453,0.2679375103093132,0.8847412935852625,0.8846048282383921
