contrast_0,contrast_90,dissimilarity_0,dissimilarity_90,homogeneity_0,homogeneity_90,energy_0,energy_90,correlation_0,correlation_90
143.74540562493644,144.0019545131486,2.965681795106102,2.926363082546451,0.7255516090069475,0.7419213453379336,0.25746994258662836,0.2614250709915966,0.8834797150089222,0.883278602222787
