contrast_0,contrast_90,dissimilarity_0,dissimilarity_90,homogeneity_0,homogeneity_90,energy_0,energy_90,correlation_0,correlation_90
159.20730531018378,159.39067418011976,2.7876180322875403,2.793608488171387,0.857114609555243,0.8553046299339526,0.4558347643664194,0.45375934179687716,0.878165268719282,0.8780170393830208
