contrast_0,contrast_90,dissimilarity_0,dissimilarity_90,homogeneity_0,homogeneity_90,energy_0,energy_90,correlation_0,correlation_90
131.39854299928928,134.18862321047837,3.145674687785561,3.167555081734186,0.6881314369618676,0.675366863534858,0.30175333349548683,0.29530333638248063,0.9013254056730261,0.8992140083284073
