contrast_0,contrast_90,dissimilarity_0,dissimilarity_90,homogeneity_0,homogeneity_90,energy_0,energy_90,correlation_0,correlation_90
130.46233120113718,135.04538531830642,3.5068027210884374,3.4381155447253513,0.5824813368718796,0.5879053307421682,0.22004073267237922,0.22059737182813283,0.9071967643536002,0.9039151285975667
