contrast_0,contrast_90,dissimilarity_0,dissimilarity_90,homogeneity_0,homogeneity_90,energy_0,energy_90,correlation_0,correlation_90
142.27373337394664,142.65321352421572,3.1528581581886495,3.200781805259415,0.6658585408089033,0.646841591666591,0.22546581190158146,0.2233947655912248,0.8999444050930006,0.8996824390001953
