contrast_0,contrast_90,dissimilarity_0,dissimilarity_90,homogeneity_0,homogeneity_90,energy_0,energy_90,correlation_0,correlation_90
161.0712762717027,161.48758757234245,3.295461468169356,3.3233069347141826,0.6667933244665466,0.6579283417796963,0.23066312342873527,0.23063408804157817,0.8967219173187004,0.8964577288942652
