contrast_0,contrast_90,dissimilarity_0,dissimilarity_90,homogeneity_0,homogeneity_90,energy_0,energy_90,correlation_0,correlation_90
144.1711087420042,143.90552340339127,2.9754543608488184,2.925880800081227,0.7220321759576861,0.7417930979553095,0.2564149712981646,0.26138344778007505,0.8830226012252141,0.8832510440043139
