contrast_0,contrast_90,dissimilarity_0,dissimilarity_90,homogeneity_0,homogeneity_90,energy_0,energy_90,correlation_0,correlation_90
195.67395167022033,195.32018479033397,3.587953091684433,3.5631028530815314,0.6587891943100848,0.6606802608036234,0.2261339613343838,0.22834242644018465,0.874602914601116,0.8748151412131864
