contrast_0,contrast_90,dissimilarity_0,dissimilarity_90,homogeneity_0,homogeneity_90,energy_0,energy_90,correlation_0,correlation_90
130.32749517717522,132.67603309980714,3.1280840694486747,3.1154685754898956,0.6541226534373517,0.6545161196498759,0.23786694967442318,0.23610603627133722,0.8929531957818558,0.8909837787260368
