contrast_0,contrast_90,dissimilarity_0,dissimilarity_90,homogeneity_0,homogeneity_90,energy_0,energy_90,correlation_0,correlation_90
135.04015636105194,134.63181541273246,3.489846684942633,3.5440907706366094,0.5863500865991449,0.5713796826592509,0.21462449768528963,0.21401904488363044,0.9048535311653019,0.9051460902654543
