contrast_0,contrast_90,dissimilarity_0,dissimilarity_90,homogeneity_0,homogeneity_90,energy_0,energy_90,correlation_0,correlation_90
140.57927200731024,142.04987816021927,3.104807594679663,3.1057721596101144,0.6810686820751252,0.6795741844075553,0.24166274145929645,0.24176419151006606,0.8964891952172865,0.8953961921444594
