contrast_0,contrast_90,dissimilarity_0,dissimilarity_90,homogeneity_0,homogeneity_90,energy_0,energy_90,correlation_0,correlation_90
181.43781094527364,183.06147832267223,3.168748096253427,3.1427048431312827,0.7665300880619147,0.777488046107069,0.2627146310141706,0.2651305549035217,0.8800301407517498,0.8789262741265426
