contrast_0,contrast_90,dissimilarity_0,dissimilarity_90,homogeneity_0,homogeneity_90,energy_0,energy_90,correlation_0,correlation_90
188.81267133719163,188.13059701492537,3.5704132399228348,3.5388618133820677,0.6538043139525749,0.6546472728592845,0.22801431044657255,0.2292995604775483,0.8781521453711959,0.878594083394402
