contrast_0,contrast_90,dissimilarity_0,dissimilarity_90,homogeneity_0,homogeneity_90,energy_0,energy_90,correlation_0,correlation_90
155.62341354452232,154.68717636308244,3.39684231901716,3.1905269570514796,0.620051664296124,0.6748902783723836,0.21946119223044183,0.22726000905543656,0.8894503421957001,0.8901033303677482
