contrast_0,contrast_90,dissimilarity_0,dissimilarity_90,homogeneity_0,homogeneity_90,energy_0,energy_90,correlation_0,correlation_90
188.45106102142347,189.9605289877145,3.2037770332013396,3.1886739770535084,0.7723455634116201,0.780148344354701,0.28746626712313605,0.29103551127118965,0.8798765606712843,0.8789037663541207
