contrast_0,contrast_90,dissimilarity_0,dissimilarity_90,homogeneity_0,homogeneity_90,energy_0,energy_90,correlation_0,correlation_90
162.18862321047814,161.1524266422986,3.1879124784242046,3.1205452330185794,0.708672004391306,0.7200206283836976,0.2503832634415287,0.2542746308295186,0.8842618584804188,0.884999004682039
