contrast_0,contrast_90,dissimilarity_0,dissimilarity_90,homogeneity_0,homogeneity_90,energy_0,energy_90,correlation_0,correlation_90
116.49464412630714,117.36988526753979,2.681058990760483,2.658848614072496,0.756022366160079,0.7634987714733196,0.3574172610675683,0.3668874123989341,0.8845563541809501,0.8836898099483165
