contrast_0,contrast_90,dissimilarity_0,dissimilarity_90,homogeneity_0,homogeneity_90,energy_0,energy_90,correlation_0,correlation_90
140.46106203675484,142.0943242968829,3.0883846075743717,3.103106914407553,0.6892790900833944,0.6816866157661233,0.24639308240531138,0.24503793242875618,0.8963614104352489,0.8951481392196922
