contrast_0,contrast_90,dissimilarity_0,dissimilarity_90,homogeneity_0,homogeneity_90,energy_0,energy_90,correlation_0,correlation_90
137.36615392425617,142.45920905675706,3.187303279520763,3.212128134836023,0.6542982752160258,0.6483615478016698,0.23780433243535973,0.23743135953094127,0.8865769811930669,0.8822742522559742
