contrast_0,contrast_90,dissimilarity_0,dissimilarity_90,homogeneity_0,homogeneity_90,energy_0,energy_90,correlation_0,correlation_90
160.74053203370914,160.42813991268153,2.778606965174129,2.7919839577622088,0.8649920860962603,0.8571207552720952,0.4237384742029034,0.4205460949384088,0.8767453470366333,0.8769933236478167
