contrast_0,contrast_90,dissimilarity_0,dissimilarity_90,homogeneity_0,homogeneity_90,energy_0,energy_90,correlation_0,correlation_90
157.39935526449392,156.62031678342984,3.399812163671438,3.190679256777339,0.6243175347875152,0.680273937813461,0.21895813426966132,0.22675458722288977,0.888683462015716,0.8892259819840672
