contrast_0,contrast_90,dissimilarity_0,dissimilarity_90,homogeneity_0,homogeneity_90,energy_0,energy_90,correlation_0,correlation_90
121.41321453954727,123.32048938978573,2.986470707686061,2.961569702507868,0.6701977927509474,0.6754427632323907,0.23981251352467878,0.24009158828526042,0.8988243817900121,0.8972229680432148
