contrast_0,contrast_90,dissimilarity_0,dissimilarity_90,homogeneity_0,homogeneity_90,energy_0,energy_90,correlation_0,correlation_90
130.8815361965681,132.1412579957355,2.861838765356887,2.8403137374352743,0.7387926174916901,0.7374544428444992,0.29146873528255796,0.2902658842231253,0.8912061169913484,0.890149775923122
