contrast_0,contrast_90,dissimilarity_0,dissimilarity_90,homogeneity_0,homogeneity_90,energy_0,energy_90,correlation_0,correlation_90
125.57894202457106,127.49474565945783,2.7487054523301846,2.7377144887805858,0.7504622551268729,0.7595785656958007,0.26333970518695293,0.26674445185121176,0.8827134430433607,0.8808781777491269
