contrast_0,contrast_90,dissimilarity_0,dissimilarity_90,homogeneity_0,homogeneity_90,energy_0,energy_90,correlation_0,correlation_90
132.73116560056854,132.02611940298496,2.84513656208752,2.850720885369072,0.7411037824499362,0.738122186435348,0.2830156369021593,0.28269463515972654,0.8901737399605524,0.8907628549981983
