contrast_0,contrast_90,dissimilarity_0,dissimilarity_90,homogeneity_0,homogeneity_90,energy_0,energy_90,correlation_0,correlation_90
182.55551325007627,183.3609503502892,3.39539547162148,3.3888719666971223,0.7126084521162251,0.7048300692242973,0.28836946880697206,0.2883321889086224,0.8933123934445336,0.8928351209422138
