contrast_0,contrast_90,dissimilarity_0,dissimilarity_90,homogeneity_0,homogeneity_90,energy_0,energy_90,correlation_0,correlation_90
135.38937963245016,136.29137475885872,2.8726774291806265,2.9348918671946373,0.7440752061793611,0.7175849428973945,0.3001731307809022,0.29093344337543686,0.8936217591586414,0.8928992977481723
