contrast_0,contrast_90,dissimilarity_0,dissimilarity_90,homogeneity_0,homogeneity_90,energy_0,energy_90,correlation_0,correlation_90
135.42915524418734,137.74317189562402,3.5282515991471195,3.41329068941009,0.5862973222316491,0.6027717772425571,0.21607793428002256,0.21823338200591919,0.9039600876984913,0.902307042391369
