contrast_0,contrast_90,dissimilarity_0,dissimilarity_90,homogeneity_0,homogeneity_90,energy_0,energy_90,correlation_0,correlation_90
127.45799065895005,127.56850949334944,2.8927556097065716,2.9532693674484722,0.7204701665202844,0.7026608749089065,0.2700450370795166,0.26445952180499854,0.8957419724173854,0.8956513035752413
