contrast_0,contrast_90,dissimilarity_0,dissimilarity_90,homogeneity_0,homogeneity_90,energy_0,energy_90,correlation_0,correlation_90
187.9918265813789,188.1501929129861,3.244542593156666,3.19420753375977,0.7535997516001367,0.7718756311341607,0.26355753465907045,0.26784252677216625,0.8771600041487787,0.877057268977061
