contrast_0,contrast_90,dissimilarity_0,dissimilarity_90,homogeneity_0,homogeneity_90,energy_0,energy_90,correlation_0,correlation_90
188.35528987714497,189.69022235759982,3.203447050461975,3.1742308863844046,0.7717401598638024,0.7861403374281553,0.2870796776195782,0.29355637725548017,0.8798853436968046,0.8790227078118429
