contrast_0,contrast_90,dissimilarity_0,dissimilarity_90,homogeneity_0,homogeneity_90,energy_0,energy_90,correlation_0,correlation_90
161.3816123464311,160.6736216874809,3.188648593765861,3.121179815209665,0.7035646842237355,0.7173662907641962,0.25108194320932337,0.25412915747499165,0.8847113294411271,0.8852160012875684
