contrast_0,contrast_90,dissimilarity_0,dissimilarity_90,homogeneity_0,homogeneity_90,energy_0,energy_90,correlation_0,correlation_90
155.72517514468478,154.953294750736,3.396461569702506,3.185450299522795,0.6212177206711378,0.6776495025496361,0.22087399851428233,0.22837976561827214,0.8895403752459832,0.8900769052592439
