contrast_0,contrast_90,dissimilarity_0,dissimilarity_90,homogeneity_0,homogeneity_90,energy_0,energy_90,correlation_0,correlation_90
142.1713879581682,142.51865671641778,3.1566148847598727,3.198878058686162,0.6639201839595271,0.646518695453837,0.2253006054970948,0.22352189879404594,0.9001063210575647,0.8998689673417146
