contrast_0,contrast_90,dissimilarity_0,dissimilarity_90,homogeneity_0,homogeneity_90,energy_0,energy_90,correlation_0,correlation_90
121.39430399025288,123.69567976444316,2.9754289775611733,2.95829525840187,0.6756151489546112,0.6774519431142354,0.23999615906643024,0.2407457359187157,0.8989371162080737,0.8970068944857651
