contrast_0,contrast_90,dissimilarity_0,dissimilarity_90,homogeneity_0,homogeneity_90,energy_0,energy_90,correlation_0,correlation_90
195.2717534775105,194.69022235759974,3.5729515686871784,3.5371103665346753,0.6632108991981686,0.6690324682772009,0.22788813973868435,0.23076358213865109,0.8745750222250785,0.8749308675820919
