contrast_0,contrast_90,dissimilarity_0,dissimilarity_90,homogeneity_0,homogeneity_90,energy_0,energy_90,correlation_0,correlation_90
158.60935120316788,158.81500659965482,2.7766270687379433,2.7860696517412924,0.8620316021057712,0.8575197528633686,0.46688815660285626,0.4638372129232853,0.8787341845928245,0.8785698909218378
