contrast_0,contrast_90,dissimilarity_0,dissimilarity_90,homogeneity_0,homogeneity_90,energy_0,energy_90,correlation_0,correlation_90
173.5161183876536,174.3388922733272,3.0336328561275256,3.04348157173317,0.7947463766256277,0.7911071338691068,0.3200470019176192,0.3195155025919991,0.8769760355731244,0.8763877344180191
