contrast_0,contrast_90,dissimilarity_0,dissimilarity_90,homogeneity_0,homogeneity_90,energy_0,energy_90,correlation_0,correlation_90
142.73743527261647,143.52048431312804,3.158340948319626,3.2144126307239316,0.6668632071771328,0.6445562474793292,0.2256257000929189,0.22349437746998038,0.8997220539663385,0.8991774708153164
