contrast_0,contrast_90,dissimilarity_0,dissimilarity_90,homogeneity_0,homogeneity_90,energy_0,energy_90,correlation_0,correlation_90
175.90341659051674,175.32160625444234,3.717357092090569,3.7643415575185277,0.6020295274238218,0.5922651642263457,0.2201313752453701,0.21913432945160818,0.8951859037551226,0.8955220878262498
