contrast_0,contrast_90,dissimilarity_0,dissimilarity_90,homogeneity_0,homogeneity_90,energy_0,energy_90,correlation_0,correlation_90
186.96641791044772,187.05838156157995,3.253045994517209,3.2045892984059288,0.7478763952154552,0.7636215546688033,0.2602356002153911,0.2645539883383479,0.8780021310181636,0.8779397616656988
