contrast_0,contrast_90,dissimilarity_0,dissimilarity_90,homogeneity_0,homogeneity_90,energy_0,energy_90,correlation_0,correlation_90
165.91793583104868,166.93017057569284,3.2733018580566546,3.2590364504010565,0.700801563059993,0.701742015834474,0.2456084944882745,0.24487691077695076,0.8923147019864318,0.8916512051357611
