contrast_0,contrast_90,dissimilarity_0,dissimilarity_90,homogeneity_0,homogeneity_90,energy_0,energy_90,correlation_0,correlation_90
204.8341963651131,206.3036095035029,3.302670321860087,3.3158442481470196,0.7925463941088835,0.7878997263558929,0.3973308000935237,0.3952040288984672,0.8800889108056613,0.8792170943401727
