contrast_0,contrast_90,dissimilarity_0,dissimilarity_90,homogeneity_0,homogeneity_90,energy_0,energy_90,correlation_0,correlation_90
194.81279825362986,194.42463701898652,3.574246116356992,3.5370342166717434,0.6623591524593715,0.6683293336478755,0.22767347944581956,0.2306988804832173,0.8754043376261852,0.8756291751463132
