contrast_0,contrast_90,dissimilarity_0,dissimilarity_90,homogeneity_0,homogeneity_90,energy_0,energy_90,correlation_0,correlation_90
144.04599451720995,147.0050258909533,2.960605137577419,3.020611229566453,0.7344705046810481,0.7179629947041708,0.27875601280619605,0.27302226902513754,0.8860059151668154,0.8836180366482963
