contrast_0,contrast_90,dissimilarity_0,dissimilarity_90,homogeneity_0,homogeneity_90,energy_0,energy_90,correlation_0,correlation_90
174.19529901512834,171.79855822926191,3.6863133313026717,3.736267641384912,0.5985223458232569,0.5919025341895363,0.2188866845479626,0.21906096363341607,0.8966002366353792,0.8980398682128251
