contrast_0,contrast_90,dissimilarity_0,dissimilarity_90,homogeneity_0,homogeneity_90,energy_0,energy_90,correlation_0,correlation_90
143.96418418113512,143.88430297492127,2.9539800995024885,2.920854909127831,0.7292122989740664,0.7425820041694005,0.2579996864197171,0.26100935479938786,0.8831269985325848,0.8832042664144188
