contrast_0,contrast_90,dissimilarity_0,dissimilarity_90,homogeneity_0,homogeneity_90,energy_0,energy_90,correlation_0,correlation_90
174.22190070057874,176.75690425423883,3.161996141740278,3.175779266930653,0.7565213009608343,0.7529654503040404,0.2741074982347803,0.2721877357663429,0.8896698779185817,0.8880421784419764
