contrast_0,contrast_90,dissimilarity_0,dissimilarity_90,homogeneity_0,homogeneity_90,energy_0,energy_90,correlation_0,correlation_90
191.48956746877857,191.14899989846685,3.284368971469185,3.235912275357904,0.7483471795254083,0.7650633591874071,0.2770956198924401,0.2840963732081304,0.8770393702806677,0.8772749747607569
