contrast_0,contrast_90,dissimilarity_0,dissimilarity_90,homogeneity_0,homogeneity_90,energy_0,energy_90,correlation_0,correlation_90
114.77200731038684,116.81604731444818,2.644532439841607,2.6644075540664014,0.7607303555523002,0.7540497373001426,0.33619193120532775,0.3362041007497841,0.8851797348508735,0.8831085457075544
