contrast_0,contrast_90,dissimilarity_0,dissimilarity_90,homogeneity_0,homogeneity_90,energy_0,energy_90,correlation_0,correlation_90
162.8249060818356,163.67813991268136,3.1376789521778847,3.161539242562697,0.7178761962596063,0.7150598999230855,0.24511633226493212,0.2439885682696708,0.8839192777952058,0.8832947135140855
