contrast_0,contrast_90,dissimilarity_0,dissimilarity_90,homogeneity_0,homogeneity_90,energy_0,energy_90,correlation_0,correlation_90
134.80655396486955,136.45395471621498,3.1713625748807006,3.191085389379636,0.6929470428991934,0.691063947834912,0.27319663990613485,0.2765595378754098,0.8996191924852518,0.8983837143961201
