contrast_0,contrast_90,dissimilarity_0,dissimilarity_90,homogeneity_0,homogeneity_90,energy_0,energy_90,correlation_0,correlation_90
171.89092801299614,175.02030663011485,3.8227485023860313,3.7083460249771547,0.579495367985416,0.5924559174009691,0.21639013471620347,0.21724932053455404,0.8982823727531186,0.8963957494968428
