contrast_0,contrast_90,dissimilarity_0,dissimilarity_90,homogeneity_0,homogeneity_90,energy_0,energy_90,correlation_0,correlation_90
168.86011270179722,171.4322520052799,3.276550918875013,3.289953294750736,0.7024422761437351,0.6942102964159723,0.24474350336943385,0.24183470884998515,0.8910298381296785,0.8893417324321118
