contrast_0,contrast_90,dissimilarity_0,dissimilarity_90,homogeneity_0,homogeneity_90,energy_0,energy_90,correlation_0,correlation_90
159.92161640775697,159.8998121636715,3.1827089044573063,3.1309016143770942,0.7026248031631842,0.7120086574717933,0.25213614557952446,0.2542995861721164,0.8861631620778747,0.8861819298180982
