contrast_0,contrast_90,dissimilarity_0,dissimilarity_90,homogeneity_0,homogeneity_90,energy_0,energy_90,correlation_0,correlation_90
205.52020509696422,207.4433191186923,3.2817037262666227,3.3238146004670517,0.8020056987114381,0.7870585607999743,0.38293662176593224,0.372899555787412,0.8796730453871988,0.8785279451229459
