contrast_0,contrast_90,dissimilarity_0,dissimilarity_90,homogeneity_0,homogeneity_90,energy_0,energy_90,correlation_0,correlation_90
133.80609706569194,133.94672047923655,2.7203523200324904,2.718017057569297,0.788767719005389,0.7915317189141955,0.30503705408954923,0.30590482674794167,0.883731527989733,0.8836078177748994
