contrast_0,contrast_90,dissimilarity_0,dissimilarity_90,homogeneity_0,homogeneity_90,energy_0,energy_90,correlation_0,correlation_90
170.7663468372423,171.43514570007108,3.1034876637222064,3.0766829119707584,0.7648354885944799,0.7710635089823328,0.3257386300926539,0.3266970253260649,0.8768857510297171,0.8763925331463139
