contrast_0,contrast_90,dissimilarity_0,dissimilarity_90,homogeneity_0,homogeneity_90,energy_0,energy_90,correlation_0,correlation_90
111.73999898466845,110.94435983348565,2.486673773987206,2.474413646055438,0.8014220858713604,0.804426620157535,0.3272516533898729,0.328128165911808,0.8808724707311231,0.8817327274816651
