contrast_0,contrast_90,dissimilarity_0,dissimilarity_90,homogeneity_0,homogeneity_90,energy_0,energy_90,correlation_0,correlation_90
157.34549192811437,156.44456289978677,3.3953447050461976,3.182962737333739,0.6244477572749954,0.683234551642545,0.22028331294248574,0.22824531429610243,0.8883331499949109,0.8889639126778133
