contrast_0,contrast_90,dissimilarity_0,dissimilarity_90,homogeneity_0,homogeneity_90,energy_0,energy_90,correlation_0,correlation_90
151.8028987714487,152.0999847700273,3.2872118996852473,3.1558280028429313,0.6761367221255488,0.698515646662307,0.261238929002846,0.26669580241016294,0.8845006233081749,0.8842639628298704
