contrast_0,contrast_90,dissimilarity_0,dissimilarity_90,homogeneity_0,homogeneity_90,energy_0,energy_90,correlation_0,correlation_90
188.01314854299937,189.14684231901705,3.3843029749213125,3.371129048634378,0.7129870061018594,0.7152950236395993,0.26781568178187926,0.27007754355735186,0.8906108280226652,0.8899446723784005
