contrast_0,contrast_90,dissimilarity_0,dissimilarity_90,homogeneity_0,homogeneity_90,energy_0,energy_90,correlation_0,correlation_90
110.7176363082546,111.09866483906991,2.476495075642196,2.481292517006803,0.8047668109227198,0.8037500290834487,0.32968829463483784,0.3293904687382784,0.8819777731919934,0.8815540187707309
