contrast_0,contrast_90,dissimilarity_0,dissimilarity_90,homogeneity_0,homogeneity_90,energy_0,energy_90,correlation_0,correlation_90
132.28837953091687,132.9334957863743,2.730150269062849,2.716620976748908,0.7789013758296702,0.7864813163058273,0.2786475902732333,0.28087029987920736,0.883098967117215,0.8825212516835067
