contrast_0,contrast_90,dissimilarity_0,dissimilarity_90,homogeneity_0,homogeneity_90,energy_0,energy_90,correlation_0,correlation_90
139.18380038582598,139.9522794192304,3.327977459640573,3.2125596507259635,0.6360198458069367,0.6548695206064802,0.24373188234965396,0.24842803739522415,0.8949968481712529,0.8944349217455786
