contrast_0,contrast_90,dissimilarity_0,dissimilarity_90,homogeneity_0,homogeneity_90,energy_0,energy_90,correlation_0,correlation_90
175.3480302568788,176.96702710935105,3.1832927200731054,3.1601431617423104,0.7530466302240746,0.761151313673652,0.27578197336842186,0.27751327700853246,0.8893688433132537,0.8883273486676657
