contrast_0,contrast_90,dissimilarity_0,dissimilarity_90,homogeneity_0,homogeneity_90,energy_0,energy_90,correlation_0,correlation_90
240.0709462889634,239.80800081226516,3.68593258198802,3.701746370189867,0.7218454175241429,0.7142427541712764,0.23926553528426858,0.2386700574970339,0.8753921083896365,0.8755310439095217
