contrast_0,contrast_90,dissimilarity_0,dissimilarity_90,homogeneity_0,homogeneity_90,energy_0,energy_90,correlation_0,correlation_90
177.23771448878063,178.19953802416484,3.097852573865365,3.1524266422987117,0.7802861803948411,0.7600528166038907,0.27933158110776085,0.27628111050576665,0.8763316696032405,0.8756437238173688
