contrast_0,contrast_90,dissimilarity_0,dissimilarity_90,homogeneity_0,homogeneity_90,energy_0,energy_90,correlation_0,correlation_90
135.09856330591936,135.2150725962024,2.9820032490608157,2.9964209564422797,0.7037835828708368,0.6961094351018405,0.2882807703133253,0.28498481625345035,0.892143852057738,0.8920439035286043
