contrast_0,contrast_90,dissimilarity_0,dissimilarity_90,homogeneity_0,homogeneity_90,energy_0,energy_90,correlation_0,correlation_90
195.93608488171387,195.47923647070758,3.57686059498426,3.5445730531018365,0.6645287023731523,0.669889348362015,0.22822867275607314,0.23076315774150202,0.874435732591189,0.8747147323434858
