contrast_0,contrast_90,dissimilarity_0,dissimilarity_90,homogeneity_0,homogeneity_90,energy_0,energy_90,correlation_0,correlation_90
123.45552848004868,125.53210985886889,2.7349984770027427,2.7279673063255157,0.7499229826707225,0.7573929121780738,0.26449287552808465,0.26689180993297007,0.8845922367352713,0.8826130129831394
