contrast_0,contrast_90,dissimilarity_0,dissimilarity_90,homogeneity_0,homogeneity_90,energy_0,energy_90,correlation_0,correlation_90
144.1252411412326,144.35970656919483,2.987562189054726,2.9405269570514774,0.7192955916790053,0.7375454932830817,0.2585278438324271,0.262510082845459,0.8833335035936565,0.8831469889981644
