contrast_0,contrast_90,dissimilarity_0,dissimilarity_90,homogeneity_0,homogeneity_90,energy_0,energy_90,correlation_0,correlation_90
237.18646563102848,236.53802416488978,3.7024063356685972,3.6898162249974638,0.7117187143810623,0.7156035065600909,0.2411529032984966,0.2418607612755694,0.8778347965741856,0.8781805776344647
