contrast_0,contrast_90,dissimilarity_0,dissimilarity_90,homogeneity_0,homogeneity_90,energy_0,energy_90,correlation_0,correlation_90
171.76563610518835,172.09554269468978,3.1524774088739975,3.107422073306936,0.748032734652816,0.7604004171059451,0.30381719406985164,0.3081409741914934,0.8770051202016644,0.8767605958898051
