contrast_0,contrast_90,dissimilarity_0,dissimilarity_90,homogeneity_0,homogeneity_90,energy_0,energy_90,correlation_0,correlation_90
118.71888008934917,120.07109858868924,2.657503299827394,2.670245710224388,0.7658949192134844,0.7637620367700293,0.3388885497528302,0.3407421617084368,0.881268053728988,0.8799074929581192
