contrast_0,contrast_90,dissimilarity_0,dissimilarity_90,homogeneity_0,homogeneity_90,energy_0,energy_90,correlation_0,correlation_90
135.63765356889047,135.72751040714806,2.9800741191999163,2.941186922530206,0.7055125656743347,0.713408977046211,0.2690940566809237,0.27237098913627406,0.8913156463409296,0.8912510217783193
