contrast_0,contrast_90,dissimilarity_0,dissimilarity_90,homogeneity_0,homogeneity_90,energy_0,energy_90,correlation_0,correlation_90
139.73192709919786,142.48124175043137,3.086480861001114,3.0953142451010276,0.6881978332594095,0.6850381476574114,0.24320020508550658,0.24240862148694942,0.8969717097155588,0.8949208537708006
