contrast_0,contrast_90,dissimilarity_0,dissimilarity_90,homogeneity_0,homogeneity_90,energy_0,energy_90,correlation_0,correlation_90
176.46905777236273,178.61346329576608,3.171514874606555,3.18758249568484,0.7590464889171843,0.753952042431866,0.2749559405613048,0.27231777528341566,0.8887128820199295,0.8873416095064526
