contrast_0,contrast_90,dissimilarity_0,dissimilarity_90,homogeneity_0,homogeneity_90,energy_0,energy_90,correlation_0,correlation_90
126.5942989135953,128.9595390394964,2.7570565539648695,2.737993704944664,0.7503726141975113,0.7643513852352837,0.2658343882975851,0.2707112692283319,0.8816308755773717,0.8793566082560128
