contrast_0,contrast_90,dissimilarity_0,dissimilarity_90,homogeneity_0,homogeneity_90,energy_0,energy_90,correlation_0,correlation_90
176.22502284495877,178.40468575489896,3.17374860391918,3.1898923748603925,0.7568397927564348,0.7525358409144238,0.2726896099755306,0.2708241989515834,0.8888998058371864,0.8875068210586127
