contrast_0,contrast_90,dissimilarity_0,dissimilarity_90,homogeneity_0,homogeneity_90,energy_0,energy_90,correlation_0,correlation_90
140.79259315666562,140.30376180322898,2.991039699461872,2.950934104985276,0.7142545967628424,0.7233498713556396,0.2950375379041432,0.3001710401161519,0.8893079854905632,0.8896866679347836
