contrast_0,contrast_90,dissimilarity_0,dissimilarity_90,homogeneity_0,homogeneity_90,energy_0,energy_90,correlation_0,correlation_90
175.86082343385112,175.11942836836252,3.7120773682607346,3.746395573154639,0.6020981339045344,0.5974066360417782,0.22517983586573298,0.22558677974087105,0.8951342636785262,0.8955656706558265
