contrast_0,contrast_90,dissimilarity_0,dissimilarity_90,homogeneity_0,homogeneity_90,energy_0,energy_90,correlation_0,correlation_90
240.95842217484008,240.10232003249055,3.693065285815819,3.6976088943039915,0.7202352043547053,0.7160721585579454,0.23966951540114273,0.23924618622165628,0.8752318197473464,0.8756808029891339
