contrast_0,contrast_90,dissimilarity_0,dissimilarity_90,homogeneity_0,homogeneity_90,energy_0,energy_90,correlation_0,correlation_90
135.31307746979385,136.64217179409064,2.728906487968322,2.723246014823841,0.7889762002373754,0.7945803071037307,0.28709833441121685,0.2905796064133198,0.8818422623299624,0.8806652402726023
