contrast_0,contrast_90,dissimilarity_0,dissimilarity_90,homogeneity_0,homogeneity_90,energy_0,energy_90,correlation_0,correlation_90
172.02941923037866,172.89770535079705,3.078865874708092,3.0991471215351805,0.77237109473184,0.766466921532384,0.3094572841726077,0.3074772694992987,0.8770825116078388,0.8764531789569141
