contrast_0,contrast_90,dissimilarity_0,dissimilarity_90,homogeneity_0,homogeneity_90,energy_0,energy_90,correlation_0,correlation_90
179.19900497512432,179.59678647578437,3.1087420042643905,3.107244390293431,0.7835634768255791,0.7830186470421092,0.3008613486932446,0.3014017795538032,0.8754427967833789,0.8751620686526186
