contrast_0,contrast_90,dissimilarity_0,dissimilarity_90,homogeneity_0,homogeneity_90,energy_0,energy_90,correlation_0,correlation_90
210.2008071885471,210.41514366940794,3.277870849832468,3.282541374758857,0.811958559883745,0.8084353012260693,0.380159013759436,0.37849329089729095,0.8780193900739723,0.877885907330526
