contrast_0,contrast_90,dissimilarity_0,dissimilarity_90,homogeneity_0,homogeneity_90,energy_0,energy_90,correlation_0,correlation_90
137.0905421870242,142.4467458625242,3.237054523301858,3.2714996446339737,0.6585085306048467,0.6493038804097815,0.24755769329119903,0.2441777174467017,0.8967965727432142,0.892733115379969
