contrast_0,contrast_90,dissimilarity_0,dissimilarity_90,homogeneity_0,homogeneity_90,energy_0,energy_90,correlation_0,correlation_90
123.61907300233531,124.63943039902519,3.015559955325416,2.9814955833079497,0.6686489743386349,0.6743485416402256,0.2398963328887858,0.2412079680648597,0.8970508061496802,0.8961914333311798
