contrast_0,contrast_90,dissimilarity_0,dissimilarity_90,homogeneity_0,homogeneity_90,energy_0,energy_90,correlation_0,correlation_90
188.04190780789924,187.96316884962937,3.251015331505736,3.1995380241648896,0.7503544401432122,0.76862907216687,0.2634168992558439,0.26782637776047685,0.8771670601413273,0.8772179100439748
