contrast_0,contrast_90,dissimilarity_0,dissimilarity_90,homogeneity_0,homogeneity_90,energy_0,energy_90,correlation_0,correlation_90
141.28441973804445,140.4425322367751,3.3196009747182464,3.1973296781399125,0.6437160496587762,0.6644853783407279,0.24695212305789174,0.2516929545825354,0.8933716816831683,0.8940197827753258
