contrast_0,contrast_90,dissimilarity_0,dissimilarity_90,homogeneity_0,homogeneity_90,energy_0,energy_90,correlation_0,correlation_90
142.48852675398518,142.90557416996626,3.159813179002947,3.207939892374858,0.6637156552734224,0.6448010983718953,0.22413317078476633,0.2219790694727049,0.9001236576423186,0.8998391086670723
