contrast_0,contrast_90,dissimilarity_0,dissimilarity_90,homogeneity_0,homogeneity_90,energy_0,energy_90,correlation_0,correlation_90
147.80048735912274,148.1578332825666,3.2740379733983156,3.127474870545233,0.6753353802396945,0.7005322712049455,0.2666708232152766,0.27384835605056956,0.8868233495831769,0.8865306931140985
