contrast_0,contrast_90,dissimilarity_0,dissimilarity_90,homogeneity_0,homogeneity_90,energy_0,energy_90,correlation_0,correlation_90
128.61772768809018,130.8428266829119,3.1421464108031287,3.1277287034216683,0.6548724858035331,0.6435513513122144,0.23742571230832493,0.23514928342811697,0.8941497357056596,0.8922775567359679
