contrast_0,contrast_90,dissimilarity_0,dissimilarity_90,homogeneity_0,homogeneity_90,energy_0,energy_90,correlation_0,correlation_90
178.83772464209557,179.17146410803133,3.105467560158391,3.1058229261853993,0.7830407227548768,0.7824245898231758,0.29911006582594674,0.2998588933111967,0.8758459004856859,0.8756160147827279
