contrast_0,contrast_90,dissimilarity_0,dissimilarity_90,homogeneity_0,homogeneity_90,energy_0,energy_90,correlation_0,correlation_90
114.22502284495886,114.6211290486344,2.484592344400445,2.4972078383592233,0.811910474314504,0.8081126291095448,0.3281433814676811,0.3256193031362114,0.8778471729003111,0.8774078188339868
