contrast_0,contrast_90,dissimilarity_0,dissimilarity_90,homogeneity_0,homogeneity_90,energy_0,energy_90,correlation_0,correlation_90
173.54462381967724,172.69958879074017,3.7142857142857144,3.739034419738044,0.604005869467659,0.5982717853575558,0.22637655847424082,0.2263147591969218,0.8964566164990517,0.8969571556120693
