contrast_0,contrast_90,dissimilarity_0,dissimilarity_90,homogeneity_0,homogeneity_90,energy_0,energy_90,correlation_0,correlation_90
155.9702761701695,155.2035485836126,3.4045334551731163,3.1966443293735405,0.6206668526555877,0.675239885896992,0.22054921789522586,0.2282102851957258,0.8896242056895072,0.8901565240154385
