contrast_0,contrast_90,dissimilarity_0,dissimilarity_90,homogeneity_0,homogeneity_90,energy_0,energy_90,correlation_0,correlation_90
178.27116966189473,178.9586506244289,3.1940044674586243,3.166032084475579,0.7511480702682761,0.7629710233174003,0.2706590692993032,0.274460424349393,0.8783541651323239,0.877871459890361
