contrast_0,contrast_90,dissimilarity_0,dissimilarity_90,homogeneity_0,homogeneity_90,energy_0,energy_90,correlation_0,correlation_90
135.44408061732153,135.30972687582496,2.9933241953497807,2.94425830033506,0.6992469235769333,0.7124896235976182,0.2649259993860139,0.26944421647638517,0.891420007164031,0.8915341966156651
