contrast_0,contrast_90,dissimilarity_0,dissimilarity_90,homogeneity_0,homogeneity_90,energy_0,energy_90,correlation_0,correlation_90
178.54718753172907,179.09881713879582,3.1091227535790433,3.1092750533049047,0.7805916571117003,0.780701438211644,0.2982905251070513,0.2994803645275547,0.8759444566772817,0.8755569347606629
