contrast_0,contrast_90,dissimilarity_0,dissimilarity_90,homogeneity_0,homogeneity_90,energy_0,energy_90,correlation_0,correlation_90
177.85168545029956,178.86620469083152,3.0839425322367746,3.1177023048025174,0.7841604609460954,0.772366791387633,0.2959665106806165,0.29247598846350065,0.8756369015401971,0.874904913950612
