contrast_0,contrast_90,dissimilarity_0,dissimilarity_90,homogeneity_0,homogeneity_90,energy_0,energy_90,correlation_0,correlation_90
136.30586861610314,135.07734287744952,2.93811554472535,2.9612904863437906,0.7154496044459786,0.7034399189412786,0.2699885679021366,0.26782683484406195,0.8934441640164321,0.8944085031159343
