contrast_0,contrast_90,dissimilarity_0,dissimilarity_90,homogeneity_0,homogeneity_90,energy_0,energy_90,correlation_0,correlation_90
133.87747487054511,134.73997360138083,2.8788963346532626,2.8709513656208734,0.7381742687169403,0.7394409362107555,0.26346382845409627,0.26478916652238543,0.8914891657083943,0.8907717594281211
