contrast_0,contrast_90,dissimilarity_0,dissimilarity_90,homogeneity_0,homogeneity_90,energy_0,energy_90,correlation_0,correlation_90
136.77749010051767,139.03995329475066,2.987105289877146,2.9945679764443085,0.7151733002815907,0.7114395715454234,0.2731894843786725,0.2714311419335995,0.8910361934085849,0.8891961943195162
