contrast_0,contrast_90,dissimilarity_0,dissimilarity_90,homogeneity_0,homogeneity_90,energy_0,energy_90,correlation_0,correlation_90
160.99129353233835,160.7742410396995,2.782135242156564,2.7898263783125183,0.8640300456986221,0.8595245336428046,0.4227939827930136,0.4215532183493619,0.8764602755480311,0.8766331896615139
