contrast_0,contrast_90,dissimilarity_0,dissimilarity_90,homogeneity_0,homogeneity_90,energy_0,energy_90,correlation_0,correlation_90
136.40768098284082,138.382348461773,3.1434409584729393,3.2054777134734476,0.677063800434525,0.6700123208387802,0.2712702960473067,0.2691409966455534,0.8977622047437953,0.896247472371917
