contrast_0,contrast_90,dissimilarity_0,dissimilarity_90,homogeneity_0,homogeneity_90,energy_0,energy_90,correlation_0,correlation_90
173.79495380241644,177.0811757538837,3.814955833079502,3.7192608386638275,0.5883949385816994,0.5921519117925267,0.21748006827687183,0.2180178303854511,0.8969117765614775,0.8949297989918092
