contrast_0,contrast_90,dissimilarity_0,dissimilarity_90,homogeneity_0,homogeneity_90,energy_0,energy_90,correlation_0,correlation_90
166.15344197380452,168.98756218905473,3.271525027921615,3.246217890141131,0.69827363656505,0.7062476659178847,0.23875362757046803,0.2400168892187102,0.8922534303961851,0.8903785271563173
