contrast_0,contrast_90,dissimilarity_0,dissimilarity_90,homogeneity_0,homogeneity_90,energy_0,energy_90,correlation_0,correlation_90
121.09115138592749,121.48093715097984,2.802644938572444,2.7574626865671648,0.7219860531117366,0.7318935227073794,0.2802997048676654,0.284068576072106,0.8906861402032225,0.8903144869301134
