contrast_0,contrast_90,dissimilarity_0,dissimilarity_90,homogeneity_0,homogeneity_90,energy_0,energy_90,correlation_0,correlation_90
154.84574576099092,154.0775713270384,2.948345009645648,2.9599959386739756,0.7685649633449678,0.7599196143659479,0.30864374583949283,0.30801565822291954,0.8759956011595293,0.8766212383520878
