contrast_0,contrast_90,dissimilarity_0,dissimilarity_90,homogeneity_0,homogeneity_90,energy_0,energy_90,correlation_0,correlation_90
120.78939486242255,122.09622804345616,2.680094425830033,2.667250482282464,0.769737047228342,0.7754272021087948,0.28318134936827766,0.2852454761549594,0.8877161039251081,0.8864799536471766
