contrast_0,contrast_90,dissimilarity_0,dissimilarity_90,homogeneity_0,homogeneity_90,energy_0,energy_90,correlation_0,correlation_90
125.08099807087018,125.51101634683725,2.805944765966085,2.7883033810539124,0.7274274412143277,0.732101650862028,0.2798549399477507,0.2808484947379684,0.8871222686376451,0.8867309583568602
