contrast_0,contrast_90,dissimilarity_0,dissimilarity_90,homogeneity_0,homogeneity_90,energy_0,energy_90,correlation_0,correlation_90
121.99246116356983,123.68308965377189,2.6872017463701896,2.671057975428975,0.7739305238264441,0.7821875087043768,0.295855531704272,0.29739570887534234,0.8882626700911638,0.8866876669598338
