contrast_0,contrast_90,dissimilarity_0,dissimilarity_90,homogeneity_0,homogeneity_90,energy_0,energy_90,correlation_0,correlation_90
155.0658950147224,154.79579145090875,3.002386029038479,2.9984516194537507,0.7556490330492113,0.7555940903711412,0.2944073808350994,0.2949567841731583,0.8755614117649445,0.8757669045583472
