contrast_0,contrast_90,dissimilarity_0,dissimilarity_90,homogeneity_0,homogeneity_90,energy_0,energy_90,correlation_0,correlation_90
126.72182455071581,126.6670474159813,2.8041171692557634,2.8197025078688167,0.7448324406882341,0.7338069497334136,0.28944156982487973,0.28798539611485935,0.8971685327597789,0.8972267234779331
