contrast_0,contrast_90,dissimilarity_0,dissimilarity_90,homogeneity_0,homogeneity_90,energy_0,energy_90,correlation_0,correlation_90
115.46096050360447,115.24032896740779,2.725860493451108,2.7503299827393626,0.7244793092216747,0.7156166802563808,0.2683611901616496,0.2685953016998085,0.8947463926475991,0.8949731507664752
