contrast_0,contrast_90,dissimilarity_0,dissimilarity_90,homogeneity_0,homogeneity_90,energy_0,energy_90,correlation_0,correlation_90
153.14443090669096,153.28426743831872,2.8860798050563505,2.899355264493855,0.7853690014148716,0.7791618889569001,0.3176261972951011,0.317595589501195,0.8775134755562117,0.877400546236306
