contrast_0,contrast_90,dissimilarity_0,dissimilarity_90,homogeneity_0,homogeneity_90,energy_0,energy_90,correlation_0,correlation_90
129.47144380140116,129.86805767082953,2.5575439130876227,2.5796019900497513,0.8432082287782814,0.8353965632117456,0.3648847201437334,0.36223725407791524,0.8753971438198154,0.8750036954711734
