contrast_0,contrast_90,dissimilarity_0,dissimilarity_90,homogeneity_0,homogeneity_90,energy_0,energy_90,correlation_0,correlation_90
152.30439638541984,152.40328967407856,2.903441973804446,2.9188242461163547,0.7806197204139461,0.7738403312365334,0.30858784644922244,0.306868364520043,0.8779325054208614,0.877848440501891
