contrast_0,contrast_90,dissimilarity_0,dissimilarity_90,homogeneity_0,homogeneity_90,energy_0,energy_90,correlation_0,correlation_90
125.85386841303679,127.55685856432117,2.78619656817951,2.7766778353132286,0.7570818746418889,0.7578752093524841,0.30613374917495084,0.3052932350851559,0.897812824067901,0.8964061954258813
