contrast_0,contrast_90,dissimilarity_0,dissimilarity_90,homogeneity_0,homogeneity_90,energy_0,energy_90,correlation_0,correlation_90
155.0429992892678,154.8694029850749,2.9886282871357492,2.984846177276881,0.7628319390028905,0.7634402358779222,0.2984533110780486,0.3002901654656408,0.8756229324954978,0.8757497219495124
