contrast_0,contrast_90,dissimilarity_0,dissimilarity_90,homogeneity_0,homogeneity_90,energy_0,energy_90,correlation_0,correlation_90
125.80868616103159,125.77848004873584,2.8289927911463084,2.7924916235150783,0.7210468864113525,0.7313285781241959,0.2772552103358943,0.28118965619015374,0.8874223226940365,0.887442706491916
