contrast_0,contrast_90,dissimilarity_0,dissimilarity_90,homogeneity_0,homogeneity_90,energy_0,energy_90,correlation_0,correlation_90
117.53393745557916,117.19156767184482,2.739034419738043,2.7468524723322187,0.7270489357057432,0.7200028566199002,0.2620865443178896,0.26063066568211896,0.8931108190435098,0.8934237372460688
