contrast_0,contrast_90,dissimilarity_0,dissimilarity_90,homogeneity_0,homogeneity_90,energy_0,energy_90,correlation_0,correlation_90
170.1494567976443,168.8708498324702,3.143567874911158,3.146410803127223,0.7403896206041009,0.7372534103376488,0.309125332666383,0.30735370797011013,0.8723291188107103,0.8733085671474299
