contrast_0,contrast_90,dissimilarity_0,dissimilarity_90,homogeneity_0,homogeneity_90,energy_0,energy_90,correlation_0,correlation_90
131.09691339222272,131.2138541983958,2.7385521372728148,2.752639861914913,0.7803407852558226,0.7732246675340908,0.27790477909742706,0.2783364889186552,0.8817764739449014,0.8816660392276043
