contrast_0,contrast_90,dissimilarity_0,dissimilarity_90,homogeneity_0,homogeneity_90,energy_0,energy_90,correlation_0,correlation_90
155.50258909533977,155.21849934003444,3.007665752868312,3.025180221342268,0.7653499358571363,0.7565973885722137,0.3261251395125822,0.323682291627721,0.8749446371293694,0.8751682916291839
