contrast_0,contrast_90,dissimilarity_0,dissimilarity_90,homogeneity_0,homogeneity_90,energy_0,energy_90,correlation_0,correlation_90
107.3703929332927,111.08340948319625,2.7821098588689233,2.7548989745151755,0.7164277392026802,0.7216501365175729,0.3022729181007594,0.3009685958126925,0.9061124198318948,0.9028389173235495
