contrast_0,contrast_90,dissimilarity_0,dissimilarity_90,homogeneity_0,homogeneity_90,energy_0,energy_90,correlation_0,correlation_90
102.60064473550615,103.91532135242167,2.577596710325922,2.60107625139608,0.7330106269025923,0.7245642037403173,0.2679059105917795,0.2672018333921419,0.8859302919898643,0.8844360435307732
