contrast_0,contrast_90,dissimilarity_0,dissimilarity_90,homogeneity_0,homogeneity_90,energy_0,energy_90,correlation_0,correlation_90
136.09203980099497,138.30825464514166,2.947913493755709,2.9470504619758344,0.7227591623047291,0.7250307626104612,0.26784478317802163,0.2662890285323339,0.8950659846853704,0.8933122473216838
