contrast_0,contrast_90,dissimilarity_0,dissimilarity_90,homogeneity_0,homogeneity_90,energy_0,energy_90,correlation_0,correlation_90
122.88267844451214,124.56124987308354,2.6813382069245626,2.697507361153416,0.774808736685273,0.7698609385194177,0.29109191933399153,0.28930823881314693,0.8868683154455932,0.8853011022524305
