contrast_0,contrast_90,dissimilarity_0,dissimilarity_90,homogeneity_0,homogeneity_90,energy_0,energy_90,correlation_0,correlation_90
151.90311199106512,151.80764544623833,2.986826073713067,2.9690323890750348,0.7569785638648941,0.7600574781446606,0.3004778965266943,0.3013992784161516,0.8785517355807929,0.8786225540861721
