contrast_0,contrast_90,dissimilarity_0,dissimilarity_90,homogeneity_0,homogeneity_90,energy_0,energy_90,correlation_0,correlation_90
126.23999898466847,127.48530307645434,2.8317341862117975,2.8054878667885066,0.7373349218029971,0.7477016470504723,0.3129275667287723,0.31406171374686775,0.8985903118928287,0.8975663673094602
