contrast_0,contrast_90,dissimilarity_0,dissimilarity_90,homogeneity_0,homogeneity_90,energy_0,energy_90,correlation_0,correlation_90
132.89407554066406,135.77561173723225,2.8803685653365783,2.9073510001015324,0.7365114447911205,0.729594927817355,0.2977026491843622,0.28948733823821354,0.8959867277459271,0.8937049734153515
