contrast_0,contrast_90,dissimilarity_0,dissimilarity_90,homogeneity_0,homogeneity_90,energy_0,energy_90,correlation_0,correlation_90
169.37399736013805,167.97697735810752,3.130520865062442,3.1319677124581164,0.743187912386653,0.7390437899131513,0.308699906440598,0.3068137859761589,0.8730385304665211,0.8741132803496051
