contrast_0,contrast_90,dissimilarity_0,dissimilarity_90,homogeneity_0,homogeneity_90,energy_0,energy_90,correlation_0,correlation_90
149.49604020712763,151.23550614275555,3.009188750126917,2.97979490303584,0.7357310302982933,0.7485185875929765,0.29678432127332255,0.2993228900224816,0.8865848886781362,0.8852424593106563
