contrast_0,contrast_90,dissimilarity_0,dissimilarity_90,homogeneity_0,homogeneity_90,energy_0,energy_90,correlation_0,correlation_90
148.71207736826065,149.32701289471004,2.876154939587775,2.9230124885775197,0.7854031623304878,0.7663780691307508,0.3340058648270564,0.3260885542268059,0.8786282549220946,0.8781118383598575
