contrast_0,contrast_90,dissimilarity_0,dissimilarity_90,homogeneity_0,homogeneity_90,energy_0,energy_90,correlation_0,correlation_90
166.3884912173825,168.40199512640865,3.050081226520458,3.070337090059904,0.767694170411221,0.7649855286411577,0.32561500333682203,0.32146925768433404,0.8742404321709023,0.8726905008133174
