contrast_0,contrast_90,dissimilarity_0,dissimilarity_90,homogeneity_0,homogeneity_90,energy_0,energy_90,correlation_0,correlation_90
127.72890648796835,128.36173723220625,2.7163163772971877,2.7123312011371703,0.7677181045490011,0.7712820552601336,0.288307725545848,0.2901986741787895,0.8846194264400761,0.884045043241329
