contrast_0,contrast_90,dissimilarity_0,dissimilarity_90,homogeneity_0,homogeneity_90,energy_0,energy_90,correlation_0,correlation_90
168.89158797847492,168.8605696009747,3.136181338206924,3.1577571327038276,0.747871488598648,0.7426859498616513,0.3444959594486837,0.34934971476957777,0.8725457306736922,0.8725537750064457
