contrast_0,contrast_90,dissimilarity_0,dissimilarity_90,homogeneity_0,homogeneity_90,energy_0,energy_90,correlation_0,correlation_90
109.02312417504314,110.01109249670013,2.5652096659559342,2.5521118895319335,0.7659151605139747,0.7737412610829121,0.29245595631231897,0.2959045431697479,0.8828782654601497,0.8818040575984358
