contrast_0,contrast_90,dissimilarity_0,dissimilarity_90,homogeneity_0,homogeneity_90,energy_0,energy_90,correlation_0,correlation_90
126.4829424307036,128.29305005584328,2.7983043963854186,2.7884302974921282,0.7544579736996719,0.756998079357998,0.3079231275998764,0.30828167431529735,0.8974706627079322,0.8959806323982188
