contrast_0,contrast_90,dissimilarity_0,dissimilarity_90,homogeneity_0,homogeneity_90,energy_0,energy_90,correlation_0,correlation_90
124.86879378617121,128.62610417301244,2.775129454766979,2.772311909838564,0.7600719003047506,0.7628851980693333,0.3043292536995179,0.30306685585613785,0.8978608695918091,0.8947584716123681
