contrast_0,contrast_90,dissimilarity_0,dissimilarity_90,homogeneity_0,homogeneity_90,energy_0,energy_90,correlation_0,correlation_90
121.10100010153305,122.78515585338607,2.671007208853689,2.661234643110974,0.7798470510374859,0.7855031131008291,0.3049600025372697,0.30630246795343696,0.8888245860644596,0.8872554471069615
