contrast_0,contrast_90,dissimilarity_0,dissimilarity_90,homogeneity_0,homogeneity_90,energy_0,energy_90,correlation_0,correlation_90
153.3906487968322,153.31401665143665,2.889227332724134,2.905650319829422,0.7850452743828397,0.7767143429138305,0.3150902511275001,0.3142368605755146,0.877212937864854,0.8772710610023617
