contrast_0,contrast_90,dissimilarity_0,dissimilarity_90,homogeneity_0,homogeneity_90,energy_0,energy_90,correlation_0,correlation_90
132.18677023048028,132.3941516905269,2.7571834704030853,2.7391613361762603,0.7688045440238137,0.7746002629913253,0.2811134942783917,0.2841719760056158,0.8815554075246111,0.8813693120388781
