contrast_0,contrast_90,dissimilarity_0,dissimilarity_90,homogeneity_0,homogeneity_90,energy_0,energy_90,correlation_0,correlation_90
125.19235455376177,125.64963448065792,2.80850847801807,2.8203624733475476,0.7317127334002737,0.7260669631170078,0.2637058453057203,0.26131609272259537,0.897379001287419,0.8970122354968305
