contrast_0,contrast_90,dissimilarity_0,dissimilarity_90,homogeneity_0,homogeneity_90,energy_0,energy_90,correlation_0,correlation_90
116.89201949436497,119.53020611229564,2.7542390090364512,2.7666768199817233,0.7238795186782251,0.7232006499135156,0.2887810194356313,0.2850496029283751,0.8936436876535985,0.8912196985576797
