contrast_0,contrast_90,dissimilarity_0,dissimilarity_90,homogeneity_0,homogeneity_90,energy_0,energy_90,correlation_0,correlation_90
151.34848715605634,151.73685145700065,2.9207279926896126,2.978094222763731,0.7739784294676402,0.7533175630995023,0.35694458514971855,0.34937003116461124,0.8777490039708429,0.8774468878798688
