contrast_0,contrast_90,dissimilarity_0,dissimilarity_90,homogeneity_0,homogeneity_90,energy_0,energy_90,correlation_0,correlation_90
107.36452939384715,111.09386739770528,2.782693674484721,2.759061833688695,0.7167756423356061,0.7199896254109052,0.3005689506622635,0.3006880040807865,0.9061046306813633,0.9028161657867944
