contrast_0,contrast_90,dissimilarity_0,dissimilarity_90,homogeneity_0,homogeneity_90,energy_0,energy_90,correlation_0,correlation_90
127.91417910447753,128.01154939587772,2.8009696415879812,2.7772616509290273,0.7408973966629775,0.7467197573918934,0.27957732621014214,0.2810274487094196,0.8848446785037644,0.8847467273388657
