contrast_0,contrast_90,dissimilarity_0,dissimilarity_90,homogeneity_0,homogeneity_90,energy_0,energy_90,correlation_0,correlation_90
108.60681287440343,112.81185907198692,2.77875926489999,2.7574373032795196,0.723221218597962,0.725888355697104,0.31509124492147683,0.3134829241375594,0.9053146102683912,0.9016178841391618
