contrast_0,contrast_90,dissimilarity_0,dissimilarity_90,homogeneity_0,homogeneity_90,energy_0,energy_90,correlation_0,correlation_90
149.15565031982945,150.843613564829,3.0250786881916945,2.9895167022032703,0.7307122634071904,0.7441302756950843,0.2904841301755897,0.2950157446777738,0.8870439145546704,0.8857425947389105
