contrast_0,contrast_90,dissimilarity_0,dissimilarity_90,homogeneity_0,homogeneity_90,energy_0,energy_90,correlation_0,correlation_90
129.7580211188953,130.17133719159307,2.5681541273225714,2.59229363387146,0.838966654661752,0.8307376572118729,0.3570434714415554,0.35465864861308144,0.8753424663431834,0.8749334230922832
