contrast_0,contrast_90,dissimilarity_0,dissimilarity_90,homogeneity_0,homogeneity_90,energy_0,energy_90,correlation_0,correlation_90
132.75479744136456,133.86899685247238,2.6922530206112305,2.6909077063661266,0.7959285821840799,0.8006876176749435,0.2852575853023682,0.2859290045638856,0.8788923730578273,0.8778507539423204
