contrast_0,contrast_90,dissimilarity_0,dissimilarity_90,homogeneity_0,homogeneity_90,energy_0,energy_90,correlation_0,correlation_90
115.80107117473861,115.34092293633866,2.7307087013910007,2.7489339019189774,0.7231892176388365,0.7163896669921535,0.2678024230832066,0.26851566352297807,0.8944940577105187,0.8949424867536402
