contrast_0,contrast_90,dissimilarity_0,dissimilarity_90,homogeneity_0,homogeneity_90,energy_0,energy_90,correlation_0,correlation_90
107.72299218194743,111.35110163468354,2.7835567062645925,2.760838663823737,0.7170496412846741,0.7193212468330947,0.30052614128865857,0.2994743232488275,0.9058173377182466,0.9026168171926019
