contrast_0,contrast_90,dissimilarity_0,dissimilarity_90,homogeneity_0,homogeneity_90,energy_0,energy_90,correlation_0,correlation_90
123.10600060919879,124.69730429485226,2.817595694994414,2.8003604426845334,0.7323100805517087,0.739270334169899,0.2915592726944018,0.291064314352193,0.8999076070553793,0.898590199685724
