contrast_0,contrast_90,dissimilarity_0,dissimilarity_90,homogeneity_0,homogeneity_90,energy_0,energy_90,correlation_0,correlation_90
130.6505228957254,131.6915676718448,2.793836937760179,2.7991420448776516,0.747873622258786,0.7493198128771829,0.27592962114088804,0.2760972553067071,0.8768369831844478,0.8758336218400279
