contrast_0,contrast_90,dissimilarity_0,dissimilarity_90,homogeneity_0,homogeneity_90,energy_0,energy_90,correlation_0,correlation_90
106.543710021322,106.81520966595595,2.561326022946491,2.557467763224693,0.7624295438474749,0.7620193973418621,0.3045874134589361,0.3033758824923988,0.8850355349355999,0.8847210243466765
