contrast_0,contrast_90,dissimilarity_0,dissimilarity_90,homogeneity_0,homogeneity_90,energy_0,energy_90,correlation_0,correlation_90
150.74454259315672,150.0470606152909,2.8866890039597917,2.873540460960503,0.779186004711769,0.7798839329942348,0.30265788115380815,0.3034080415707842,0.8754563391396403,0.8760435078690754
