contrast_0,contrast_90,dissimilarity_0,dissimilarity_90,homogeneity_0,homogeneity_90,energy_0,energy_90,correlation_0,correlation_90
93.60460452837854,95.58736927606863,2.4043811554472536,2.4219717737841404,0.7579805615726251,0.7564720771968698,0.2809157927314304,0.2797940005215855,0.8871047574621648,0.8846697916069419
