contrast_0,contrast_90,dissimilarity_0,dissimilarity_90,homogeneity_0,homogeneity_90,energy_0,energy_90,correlation_0,correlation_90
148.58348563305924,149.40448268859785,2.8865113209462883,2.9187988628287127,0.7674776779118376,0.756161824182833,0.2789338330209187,0.27550280461594157,0.8788416328153268,0.878167616407679
