contrast_0,contrast_90,dissimilarity_0,dissimilarity_90,homogeneity_0,homogeneity_90,energy_0,energy_90,correlation_0,correlation_90
113.31599654787287,113.75017768301349,2.6497360138085084,2.6655498020103567,0.7401426521969932,0.7352536909308395,0.2637041618697831,0.26277444592456217,0.8956834511553251,0.8952870992529254
