contrast_0,contrast_90,dissimilarity_0,dissimilarity_90,homogeneity_0,homogeneity_90,energy_0,energy_90,correlation_0,correlation_90
93.83823230784847,95.20537618032284,2.4758097268758252,2.478957254543608,0.7334074944244771,0.7334629262949034,0.28578464260993336,0.2831344341644421,0.8971547753081847,0.8956361608553527
