contrast_0,contrast_90,dissimilarity_0,dissimilarity_90,homogeneity_0,homogeneity_90,energy_0,energy_90,correlation_0,correlation_90
99.67443395268559,100.52312417504307,2.7850035536602693,2.6450654888821203,0.6661317313620833,0.7068120082264746,0.25639249863066815,0.2665468590302824,0.8980722967829216,0.8971852637700282
