contrast_0,contrast_90,dissimilarity_0,dissimilarity_90,homogeneity_0,homogeneity_90,energy_0,energy_90,correlation_0,correlation_90
152.6485683825769,152.22210376687994,2.96783937455579,2.9537008833384086,0.7498866574743029,0.7550763861756683,0.2845571902767,0.28804470768611645,0.8761522021398458,0.8764971007437979
