contrast_0,contrast_90,dissimilarity_0,dissimilarity_90,homogeneity_0,homogeneity_90,energy_0,energy_90,correlation_0,correlation_90
121.6279825362981,122.12359122753571,2.714945679764443,2.7246674789318703,0.7475102134442274,0.7443324848867632,0.28867531315154055,0.2880931916892794,0.8932800158728011,0.8928407754843969
