contrast_0,contrast_90,dissimilarity_0,dissimilarity_90,homogeneity_0,homogeneity_90,energy_0,energy_90,correlation_0,correlation_90
127.30972687582494,128.00588892273328,2.5698548075946794,2.5850340136054424,0.8277887383104254,0.8237112021368432,0.36324181542817907,0.36108677663620103,0.8761523472522992,0.8754602985363032
