contrast_0,contrast_90,dissimilarity_0,dissimilarity_90,homogeneity_0,homogeneity_90,energy_0,energy_90,correlation_0,correlation_90
99.19245608691232,101.2768809016143,2.6538227231190983,2.7151487460655908,0.6998993560436358,0.685064657019925,0.2625324466128094,0.2585518329419257,0.8983810364047871,0.8962153722151527
