contrast_0,contrast_90,dissimilarity_0,dissimilarity_90,homogeneity_0,homogeneity_90,energy_0,energy_90,correlation_0,correlation_90
93.8492740379734,94.38270382779973,2.391004162859174,2.4084424814702015,0.7655114965174327,0.7576985698471924,0.2982996056617913,0.29622546596528115,0.8875486279724609,0.886894787791018
