contrast_0,contrast_90,dissimilarity_0,dissimilarity_90,homogeneity_0,homogeneity_90,energy_0,energy_90,correlation_0,correlation_90
121.83406944867504,121.23720682302766,2.8632602294649203,2.8447811960605147,0.6868807110624683,0.6915596781650523,0.2392583425169285,0.2416362410520587,0.8904440934782142,0.8909828583008402
