contrast_0,contrast_90,dissimilarity_0,dissimilarity_90,homogeneity_0,homogeneity_90,energy_0,energy_90,correlation_0,correlation_90
122.8703929332927,123.59107523606454,2.749568484110062,2.7449487257589604,0.735510513419574,0.7376693672160879,0.24959084580530924,0.2503406588326504,0.8879488694014144,0.8872952569393651
