contrast_0,contrast_90,dissimilarity_0,dissimilarity_90,homogeneity_0,homogeneity_90,energy_0,energy_90,correlation_0,correlation_90
130.76383389176561,130.71151893593256,2.7010356381358513,2.6547619047619047,0.7812753046546833,0.800591088207681,0.30486841908625817,0.3142055863168521,0.876886947934158,0.8769293501497026
