contrast_0,contrast_90,dissimilarity_0,dissimilarity_90,homogeneity_0,homogeneity_90,energy_0,energy_90,correlation_0,correlation_90
153.16128540968626,157.06419433445015,3.139760381764647,3.3619402985074625,0.6843771105646336,0.6353880489495234,0.23544343675687143,0.2263603203629213,0.8862772186839681,0.8833385266812739
