contrast_0,contrast_90,dissimilarity_0,dissimilarity_90,homogeneity_0,homogeneity_90,energy_0,energy_90,correlation_0,correlation_90
152.5404863437913,152.8669915727485,2.896563102853082,2.8605442176870746,0.7766197317894524,0.7930437411107754,0.3496337678199234,0.35910325987635955,0.876796107219268,0.8765249353450179
