contrast_0,contrast_90,dissimilarity_0,dissimilarity_90,homogeneity_0,homogeneity_90,energy_0,energy_90,correlation_0,correlation_90
153.12029140014218,151.36201644837038,3.298634379124787,3.1783429789826374,0.6409254538629467,0.6681941655872135,0.22617690963982595,0.23103477425667027,0.8865239332437432,0.8878319229050434
