contrast_0,contrast_90,dissimilarity_0,dissimilarity_90,homogeneity_0,homogeneity_90,energy_0,energy_90,correlation_0,correlation_90
130.40354350695503,131.32706366128537,2.649253731343283,2.6630876231089453,0.8045494373919816,0.7999245071669956,0.314352690934164,0.31126792363405936,0.8770379811898221,0.8761443401701605
