contrast_0,contrast_90,dissimilarity_0,dissimilarity_90,homogeneity_0,homogeneity_90,energy_0,energy_90,correlation_0,correlation_90
123.42580465021823,124.49789318712544,2.7650269062849033,2.7497461671235657,0.7395194581806285,0.7462692317799485,0.2852385731913818,0.28698488247723664,0.8917010687376368,0.8907376200352425
