contrast_0,contrast_90,dissimilarity_0,dissimilarity_90,homogeneity_0,homogeneity_90,energy_0,energy_90,correlation_0,correlation_90
159.48360239618236,159.6397603817646,2.892577926693065,2.8968423190171593,0.8049238501348847,0.8036927545334491,0.39740342974655835,0.39664145543215606,0.878337055800227,0.8782144622101055
