contrast_0,contrast_90,dissimilarity_0,dissimilarity_90,homogeneity_0,homogeneity_90,energy_0,energy_90,correlation_0,correlation_90
163.42747994720278,163.56693572951565,2.816301147324602,2.82193623718144,0.8557371506119174,0.8539476218456779,0.4372909457328968,0.43594654892790696,0.8761254867092456,0.8760194870538277
