contrast_0,contrast_90,dissimilarity_0,dissimilarity_90,homogeneity_0,homogeneity_90,energy_0,energy_90,correlation_0,correlation_90
129.80970149253736,129.58805462483502,2.63481064067418,2.6396334653264284,0.8074319499175578,0.8045621686787621,0.3516070391690735,0.34909818123033903,0.8764733380911389,0.8766804106785424
