contrast_0,contrast_90,dissimilarity_0,dissimilarity_90,homogeneity_0,homogeneity_90,energy_0,energy_90,correlation_0,correlation_90
123.29218702406334,125.44979185704133,2.844019697431212,2.8926794598436403,0.6991811845981903,0.688539677025964,0.23778829756020342,0.2356970528656109,0.8898463284513127,0.8878926930855392
