contrast_0,contrast_90,dissimilarity_0,dissimilarity_90,homogeneity_0,homogeneity_90,energy_0,energy_90,correlation_0,correlation_90
141.27248959285205,140.16780891461062,3.1584678647578417,3.130698548075946,0.6562627465750186,0.6614441873101776,0.22400968072959748,0.2260124795916647,0.8982684045316265,0.899070027480427
