contrast_0,contrast_90,dissimilarity_0,dissimilarity_90,homogeneity_0,homogeneity_90,energy_0,energy_90,correlation_0,correlation_90
157.54378617118496,157.604502995228,3.362752563712051,3.3818407960198997,0.6328512325422615,0.6257866471344203,0.22469990760586583,0.22440263947026634,0.8944643741952678,0.8944387239644316
