contrast_0,contrast_90,dissimilarity_0,dissimilarity_90,homogeneity_0,homogeneity_90,energy_0,energy_90,correlation_0,correlation_90
130.3752157579449,130.90130977764238,2.7423088638440456,2.7291095542694674,0.7630298347550458,0.7692405561545024,0.2845127710975001,0.28561336390956954,0.8882167192645629,0.8877482018263609
