contrast_0,contrast_90,dissimilarity_0,dissimilarity_90,homogeneity_0,homogeneity_90,energy_0,energy_90,correlation_0,correlation_90
106.76766676819985,107.78756726571218,2.627500253832877,2.659737029140015,0.7332023339348969,0.72726093210762,0.26795957018612243,0.2671401975595233,0.8922257789622461,0.8911930028613555
