contrast_0,contrast_90,dissimilarity_0,dissimilarity_90,homogeneity_0,homogeneity_90,energy_0,energy_90,correlation_0,correlation_90
130.51568687176368,131.32622601279328,2.931820489389787,2.921108742004263,0.6973131111593086,0.7096722012837715,0.2576494348810554,0.26398627935673374,0.8909865039695049,0.8902908389343372
