contrast_0,contrast_90,dissimilarity_0,dissimilarity_90,homogeneity_0,homogeneity_90,energy_0,energy_90,correlation_0,correlation_90
118.34782719057766,118.37932785054322,2.854985277693165,2.871205198497306,0.6770666623249237,0.6701105520920897,0.23483895340914507,0.23399743383049434,0.8943446822299375,0.8943128038928877
