contrast_0,contrast_90,dissimilarity_0,dissimilarity_90,homogeneity_0,homogeneity_90,energy_0,energy_90,correlation_0,correlation_90
126.2025332521068,125.4654787288049,2.7442126104173004,2.7512437810945265,0.7513633626125172,0.7466483455612951,0.28336014431361795,0.28564852875726365,0.8890153384379881,0.8896734433533385
