contrast_0,contrast_90,dissimilarity_0,dissimilarity_90,homogeneity_0,homogeneity_90,energy_0,energy_90,correlation_0,correlation_90
137.85940196974326,137.05665549802,3.102675398517616,3.033556706264595,0.652087521206852,0.6736353126537465,0.23456557534216768,0.23864209890580088,0.8908471726266269,0.891481357949567
