contrast_0,contrast_90,dissimilarity_0,dissimilarity_90,homogeneity_0,homogeneity_90,energy_0,energy_90,correlation_0,correlation_90
154.78150065996545,154.80784851253935,2.874555792466241,2.8183571936237173,0.7945513628016778,0.8202341617234035,0.30451160441694497,0.31426359460525716,0.8785603843559203,0.8785419969938872
