contrast_0,contrast_90,dissimilarity_0,dissimilarity_90,homogeneity_0,homogeneity_90,energy_0,energy_90,correlation_0,correlation_90
93.36516397603806,94.86803228754184,2.471621484414662,2.474997461671235,0.7334490014631858,0.7345851440420955,0.29226649397267085,0.2904221243387357,0.8974164586531372,0.8957506270625613
