contrast_0,contrast_90,dissimilarity_0,dissimilarity_90,homogeneity_0,homogeneity_90,energy_0,energy_90,correlation_0,correlation_90
113.77675398517613,113.86770230480253,2.6569448674992384,2.669103462280432,0.7377522251246513,0.7334469355108691,0.2555762473408734,0.2541774161849209,0.8952388499901812,0.8951564039237039
