contrast_0,contrast_90,dissimilarity_0,dissimilarity_90,homogeneity_0,homogeneity_90,energy_0,energy_90,correlation_0,correlation_90
131.70012183978056,134.2715504112093,3.0720885369073008,2.9861407249466962,0.6487936563335771,0.6823303659761379,0.24465879539558907,0.24876794674395653,0.8965579013886207,0.894507624503402
