contrast_0,contrast_90,dissimilarity_0,dissimilarity_90,homogeneity_0,homogeneity_90,energy_0,energy_90,correlation_0,correlation_90
133.57330693471422,133.6728094222764,2.6713879581683413,2.6705249263884654,0.8070479838325861,0.806133096213945,0.29041961072909195,0.287355030025808,0.8757149773887659,0.8756214138117694
