contrast_0,contrast_90,dissimilarity_0,dissimilarity_90,homogeneity_0,homogeneity_90,energy_0,energy_90,correlation_0,correlation_90
114.07967813991277,115.52124581175755,2.6633922225606654,2.6638998883135336,0.7415016401491977,0.7439016971675878,0.2565245246744368,0.25731460483455393,0.8955200812037681,0.8941900533888726
