contrast_0,contrast_90,dissimilarity_0,dissimilarity_90,homogeneity_0,homogeneity_90,energy_0,energy_90,correlation_0,correlation_90
151.2067468778556,149.8867143872475,2.906462585034014,2.844070464006498,0.7706369321333619,0.7914975845045139,0.3022254659661347,0.3125788449285893,0.8752607752426345,0.8763753942454776
