contrast_0,contrast_90,dissimilarity_0,dissimilarity_90,homogeneity_0,homogeneity_90,energy_0,energy_90,correlation_0,correlation_90
131.76632145395465,130.16983957762204,2.9002436795613775,2.8607219007005784,0.7164750899741256,0.7282681016330576,0.2690400438039105,0.2735187275708805,0.884567103010941,0.8859956094744315
