contrast_0,contrast_90,dissimilarity_0,dissimilarity_90,homogeneity_0,homogeneity_90,energy_0,energy_90,correlation_0,correlation_90
152.03751649913693,152.74601482384003,2.8637932785054314,2.8766372220530005,0.7900272206940138,0.7863273353828443,0.3461995456350053,0.34529000847252767,0.8768756559839566,0.8762899609064349
