contrast_0,contrast_90,dissimilarity_0,dissimilarity_90,homogeneity_0,homogeneity_90,energy_0,energy_90,correlation_0,correlation_90
169.2135242156564,168.3843791247842,2.917910447761195,2.9047872880495476,0.8274979514847315,0.8307191340004958,0.3106021198046237,0.31244003869779347,0.8738756119731427,0.874500937616787
