contrast_0,contrast_90,dissimilarity_0,dissimilarity_90,homogeneity_0,homogeneity_90,energy_0,energy_90,correlation_0,correlation_90
136.3346532642908,137.4423799370494,2.7559650725962035,2.775967103259215,0.7918735453847375,0.7825184756551872,0.3169216449950748,0.31292654959148875,0.8878242397367886,0.8868926946721669
