contrast_0,contrast_90,dissimilarity_0,dissimilarity_90,homogeneity_0,homogeneity_90,energy_0,energy_90,correlation_0,correlation_90
157.67577926693068,158.05234033912072,2.9530155345720375,2.963854198395776,0.7686627375311578,0.7655354999429499,0.3042557224784109,0.30513612104171606,0.8772710331367368,0.8769635266435942
