contrast_0,contrast_90,dissimilarity_0,dissimilarity_90,homogeneity_0,homogeneity_90,energy_0,energy_90,correlation_0,correlation_90
149.94875114224806,150.44009544116156,2.86853995329475,2.8798862828713574,0.7808888120721811,0.7788461733779736,0.29738713803143624,0.29647451995153984,0.8763372263324798,0.8759332792022465
