contrast_0,contrast_90,dissimilarity_0,dissimilarity_90,homogeneity_0,homogeneity_90,energy_0,energy_90,correlation_0,correlation_90
131.35419839577622,131.40641181845876,2.6777337800791967,2.7001979896436183,0.7980498600442294,0.7887985392306722,0.3148224464253263,0.31132670279980523,0.8860449816214453,0.8859984047337817
