contrast_0,contrast_90,dissimilarity_0,dissimilarity_90,homogeneity_0,homogeneity_90,energy_0,energy_90,correlation_0,correlation_90
157.63140928013,158.32442379937058,2.9316428063762823,2.910777743933394,0.780014147521417,0.7908349941075266,0.31658572421779896,0.32078302872418907,0.8777714661361917,0.8772266241644965
