contrast_0,contrast_90,dissimilarity_0,dissimilarity_90,homogeneity_0,homogeneity_90,energy_0,energy_90,correlation_0,correlation_90
133.37120519849736,134.42976444309068,2.802365722408367,2.871382881510813,0.7516803825653096,0.7317132461629534,0.25055435517994307,0.24810709835128542,0.8824862698472133,0.8815370187338767
