contrast_0,contrast_90,dissimilarity_0,dissimilarity_90,homogeneity_0,homogeneity_90,energy_0,energy_90,correlation_0,correlation_90
147.20014722306834,151.22096151893606,3.1521220428469867,3.325489897451519,0.6655063303503075,0.6306127974424315,0.23067858103273323,0.2238720983447273,0.891666122495933,0.888676639078886
