contrast_0,contrast_90,dissimilarity_0,dissimilarity_90,homogeneity_0,homogeneity_90,energy_0,energy_90,correlation_0,correlation_90
127.18588181541276,130.39227332724144,2.9014874606559053,2.9317189562392123,0.7083728913069703,0.7018394296671863,0.27636139489165484,0.27376364909255757,0.8938597812728827,0.8911526207366998
