contrast_0,contrast_90,dissimilarity_0,dissimilarity_90,homogeneity_0,homogeneity_90,energy_0,energy_90,correlation_0,correlation_90
135.21481876332612,136.64537008833383,2.7865011676312306,2.7815768098284095,0.7753608962199662,0.7766297290357026,0.2881634283604197,0.2864920223502295,0.88910086193386,0.8879035513427612
