contrast_0,contrast_90,dissimilarity_0,dissimilarity_90,homogeneity_0,homogeneity_90,energy_0,energy_90,correlation_0,correlation_90
125.09244593359726,124.52233729312618,2.7494161843842,2.753832876434154,0.7464456416572136,0.7414416901047494,0.27642970837314335,0.27705039511175217,0.8903139096284346,0.890831538191348
