contrast_0,contrast_90,dissimilarity_0,dissimilarity_90,homogeneity_0,homogeneity_90,energy_0,energy_90,correlation_0,correlation_90
162.20654381155435,160.51512843943556,3.5017006802721085,3.31404203472434,0.6020281283385712,0.6553784005672035,0.22187876858988645,0.22974106974855643,0.8917398629572874,0.8928788632111399
