contrast_0,contrast_90,dissimilarity_0,dissimilarity_90,homogeneity_0,homogeneity_90,energy_0,energy_90,correlation_0,correlation_90
133.3635648289166,133.746294040004,2.7589856838257703,2.744720276170171,0.7653370228796122,0.7728661169828184,0.2866342162752553,0.2871562675459562,0.8883808665832015,0.8880419309114447
