contrast_0,contrast_90,dissimilarity_0,dissimilarity_90,homogeneity_0,homogeneity_90,energy_0,energy_90,correlation_0,correlation_90
138.5790943242969,138.953370900599,2.7526652452025577,2.7419788811046795,0.7964366937031728,0.8002063187647928,0.31577104877142514,0.31626079446940675,0.8859143307307996,0.8855908662729316
