contrast_0,contrast_90,dissimilarity_0,dissimilarity_90,homogeneity_0,homogeneity_90,energy_0,energy_90,correlation_0,correlation_90
125.22773885673668,125.36059498426239,2.561376789521778,2.548329779673064,0.8241849659407318,0.8303223322326508,0.3840806962183514,0.3899302177239939,0.8766532915496426,0.8765302134511881
