contrast_0,contrast_90,dissimilarity_0,dissimilarity_90,homogeneity_0,homogeneity_90,energy_0,energy_90,correlation_0,correlation_90
126.05972687582498,126.53954716214837,2.563331302670322,2.5815311199106508,0.8265870707759749,0.8190465142200615,0.3628524534708165,0.35746077887713096,0.8769827996488777,0.8765067428309417
