contrast_0,contrast_90,dissimilarity_0,dissimilarity_90,homogeneity_0,homogeneity_90,energy_0,energy_90,correlation_0,correlation_90
158.5235049243578,158.9929688293228,2.870545233018581,2.8872728195755912,0.8100653448945536,0.8053871776982559,0.32887260250356704,0.32775415665380325,0.8771607158586696,0.8767834557894402
