contrast_0,contrast_90,dissimilarity_0,dissimilarity_90,homogeneity_0,homogeneity_90,energy_0,energy_90,correlation_0,correlation_90
134.86846380343192,136.69240532033703,2.7596710325921405,2.770179713676514,0.7848197261128352,0.7816785849852373,0.31700330943073907,0.3139833411581101,0.8890937965830021,0.8875699882692564
