contrast_0,contrast_90,dissimilarity_0,dissimilarity_90,homogeneity_0,homogeneity_90,energy_0,energy_90,correlation_0,correlation_90
136.05685856432123,136.51015331505735,2.858513554675602,2.8517616001624515,0.7366805472194913,0.7441195927142912,0.286738744811498,0.2907905532759977,0.8872460628111469,0.8868671938021273
