contrast_0,contrast_90,dissimilarity_0,dissimilarity_90,homogeneity_0,homogeneity_90,energy_0,energy_90,correlation_0,correlation_90
161.36379327850543,161.9210325921413,2.872982028632349,2.8591481368666862,0.8212363242156757,0.8300253264382484,0.3881584526301274,0.3927580023526147,0.8769020308551828,0.8764620363769953
