contrast_0,contrast_90,dissimilarity_0,dissimilarity_90,homogeneity_0,homogeneity_90,energy_0,energy_90,correlation_0,correlation_90
149.8595542694689,149.64943141435666,3.2769570514773054,3.2014671540257877,0.6374295093525734,0.6544875395753225,0.22704894914855467,0.23079213222291073,0.8889300569328126,0.8890831528351668
