contrast_0,contrast_90,dissimilarity_0,dissimilarity_90,homogeneity_0,homogeneity_90,energy_0,energy_90,correlation_0,correlation_90
134.33965377195656,133.80421870240633,2.701416387450502,2.697253528276981,0.7954211869108576,0.7951318734438343,0.30703068419775364,0.30912946164582783,0.8860050548233875,0.8864623004077924
