contrast_0,contrast_90,dissimilarity_0,dissimilarity_90,homogeneity_0,homogeneity_90,energy_0,energy_90,correlation_0,correlation_90
130.9936287948015,130.08912072291602,2.6823789217179406,2.686135648289164,0.7955632259298144,0.7924608860236303,0.31775172169016563,0.31796827117850585,0.8858593795631656,0.8866628990838519
