contrast_0,contrast_90,dissimilarity_0,dissimilarity_90,homogeneity_0,homogeneity_90,energy_0,energy_90,correlation_0,correlation_90
134.86404711138198,136.82069245608702,2.725200527972383,2.713981114833991,0.7973437546682783,0.8055199357178622,0.3460320807530734,0.3448584108764557,0.8881920929377399,0.8865396596408739
