contrast_0,contrast_90,dissimilarity_0,dissimilarity_90,homogeneity_0,homogeneity_90,energy_0,energy_90,correlation_0,correlation_90
95.11985988425215,95.0000507665753,2.4400954411615396,2.4509594882729195,0.752773216756662,0.7487292172903622,0.28241493285950503,0.2830233999762982,0.8957355577583704,0.8958824285925824
