contrast_0,contrast_90,dissimilarity_0,dissimilarity_90,homogeneity_0,homogeneity_90,energy_0,energy_90,correlation_0,correlation_90
155.74408569397903,157.62623108945073,2.8961315869631434,2.9655548786678856,0.7874718863665793,0.7639160766972783,0.3080866566472565,0.2996695059307284,0.878363771388629,0.8768691067805138
