contrast_0,contrast_90,dissimilarity_0,dissimilarity_90,homogeneity_0,homogeneity_90,energy_0,energy_90,correlation_0,correlation_90
154.06716417910442,154.1591532135242,2.858615087826176,2.8655701086404703,0.7991777583976983,0.7971500883160129,0.30722587722809064,0.3093390896339044,0.8787391644098399,0.8786690930200793
