contrast_0,contrast_90,dissimilarity_0,dissimilarity_90,homogeneity_0,homogeneity_90,energy_0,energy_90,correlation_0,correlation_90
152.98309473042946,152.9819017159102,2.8568890242664238,2.8838714590313734,0.7955693750678491,0.7843877601898814,0.3062242030555833,0.3035874246938261,0.8770081757831472,0.8770048381413259
