contrast_0,contrast_90,dissimilarity_0,dissimilarity_90,homogeneity_0,homogeneity_90,energy_0,energy_90,correlation_0,correlation_90
132.6097573357701,132.52650015229972,2.8942024571022444,2.769316681896639,0.7124962964904138,0.7592401377662333,0.27024187697887836,0.2830795859919331,0.8823814608831573,0.8824542905329545
