contrast_0,contrast_90,dissimilarity_0,dissimilarity_90,homogeneity_0,homogeneity_90,energy_0,energy_90,correlation_0,correlation_90
119.43093207432219,120.05990455883838,2.8774748705452344,2.853944562899789,0.675596088627552,0.6878472390388859,0.24606420524950223,0.24885134660298266,0.8944450811754991,0.8938884294482201
