contrast_0,contrast_90,dissimilarity_0,dissimilarity_90,homogeneity_0,homogeneity_90,energy_0,energy_90,correlation_0,correlation_90
158.16978881104677,158.5951873286628,2.865087826175246,2.8983145497004767,0.8122737109505328,0.7985731328604012,0.3458645888100918,0.3406229684211803,0.8779356041002854,0.8776001768673448
