contrast_0,contrast_90,dissimilarity_0,dissimilarity_90,homogeneity_0,homogeneity_90,energy_0,energy_90,correlation_0,correlation_90
133.0774697938877,135.87288049548178,2.8219108538937956,2.801908823230785,0.7456804689466785,0.7585948887401794,0.2770176671885524,0.2774129856284125,0.8925388291739557,0.8902286758939952
