contrast_0,contrast_90,dissimilarity_0,dissimilarity_90,homogeneity_0,homogeneity_90,energy_0,energy_90,correlation_0,correlation_90
115.34137983551634,115.67808914610616,2.681769722814498,2.687887095136561,0.7380484802174413,0.7355086755782477,0.2507412674948123,0.25111795126290676,0.8949489278508996,0.8946394304214749
