contrast_0,contrast_90,dissimilarity_0,dissimilarity_90,homogeneity_0,homogeneity_90,energy_0,energy_90,correlation_0,correlation_90
141.0386841303685,141.32429688293226,2.8864859376586463,2.8527261650929012,0.7441571242387279,0.7603621530273452,0.29332481957441403,0.29690233371180175,0.8856340917539273,0.885384582594033
