contrast_0,contrast_90,dissimilarity_0,dissimilarity_90,homogeneity_0,homogeneity_90,energy_0,energy_90,correlation_0,correlation_90
127.57163163772967,129.46613869428373,2.7779469996954003,2.80424408569398,0.7455552714504265,0.7478280678830871,0.2939669632566046,0.29932925938777555,0.8886187949849277,0.8869311180644687
