contrast_0,contrast_90,dissimilarity_0,dissimilarity_90,homogeneity_0,homogeneity_90,energy_0,energy_90,correlation_0,correlation_90
139.5803127221038,140.13036856533668,2.8957762209361353,2.895167022032691,0.7393181745298718,0.7356253708750398,0.27279228742866296,0.27102365620955543,0.8867657986777675,0.8862989214149073
