contrast_0,contrast_90,dissimilarity_0,dissimilarity_90,homogeneity_0,homogeneity_90,energy_0,energy_90,correlation_0,correlation_90
129.45151792060102,130.4075032998274,2.627017971367652,2.666717433241953,0.8102497354320433,0.7949412753776811,0.3312229188486466,0.3244450917566983,0.877074589230091,0.8761454053059677
