contrast_0,contrast_90,dissimilarity_0,dissimilarity_90,homogeneity_0,homogeneity_90,energy_0,energy_90,correlation_0,correlation_90
124.4129607066707,124.62201746370192,2.741623515077672,2.757158087115441,0.7412929349357577,0.7366658672284637,0.26019343014044527,0.259472870567977,0.8857702300695822,0.8855657019974563
