contrast_0,contrast_90,dissimilarity_0,dissimilarity_90,homogeneity_0,homogeneity_90,energy_0,energy_90,correlation_0,correlation_90
157.60567062645953,157.87729718753167,2.8891004162859177,2.8679561376789517,0.7985744087488879,0.8088825481470107,0.3320971023374836,0.3364953139990373,0.8778542606880028,0.8776361828957476
