contrast_0,contrast_90,dissimilarity_0,dissimilarity_90,homogeneity_0,homogeneity_90,energy_0,energy_90,correlation_0,correlation_90
124.34668494263381,124.89473550614275,2.5845771144278604,2.6235912275357904,0.8087923095457032,0.7921311730901333,0.38978384923419385,0.3845882466045549,0.8768479899274854,0.876284890749317
