contrast_0,contrast_90,dissimilarity_0,dissimilarity_90,homogeneity_0,homogeneity_90,energy_0,energy_90,correlation_0,correlation_90
134.6994364910143,135.47352523098792,2.7218245507158088,2.71827089044573,0.7866487094541138,0.7907556530298605,0.29339530373593553,0.292616335861811,0.8864310198367992,0.8857541059116363
