contrast_0,contrast_90,dissimilarity_0,dissimilarity_90,homogeneity_0,homogeneity_90,energy_0,energy_90,correlation_0,correlation_90
157.15565031982936,157.79566453447052,2.813026703218601,2.8205909229363386,0.8322808838818494,0.8309862953776752,0.346866126164229,0.35015028559577355,0.8759360522090768,0.8754210491687366
