contrast_0,contrast_90,dissimilarity_0,dissimilarity_90,homogeneity_0,homogeneity_90,energy_0,energy_90,correlation_0,correlation_90
110.76086404711134,111.71948928825256,2.5208904457305312,2.5507919585744747,0.7831134758465125,0.7752351644295162,0.30465128632975047,0.3011871662820264,0.8816335015299824,0.8805824253887272
