contrast_0,contrast_90,dissimilarity_0,dissimilarity_90,homogeneity_0,homogeneity_90,energy_0,energy_90,correlation_0,correlation_90
133.28056147832277,136.30366027007813,2.854629911666157,2.9132145395471634,0.7341831454550077,0.7208776841231217,0.28464790921825356,0.2787943444210268,0.8891029778264647,0.8865591161811354
