contrast_0,contrast_90,dissimilarity_0,dissimilarity_90,homogeneity_0,homogeneity_90,energy_0,energy_90,correlation_0,correlation_90
94.26997664737536,95.68618641486451,2.41268149050665,2.388694283683623,0.7614384077807715,0.772504705075284,0.29989616045645023,0.29905322680112945,0.8865596629838671,0.8848073721293847
