contrast_0,contrast_90,dissimilarity_0,dissimilarity_90,homogeneity_0,homogeneity_90,energy_0,energy_90,correlation_0,correlation_90
162.76185399532943,162.88308457711443,2.8295258401868213,2.822976951974819,0.8469672688080354,0.8503940053858259,0.4209107226333802,0.4218209434697725,0.8762448966536555,0.8761437579374964
