contrast_0,contrast_90,dissimilarity_0,dissimilarity_90,homogeneity_0,homogeneity_90,energy_0,energy_90,correlation_0,correlation_90
149.59650725962035,149.9131637729719,2.852979997969337,2.866001624530408,0.7870232431385772,0.7827291085932786,0.29708217284308575,0.29609567499654255,0.8762105838918259,0.8759458625350092
