contrast_0,contrast_90,dissimilarity_0,dissimilarity_90,homogeneity_0,homogeneity_90,energy_0,energy_90,correlation_0,correlation_90
128.82213930348263,131.31856025992485,2.7326885978271895,2.7093613564828924,0.7666116117062365,0.7847806672308741,0.29251139440794643,0.2930638838571869,0.8878599353595491,0.8856658385998644
