contrast_0,contrast_90,dissimilarity_0,dissimilarity_90,homogeneity_0,homogeneity_90,energy_0,energy_90,correlation_0,correlation_90
140.77373337394656,144.37920093410506,3.173215554878668,3.1812112904863437,0.6634876698608331,0.6570140943342128,0.22606945945131618,0.22423542859580134,0.8992991120788028,0.8966773517743654
