contrast_0,contrast_90,dissimilarity_0,dissimilarity_90,homogeneity_0,homogeneity_90,energy_0,energy_90,correlation_0,correlation_90
157.9131130063966,158.4740075134532,2.8831099604020722,2.8840999086201653,0.8037870896214382,0.8050928029011839,0.34807147289123835,0.3448648210767767,0.8779636031371301,0.8775029021852607
