contrast_0,contrast_90,dissimilarity_0,dissimilarity_90,homogeneity_0,homogeneity_90,energy_0,energy_90,correlation_0,correlation_90
129.56444816732656,130.89567468778563,2.84970555386334,2.8227738856736715,0.7341148015205624,0.7418363668215254,0.29913701663980513,0.2990042379918999,0.897464466960708,0.8963885485861208
