contrast_0,contrast_90,dissimilarity_0,dissimilarity_90,homogeneity_0,homogeneity_90,energy_0,energy_90,correlation_0,correlation_90
125.21446339729924,127.26094019697432,2.8490963549598947,2.8625748806985465,0.7060988203554169,0.7094356551577808,0.2539576630013749,0.25235124237222595,0.8872506042834355,0.885374443843094
