contrast_0,contrast_90,dissimilarity_0,dissimilarity_90,homogeneity_0,homogeneity_90,energy_0,energy_90,correlation_0,correlation_90
125.18588181541274,125.81234135445216,2.759290283277489,2.7647223068331823,0.7369980826421239,0.7361945725016878,0.24884652557523873,0.24902628517189662,0.8896749898797189,0.8891178534391393
