contrast_0,contrast_90,dissimilarity_0,dissimilarity_90,homogeneity_0,homogeneity_90,energy_0,energy_90,correlation_0,correlation_90
132.1428825261448,131.69141537211914,3.0635851355467554,2.9803787186516404,0.6533827686483541,0.6835626141086585,0.248471916437553,0.25543246876550557,0.8970337020063014,0.8974068383050131
