contrast_0,contrast_90,dissimilarity_0,dissimilarity_90,homogeneity_0,homogeneity_90,energy_0,energy_90,correlation_0,correlation_90
155.32650522895725,156.09800487359124,2.8410244694892883,2.848588689207026,0.8116317068253769,0.8113118234436688,0.3535993864850758,0.35253938151692404,0.8780450382171092,0.8774267208193934
