contrast_0,contrast_90,dissimilarity_0,dissimilarity_90,homogeneity_0,homogeneity_90,energy_0,energy_90,correlation_0,correlation_90
99.49829931972785,100.93991775814806,2.461645852370799,2.452254035942736,0.7682361210688955,0.7738049320567552,0.29108292160610644,0.2912950036442421,0.8969200461768753,0.8954174431186838
