contrast_0,contrast_90,dissimilarity_0,dissimilarity_90,homogeneity_0,homogeneity_90,energy_0,energy_90,correlation_0,correlation_90
101.06015839171488,101.80104579145092,2.451873286628083,2.461722002233729,0.7781640488245004,0.773236242525205,0.29346464685797946,0.29006082213373646,0.8954408603207233,0.8946745067617453
