contrast_0,contrast_90,dissimilarity_0,dissimilarity_90,homogeneity_0,homogeneity_90,energy_0,energy_90,correlation_0,correlation_90
162.401132094629,162.77936846380348,2.876256472738349,2.937557112397198,0.8249252025852637,0.8000023836708268,0.367800502549447,0.35569259431732214,0.876233182878812,0.8759382711418621
