contrast_0,contrast_90,dissimilarity_0,dissimilarity_90,homogeneity_0,homogeneity_90,energy_0,energy_90,correlation_0,correlation_90
135.93105899076056,135.4846177276883,2.7815006599654786,2.8054117169255726,0.7860567595936212,0.7712840573933855,0.38484841906397366,0.3820322009416646,0.8934125949824521,0.8937755467174902
