contrast_0,contrast_90,dissimilarity_0,dissimilarity_90,homogeneity_0,homogeneity_90,energy_0,energy_90,correlation_0,correlation_90
100.54467458625238,100.09902020509696,2.4493349578637416,2.4439283175956965,0.7675778808761015,0.7688815358320554,0.295025035222861,0.2963447293519444,0.8826301306314639,0.8831579981542472
