contrast_0,contrast_90,dissimilarity_0,dissimilarity_90,homogeneity_0,homogeneity_90,energy_0,energy_90,correlation_0,correlation_90
113.03548583612539,114.074246116357,2.5763529292313936,2.5832825667580477,0.7847610315399113,0.7804213337080244,0.3309812267614907,0.32579765224716684,0.8884997566279073,0.8874448744115115
