contrast_0,contrast_90,dissimilarity_0,dissimilarity_90,homogeneity_0,homogeneity_90,energy_0,energy_90,correlation_0,correlation_90
101.48746065590409,102.38265306122449,2.494111077266725,2.481800182759671,0.7647778939203271,0.770299551215487,0.28420940713809,0.2867340911693333,0.8957178474685492,0.8947729801218823
