contrast_0,contrast_90,dissimilarity_0,dissimilarity_90,homogeneity_0,homogeneity_90,energy_0,energy_90,correlation_0,correlation_90
130.38800893491725,130.61800690425426,2.7110874200426434,2.7039039496395576,0.7828542306088763,0.7861549004014996,0.3374124951703284,0.33721005103823865,0.8742334522586008,0.8739897105669571
