contrast_0,contrast_90,dissimilarity_0,dissimilarity_90,homogeneity_0,homogeneity_90,energy_0,energy_90,correlation_0,correlation_90
137.3801908823231,136.46994618743008,2.7952076352929245,2.8030256878870947,0.7821271163721117,0.77235670529868,0.34990426437626104,0.35083772327426666,0.8915075980352951,0.8922262110532251
