contrast_0,contrast_90,dissimilarity_0,dissimilarity_90,homogeneity_0,homogeneity_90,energy_0,energy_90,correlation_0,correlation_90
134.5106355975226,135.79053711036653,2.8008173418621176,2.8045486851456998,0.7715523754434659,0.7687742485306923,0.3506832089029098,0.3499125652778096,0.8940303655648675,0.8930222518072561
