contrast_0,contrast_90,dissimilarity_0,dissimilarity_90,homogeneity_0,homogeneity_90,energy_0,energy_90,correlation_0,correlation_90
161.8836176261549,161.7187024063357,2.8558990760483303,2.866331607269774,0.8337280549984923,0.8287351051435199,0.40108797462549906,0.3965855991549135,0.8758642000697138,0.8759912389368679
