contrast_0,contrast_90,dissimilarity_0,dissimilarity_90,homogeneity_0,homogeneity_90,energy_0,energy_90,correlation_0,correlation_90
153.90224895928523,154.57924662402274,2.8008681084374025,2.8078992791146287,0.8318991378854597,0.8318706350651072,0.33699167001477637,0.33829835604819836,0.8782283584705977,0.8776770260984815
