contrast_0,contrast_90,dissimilarity_0,dissimilarity_90,homogeneity_0,homogeneity_90,energy_0,energy_90,correlation_0,correlation_90
102.84564422784037,103.85325921413336,2.4800741191999194,2.4720022337293117,0.7720836581934849,0.7780309285385891,0.3034720352804038,0.30487102702031543,0.8941731341769522,0.8931340713222337
