contrast_0,contrast_90,dissimilarity_0,dissimilarity_90,homogeneity_0,homogeneity_90,energy_0,energy_90,correlation_0,correlation_90
131.34069448675004,131.47053000304604,2.7262666260534063,2.721316884962939,0.7778193505340635,0.7793697679340871,0.33561003291747343,0.33443630971398675,0.8892008212700719,0.8890758481042551
