contrast_0,contrast_90,dissimilarity_0,dissimilarity_90,homogeneity_0,homogeneity_90,energy_0,energy_90,correlation_0,correlation_90
112.27617016956036,112.7984566961113,2.4732967813991267,2.482840897553051,0.8072441745423098,0.8049479670916568,0.3431450665752528,0.3429696309705317,0.8775894777427455,0.877001127948393
