contrast_0,contrast_90,dissimilarity_0,dissimilarity_90,homogeneity_0,homogeneity_90,energy_0,energy_90,correlation_0,correlation_90
109.68943547568279,110.13559752259108,2.504289775611739,2.489389785765052,0.7872424788119059,0.7945062739683475,0.33424729939395414,0.33672661536662307,0.8805552600708338,0.8800544073162152
