contrast_0,contrast_90,dissimilarity_0,dissimilarity_90,homogeneity_0,homogeneity_90,energy_0,energy_90,correlation_0,correlation_90
121.87747487054526,122.6923545537618,2.5905929535993497,2.6136155954919276,0.8043109011554823,0.7953402865200381,0.33251878168733967,0.3252452060356895,0.8810588206073924,0.8802371381417803
