contrast_0,contrast_90,dissimilarity_0,dissimilarity_90,homogeneity_0,homogeneity_90,energy_0,energy_90,correlation_0,correlation_90
102.03345517311405,102.75327444410595,2.4556300131993085,2.467763224692862,0.7813870647821995,0.7758280265048313,0.2925375017018495,0.28923715742046036,0.8952958509539828,0.894555875995937
