contrast_0,contrast_90,dissimilarity_0,dissimilarity_90,homogeneity_0,homogeneity_90,energy_0,energy_90,correlation_0,correlation_90
115.11249873083564,116.01292009341051,2.57706366128541,2.6087166209767494,0.7841889379948838,0.7746421149599555,0.3286596991943539,0.3277791120061484,0.8868367592932453,0.8859551470075492
