contrast_0,contrast_90,dissimilarity_0,dissimilarity_90,homogeneity_0,homogeneity_90,energy_0,energy_90,correlation_0,correlation_90
157.38937963245004,157.37927708396785,2.8220123870443694,2.8069854807594683,0.8341817279006706,0.8414746289751448,0.3448390338221937,0.347368402255183,0.8768541470711146,0.8768536629176137
