contrast_0,contrast_90,dissimilarity_0,dissimilarity_90,homogeneity_0,homogeneity_90,energy_0,energy_90,correlation_0,correlation_90
155.1146309269976,154.2911209259823,2.8103868413036857,2.800614275560969,0.8287935198256097,0.8287890929640657,0.3150494374317721,0.3152217829825929,0.8768476052260825,0.8775177024359119
