contrast_0,contrast_90,dissimilarity_0,dissimilarity_90,homogeneity_0,homogeneity_90,energy_0,energy_90,correlation_0,correlation_90
135.1722763732358,136.4932988120621,2.8161488475987406,2.8296781399126796,0.7685378866242188,0.7606135015976321,0.3305454054621535,0.32731636918520035,0.8935801557888329,0.8925416711080645
