contrast_0,contrast_90,dissimilarity_0,dissimilarity_90,homogeneity_0,homogeneity_90,energy_0,energy_90,correlation_0,correlation_90
112.77383490709718,113.40851863133314,2.456036145801604,2.4792364707076864,0.818471713839873,0.8100394715840507,0.32215155487111896,0.3190760413607603,0.8781691619979086,0.8774768789367069
