contrast_0,contrast_90,dissimilarity_0,dissimilarity_90,homogeneity_0,homogeneity_90,energy_0,energy_90,correlation_0,correlation_90
151.32774901005183,152.2807137780485,2.8164788303381045,2.8028480048735913,0.8155751608896766,0.8239900845158802,0.3312648071527456,0.33463855267336395,0.8806996810110991,0.8799385998729247
