contrast_0,contrast_90,dissimilarity_0,dissimilarity_90,homogeneity_0,homogeneity_90,energy_0,energy_90,correlation_0,correlation_90
163.29000406132602,163.25898568382573,2.8731089450705656,2.9118438420144175,0.8287369603527166,0.8116994875921704,0.40214229513057614,0.3929498866119958,0.8754100217830053,0.8754332561362955
