contrast_0,contrast_90,dissimilarity_0,dissimilarity_90,homogeneity_0,homogeneity_90,energy_0,energy_90,correlation_0,correlation_90
112.46509797949031,112.73372931262057,2.4686008731850944,2.487003756726571,0.8106577360108672,0.8043153176798604,0.31415497127809605,0.31224530091541663,0.8767366453820828,0.8764404246527694
