contrast_0,contrast_90,dissimilarity_0,dissimilarity_90,homogeneity_0,homogeneity_90,energy_0,energy_90,correlation_0,correlation_90
136.3022388059701,137.77835313229758,2.8088892273327217,2.7956645344705033,0.7728504508062156,0.7779240621515113,0.3431727816609074,0.34380357568297726,0.8923155560246957,0.8911275386928308
