contrast_0,contrast_90,dissimilarity_0,dissimilarity_90,homogeneity_0,homogeneity_90,energy_0,energy_90,correlation_0,correlation_90
124.236978373439,125.45377703320125,2.6973804447151988,2.676946898162249,0.7666281320477301,0.7763467410822147,0.27848562809831906,0.2801753938215723,0.8883519799912936,0.8872444711119154
