contrast_0,contrast_90,dissimilarity_0,dissimilarity_90,homogeneity_0,homogeneity_90,energy_0,energy_90,correlation_0,correlation_90
107.1770991978881,108.10224388262762,2.549522794192304,2.5681795106102134,0.7595640125469232,0.7527321567307418,0.27323067916024363,0.2708386514513016,0.892946189841773,0.8920136804709261
