contrast_0,contrast_90,dissimilarity_0,dissimilarity_90,homogeneity_0,homogeneity_90,energy_0,energy_90,correlation_0,correlation_90
135.6305970149253,135.90577723626757,2.8116813889734993,2.814092801299624,0.7680578569089411,0.7676593481868875,0.3172332305850394,0.31954485379511044,0.8912955625835655,0.891055731854283
