contrast_0,contrast_90,dissimilarity_0,dissimilarity_90,homogeneity_0,homogeneity_90,energy_0,energy_90,correlation_0,correlation_90
124.718677023048,125.97238298304396,2.7048685145700073,2.677175347751041,0.7671927762271311,0.780381034269622,0.27048065901541135,0.2724904239849957,0.8887560239112409,0.8876175942340183
