contrast_0,contrast_90,dissimilarity_0,dissimilarity_90,homogeneity_0,homogeneity_90,energy_0,energy_90,correlation_0,correlation_90
96.86579855822924,99.39161336176264,2.4625088841506755,2.4963955731546346,0.7634031867382884,0.7508846465372552,0.26824581840210215,0.26526278857914415,0.8884750711778806,0.88551096403612
