contrast_0,contrast_90,dissimilarity_0,dissimilarity_90,homogeneity_0,homogeneity_90,energy_0,energy_90,correlation_0,correlation_90
133.46966697126612,134.8611280333029,2.9696162046908356,2.9670778759264884,0.7154117427961123,0.711858845659203,0.28747277815875755,0.28633801438100653,0.8993124414248389,0.8982607118837451
