contrast_0,contrast_90,dissimilarity_0,dissimilarity_90,homogeneity_0,homogeneity_90,energy_0,energy_90,correlation_0,correlation_90
109.0893237892171,109.64331404203467,2.559016143770942,2.5502081429586747,0.7620656819221697,0.7659973978478237,0.2919609137353129,0.29291081043435657,0.8901898135774292,0.8896100371356909
