contrast_0,contrast_90,dissimilarity_0,dissimilarity_90,homogeneity_0,homogeneity_90,energy_0,energy_90,correlation_0,correlation_90
109.80310183775,110.91384912173827,2.5620621382881508,2.5503604426845357,0.7650672378524703,0.7708097468702687,0.27501023708413436,0.27698876190514743,0.8899659525820459,0.8888363438316564
