contrast_0,contrast_90,dissimilarity_0,dissimilarity_90,homogeneity_0,homogeneity_90,energy_0,energy_90,correlation_0,correlation_90
135.398416082851,136.43626256472726,2.9387755102040805,2.917326632145392,0.7363142084323967,0.7442973145024684,0.28788779054863856,0.2905550794753504,0.8990362521706853,0.8982486768246476
