contrast_0,contrast_90,dissimilarity_0,dissimilarity_90,homogeneity_0,homogeneity_90,energy_0,energy_90,correlation_0,correlation_90
109.63432835820895,110.36468169357295,2.563052086506243,2.569727891156462,0.7609955011635429,0.7597327402747907,0.2712865963043178,0.27136388034584,0.8900512630205063,0.889306360801816
