contrast_0,contrast_90,dissimilarity_0,dissimilarity_90,homogeneity_0,homogeneity_90,energy_0,energy_90,correlation_0,correlation_90
136.79330388871975,137.13729820286318,2.8437150979794903,2.8215808711544326,0.7598761050186462,0.7682188494557454,0.32084452085662235,0.32512903718143027,0.890901073643413,0.8906098925721303
