contrast_0,contrast_90,dissimilarity_0,dissimilarity_90,homogeneity_0,homogeneity_90,energy_0,energy_90,correlation_0,correlation_90
134.4222256066606,136.13158696314346,2.8577012894710108,2.837800791958573,0.747817308064503,0.7555046741470021,0.29182772036574456,0.29227613423889637,0.8923909215080313,0.8909867354952223
