contrast_0,contrast_90,dissimilarity_0,dissimilarity_90,homogeneity_0,homogeneity_90,energy_0,energy_90,correlation_0,correlation_90
162.86110265001525,163.27411412326123,2.858970453853183,2.873870443699867,0.8361491069021618,0.8309291126796697,0.38106697075024654,0.37758332239139253,0.8751161980672838,0.8747813424938563
