contrast_0,contrast_90,dissimilarity_0,dissimilarity_90,homogeneity_0,homogeneity_90,energy_0,energy_90,correlation_0,correlation_90
168.73294243070367,170.33622702812468,2.979769519748196,3.070920905675703,0.8013425832202368,0.7668099746544723,0.294949966500573,0.2858853191440927,0.8767390727108592,0.8755399407197112
