contrast_0,contrast_90,dissimilarity_0,dissimilarity_90,homogeneity_0,homogeneity_90,energy_0,energy_90,correlation_0,correlation_90
142.19679662909948,143.26743831861108,2.791273225708193,2.8040917859681183,0.7887720188604392,0.7857846952331085,0.36700960641322955,0.3653059438156102,0.8815403068382104,0.8806197362546154
