contrast_0,contrast_90,dissimilarity_0,dissimilarity_90,homogeneity_0,homogeneity_90,energy_0,energy_90,correlation_0,correlation_90
149.58274951771756,151.358488171388,2.9186211798152093,2.9253477510407158,0.7762082017071039,0.7718985162081424,0.28237987187263014,0.27910958007797226,0.8898860082410116,0.8885508106923207
