contrast_0,contrast_90,dissimilarity_0,dissimilarity_90,homogeneity_0,homogeneity_90,energy_0,energy_90,correlation_0,correlation_90
140.16976342775916,141.32871357498226,2.86155954919281,2.826124479642604,0.7580407013224308,0.7743002592425857,0.3194957843931582,0.3258991784836211,0.8907026387782386,0.8897895742216214
