contrast_0,contrast_90,dissimilarity_0,dissimilarity_90,homogeneity_0,homogeneity_90,energy_0,energy_90,correlation_0,correlation_90
167.21903238907507,167.72253528276983,2.936770230480252,3.0268301350390896,0.814020065059234,0.775650135861753,0.40253541677608445,0.3838948769721568,0.8759366474014192,0.8755659052400021
