contrast_0,contrast_90,dissimilarity_0,dissimilarity_90,homogeneity_0,homogeneity_90,energy_0,energy_90,correlation_0,correlation_90
141.53431820489388,144.2274850238604,2.7702304802518007,2.775662503807492,0.7954477075541269,0.8016562253578714,0.39679639459271077,0.3945905241492053,0.8814793628430551,0.8791667293440499
