contrast_0,contrast_90,dissimilarity_0,dissimilarity_90,homogeneity_0,homogeneity_90,energy_0,energy_90,correlation_0,correlation_90
120.68017057569293,122.0169814194334,2.569956340745253,2.5802365722408367,0.8051869277893388,0.8086346747107785,0.3292582176269375,0.33006194133736394,0.8821871199862292,0.8808620642065204
