contrast_0,contrast_90,dissimilarity_0,dissimilarity_90,homogeneity_0,homogeneity_90,energy_0,energy_90,correlation_0,correlation_90
117.91115849324805,118.68755711239716,2.5784851253934407,2.608310488374453,0.7924190850643823,0.7799992318209368,0.3120482983702973,0.3105754792895162,0.8849047007292417,0.8841567170281263
