contrast_0,contrast_90,dissimilarity_0,dissimilarity_90,homogeneity_0,homogeneity_90,energy_0,energy_90,correlation_0,correlation_90
169.69555284800484,169.4655548786679,3.012437810945274,2.9490049751243785,0.7884152101432771,0.8155651851372807,0.3691591610333511,0.38698724172062543,0.8752652401250356,0.875442917687089
