contrast_0,contrast_90,dissimilarity_0,dissimilarity_90,homogeneity_0,homogeneity_90,energy_0,energy_90,correlation_0,correlation_90
122.80223880597012,121.1240481267133,2.5972433749619253,2.6021677327647468,0.800038911078729,0.7930515474625242,0.33789264415981834,0.33808423610309485,0.8808704341615717,0.8825172578714754
