contrast_0,contrast_90,dissimilarity_0,dissimilarity_90,homogeneity_0,homogeneity_90,energy_0,energy_90,correlation_0,correlation_90
130.1762869326835,130.22743425728507,2.669788811046806,2.670169560361456,0.7937369388603864,0.7930233399885787,0.2931004959769924,0.2949047443687831,0.8818064977714187,0.8817524598677544
