contrast_0,contrast_90,dissimilarity_0,dissimilarity_90,homogeneity_0,homogeneity_90,energy_0,energy_90,correlation_0,correlation_90
159.29838054624827,160.00411209259806,2.8599604020712737,2.8563813585135525,0.8289646092705766,0.830796992607321,0.42240062717373517,0.4233044098940504,0.880390304923308,0.8798500821451888
