contrast_0,contrast_90,dissimilarity_0,dissimilarity_90,homogeneity_0,homogeneity_90,energy_0,energy_90,correlation_0,correlation_90
137.84620266016853,138.59686262564728,2.820057873895826,2.8468372423596304,0.770353425604536,0.7596112470748962,0.35467465526822983,0.3507117814742688,0.8923941796667575,0.891804715513057
