contrast_0,contrast_90,dissimilarity_0,dissimilarity_90,homogeneity_0,homogeneity_90,energy_0,energy_90,correlation_0,correlation_90
160.47063153619663,160.50530510711747,2.831886485937657,2.837978474972078,0.8417939337527657,0.8383047522169373,0.46207261897915003,0.4620157242008729,0.8794838367159448,0.8794606055789148
