contrast_0,contrast_90,dissimilarity_0,dissimilarity_90,homogeneity_0,homogeneity_90,energy_0,energy_90,correlation_0,correlation_90
160.20306630114737,160.3943293735404,2.8243984160828517,2.8308203878566345,0.8436765506467678,0.8404646034954487,0.4754871034984264,0.4741453289929502,0.8795537652974144,0.8794117591691908
