contrast_0,contrast_90,dissimilarity_0,dissimilarity_90,homogeneity_0,homogeneity_90,energy_0,energy_90,correlation_0,correlation_90
162.98532845974202,163.2840643720174,2.8326733678546043,2.841887501269162,0.8631741927386954,0.8586899754817071,0.5379765936722106,0.5344135676057814,0.877715449026419,0.8774875324835418
