contrast_0,contrast_90,dissimilarity_0,dissimilarity_90,homogeneity_0,homogeneity_90,energy_0,energy_90,correlation_0,correlation_90
137.86562087521577,138.29279622296673,2.8699360341151365,2.8402122042846965,0.7469464734407205,0.7575771403126279,0.3012743041289997,0.30491863374673517,0.8923851915872009,0.8920426926967404
