contrast_0,contrast_90,dissimilarity_0,dissimilarity_90,homogeneity_0,homogeneity_90,energy_0,energy_90,correlation_0,correlation_90
142.0868869936035,142.9106254442075,2.838384607574374,2.8862067214945677,0.7735086087033992,0.7533600882762639,0.32067204875305066,0.3127796785593898,0.8895324489844214,0.888870441733527
