contrast_0,contrast_90,dissimilarity_0,dissimilarity_90,homogeneity_0,homogeneity_90,energy_0,energy_90,correlation_0,correlation_90
130.29642603309978,131.4954817747994,2.7008325718347037,2.6773276474769006,0.7818852800708255,0.7961123218030565,0.29704347028641254,0.30252166411783094,0.881487179502435,0.880364335298793
