contrast_0,contrast_90,dissimilarity_0,dissimilarity_90,homogeneity_0,homogeneity_90,energy_0,energy_90,correlation_0,correlation_90
117.35313229769515,119.52642400243678,2.6250888415067535,2.6438978576505225,0.7740245458781871,0.774535262455725,0.28170827546030675,0.28373544066836626,0.8861623407142216,0.8840349108202785
