contrast_0,contrast_90,dissimilarity_0,dissimilarity_90,homogeneity_0,homogeneity_90,energy_0,energy_90,correlation_0,correlation_90
152.91392527160107,154.51302162656114,2.9434714184181137,2.9558076962128133,0.7674358291716694,0.7641780867419128,0.3092610473678776,0.30885561856546895,0.8858052782372139,0.8845885741921539
