contrast_0,contrast_90,dissimilarity_0,dissimilarity_90,homogeneity_0,homogeneity_90,energy_0,energy_90,correlation_0,correlation_90
210.9494364910144,211.3141689511626,3.3238399837546955,3.3449842623616624,0.7838242116458859,0.7760263074692177,0.2745342051688755,0.2738481866486861,0.8776434514330583,0.8774207285336441
