contrast_0,contrast_90,dissimilarity_0,dissimilarity_90,homogeneity_0,homogeneity_90,energy_0,energy_90,correlation_0,correlation_90
212.6857295156868,214.9300944258301,3.703193217585542,3.706416895116254,0.6514636876210033,0.6566070614872112,0.24038293166643404,0.2420890521906954,0.8733327275344392,0.8719646524093198
