contrast_0,contrast_90,dissimilarity_0,dissimilarity_90,homogeneity_0,homogeneity_90,energy_0,energy_90,correlation_0,correlation_90
214.29218702406345,211.9010305614783,3.6254188242461156,3.5047466747893194,0.6813941175065306,0.7164940319896886,0.252971141068117,0.2602519677223638,0.8759658695581406,0.8773762814915724
