contrast_0,contrast_90,dissimilarity_0,dissimilarity_90,homogeneity_0,homogeneity_90,energy_0,energy_90,correlation_0,correlation_90
144.34056757031175,147.91316377297179,3.1220174637019,3.0470859985785372,0.6754785012193056,0.7029383341414461,0.2631579682154478,0.2679983785612265,0.8874088851297997,0.8845494084394769
