contrast_0,contrast_90,dissimilarity_0,dissimilarity_90,homogeneity_0,homogeneity_90,energy_0,energy_90,correlation_0,correlation_90
129.10267539851768,129.73258706467675,2.982104782211392,3.049522794192305,0.6792579394953858,0.6569801823004982,0.24603988633377963,0.24057309991276168,0.8840793693588223,0.8835139127507716
