contrast_0,contrast_90,dissimilarity_0,dissimilarity_90,homogeneity_0,homogeneity_90,energy_0,energy_90,correlation_0,correlation_90
154.17595694994404,156.23888212001225,3.3593765864554768,3.4929688293227725,0.6225844497645311,0.5938316272033478,0.2190833894552428,0.21513997733260162,0.8952940566332064,0.8938756052817629
