contrast_0,contrast_90,dissimilarity_0,dissimilarity_90,homogeneity_0,homogeneity_90,energy_0,energy_90,correlation_0,correlation_90
150.6671235658443,152.85719362371813,2.974515179206012,2.9487257589603,0.7496343863597461,0.7645052111224918,0.35330050949156183,0.3608915765887486,0.8840711958786265,0.8823522914921051
