contrast_0,contrast_90,dissimilarity_0,dissimilarity_90,homogeneity_0,homogeneity_90,energy_0,energy_90,correlation_0,correlation_90
229.30586861610308,230.08754695908212,4.039953294750735,4.132120012183977,0.5884180422988387,0.5701920996511901,0.21567562470118187,0.21460509462477323,0.8746328349011661,0.8742073373226061
