contrast_0,contrast_90,dissimilarity_0,dissimilarity_90,homogeneity_0,homogeneity_90,energy_0,energy_90,correlation_0,correlation_90
136.37922631739255,137.47806883947615,2.7232713981114824,2.7156564118184576,0.7956482428503229,0.803451554961061,0.3396459743927193,0.3404013351387834,0.8849618746175617,0.8840190385132297
