contrast_0,contrast_90,dissimilarity_0,dissimilarity_90,homogeneity_0,homogeneity_90,energy_0,energy_90,correlation_0,correlation_90
165.4746420956442,165.43275967103256,2.996217890141129,2.952914001421464,0.7796265405624039,0.7981289389162577,0.31272056675558796,0.32551656138130103,0.8773193391625871,0.8773626267003487
