contrast_0,contrast_90,dissimilarity_0,dissimilarity_90,homogeneity_0,homogeneity_90,energy_0,energy_90,correlation_0,correlation_90
145.09493349578634,144.77926693065274,2.9248147020002038,2.888212001218399,0.757356320759513,0.7665277414894428,0.364590517356466,0.36275615067559236,0.887115618692578,0.8873624083403489
