contrast_0,contrast_90,dissimilarity_0,dissimilarity_90,homogeneity_0,homogeneity_90,energy_0,energy_90,correlation_0,correlation_90
147.59059295359938,149.67557620062945,2.969362371814397,2.9648949131891564,0.7445471659075367,0.752058141612933,0.3456945573509351,0.3501430999343189,0.8862224417979854,0.8845928052519697
