contrast_0,contrast_90,dissimilarity_0,dissimilarity_90,homogeneity_0,homogeneity_90,energy_0,energy_90,correlation_0,correlation_90
218.92489085186298,218.80388871966704,3.7200477205807694,3.711595085795512,0.6586278854980079,0.6622873709889762,0.2414532345200714,0.2422783945378414,0.8700994209004764,0.8701721862842265
