contrast_0,contrast_90,dissimilarity_0,dissimilarity_90,homogeneity_0,homogeneity_90,energy_0,energy_90,correlation_0,correlation_90
145.90202050969654,146.77881003147533,3.2048431312823644,3.0706670727992686,0.6628809461850949,0.7038421412670907,0.26410387781470096,0.2742044589178745,0.8865177505188772,0.8858392255141437
