contrast_0,contrast_90,dissimilarity_0,dissimilarity_90,homogeneity_0,homogeneity_90,energy_0,energy_90,correlation_0,correlation_90
150.32944969032394,152.01487460655912,2.871890547263681,2.8614072494669527,0.7826328112550859,0.7915347468892697,0.3028397064183114,0.30187514698771967,0.8809212198583697,0.8795471858750483
