contrast_0,contrast_90,dissimilarity_0,dissimilarity_90,homogeneity_0,homogeneity_90,energy_0,energy_90,correlation_0,correlation_90
148.22608894304,150.25243679561385,2.9682962737333756,2.9681947405827995,0.7470525924323878,0.75236563934422,0.33540083006031257,0.3388948865542916,0.8857160436765095,0.8841281014710464
