contrast_0,contrast_90,dissimilarity_0,dissimilarity_90,homogeneity_0,homogeneity_90,energy_0,energy_90,correlation_0,correlation_90
130.1248350086303,128.76154939587772,3.051121941313839,2.892171794090771,0.6560378268758117,0.7044686370927075,0.23939941431826633,0.24908007497040804,0.8844677810394185,0.8856831906688177
