contrast_0,contrast_90,dissimilarity_0,dissimilarity_90,homogeneity_0,homogeneity_90,energy_0,energy_90,correlation_0,correlation_90
212.75487359122755,217.07741902731237,3.6033353639963437,3.7164686770230464,0.6838408672777827,0.6605006352797944,0.25949127505828135,0.25444949472591294,0.8727945286736017,0.8701676904250176
