contrast_0,contrast_90,dissimilarity_0,dissimilarity_90,homogeneity_0,homogeneity_90,energy_0,energy_90,correlation_0,correlation_90
168.0978018072902,168.78558736927621,3.5205858462788107,3.4525078688191693,0.6179489546263043,0.6310326914588326,0.2265926464402902,0.2290658113087122,0.8898431266931385,0.8893739016177827
