contrast_0,contrast_90,dissimilarity_0,dissimilarity_90,homogeneity_0,homogeneity_90,energy_0,energy_90,correlation_0,correlation_90
154.82191085389388,157.85945273631833,3.391562595187328,3.5997309371509796,0.6268715438655448,0.5767273812479521,0.22358632297414224,0.21634949932626768,0.8981731033513644,0.8961604398236293
