contrast_0,contrast_90,dissimilarity_0,dissimilarity_90,homogeneity_0,homogeneity_90,energy_0,energy_90,correlation_0,correlation_90
149.34181135140634,150.9852015433039,2.947405828002842,2.954995431008225,0.7506645367459409,0.7538677566258187,0.32208599536784177,0.32214474871279375,0.8869075027571192,0.8856365864905303
