contrast_0,contrast_90,dissimilarity_0,dissimilarity_90,homogeneity_0,homogeneity_90,energy_0,energy_90,correlation_0,correlation_90
139.97499746167122,140.48850137069752,2.8726012793176965,2.8213270382779982,0.7619486433497539,0.7758678422228144,0.3724665838256073,0.3699723255247955,0.8906156612618277,0.8902057681880358
