contrast_0,contrast_90,dissimilarity_0,dissimilarity_90,homogeneity_0,homogeneity_90,energy_0,energy_90,correlation_0,correlation_90
185.45557924662407,182.96560564524307,3.752614478627272,3.533277490100519,0.5936718491044263,0.6428092409628843,0.21813290951984787,0.22418580575669017,0.886259093222282,0.8878163564426572
