contrast_0,contrast_90,dissimilarity_0,dissimilarity_90,homogeneity_0,homogeneity_90,energy_0,energy_90,correlation_0,correlation_90
151.1747131688496,153.19476596608794,3.2615240125901117,3.1718194740582786,0.6614124374566562,0.6887957208967078,0.26652706582483937,0.27399560899980535,0.8825286824666383,0.8809144687429136
