contrast_0,contrast_90,dissimilarity_0,dissimilarity_90,homogeneity_0,homogeneity_90,energy_0,energy_90,correlation_0,correlation_90
210.19963955731555,210.5267032186008,3.6146055437100206,3.60011168646563,0.6790683014947267,0.6791108779945773,0.27552800501619795,0.27439441017061206,0.875227576545971,0.8750403317591321
