contrast_0,contrast_90,dissimilarity_0,dissimilarity_90,homogeneity_0,homogeneity_90,energy_0,energy_90,correlation_0,correlation_90
171.66849426337694,172.64265407655597,3.411615392425628,3.341202152502792,0.648787081867764,0.6717070030714328,0.21999972895798764,0.22225885828602138,0.8926647761696752,0.8920301291908314
