contrast_0,contrast_90,dissimilarity_0,dissimilarity_90,homogeneity_0,homogeneity_90,energy_0,energy_90,correlation_0,correlation_90
160.78553660270086,159.95537618032284,3.383160726977359,3.2794192303787173,0.6332965968853416,0.6582501417499286,0.21961519545932284,0.2234782528448494,0.890488553309135,0.8910565207295498
