contrast_0,contrast_90,dissimilarity_0,dissimilarity_90,homogeneity_0,homogeneity_90,energy_0,energy_90,correlation_0,correlation_90
136.7231698649609,136.7883795309168,2.72347446441263,2.736343791247843,0.7959387685609461,0.7912483800803006,0.32113998987448106,0.32051218287001215,0.8843215350856671,0.8842649743496301
