contrast_0,contrast_90,dissimilarity_0,dissimilarity_90,homogeneity_0,homogeneity_90,energy_0,energy_90,correlation_0,correlation_90
142.59026297085992,141.40341659051677,3.3724235963041957,3.2643669408061724,0.598188609080413,0.6263049930304545,0.21704652150267326,0.22178320135237944,0.8937501977027361,0.8946288805076026
