contrast_0,contrast_90,dissimilarity_0,dissimilarity_90,homogeneity_0,homogeneity_90,energy_0,energy_90,correlation_0,correlation_90
162.42725149761398,167.20748299319712,3.8251091481368693,3.8969438521677318,0.5363312848998342,0.5269842309021796,0.2065029468761731,0.20525350799176734,0.9016753798840472,0.8987513089910979
