contrast_0,contrast_90,dissimilarity_0,dissimilarity_90,homogeneity_0,homogeneity_90,energy_0,energy_90,correlation_0,correlation_90
154.7229414153722,156.03279520763525,2.9212356584424817,2.939740075134531,0.7814240382551265,0.7751011194304791,0.3800162706902271,0.3748279240357018,0.8820926262804875,0.8810717944350782
