contrast_0,contrast_90,dissimilarity_0,dissimilarity_90,homogeneity_0,homogeneity_90,energy_0,energy_90,correlation_0,correlation_90
137.80279723829833,137.0244694892883,2.733551629607066,2.7486039191796108,0.794978974505006,0.7865065052123281,0.3042991992426823,0.3036244294259149,0.8831749000457798,0.8838443162549199
