contrast_0,contrast_90,dissimilarity_0,dissimilarity_90,homogeneity_0,homogeneity_90,energy_0,energy_90,correlation_0,correlation_90
150.97956645344712,151.53051071174733,3.027540867093105,3.0574677632246927,0.7374086305713818,0.7316530376109572,0.3116045671019854,0.31026378850881414,0.8861033728432877,0.88567038355309
