contrast_0,contrast_90,dissimilarity_0,dissimilarity_90,homogeneity_0,homogeneity_90,energy_0,energy_90,correlation_0,correlation_90
210.47956645344718,210.2240075134532,3.5862777946999707,3.5216519443598338,0.6853767946437099,0.7071706102780404,0.2589446675239832,0.2660457845492458,0.877945373567839,0.8780566306812083
