contrast_0,contrast_90,dissimilarity_0,dissimilarity_90,homogeneity_0,homogeneity_90,energy_0,energy_90,correlation_0,correlation_90
163.75888415067521,164.67679459843643,2.889658848614073,2.930221342268251,0.8229800121331308,0.8071966276186263,0.40590864567052837,0.3962151204985471,0.8779447266967553,0.8772475005634656
