contrast_0,contrast_90,dissimilarity_0,dissimilarity_90,homogeneity_0,homogeneity_90,energy_0,energy_90,correlation_0,correlation_90
135.8856482891663,132.6362574880699,3.076733678546047,2.911970758452634,0.6629073710169006,0.7105845652524152,0.23970472727886621,0.24973315265757418,0.8796123165342619,0.8825194737970918
