contrast_0,contrast_90,dissimilarity_0,dissimilarity_90,homogeneity_0,homogeneity_90,energy_0,energy_90,correlation_0,correlation_90
144.5819372525129,144.738120621383,3.241293532338309,3.1641537211899715,0.6546340953912124,0.6788792805440454,0.26665185350642673,0.27380532931088764,0.8870782819244443,0.8869432633653352
