contrast_0,contrast_90,dissimilarity_0,dissimilarity_90,homogeneity_0,homogeneity_90,energy_0,energy_90,correlation_0,correlation_90
165.14516702203264,164.24063356685951,3.601152401259013,3.3500355366027006,0.5892057202552581,0.6476158372987368,0.22195641660769544,0.23016460638043704,0.8916628415332035,0.892250732026538
