contrast_0,contrast_90,dissimilarity_0,dissimilarity_90,homogeneity_0,homogeneity_90,energy_0,energy_90,correlation_0,correlation_90
165.60435069550206,165.54213625748812,2.9944410600060913,2.952025586353944,0.781335344830836,0.7991194769559964,0.3121668128576061,0.3239037023112861,0.8773274314158931,0.8773837184817429
