contrast_0,contrast_90,dissimilarity_0,dissimilarity_90,homogeneity_0,homogeneity_90,energy_0,energy_90,correlation_0,correlation_90
135.74197888110467,139.7242867296172,3.0001776830135043,2.9814194334450197,0.716774275534059,0.7288537284468379,0.31164816401609774,0.31368406627308215,0.8927930280682013,0.8896201358026995
