contrast_0,contrast_90,dissimilarity_0,dissimilarity_90,homogeneity_0,homogeneity_90,energy_0,energy_90,correlation_0,correlation_90
149.3180018275967,150.79749213118086,2.8553660270078187,2.852624631942329,0.7854427783260175,0.7895816054533957,0.30480592766686826,0.30363316584883693,0.8815878256807713,0.8803781752683801
