contrast_0,contrast_90,dissimilarity_0,dissimilarity_90,homogeneity_0,homogeneity_90,energy_0,energy_90,correlation_0,correlation_90
152.1656259518733,151.8670423393239,2.940679256777338,2.929129860899584,0.7624475215510376,0.7674813569148523,0.342912452133728,0.34849654916992806,0.8847795801913243,0.8850026390329659
