contrast_0,contrast_90,dissimilarity_0,dissimilarity_90,homogeneity_0,homogeneity_90,energy_0,energy_90,correlation_0,correlation_90
147.95070565539652,149.83795309168437,2.967712458117576,2.9758351101634672,0.7478402411020706,0.7474634343844534,0.34499520010483886,0.34637622111696653,0.8859196480926225,0.8844422671428267
