contrast_0,contrast_90,dissimilarity_0,dissimilarity_90,homogeneity_0,homogeneity_90,energy_0,energy_90,correlation_0,correlation_90
163.6626814905066,164.74814702000197,2.894329373540461,2.9320743222662204,0.820137087514649,0.8069250195326866,0.40463715467902267,0.3961953019260287,0.8781365159879881,0.8773093712451925
