contrast_0,contrast_90,dissimilarity_0,dissimilarity_90,homogeneity_0,homogeneity_90,energy_0,energy_90,correlation_0,correlation_90
177.9088232307849,178.2764240024368,3.493501878363286,3.5366027007818066,0.6430683516320962,0.627623225071928,0.22622082955782832,0.22407780334590593,0.8899100413813276,0.8896604037806666
