contrast_0,contrast_90,dissimilarity_0,dissimilarity_90,homogeneity_0,homogeneity_90,energy_0,energy_90,correlation_0,correlation_90
144.50274139506567,147.96946390496507,3.1182861204183157,3.0373388161234645,0.6779677849761924,0.7083968720793979,0.2645729915689492,0.26986996446239403,0.887315550603549,0.8845395078548048
