contrast_0,contrast_90,dissimilarity_0,dissimilarity_90,homogeneity_0,homogeneity_90,energy_0,energy_90,correlation_0,correlation_90
191.6949436491015,188.94524824855316,3.690983856229057,3.557645446238198,0.6170709849460799,0.647023125825885,0.22173837922542733,0.22657752147398574,0.8827837669701597,0.88450065207721
