contrast_0,contrast_90,dissimilarity_0,dissimilarity_90,homogeneity_0,homogeneity_90,energy_0,energy_90,correlation_0,correlation_90
157.9718245507159,159.67978982637834,2.8961315869631434,2.882297695197483,0.803290303514715,0.8101718886935927,0.3778579116128828,0.3793467006989175,0.8821472794559507,0.8808338676283042
