contrast_0,contrast_90,dissimilarity_0,dissimilarity_90,homogeneity_0,homogeneity_90,energy_0,energy_90,correlation_0,correlation_90
150.56777337800798,151.07828205909232,2.8354147629200925,2.8467357092090553,0.7962831463443371,0.7947297765683692,0.3071249710980221,0.30975224351195596,0.879783752031581,0.8793685998443009
