contrast_0,contrast_90,dissimilarity_0,dissimilarity_90,homogeneity_0,homogeneity_90,energy_0,energy_90,correlation_0,correlation_90
158.868946085897,162.04365925474667,3.3858005888922706,3.656157985582293,0.6312913116878197,0.5680870552216245,0.22488762006762278,0.21605527105601852,0.8951786361648179,0.8930652743818558
