contrast_0,contrast_90,dissimilarity_0,dissimilarity_90,homogeneity_0,homogeneity_90,energy_0,energy_90,correlation_0,correlation_90
144.7513199309575,144.71646867702316,3.2468017057569294,3.1678850644735497,0.6536213314034341,0.6789367670825657,0.26452447619433334,0.2713771027472971,0.8869721969960709,0.8869853423468167
