contrast_0,contrast_90,dissimilarity_0,dissimilarity_90,homogeneity_0,homogeneity_90,energy_0,energy_90,correlation_0,correlation_90
134.77726165092903,133.1339983754697,3.0222611432632758,3.0641435678749103,0.6805272479221771,0.6624070265659587,0.24930028969909102,0.2446124965491973,0.8792971159694664,0.8807889327633717
