contrast_0,contrast_90,dissimilarity_0,dissimilarity_90,homogeneity_0,homogeneity_90,energy_0,energy_90,correlation_0,correlation_90
231.70159407046387,229.69230378718657,4.144583206416892,4.123667377398723,0.569951656094367,0.5696876030193262,0.21518842550528952,0.2155242234481686,0.8725310637783592,0.8736487227647083
