contrast_0,contrast_90,dissimilarity_0,dissimilarity_90,homogeneity_0,homogeneity_90,energy_0,energy_90,correlation_0,correlation_90
174.45316783429797,174.56485429992887,3.359300436592547,3.371332114935526,0.6736140871127901,0.6732169783898616,0.22106885644449273,0.22101693969659156,0.8906688703634241,0.8905887450186142
