contrast_0,contrast_90,dissimilarity_0,dissimilarity_90,homogeneity_0,homogeneity_90,energy_0,energy_90,correlation_0,correlation_90
167.76944359833493,167.09635495989437,3.8728551121941304,3.7295156868717636,0.5364235922480624,0.5609790943904547,0.20909821187991723,0.21194135012251922,0.8986087732556138,0.8990244949938794
