B_mean,G_mean,R_mean,B_std,G_std,R_std,B_median,G_median,R_median,B_mode,G_mode,R_mode
2.0546201101314576,10.198172963682083,75.51968679377407,0.9911800996337947,0.710971512599228,3.1313353083846063,2.0,10.0,75.0,2.0,10.0,74.0
