B_mean,G_mean,R_mean,B_std,G_std,R_std,B_median,G_median,R_median,B_mode,G_mode,R_mode
1.9767323423624152,10.105070503230735,75.36690326893083,0.9550302295951857,0.7309711968713737,3.5347942475327976,2.0,10.0,75.0,2.0,10.0,74.0
