B_mean,G_mean,R_mean,B_std,G_std,R_std,B_median,G_median,R_median,B_mode,G_mode,R_mode
2.7760766464016298,8.614730878186968,60.23121240092944,1.2340360699273338,0.923594716904655,5.983793347157056,3.0,9.0,61.0,3.0,8.0,66.0
