B_mean,G_mean,R_mean,B_std,G_std,R_std,B_median,G_median,R_median,B_mode,G_mode,R_mode
3.036540726358341,8.99742177801827,60.845943279116405,1.2132036527611414,1.016930638479883,6.064336455436219,3.0,9.0,62.0,3.0,9.0,67.0
