B_mean,G_mean,R_mean,B_std,G_std,R_std,B_median,G_median,R_median,B_mode,G_mode,R_mode
3.0177292548620174,8.935544450456758,61.445650444027116,1.293373111581777,1.057616907991613,5.5497823644265445,3.0,9.0,62.0,3.0,9.0,67.0
