B_mean,G_mean,R_mean,B_std,G_std,R_std,B_median,G_median,R_median,B_mode,G_mode,R_mode
2.575516440143871,8.572078810834899,61.42470636916319,1.2911557790070545,0.8181133839145829,5.866887045262338,3.0,9.0,63.0,3.0,9.0,67.0
