B_mean,G_mean,R_mean,B_std,G_std,R_std,B_median,G_median,R_median,B_mode,G_mode,R_mode
1.9361173886749212,10.169462392971958,75.30811344176719,0.8443024115988794,0.6611798872158491,3.677747894239533,2.0,10.0,76.0,2.0,10.0,77.0
