B_mean,G_mean,R_mean,B_std,G_std,R_std,B_median,G_median,R_median,B_mode,G_mode,R_mode
3.278256994620747,8.83279752999968,60.53245058407868,1.320677908230293,1.1023316813743766,4.929252363071587,3.0,9.0,61.0,3.0,9.0,62.0
