B_mean,G_mean,R_mean,B_std,G_std,R_std,B_median,G_median,R_median,B_mode,G_mode,R_mode
2.797434509978674,8.601998917783366,59.652449310882645,1.0940447114172691,0.6799680763068102,5.462322312942435,3.0,9.0,61.0,3.0,9.0,62.0
