B_mean,G_mean,R_mean,B_std,G_std,R_std,B_median,G_median,R_median,B_mode,G_mode,R_mode
1.975395486520037,10.234968329248495,75.83594869019957,0.8505226285986395,0.6474535287245673,3.710778591474164,2.0,10.0,77.0,2.0,10.0,77.0
