B_mean,G_mean,R_mean,B_std,G_std,R_std,B_median,G_median,R_median,B_mode,G_mode,R_mode
2.926823057580291,8.511952127828883,60.15835375751981,1.1963568090280599,0.9426812216562735,5.8106068716808705,3.0,8.0,61.0,3.0,8.0,63.0
