B_mean,G_mean,R_mean,B_std,G_std,R_std,B_median,G_median,R_median,B_mode,G_mode,R_mode
6.082025654900213,14.599675335009708,56.65814686316325,1.0920170647246903,1.153240205130239,3.734003728726211,6.0,15.0,57.0,6.0,15.0,59.0
