B_mean,G_mean,R_mean,B_std,G_std,R_std,B_median,G_median,R_median,B_mode,G_mode,R_mode
10.379157780819302,24.68494763981284,62.834357195149124,2.5639855530127456,1.9613954036741215,2.799730304385905,10.0,24.0,62.0,9.0,24.0,61.0
