B_mean,G_mean,R_mean,B_std,G_std,R_std,B_median,G_median,R_median,B_mode,G_mode,R_mode
9.332304166534042,17.395072731323804,46.620332940764555,2.3903290137890476,1.713763741532203,2.4609719817902427,9.0,17.0,47.0,7.0,16.0,45.0
