B_mean,G_mean,R_mean,B_std,G_std,R_std,B_median,G_median,R_median,B_mode,G_mode,R_mode
6.336983161982366,13.90950759143139,55.011426934462236,2.0526349874370062,1.6896655773423475,2.84296863213782,6.0,14.0,54.0,6.0,14.0,54.0
