B_mean,G_mean,R_mean,B_std,G_std,R_std,B_median,G_median,R_median,B_mode,G_mode,R_mode
6.0995002705541586,14.545659992997422,57.35149759684247,1.2253030338022557,1.2606403604062166,4.022779436394433,6.0,15.0,57.0,6.0,15.0,60.0
