B_mean,G_mean,R_mean,B_std,G_std,R_std,B_median,G_median,R_median,B_mode,G_mode,R_mode
7.444058948976669,16.7042365598243,55.9816341471178,1.6520231440996906,1.2903010077743842,3.198789016901963,7.0,17.0,57.0,7.0,16.0,59.0
