B_mean,G_mean,R_mean,B_std,G_std,R_std,B_median,G_median,R_median,B_mode,G_mode,R_mode
8.92271700035013,17.158099118311743,46.67724480376866,1.896030365213766,1.5570972590636065,2.425600757456839,9.0,17.0,47.0,7.0,16.0,45.0
