B_mean,G_mean,R_mean,B_std,G_std,R_std,B_median,G_median,R_median,B_mode,G_mode,R_mode
5.824362606232294,13.387083426170545,53.22265015755801,1.1243484498280287,1.3218848777199224,3.8055099662870897,6.0,13.0,53.0,6.0,13.0,53.0
