B_mean,G_mean,R_mean,B_std,G_std,R_std,B_median,G_median,R_median,B_mode,G_mode,R_mode
5.91530063341503,14.555240793201133,57.195499251997326,1.200060675954094,1.1461561462082477,4.097259620972276,6.0,15.0,58.0,5.0,15.0,59.0
