B_mean,G_mean,R_mean,B_std,G_std,R_std,B_median,G_median,R_median,B_mode,G_mode,R_mode
4.34904669446478,14.323869242766655,66.96037177324378,1.3074139964744669,1.1158343408659313,3.6601369454137718,4.0,14.0,68.0,4.0,14.0,70.0
