B_mean,G_mean,R_mean,B_std,G_std,R_std,B_median,G_median,R_median,B_mode,G_mode,R_mode
7.710698029729127,16.900786198554922,55.83524843237738,1.6254862976511972,1.426290919220932,3.0275307401273626,7.0,17.0,56.0,7.0,17.0,57.0
