B_mean,G_mean,R_mean,B_std,G_std,R_std,B_median,G_median,R_median,B_mode,G_mode,R_mode
6.580354585097241,15.483623515930866,57.98780914791355,1.3159686373947648,1.0080182785306389,2.6209495342633313,7.0,16.0,58.0,7.0,16.0,59.0
