B_mean,G_mean,R_mean,B_std,G_std,R_std,B_median,G_median,R_median,B_mode,G_mode,R_mode
7.390202756469427,16.618614126110067,55.78661234363561,1.4503881140750765,1.1506167241009662,3.1700562646667163,7.0,17.0,56.0,7.0,17.0,59.0
