B_mean,G_mean,R_mean,B_std,G_std,R_std,B_median,G_median,R_median,B_mode,G_mode,R_mode
10.990451029697297,25.207658274182766,63.064964827959386,3.1356884200259776,2.2960148975628174,3.274446784403857,10.0,25.0,62.0,10.0,24.0,61.0
