B_mean,G_mean,R_mean,B_std,G_std,R_std,B_median,G_median,R_median,B_mode,G_mode,R_mode
10.873858102301302,25.13193493968234,63.13658210522965,2.9659444443574627,2.1943549940524356,3.2225952090136913,10.0,25.0,63.0,10.0,24.0,60.0
