B_mean,G_mean,R_mean,B_std,G_std,R_std,B_median,G_median,R_median,B_mode,G_mode,R_mode
7.477353025432091,16.815100105038674,56.25069230034695,1.6728571373433605,1.435225171191687,3.0052133392218483,7.0,17.0,57.0,7.0,16.0,59.0
