B_mean,G_mean,R_mean,B_std,G_std,R_std,B_median,G_median,R_median,B_mode,G_mode,R_mode
10.88130629913741,25.173091001686984,63.14339370404558,3.0052495831396255,2.271382364012172,3.3895548908578474,10.0,25.0,63.0,10.0,25.0,60.0
