B_mean,G_mean,R_mean,B_std,G_std,R_std,B_median,G_median,R_median,B_mode,G_mode,R_mode
6.188178374765254,10.778527548779323,46.08995130025146,2.458656678215041,2.7303304635000094,5.305193574704351,6.0,10.0,46.0,6.0,9.0,48.0
