B_mean,G_mean,R_mean,B_std,G_std,R_std,B_median,G_median,R_median,B_mode,G_mode,R_mode
5.992742782569946,9.758474711143649,35.42699812203584,2.1117128319494887,2.4050819033736164,3.8744822312474727,5.0,9.0,35.0,5.0,9.0,34.0
