B_mean,G_mean,R_mean,B_std,G_std,R_std,B_median,G_median,R_median,B_mode,G_mode,R_mode
4.838526912181303,8.326702103956457,29.870229493586276,1.5939694792677237,1.6490416073345808,2.7223265893338118,5.0,8.0,30.0,4.0,7.0,31.0
