B_mean,G_mean,R_mean,B_std,G_std,R_std,B_median,G_median,R_median,B_mode,G_mode,R_mode
6.580131775790178,11.527357799917242,39.912117643314126,2.256491345250572,2.4243765653622615,3.9345386641940485,6.0,11.0,40.0,6.0,11.0,41.0
