B_mean,G_mean,R_mean,B_std,G_std,R_std,B_median,G_median,R_median,B_mode,G_mode,R_mode
4.867746761307572,8.126969475124932,38.6650221217812,1.3057224519422244,1.3097025678615972,5.627497303236863,5.0,8.0,40.0,5.0,8.0,43.0
