B_mean,G_mean,R_mean,B_std,G_std,R_std,B_median,G_median,R_median,B_mode,G_mode,R_mode
6.739026641627144,10.92876468154184,39.867874080911605,2.185846427908701,2.3922979247470413,5.0947370239739795,6.0,10.0,40.0,6.0,10.0,41.0
