B_mean,G_mean,R_mean,B_std,G_std,R_std,B_median,G_median,R_median,B_mode,G_mode,R_mode
3.8793646751758604,7.752904478467072,26.218034821911704,1.4494582477022497,1.4708654926615627,2.7066281470853886,3.0,7.0,26.0,3.0,7.0,26.0
