B_mean,G_mean,R_mean,B_std,G_std,R_std,B_median,G_median,R_median,B_mode,G_mode,R_mode
12.184613425852245,16.1982366234841,34.38673329725945,3.3681806684157642,3.0897129558230167,3.006598667927599,11.0,15.0,34.0,10.0,14.0,33.0
