B_mean,G_mean,R_mean,B_std,G_std,R_std,B_median,G_median,R_median,B_mode,G_mode,R_mode
4.837762994557087,7.542445172995512,32.333832001782476,1.4051145026104417,1.3679417465324937,3.425313438681475,5.0,7.0,33.0,5.0,7.0,33.0
