B_mean,G_mean,R_mean,B_std,G_std,R_std,B_median,G_median,R_median,B_mode,G_mode,R_mode
5.895502434987427,9.480154056720883,36.55396759716077,1.5279829215156782,1.7468903221162333,4.370096648144867,6.0,9.0,37.0,6.0,9.0,38.0
