B_mean,G_mean,R_mean,B_std,G_std,R_std,B_median,G_median,R_median,B_mode,G_mode,R_mode
5.489130088805424,9.241366139351307,38.828086704650346,1.5945154631348628,1.8191634781654187,4.370139434267157,5.0,9.0,39.0,5.0,9.0,38.0
