B_mean,G_mean,R_mean,B_std,G_std,R_std,B_median,G_median,R_median,B_mode,G_mode,R_mode
6.3064264570137185,10.280007639176242,40.49263137791642,2.281912529665821,2.4624101223883375,4.224809044720127,6.0,10.0,40.0,6.0,9.0,39.0
