B_mean,G_mean,R_mean,B_std,G_std,R_std,B_median,G_median,R_median,B_mode,G_mode,R_mode
4.937167775408218,8.199828118534551,39.75350924658624,1.3143782011511425,1.3050639733477354,5.3736949239229075,5.0,8.0,42.0,5.0,8.0,43.0
