B_mean,G_mean,R_mean,B_std,G_std,R_std,B_median,G_median,R_median,B_mode,G_mode,R_mode
5.3229461756373935,8.856001527835248,35.36639399051469,1.4989745678179738,1.7069913357777713,3.602917000271795,5.0,9.0,36.0,5.0,8.0,38.0
