B_mean,G_mean,R_mean,B_std,G_std,R_std,B_median,G_median,R_median,B_mode,G_mode,R_mode
5.518286278129675,8.701021739822389,33.39621860776013,2.118285197731504,2.186293573627823,3.5960920080215786,5.0,8.0,33.0,5.0,8.0,33.0
