B_mean,G_mean,R_mean,B_std,G_std,R_std,B_median,G_median,R_median,B_mode,G_mode,R_mode
6.688035140210714,11.143202724639526,36.42728459114492,2.030056746115702,2.190119568633722,3.434507345590619,6.0,11.0,36.0,6.0,11.0,35.0
