B_mean,G_mean,R_mean,B_std,G_std,R_std,B_median,G_median,R_median,B_mode,G_mode,R_mode
4.869943024477194,8.178661234363561,39.26835789540694,1.3928565068689607,1.4512511230360814,6.062814378460673,5.0,8.0,41.0,5.0,8.0,43.0
