B_mean,G_mean,R_mean,B_std,G_std,R_std,B_median,G_median,R_median,B_mode,G_mode,R_mode
5.38787917369577,9.020721265556864,38.21443804309769,1.847004129615686,2.011865667729805,4.78812727609231,5.0,9.0,38.0,5.0,9.0,40.0
