B_mean,G_mean,R_mean,B_std,G_std,R_std,B_median,G_median,R_median,B_mode,G_mode,R_mode
6.504249291784703,11.011490594264252,44.93232963045485,2.823503086889836,3.079018611773238,5.310417967196532,6.0,10.0,45.0,6.0,10.0,44.0
