B_mean,G_mean,R_mean,B_std,G_std,R_std,B_median,G_median,R_median,B_mode,G_mode,R_mode
4.56144762389789,8.221185982111596,28.149314065633256,1.9546001429794024,1.8912364960940136,3.197396404092009,4.0,8.0,27.0,3.0,7.0,26.0
