B_mean,G_mean,R_mean,B_std,G_std,R_std,B_median,G_median,R_median,B_mode,G_mode,R_mode
6.284813954228603,9.996689690295064,32.63096412770156,2.4077418207470687,2.5789152589614024,3.6951032215893544,6.0,10.0,32.0,6.0,9.0,32.0
