B_mean,G_mean,R_mean,B_std,G_std,R_std,B_median,G_median,R_median,B_mode,G_mode,R_mode
4.993856829105262,7.600693891841996,31.687939650507687,1.3903773485562088,1.484617939939328,2.823417844086557,5.0,7.0,32.0,5.0,7.0,33.0
