B_mean,G_mean,R_mean,B_std,G_std,R_std,B_median,G_median,R_median,B_mode,G_mode,R_mode
4.161027469204571,7.810421109590349,27.29089346532132,1.9100970937636172,1.825958627298148,3.181497933438273,4.0,7.0,27.0,3.0,7.0,26.0
