B_mean,G_mean,R_mean,B_std,G_std,R_std,B_median,G_median,R_median,B_mode,G_mode,R_mode
6.490785243657892,10.593213865104879,41.918069834802814,2.205752011927438,2.4743867011042844,5.227298255410536,6.0,10.0,43.0,6.0,10.0,44.0
