B_mean,G_mean,R_mean,B_std,G_std,R_std,B_median,G_median,R_median,B_mode,G_mode,R_mode
4.166597701881147,8.041219721806666,26.696024445363975,1.5710815665994708,1.5770833495415544,3.0677719350023387,4.0,8.0,26.0,3.0,7.0,25.0
