B_mean,G_mean,R_mean,B_std,G_std,R_std,B_median,G_median,R_median,B_mode,G_mode,R_mode
4.984562498010631,7.443008562243372,31.61629054333641,1.3742548135998252,1.3721302765250958,2.9509150912652338,5.0,7.0,32.0,4.0,7.0,33.0
