B_mean,G_mean,R_mean,B_std,G_std,R_std,B_median,G_median,R_median,B_mode,G_mode,R_mode
4.242002737371487,7.991596906133622,27.01120412515517,1.6964650892218363,1.6863849632976957,2.902893502114324,4.0,8.0,27.0,3.0,7.0,25.0
