B_mean,G_mean,R_mean,B_std,G_std,R_std,B_median,G_median,R_median,B_mode,G_mode,R_mode
5.305598879587484,8.527198650412197,37.645733201769744,1.0297482694845919,1.043353110311534,6.084151752774787,5.0,9.0,38.0,6.0,9.0,40.0
