B_mean,G_mean,R_mean,B_std,G_std,R_std,B_median,G_median,R_median,B_mode,G_mode,R_mode
4.820543018111214,8.343540121590221,41.685552407932015,1.4365918709645356,1.445680273217651,6.624285741217305,5.0,8.0,42.0,5.0,8.0,43.0
