B_mean,G_mean,R_mean,B_std,G_std,R_std,B_median,G_median,R_median,B_mode,G_mode,R_mode
5.380685616067734,9.299232899385682,31.63653436037814,2.1866888436167007,2.5140293362887087,3.9027790152564803,5.0,9.0,31.0,5.0,9.0,30.0
