B_mean,G_mean,R_mean,B_std,G_std,R_std,B_median,G_median,R_median,B_mode,G_mode,R_mode
6.279943979374224,10.077251169748862,34.236241525288854,3.1171368744057997,3.3463086750185744,4.269835359433371,6.0,9.0,34.0,5.0,9.0,34.0
