B_mean,G_mean,R_mean,B_std,G_std,R_std,B_median,G_median,R_median,B_mode,G_mode,R_mode
4.266639080752459,8.099309291148105,26.80711079988541,1.6264830299590782,1.6444743054829076,3.116504706668242,4.0,8.0,26.0,3.0,7.0,25.0
