B_mean,G_mean,R_mean,B_std,G_std,R_std,B_median,G_median,R_median,B_mode,G_mode,R_mode
4.6262214724512205,8.265461374415125,29.481650062068308,1.516899526043035,1.6326232729898473,2.900763354464471,4.0,8.0,29.0,4.0,7.0,31.0
