B_mean,G_mean,R_mean,B_std,G_std,R_std,B_median,G_median,R_median,B_mode,G_mode,R_mode
5.059903873698953,8.353343731100995,38.427380080847946,1.2176193144557357,1.26768783356721,4.34365592774588,5.0,8.0,39.0,5.0,8.0,39.0
