B_mean,G_mean,R_mean,B_std,G_std,R_std,B_median,G_median,R_median,B_mode,G_mode,R_mode
4.1468313333545535,7.8064423719642235,27.467899544832417,1.6209381180610358,1.496153884852076,2.67542097796077,4.0,7.0,27.0,3.0,7.0,26.0
