B_mean,G_mean,R_mean,B_std,G_std,R_std,B_median,G_median,R_median,B_mode,G_mode,R_mode
5.458509724034759,8.733870197663686,37.78861762739918,1.490101533154272,1.5923315478159425,5.003128667386584,5.0,9.0,38.0,5.0,9.0,38.0
