B_mean,G_mean,R_mean,B_std,G_std,R_std,B_median,G_median,R_median,B_mode,G_mode,R_mode
5.5286628258586115,9.220485724289398,33.15809911831174,2.0538835679974197,2.2656221055606833,3.120549908522679,5.0,9.0,33.0,5.0,8.0,32.0
