B_mean,G_mean,R_mean,B_std,G_std,R_std,B_median,G_median,R_median,B_mode,G_mode,R_mode
5.0272463952637105,8.14788172008785,33.91638285004934,1.2337133155115834,1.270026004944902,5.670200680951022,5.0,8.0,33.0,5.0,9.0,33.0
