B_mean,G_mean,R_mean,B_std,G_std,R_std,B_median,G_median,R_median,B_mode,G_mode,R_mode
4.518731896743801,7.782187987395359,36.37155043447815,1.1713576561217656,1.164698479842691,4.85772197788598,4.0,8.0,37.0,4.0,8.0,37.0
