B_mean,G_mean,R_mean,B_std,G_std,R_std,B_median,G_median,R_median,B_mode,G_mode,R_mode
5.493840914154757,9.313078906324602,40.26055956965974,2.304758768544855,2.4741762516925703,5.802092832562572,5.0,9.0,40.0,5.0,9.0,39.0
