B_mean,G_mean,R_mean,B_std,G_std,R_std,B_median,G_median,R_median,B_mode,G_mode,R_mode
6.219180698348028,10.144953369195022,35.35152942674348,3.1029094265824066,3.372764056504233,4.481896744449208,6.0,9.0,34.0,5.0,9.0,34.0
