B_mean,G_mean,R_mean,B_std,G_std,R_std,B_median,G_median,R_median,B_mode,G_mode,R_mode
4.702708724575866,7.910080529649552,35.778559378680335,1.3467143462574633,1.4936093546375793,4.597604714544372,5.0,8.0,37.0,5.0,8.0,38.0
