B_mean,G_mean,R_mean,B_std,G_std,R_std,B_median,G_median,R_median,B_mode,G_mode,R_mode
4.926377438966165,8.104784034121653,33.89703027023586,1.1780166242711099,1.165607366226908,5.276158632454795,5.0,8.0,34.0,5.0,8.0,33.0
