B_mean,G_mean,R_mean,B_std,G_std,R_std,B_median,G_median,R_median,B_mode,G_mode,R_mode
5.419740904605787,9.262628513225323,38.52216952605277,1.52844055453333,1.6913820505551715,4.235502726955548,5.0,9.0,39.0,5.0,9.0,38.0
