B_mean,G_mean,R_mean,B_std,G_std,R_std,B_median,G_median,R_median,B_mode,G_mode,R_mode
3.8532959862494827,7.6831651653563355,27.05964923449088,1.572163242974863,1.5566526165872525,2.737056125284351,3.0,7.0,26.0,3.0,7.0,26.0
