B_mean,G_mean,R_mean,B_std,G_std,R_std,B_median,G_median,R_median,B_mode,G_mode,R_mode
5.430372091542795,9.459241811757966,31.15434318999268,2.038775650854015,2.2712094820728734,3.5035023305369504,5.0,9.0,31.0,5.0,9.0,30.0
