B_mean,G_mean,R_mean,B_std,G_std,R_std,B_median,G_median,R_median,B_mode,G_mode,R_mode
5.82194353375561,9.756564917083107,38.984912626921734,1.6761439746872795,1.8580430368664327,5.899530309651424,6.0,10.0,39.0,6.0,9.0,36.0
