B_mean,G_mean,R_mean,B_std,G_std,R_std,B_median,G_median,R_median,B_mode,G_mode,R_mode
3.728140815482064,7.538307285864341,25.936753986695102,1.5775821060346213,1.5857838967757982,2.461864278314236,3.0,7.0,26.0,3.0,7.0,25.0
