B_mean,G_mean,R_mean,B_std,G_std,R_std,B_median,G_median,R_median,B_mode,G_mode,R_mode
5.27077696788363,8.940382595410128,36.64894802177165,1.4236746070476982,1.598968909167861,3.8429808282999094,5.0,9.0,37.0,5.0,9.0,36.0
