B_mean,G_mean,R_mean,B_std,G_std,R_std,B_median,G_median,R_median,B_mode,G_mode,R_mode
5.129356717700608,7.80014005156444,33.11363274660216,1.449035469213392,1.5391098597632937,3.7193374673501776,5.0,8.0,33.0,5.0,8.0,33.0
