B_mean,G_mean,R_mean,B_std,G_std,R_std,B_median,G_median,R_median,B_mode,G_mode,R_mode
5.97081198077474,9.797370850176655,32.81961995098195,2.7640204127672643,2.952536334359198,3.8596493189782657,5.0,9.0,32.0,5.0,9.0,32.0
