B_mean,G_mean,R_mean,B_std,G_std,R_std,B_median,G_median,R_median,B_mode,G_mode,R_mode
3.8045325779036827,7.619218894229239,25.235955056179776,1.2796848868984827,1.1995579414481312,2.187757516353433,3.0,7.0,25.0,3.0,7.0,25.0
