B_mean,G_mean,R_mean,B_std,G_std,R_std,B_median,G_median,R_median,B_mode,G_mode,R_mode
5.274246427093612,8.633987968297419,33.72110640735907,2.041374719548685,2.260210314018024,3.689158570480709,5.0,8.0,33.0,5.0,8.0,32.0
