B_mean,G_mean,R_mean,B_std,G_std,R_std,B_median,G_median,R_median,B_mode,G_mode,R_mode
6.173027341884967,10.222522837953974,35.809370722857054,2.9669548299341635,3.280463109242091,4.565781685889971,6.0,10.0,35.0,5.0,9.0,34.0
