B_mean,G_mean,R_mean,B_std,G_std,R_std,B_median,G_median,R_median,B_mode,G_mode,R_mode
5.264570137186873,8.575325460737817,32.41760830123818,2.0829110319609523,2.1294226456855903,3.5100758015914844,5.0,8.0,33.0,5.0,8.0,33.0
