B_mean,G_mean,R_mean,B_std,G_std,R_std,B_median,G_median,R_median,B_mode,G_mode,R_mode
4.451857274723876,7.848935289811249,29.47092338542827,1.738282776024253,1.7257454378298698,3.1289130759646553,4.0,7.0,29.0,3.0,7.0,31.0
