B_mean,G_mean,R_mean,B_std,G_std,R_std,B_median,G_median,R_median,B_mode,G_mode,R_mode
6.804118789190565,11.292007511856639,36.27516949422287,1.868398718412734,2.0949507236932634,3.4173839191484543,6.0,11.0,36.0,6.0,11.0,36.0
