B_mean,G_mean,R_mean,B_std,G_std,R_std,B_median,G_median,R_median,B_mode,G_mode,R_mode
6.756533087182099,11.228602349046694,36.75309545787312,1.9927989919336038,2.2340896735592968,3.429664334783289,6.0,11.0,36.0,6.0,11.0,35.0
