B_mean,G_mean,R_mean,B_std,G_std,R_std,B_median,G_median,R_median,B_mode,G_mode,R_mode
3.4876340834580004,7.282235732246873,26.08880542381513,0.9058605457164454,1.0096367811810554,2.16017493965466,3.0,7.0,26.0,3.0,7.0,26.0
