B_mean,G_mean,R_mean,B_std,G_std,R_std,B_median,G_median,R_median,B_mode,G_mode,R_mode
3.8587388993220233,7.785561956902314,24.584651621733457,1.181151889985544,1.2012101701700157,2.4174367577758225,3.0,7.0,25.0,3.0,7.0,25.0
