B_mean,G_mean,R_mean,B_std,G_std,R_std,B_median,G_median,R_median,B_mode,G_mode,R_mode
5.106248209568069,8.443135881847407,37.21743005379253,1.1793754237992695,1.2495308803042773,6.5963354742636655,5.0,9.0,38.0,5.0,9.0,38.0
