B_mean,G_mean,R_mean,B_std,G_std,R_std,B_median,G_median,R_median,B_mode,G_mode,R_mode
4.942706178183786,8.250151192029794,37.794569818887865,1.46096469781219,1.4138653430340102,6.119767825513806,5.0,8.0,39.0,5.0,8.0,43.0
