B_mean,G_mean,R_mean,B_std,G_std,R_std,B_median,G_median,R_median,B_mode,G_mode,R_mode
4.09335709965942,7.77123850144826,27.867205652990418,1.6768391841308332,1.708522905658365,3.389878722912762,4.0,7.0,27.0,3.0,7.0,26.0
