B_mean,G_mean,R_mean,B_std,G_std,R_std,B_median,G_median,R_median,B_mode,G_mode,R_mode
4.487156634942865,7.724925995480154,35.13390839354489,1.2934708483149213,1.3365778553022258,4.467341979920227,4.0,8.0,36.0,4.0,8.0,35.0
