B_mean,G_mean,R_mean,B_std,G_std,R_std,B_median,G_median,R_median,B_mode,G_mode,R_mode
5.191456854569182,8.498201610592991,38.023649616449696,1.2063011900466312,1.1937116183465788,6.844119603380049,5.0,9.0,38.0,5.0,9.0,38.0
