B_mean,G_mean,R_mean,B_std,G_std,R_std,B_median,G_median,R_median,B_mode,G_mode,R_mode
4.939459528280867,8.319253907120348,31.52029156189324,2.027180752579407,2.3327140260347927,4.18345731022848,5.0,8.0,32.0,5.0,7.0,32.0
