B_mean,G_mean,R_mean,B_std,G_std,R_std,B_median,G_median,R_median,B_mode,G_mode,R_mode
5.376038450520419,8.944424992838272,35.6187414457141,1.5187634874246863,1.7218854260947924,3.8892030467150858,5.0,9.0,36.0,5.0,9.0,38.0
