B_mean,G_mean,R_mean,B_std,G_std,R_std,B_median,G_median,R_median,B_mode,G_mode,R_mode
5.218002992010695,9.297736894038259,45.48292325810867,1.8002657464798844,1.6002388044864435,6.377583930188983,5.0,9.0,47.0,5.0,9.0,50.0
