B_mean,G_mean,R_mean,B_std,G_std,R_std,B_median,G_median,R_median,B_mode,G_mode,R_mode
4.535283445268485,7.454849285418723,32.870484132794346,1.225071497954021,1.3348071302050135,3.8941625752497564,4.0,7.0,33.0,5.0,7.0,32.0
