B_mean,G_mean,R_mean,B_std,G_std,R_std,B_median,G_median,R_median,B_mode,G_mode,R_mode
5.728172645383073,8.970461851863641,33.79154597829201,2.3042583169816875,2.4763111738011196,4.075701077527475,5.0,8.0,33.0,5.0,8.0,33.0
