B_mean,G_mean,R_mean,B_std,G_std,R_std,B_median,G_median,R_median,B_mode,G_mode,R_mode
4.299360218989719,7.827641086036222,28.018843301397332,1.8008280953542222,1.6789116941423625,3.5368879207455257,4.0,7.0,27.0,3.0,7.0,25.0
