B_mean,G_mean,R_mean,B_std,G_std,R_std,B_median,G_median,R_median,B_mode,G_mode,R_mode
5.454817455517714,8.582073399751726,36.36553458318745,1.5894726382361564,1.727327057706157,4.897056513042957,5.0,8.0,36.0,5.0,9.0,35.0
