B_mean,G_mean,R_mean,B_std,G_std,R_std,B_median,G_median,R_median,B_mode,G_mode,R_mode
5.586402266288951,8.920679886685553,39.394372473501605,1.3764095149313076,1.47207187873784,5.438019532689076,6.0,9.0,40.0,6.0,9.0,42.0
