B_mean,G_mean,R_mean,B_std,G_std,R_std,B_median,G_median,R_median,B_mode,G_mode,R_mode
4.530763599325206,7.453225960467263,33.53703408982398,1.1785272866948044,1.3025986684176423,4.2640186599386345,5.0,7.0,33.0,5.0,7.0,32.0
