B_mean,G_mean,R_mean,B_std,G_std,R_std,B_median,G_median,R_median,B_mode,G_mode,R_mode
4.6223382245281215,8.356208422191807,42.916128210841265,1.4038449311058592,1.3508604755099591,6.817816384441556,5.0,8.0,44.0,5.0,8.0,50.0
