B_mean,G_mean,R_mean,B_std,G_std,R_std,B_median,G_median,R_median,B_mode,G_mode,R_mode
6.536970430021962,10.813062991374096,43.780819301651974,2.5219769250155664,2.768513157871476,5.112014693156192,6.0,10.0,44.0,6.0,9.0,44.0
