B_mean,G_mean,R_mean,B_std,G_std,R_std,B_median,G_median,R_median,B_mode,G_mode,R_mode
4.0021326033676035,11.261896425502117,67.20075118566382,0.8044957613054532,0.7380125145966817,1.862121438738816,4.0,11.0,68.0,4.0,11.0,68.0
