B_mean,G_mean,R_mean,B_std,G_std,R_std,B_median,G_median,R_median,B_mode,G_mode,R_mode
3.939936976796002,11.31664385523761,67.0395645669542,0.821232379684186,0.717696809571471,2.1283448281503903,4.0,11.0,68.0,4.0,11.0,68.0
