B_mean,G_mean,R_mean,B_std,G_std,R_std,B_median,G_median,R_median,B_mode,G_mode,R_mode
3.995480154056721,11.279816659770189,67.2247509310246,0.8214590379563115,0.723419832204965,1.8107391359224536,4.0,11.0,68.0,4.0,11.0,68.0
