L_mean,A_mean,B_mean,L_std,A_std,B_std,L_median,A_median,B_median,L_mode,A_mode,B_mode
98.20291561893242,187.5006843428717,180.02323582773658,2.66303993013799,1.2389855353550667,0.9853626642079727,98.0,188.0,180.0,95.0,189.0,181.0
