H_mean,S_mean,V_mean,H_std,S_std,V_std,H_median,S_median,V_median,H_mode,S_mode,V_mode
3.007925645351243,253.7862303848235,188.25454371836904,0.08867400846956361,1.2606349635588068,6.829682083056387,3.0,254.0,190.0,3.0,254.0,193.0
