H_mean,S_mean,V_mean,H_std,S_std,V_std,H_median,S_median,V_median,H_mode,S_mode,V_mode
2.9774644300856226,251.65133526434732,145.75589648916193,0.1511820853613067,1.5997390297346386,4.7669088765479515,3.0,252.0,147.0,3.0,250.0,148.0
