H_mean,S_mean,V_mean,H_std,S_std,V_std,H_median,S_median,V_median,H_mode,S_mode,V_mode
3.0130184295126843,253.76738708342617,162.13769615176497,0.11335501312042831,1.0762569535080766,5.649383253495667,3.0,253.0,164.0,3.0,253.0,168.0
