H_mean,S_mean,V_mean,H_std,S_std,V_std,H_median,S_median,V_median,H_mode,S_mode,V_mode
2.996244071680937,253.6985708374447,168.44183085590603,0.06271304419513932,1.1903913787223857,6.670378580253734,3.0,254.0,169.0,3.0,255.0,169.0
