H_mean,S_mean,V_mean,H_std,S_std,V_std,H_median,S_median,V_median,H_mode,S_mode,V_mode
3.150428112168571,253.57854028073973,185.1940350765509,0.35749624223582627,1.2276062822218625,6.4323752063234325,3.0,254.0,186.0,3.0,254.0,192.0
