H_mean,S_mean,V_mean,H_std,S_std,V_std,H_median,S_median,V_median,H_mode,S_mode,V_mode
3.6532450584078684,254.0625775853837,190.86440462170162,0.477280209992783,1.2148413310956334,8.830388237214018,4.0,254.0,193.0,4.0,255.0,193.0
