H_mean,S_mean,V_mean,H_std,S_std,V_std,H_median,S_median,V_median,H_mode,S_mode,V_mode
2.970684661170704,251.67469841168793,145.97504535760893,0.1703813721415089,1.5952826451238329,4.618410816872075,3.0,252.0,147.0,3.0,250.0,148.0
