H_mean,S_mean,V_mean,H_std,S_std,V_std,H_median,S_median,V_median,H_mode,S_mode,V_mode
3.0300474265525033,254.2975459146322,197.81815577553553,0.1707205506336574,1.0115600729540848,7.518117756443195,3.0,255.0,200.0,3.0,255.0,204.0
