H_mean,S_mean,V_mean,H_std,S_std,V_std,H_median,S_median,V_median,H_mode,S_mode,V_mode
2.9982811853455136,253.78992265334054,168.53187764586053,0.04850291982705775,1.178459391130388,6.694448870174292,3.0,254.0,169.0,3.0,255.0,169.0
