H_mean,S_mean,V_mean,H_std,S_std,V_std,H_median,S_median,V_median,H_mode,S_mode,V_mode
3.008785052678486,253.82063850781424,161.59531463857147,0.09331748339706256,1.0948506983504864,6.069232894444345,3.0,253.0,163.0,3.0,253.0,168.0
