H_mean,S_mean,V_mean,H_std,S_std,V_std,H_median,S_median,V_median,H_mode,S_mode,V_mode
3.7983257472069263,254.0158512907025,164.9508546328421,0.4012566178722425,1.1681586651480487,6.574832503240525,4.0,255.0,167.0,4.0,255.0,170.0
