H_mean,S_mean,V_mean,H_std,S_std,V_std,H_median,S_median,V_median,H_mode,S_mode,V_mode
3.0087213928764682,254.6119935067002,173.42075946143808,0.09298174751813168,0.7885779179187596,3.6349312764471318,3.0,255.0,175.0,3.0,255.0,176.0
