H_mean,S_mean,V_mean,H_std,S_std,V_std,H_median,S_median,V_median,H_mode,S_mode,V_mode
2.9654645574052263,251.6696374574275,145.7794506159086,0.18792903929152585,1.6847456600236967,4.930077720141649,3.0,252.0,147.0,3.0,250.0,148.0
