H_mean,S_mean,V_mean,H_std,S_std,V_std,H_median,S_median,V_median,H_mode,S_mode,V_mode
2.9982175255434957,254.21020466626348,171.67759493267977,0.052895587073568964,1.1037618901557973,10.049032070421783,3.0,255.0,175.0,3.0,255.0,178.0
