H_mean,S_mean,V_mean,H_std,S_std,V_std,H_median,S_median,V_median,H_mode,S_mode,V_mode
3.0046471655473153,254.08788235668587,197.91686029856447,0.0680126211507365,1.1837532943530593,4.717202584794798,3.0,255.0,199.0,3.0,255.0,201.0
