H_mean,S_mean,V_mean,H_std,S_std,V_std,H_median,S_median,V_median,H_mode,S_mode,V_mode
3.0,254.22194989973582,171.44657351115637,0.03826515454636694,1.1344174534342144,8.649368719592701,3.0,255.0,174.0,3.0,255.0,178.0
