H_mean,S_mean,V_mean,H_std,S_std,V_std,H_median,S_median,V_median,H_mode,S_mode,V_mode
3.003596778814018,254.39456345290768,171.2169844351784,0.06246811358594482,0.9866209576693812,8.28275807129959,3.0,255.0,175.0,3.0,255.0,178.0
