H_mean,S_mean,V_mean,H_std,S_std,V_std,H_median,S_median,V_median,H_mode,S_mode,V_mode
3.1806665181271288,253.94783079224624,174.23140338033548,0.38491318867848734,1.1039303851598647,8.514733739164834,3.0,254.0,176.0,3.0,255.0,182.0
