H_mean,S_mean,V_mean,H_std,S_std,V_std,H_median,S_median,V_median,H_mode,S_mode,V_mode
3.018747811694306,254.1925390712035,167.6540408059331,0.13563523444526437,1.0134744594491556,5.806199679751913,3.0,255.0,169.0,3.0,255.0,171.0
