H_mean,S_mean,V_mean,H_std,S_std,V_std,H_median,S_median,V_median,H_mode,S_mode,V_mode
3.001145876436324,254.2724639526371,174.94203775026259,0.04851983692267463,1.1980443671874186,8.72269184532481,3.0,255.0,176.0,3.0,255.0,175.0
