H_mean,S_mean,V_mean,H_std,S_std,V_std,H_median,S_median,V_median,H_mode,S_mode,V_mode
2.999586211286883,254.4307222204539,175.8214979151415,0.048858441821653754,1.0371791586342398,9.489139383715141,3.0,255.0,179.0,3.0,255.0,178.0
