H_mean,S_mean,V_mean,H_std,S_std,V_std,H_median,S_median,V_median,H_mode,S_mode,V_mode
3.1959767005124613,253.69946207467294,177.61263010472038,0.39783806890819173,1.2201923597795812,10.485325863008619,3.0,254.0,181.0,3.0,254.0,183.0
