H_mean,S_mean,V_mean,H_std,S_std,V_std,H_median,S_median,V_median,H_mode,S_mode,V_mode
3.0887099341121047,253.87013400388324,178.14600375592832,0.28432913133966164,1.1540959422185362,8.080003424130206,3.0,254.0,179.0,3.0,254.0,175.0
