H_mean,S_mean,V_mean,H_std,S_std,V_std,H_median,S_median,V_median,H_mode,S_mode,V_mode
3.024636343380972,254.19521278288823,167.77378489352898,0.15501664053695696,1.0257655969680268,5.791424144569645,3.0,255.0,169.0,3.0,255.0,171.0
