H_mean,S_mean,V_mean,H_std,S_std,V_std,H_median,S_median,V_median,H_mode,S_mode,V_mode
2.9743132698857306,251.67253397841932,145.96664226374256,0.16039949735631231,1.6557674199538748,4.592778682521448,3.0,252.0,147.0,3.0,250.0,148.0
