H_mean,S_mean,V_mean,H_std,S_std,V_std,H_median,S_median,V_median,H_mode,S_mode,V_mode
3.2327720660788746,253.81860139414965,188.22519654963872,0.4226049171398072,1.1437768163821311,6.4962716149096815,3.0,254.0,191.0,3.0,254.0,192.0
