H_mean,S_mean,V_mean,H_std,S_std,V_std,H_median,S_median,V_median,H_mode,S_mode,V_mode
3.24703186173091,253.74832097272179,187.98532641563486,0.4312922927637096,1.2206964224976744,6.365526973295033,3.0,254.0,191.0,3.0,254.0,192.0
