H_mean,S_mean,V_mean,H_std,S_std,V_std,H_median,S_median,V_median,H_mode,S_mode,V_mode
3.2652067352070535,253.63090046789955,188.21389693478054,0.44145025287758893,1.2348125213479229,6.275192701137597,3.0,254.0,191.0,3.0,254.0,192.0
