H_mean,S_mean,V_mean,H_std,S_std,V_std,H_median,S_median,V_median,H_mode,S_mode,V_mode
3.1073304262023744,254.28032593818634,196.7805646624439,0.3095378095689809,1.0341472085211374,6.84207707801495,3.0,255.0,198.0,3.0,255.0,198.0
