H_mean,S_mean,V_mean,H_std,S_std,V_std,H_median,S_median,V_median,H_mode,S_mode,V_mode
3.022726549320432,254.1017920234268,181.46729477671323,0.1490327488933807,1.1364796989365966,5.150221839335492,3.0,254.0,182.0,3.0,255.0,175.0
