H_mean,S_mean,V_mean,H_std,S_std,V_std,H_median,S_median,V_median,H_mode,S_mode,V_mode
3.0479994907215837,253.29563612057166,188.00942165069867,0.21376855274537557,1.2524248407267973,3.852965132257981,3.0,254.0,188.0,3.0,254.0,191.0
