H_mean,S_mean,V_mean,H_std,S_std,V_std,H_median,S_median,V_median,H_mode,S_mode,V_mode
3.0106311869370086,253.78925422541937,161.74424674539262,0.10255973675921837,1.0836489358285775,5.971171572461537,3.0,253.0,163.0,3.0,253.0,168.0
