H_mean,S_mean,V_mean,H_std,S_std,V_std,H_median,S_median,V_median,H_mode,S_mode,V_mode
2.999458891682847,253.97826017761085,168.52872648566063,0.027052138893214086,1.0660058466795386,6.645811035123938,3.0,254.0,169.0,3.0,255.0,169.0
