H_mean,S_mean,V_mean,H_std,S_std,V_std,H_median,S_median,V_median,H_mode,S_mode,V_mode
2.999649871088901,254.12636470700576,171.33653754336825,0.023259470049186284,1.0853025937155694,6.690250148611193,3.0,255.0,173.0,3.0,255.0,178.0
