H_mean,S_mean,V_mean,H_std,S_std,V_std,H_median,S_median,V_median,H_mode,S_mode,V_mode
2.999649871088901,254.28150364452367,173.9501225451189,0.046863743816830006,1.174440005038121,8.035315722848617,3.0,255.0,175.0,3.0,255.0,171.0
