H_mean,S_mean,V_mean,H_std,S_std,V_std,H_median,S_median,V_median,H_mode,S_mode,V_mode
3.0091670114905944,253.6639399051469,160.6541362956361,0.10050798855953101,1.1422544697655677,5.9088329004005145,3.0,253.0,162.0,3.0,253.0,163.0
