H_mean,S_mean,V_mean,H_std,S_std,V_std,H_median,S_median,V_median,H_mode,S_mode,V_mode
3.0224400802113505,254.21532928032593,167.59066747302415,0.14811219150036287,1.0011499852304913,6.014661400307412,3.0,255.0,169.0,3.0,255.0,171.0
