H_mean,S_mean,V_mean,H_std,S_std,V_std,H_median,S_median,V_median,H_mode,S_mode,V_mode
3.003119330298883,253.80513734602286,162.78973167393448,0.05576467572561013,1.074406683206013,4.497208508867592,3.0,253.0,163.0,3.0,253.0,163.0
