H_mean,S_mean,V_mean,H_std,S_std,V_std,H_median,S_median,V_median,H_mode,S_mode,V_mode
3.0002546392080722,254.3279752999968,174.62924531304708,0.02876697630252438,1.0618530551694172,6.289908109214089,3.0,255.0,176.0,3.0,255.0,179.0
