H_mean,S_mean,V_mean,H_std,S_std,V_std,H_median,S_median,V_median,H_mode,S_mode,V_mode
3.020816755259891,253.64054492790527,188.26059139956075,0.14277278025999496,1.2575424833749411,6.375543382255011,3.0,254.0,188.0,3.0,254.0,191.0
