H_mean,S_mean,V_mean,H_std,S_std,V_std,H_median,S_median,V_median,H_mode,S_mode,V_mode
3.000063659802018,254.73167393449407,181.08635452143744,0.007978582309428207,0.56486586234509,3.754365594788579,3.0,255.0,181.0,3.0,255.0,185.0
