H_mean,S_mean,V_mean,H_std,S_std,V_std,H_median,S_median,V_median,H_mode,S_mode,V_mode
2.999172422573766,254.13098004265206,171.50695483337046,0.028756196942282382,1.09940166385058,6.6538202167997165,3.0,255.0,174.0,3.0,255.0,178.0
