H_mean,S_mean,V_mean,H_std,S_std,V_std,H_median,S_median,V_median,H_mode,S_mode,V_mode
3.0710125091510965,254.16662953178215,197.31046885444187,0.2568498249406881,1.1757715366631865,7.170727333668294,3.0,255.0,199.0,3.0,255.0,202.0
