H_mean,S_mean,V_mean,H_std,S_std,V_std,H_median,S_median,V_median,H_mode,S_mode,V_mode
3.173345640895057,254.12104911353725,174.35697233981602,0.378551833901264,0.9968222079684087,8.295337791856852,3.0,254.0,176.0,3.0,255.0,176.0
