H_mean,S_mean,V_mean,H_std,S_std,V_std,H_median,S_median,V_median,H_mode,S_mode,V_mode
3.243084954005793,253.8193971416749,188.45252570264506,0.4289528130925358,1.157113650285632,6.038533429930382,3.0,254.0,191.0,3.0,254.0,191.0
