H_mean,S_mean,V_mean,H_std,S_std,V_std,H_median,S_median,V_median,H_mode,S_mode,V_mode
2.9984721647515675,253.63971735047903,157.50558614762707,0.039058283704950736,1.2551011356754807,5.222790664326225,3.0,253.0,158.0,3.0,253.0,153.0
