H_mean,S_mean,V_mean,H_std,S_std,V_std,H_median,S_median,V_median,H_mode,S_mode,V_mode
3.004838144953369,254.55606837062737,172.98526275583282,0.06938941247963851,0.8372359388039774,3.8411785869172035,3.0,255.0,174.0,3.0,255.0,175.0
