H_mean,S_mean,V_mean,H_std,S_std,V_std,H_median,S_median,V_median,H_mode,S_mode,V_mode
3.0056657223796033,254.607760129866,173.22379603399435,0.07505865235173169,0.7854885332162351,4.213201397989561,3.0,255.0,175.0,3.0,255.0,175.0
