H_mean,S_mean,V_mean,H_std,S_std,V_std,H_median,S_median,V_median,H_mode,S_mode,V_mode
2.996371391284973,253.5325142438807,167.23229461756375,0.06372746499913046,1.311384752390294,8.005486392768683,3.0,254.0,169.0,3.0,255.0,169.0
