H_mean,S_mean,V_mean,H_std,S_std,V_std,H_median,S_median,V_median,H_mode,S_mode,V_mode
2.99487538593755,253.58334659579208,167.28933380017187,0.07140388419672077,1.3096720439038723,8.013933697012709,3.0,254.0,169.0,3.0,255.0,169.0
