H_mean,S_mean,V_mean,H_std,S_std,V_std,H_median,S_median,V_median,H_mode,S_mode,V_mode
3.8083203361237548,254.04080593309354,165.36273355189866,0.3936286348436442,1.1611562743055932,6.397888188779112,4.0,255.0,167.0,4.0,255.0,170.0
