H_mean,S_mean,V_mean,H_std,S_std,V_std,H_median,S_median,V_median,H_mode,S_mode,V_mode
3.8983989559792467,254.46140624502658,204.6947194194226,0.3035991484550524,0.684216150249872,5.54209030017825,4.0,255.0,205.0,4.0,255.0,211.0
