H_mean,S_mean,V_mean,H_std,S_std,V_std,H_median,S_median,V_median,H_mode,S_mode,V_mode
2.999586211286883,254.11404653531528,170.2205493840914,0.03612334778213174,0.9993053874803898,6.14715048162349,3.0,254.0,171.0,3.0,255.0,174.0
