H_mean,S_mean,V_mean,H_std,S_std,V_std,H_median,S_median,V_median,H_mode,S_mode,V_mode
3.068784416080466,254.35837285546043,178.01881147149632,0.25309120698733717,0.8024995968156796,6.497217584383276,3.0,254.0,179.0,3.0,255.0,183.0
