H_mean,S_mean,V_mean,H_std,S_std,V_std,H_median,S_median,V_median,H_mode,S_mode,V_mode
3.000413788713117,254.47283317948882,183.17041729000223,0.02033791183580292,0.7186948264647126,3.4778006826369805,3.0,255.0,184.0,3.0,255.0,186.0
