H_mean,S_mean,V_mean,H_std,S_std,V_std,H_median,S_median,V_median,H_mode,S_mode,V_mode
2.999936340197982,254.18429512684216,171.00022280930708,0.025231215408254067,1.0202141311641597,6.88297769292656,3.0,255.0,173.0,3.0,255.0,174.0
