H_mean,S_mean,V_mean,H_std,S_std,V_std,H_median,S_median,V_median,H_mode,S_mode,V_mode
3.003469459209982,253.78807651908204,162.62730368908552,0.05880078329135682,1.0811104321437035,4.633063308498996,3.0,253.0,163.0,3.0,253.0,163.0
