H_mean,S_mean,V_mean,H_std,S_std,V_std,H_median,S_median,V_median,H_mode,S_mode,V_mode
3.0187796415953145,253.607760129866,188.5062864054493,0.135748124127225,1.269605958376368,6.105173326213024,3.0,254.0,189.0,3.0,254.0,193.0
