H_mean,S_mean,V_mean,H_std,S_std,V_std,H_median,S_median,V_median,H_mode,S_mode,V_mode
3.0011140465353154,254.35633574179585,183.18773275615112,0.03335926943514728,0.9497131663699736,4.645987889534797,3.0,255.0,184.0,3.0,255.0,186.0
