H_mean,S_mean,V_mean,H_std,S_std,V_std,H_median,S_median,V_median,H_mode,S_mode,V_mode
3.000381958812108,253.9130407104434,183.43527389629818,0.019540344752030977,1.2614440133766271,5.470045491448098,3.0,254.0,184.0,3.0,255.0,176.0
