H_mean,S_mean,V_mean,H_std,S_std,V_std,H_median,S_median,V_median,H_mode,S_mode,V_mode
3.1003278479803926,253.86602794665308,177.85921634783716,0.3004414152999415,1.1573591719837915,8.289063043653544,3.0,254.0,179.0,3.0,254.0,175.0
