H_mean,S_mean,V_mean,H_std,S_std,V_std,H_median,S_median,V_median,H_mode,S_mode,V_mode
3.9015819460801477,254.4915491612821,205.46248846166088,0.29788381124402746,0.6763683162737512,5.371309804642205,4.0,255.0,206.0,4.0,255.0,212.0
