H_mean,S_mean,V_mean,H_std,S_std,V_std,H_median,S_median,V_median,H_mode,S_mode,V_mode
3.024604513479963,254.3226278766273,168.45930547156,0.15491899596456649,0.9932584676601611,6.471264718956781,3.0,255.0,170.0,3.0,255.0,175.0
