H_mean,S_mean,V_mean,H_std,S_std,V_std,H_median,S_median,V_median,H_mode,S_mode,V_mode
2.992997421778018,253.60938345481745,167.08380812935673,0.08490236022219938,1.296018881065756,7.38554620560576,3.0,254.0,169.0,3.0,255.0,169.0
