H_mean,S_mean,V_mean,H_std,S_std,V_std,H_median,S_median,V_median,H_mode,S_mode,V_mode
3.072572174300538,254.22277747716205,196.56087468567972,0.25943707563098,1.090590184493626,8.244083747211086,3.0,255.0,199.0,3.0,255.0,203.0
