H_mean,S_mean,V_mean,H_std,S_std,V_std,H_median,S_median,V_median,H_mode,S_mode,V_mode
3.0116815736703058,253.75592831906292,161.6003119330299,0.1074499045994933,1.0862425680689165,6.097068651954545,3.0,253.0,163.0,3.0,253.0,168.0
