H_mean,S_mean,V_mean,H_std,S_std,V_std,H_median,S_median,V_median,H_mode,S_mode,V_mode
3.0011140465353154,254.52700767100615,182.95359200432887,0.03335926943514728,0.6376915868524745,3.4997104956039173,3.0,255.0,184.0,3.0,255.0,185.0
