H_mean,S_mean,V_mean,H_std,S_std,V_std,H_median,S_median,V_median,H_mode,S_mode,V_mode
3.00031829901009,254.3848235031989,174.88251583537576,0.03191375779187751,1.0078234180467813,6.2081431762528005,3.0,255.0,176.0,3.0,255.0,179.0
