H_mean,S_mean,V_mean,H_std,S_std,V_std,H_median,S_median,V_median,H_mode,S_mode,V_mode
3.000031829901009,254.06152719865042,170.0809116083649,0.03141269371646865,1.1481219361622454,6.547991143502823,3.0,255.0,171.0,3.0,255.0,176.0
