H_mean,S_mean,V_mean,H_std,S_std,V_std,H_median,S_median,V_median,H_mode,S_mode,V_mode
3.0252729414011523,254.11691122640607,181.38829296240888,0.15695542030724424,1.1147491565327157,5.066423491970094,3.0,254.0,182.0,3.0,255.0,175.0
