H_mean,S_mean,V_mean,H_std,S_std,V_std,H_median,S_median,V_median,H_mode,S_mode,V_mode
3.106566508578158,253.83276570009866,178.08212114460324,0.3085662302517154,1.2011971866929356,8.328395775798363,3.0,254.0,179.0,3.0,254.0,175.0
