H_mean,S_mean,V_mean,H_std,S_std,V_std,H_median,S_median,V_median,H_mode,S_mode,V_mode
3.01989368813063,253.61285291402743,188.67791323168984,0.13963720829386975,1.2845446925929715,6.061274117410466,3.0,254.0,189.0,3.0,254.0,192.0
