H_mean,S_mean,V_mean,H_std,S_std,V_std,H_median,S_median,V_median,H_mode,S_mode,V_mode
3.004042397428144,253.58821657064647,177.86265397714612,0.07366644302750042,1.4229842109563917,11.659398339675146,3.0,254.0,181.0,3.0,254.0,187.0
