H_mean,S_mean,V_mean,H_std,S_std,V_std,H_median,S_median,V_median,H_mode,S_mode,V_mode
2.996530540790018,253.78661234363562,166.97593659483718,0.05933964900506927,1.241336788158849,7.476356519132462,3.0,254.0,169.0,3.0,255.0,169.0
