H_mean,S_mean,V_mean,H_std,S_std,V_std,H_median,S_median,V_median,H_mode,S_mode,V_mode
3.000700257822198,253.56354839736449,157.39494541171976,0.0406782148199044,1.2917755109679951,5.480646079900179,3.0,253.0,158.0,3.0,253.0,160.0
