H_mean,S_mean,V_mean,H_std,S_std,V_std,H_median,S_median,V_median,H_mode,S_mode,V_mode
2.9987904637616576,254.155457236528,175.02040296654678,0.04220270334725149,1.2341527526331983,8.367783239079047,3.0,255.0,176.0,3.0,255.0,175.0
