H_mean,S_mean,V_mean,H_std,S_std,V_std,H_median,S_median,V_median,H_mode,S_mode,V_mode
3.9086800140051565,254.47155998344846,205.19756819556292,0.2908175256269204,0.6651890019877964,5.321820081317466,4.0,255.0,206.0,4.0,255.0,211.0
