H_mean,S_mean,V_mean,H_std,S_std,V_std,H_median,S_median,V_median,H_mode,S_mode,V_mode
3.0046471655473153,254.3131107362256,199.41302479549287,0.0680126211507365,1.0876258666064258,4.184534861189466,3.0,255.0,201.0,3.0,255.0,201.0
