H_mean,S_mean,V_mean,H_std,S_std,V_std,H_median,S_median,V_median,H_mode,S_mode,V_mode
3.0023235827736574,254.22529203934175,198.643059490085,0.04814828685071902,1.1620016085494678,5.020651485564655,3.0,255.0,201.0,3.0,255.0,203.0
