H_mean,S_mean,V_mean,H_std,S_std,V_std,H_median,S_median,V_median,H_mode,S_mode,V_mode
2.9998408504949547,253.55148486488207,166.268548874813,0.05381995783498581,1.3271154661998534,7.985091734180957,3.0,253.0,169.0,3.0,255.0,169.0
