H_mean,S_mean,V_mean,H_std,S_std,V_std,H_median,S_median,V_median,H_mode,S_mode,V_mode
2.9985994843556036,253.86618709615814,168.00681159881591,0.03739784375582206,1.0885111208231244,6.13366660342481,3.0,254.0,169.0,3.0,255.0,169.0
