H_mean,S_mean,V_mean,H_std,S_std,V_std,H_median,S_median,V_median,H_mode,S_mode,V_mode
3.0001591495050453,254.12343635611293,171.00388324792308,0.02034149834744069,1.0133642540449999,6.622947251643851,3.0,254.0,173.0,3.0,255.0,174.0
