H_mean,S_mean,V_mean,H_std,S_std,V_std,H_median,S_median,V_median,H_mode,S_mode,V_mode
3.0584715281535475,253.49562338861125,188.130693573543,0.23463665724646404,1.2133820120026633,4.246500424790828,3.0,254.0,189.0,3.0,254.0,191.0
