H_mean,S_mean,V_mean,H_std,S_std,V_std,H_median,S_median,V_median,H_mode,S_mode,V_mode
3.00031829901009,253.59031734411306,157.4081866505395,0.045133991517281,1.3338979085781897,5.267667999416022,3.0,253.0,158.0,3.0,253.0,153.0
