H_mean,S_mean,V_mean,H_std,S_std,V_std,H_median,S_median,V_median,H_mode,S_mode,V_mode
3.0,254.76162587134354,181.16379667059235,0.0,0.5160961516932504,3.6379604518827677,3.0,255.0,181.0,3.0,255.0,185.0
