H_mean,S_mean,V_mean,H_std,S_std,V_std,H_median,S_median,V_median,H_mode,S_mode,V_mode
3.0926886717382307,254.2629149823344,196.87360346309322,0.29000027374014986,1.0993771277151185,6.987144602169064,3.0,255.0,198.0,3.0,255.0,198.0
