H_mean,S_mean,V_mean,H_std,S_std,V_std,H_median,S_median,V_median,H_mode,S_mode,V_mode
2.999904510296973,254.19024731833085,175.18454976605022,0.044064460131057435,1.2008067986708628,8.418326400965306,3.0,255.0,176.0,3.0,255.0,178.0
