H_mean,S_mean,V_mean,H_std,S_std,V_std,H_median,S_median,V_median,H_mode,S_mode,V_mode
3.004392526339243,253.6452239233536,178.25129706846613,0.06895898944867554,1.3663587165901696,10.933665490152977,3.0,254.0,181.0,3.0,254.0,186.0
