H_mean,S_mean,V_mean,H_std,S_std,V_std,H_median,S_median,V_median,H_mode,S_mode,V_mode
3.0963491103542666,253.84712098545373,178.14855014800904,0.29507411048292015,1.1718398451905065,8.323172535678452,3.0,254.0,179.0,3.0,254.0,175.0
