H_mean,S_mean,V_mean,H_std,S_std,V_std,H_median,S_median,V_median,H_mode,S_mode,V_mode
2.999777190692937,253.94121017283635,167.27765222650157,0.01692420107677674,1.1563865792703039,6.930557549608915,3.0,254.0,169.0,3.0,255.0,169.0
