H_mean,S_mean,V_mean,H_std,S_std,V_std,H_median,S_median,V_median,H_mode,S_mode,V_mode
3.004137887131171,253.6127255944234,178.32390107266767,0.07430650316808154,1.3711651886778218,10.445302350125033,3.0,254.0,181.0,3.0,255.0,187.0
