H_mean,S_mean,V_mean,H_std,S_std,V_std,H_median,S_median,V_median,H_mode,S_mode,V_mode
3.0216443326861255,254.31428844256294,168.38456886399084,0.14552157776611144,0.994329413664917,6.4466568851178945,3.0,255.0,170.0,3.0,255.0,175.0
