H_mean,S_mean,V_mean,H_std,S_std,V_std,H_median,S_median,V_median,H_mode,S_mode,V_mode
3.166438552376102,253.71703218002992,184.03759111309165,0.3724797669363697,1.205760514635894,6.863442562036621,3.0,254.0,185.0,3.0,254.0,192.0
