H_mean,S_mean,V_mean,H_std,S_std,V_std,H_median,S_median,V_median,H_mode,S_mode,V_mode
3.1672024700003183,254.1030970493682,174.31753509246587,0.37316247982259604,0.9834877603320537,8.148630979792994,3.0,254.0,176.0,3.0,255.0,176.0
