H_mean,S_mean,V_mean,H_std,S_std,V_std,H_median,S_median,V_median,H_mode,S_mode,V_mode
3.8109622179075022,254.02135786357704,165.65063500652514,0.3915448617881966,1.1801487660700463,6.421791967796476,4.0,255.0,168.0,4.0,255.0,170.0
