H_mean,S_mean,V_mean,H_std,S_std,V_std,H_median,S_median,V_median,H_mode,S_mode,V_mode
3.0216125027851164,254.03705000477447,181.44857879491994,0.14541690268318985,1.1593618917332886,5.223503409953571,3.0,254.0,182.0,3.0,255.0,175.0
