H_mean,S_mean,V_mean,H_std,S_std,V_std,H_median,S_median,V_median,H_mode,S_mode,V_mode
3.158703886430913,253.57869943024477,185.11051341630326,0.3654055457017914,1.2201055495988653,6.476575039065783,3.0,254.0,186.0,3.0,254.0,192.0
