H_mean,S_mean,V_mean,H_std,S_std,V_std,H_median,S_median,V_median,H_mode,S_mode,V_mode
2.995639303561766,253.84253747970843,166.13861921889423,0.06589248033330881,1.2445454317979694,8.008139228587034,3.0,254.0,169.0,3.0,255.0,169.0
