H_mean,S_mean,V_mean,H_std,S_std,V_std,H_median,S_median,V_median,H_mode,S_mode,V_mode
2.966292134831461,251.6950695483337,145.89976764172263,0.1810073679844516,1.6785617626615412,4.676147315342851,3.0,252.0,147.0,3.0,253.0,148.0
