H_mean,S_mean,V_mean,H_std,S_std,V_std,H_median,S_median,V_median,H_mode,S_mode,V_mode
3.05003660438616,254.2681987459019,197.32765700098673,0.21860718866988602,1.0513635598997177,7.031580284847879,3.0,255.0,199.0,3.0,255.0,204.0
