H_mean,S_mean,V_mean,H_std,S_std,V_std,H_median,S_median,V_median,H_mode,S_mode,V_mode
2.999777190692937,254.31565712830633,174.23770570073526,0.025853424382341218,1.0910402672974975,6.467182275320245,3.0,255.0,175.0,3.0,255.0,179.0
