H_mean,S_mean,V_mean,H_std,S_std,V_std,H_median,S_median,V_median,H_mode,S_mode,V_mode
2.9368813062991372,252.69513320813573,153.39816023172168,0.24396429552067048,1.3413463920548667,5.0994015863384154,3.0,253.0,154.0,3.0,253.0,156.0
