H_mean,S_mean,V_mean,H_std,S_std,V_std,H_median,S_median,V_median,H_mode,S_mode,V_mode
3.9298150682751376,254.56845020211986,203.3550625457555,0.2575720004576274,0.6444867120328582,5.878778948976566,4.0,255.0,204.0,4.0,255.0,210.0
