H_mean,S_mean,V_mean,H_std,S_std,V_std,H_median,S_median,V_median,H_mode,S_mode,V_mode
3.0255912404112424,254.31517967979119,168.57335200687527,0.15791492194089582,0.9973400262293378,6.418315983023681,3.0,255.0,170.0,3.0,255.0,175.0
