H_mean,S_mean,V_mean,H_std,S_std,V_std,H_median,S_median,V_median,H_mode,S_mode,V_mode
3.6500938982079765,254.07059872043797,191.02030747684375,0.47734791643724206,1.2036070168330866,8.198993001803736,4.0,254.0,193.0,4.0,255.0,193.0
