H_mean,S_mean,V_mean,H_std,S_std,V_std,H_median,S_median,V_median,H_mode,S_mode,V_mode
3.017570105356972,254.0682114778623,181.6017442785753,0.13138472590356925,1.1431590184544782,5.124503567146769,3.0,254.0,182.0,3.0,255.0,175.0
