H_mean,S_mean,V_mean,H_std,S_std,V_std,H_median,S_median,V_median,H_mode,S_mode,V_mode
2.9974536079192795,253.6356431231499,157.49982493554444,0.050398301714288336,1.271644874160384,5.210626815748563,3.0,253.0,158.0,3.0,253.0,153.0
