H_mean,S_mean,V_mean,H_std,S_std,V_std,H_median,S_median,V_median,H_mode,S_mode,V_mode
3.000222809307063,254.15294267434828,170.74660215806728,0.016924201076776738,1.0171390703932222,6.690856530248151,3.0,254.0,172.0,3.0,255.0,174.0
