H_mean,S_mean,V_mean,H_std,S_std,V_std,H_median,S_median,V_median,H_mode,S_mode,V_mode
3.000127319604036,254.6868892637744,180.9685520578031,0.011283060131802074,0.6244154304105611,4.209155389835674,3.0,255.0,181.0,3.0,255.0,185.0
