H_mean,S_mean,V_mean,H_std,S_std,V_std,H_median,S_median,V_median,H_mode,S_mode,V_mode
3.0312569627908457,254.13295349651463,181.21564757933604,0.1740141629491892,1.1148357895654533,5.251353359856034,3.0,254.0,182.0,3.0,255.0,175.0
