H_mean,S_mean,V_mean,H_std,S_std,V_std,H_median,S_median,V_median,H_mode,S_mode,V_mode
2.9997453607919278,253.6405767578063,157.60893783620332,0.022566120263604147,1.2619859868181098,5.144732999619057,3.0,253.0,158.0,3.0,253.0,153.0
