H_mean,S_mean,V_mean,H_std,S_std,V_std,H_median,S_median,V_median,H_mode,S_mode,V_mode
3.039564566954197,254.13721870324983,178.50946939555018,0.19493696813477876,0.9421355376742112,6.549622131497886,3.0,254.0,180.0,3.0,254.0,183.0
