H_mean,S_mean,V_mean,H_std,S_std,V_std,H_median,S_median,V_median,H_mode,S_mode,V_mode
3.0308431740777286,254.33341821306936,168.55985612884743,0.17289541398248232,0.9870637067624441,6.640059483633884,3.0,255.0,170.0,3.0,255.0,175.0
