H_mean,S_mean,V_mean,H_std,S_std,V_std,H_median,S_median,V_median,H_mode,S_mode,V_mode
3.0010822166343063,253.60098036095107,161.1087627717478,0.05169744250270165,1.1610768148160224,4.869945185187106,3.0,253.0,162.0,3.0,253.0,163.0
