H_mean,S_mean,V_mean,H_std,S_std,V_std,H_median,S_median,V_median,H_mode,S_mode,V_mode
2.996371391284973,253.51421205080052,161.28073972689944,0.07171778633969735,1.4084386839100502,9.794150518430158,3.0,253.0,165.0,3.0,253.0,168.0
