H_mean,S_mean,V_mean,H_std,S_std,V_std,H_median,S_median,V_median,H_mode,S_mode,V_mode
2.9908648184104147,253.4176719610402,158.70608269408282,0.09514209463614358,1.4274237172355524,8.251061864199434,3.0,253.0,160.0,3.0,253.0,163.0
