H_mean,S_mean,V_mean,H_std,S_std,V_std,H_median,S_median,V_median,H_mode,S_mode,V_mode
2.998631314256613,253.90158194608014,156.54040805933093,0.04026789370060965,1.1079913693254169,2.857197497393204,3.0,253.0,157.0,3.0,255.0,153.0
