H_mean,S_mean,V_mean,H_std,S_std,V_std,H_median,S_median,V_median,H_mode,S_mode,V_mode
3.025113791896107,254.53811630645828,174.45001114046536,0.15768905999475238,0.8947083941782051,4.287589881935329,3.0,255.0,175.0,3.0,255.0,175.0
