H_mean,S_mean,V_mean,H_std,S_std,V_std,H_median,S_median,V_median,H_mode,S_mode,V_mode
2.996053092274883,253.26017761084762,159.19422605595696,0.06898593009536923,1.2734846121274082,6.319648425345286,3.0,253.0,161.0,3.0,253.0,163.0
