H_mean,S_mean,V_mean,H_std,S_std,V_std,H_median,S_median,V_median,H_mode,S_mode,V_mode
2.902250374001337,252.06022217270905,147.0324664990292,0.2989035912168219,1.4983232676056977,5.224142320010376,3.0,252.0,148.0,3.0,252.0,153.0
