H_mean,S_mean,V_mean,H_std,S_std,V_std,H_median,S_median,V_median,H_mode,S_mode,V_mode
3.003946907725117,254.22070853359645,167.66938281821945,0.0812726988218478,1.2980466489119458,8.781478499302766,3.0,255.0,170.0,3.0,255.0,176.0
