H_mean,S_mean,V_mean,H_std,S_std,V_std,H_median,S_median,V_median,H_mode,S_mode,V_mode
3.013304898621765,254.4575866569055,174.19941432982142,0.114578777122106,0.9234746302979179,5.655767210397898,3.0,255.0,175.0,3.0,255.0,178.0
