H_mean,S_mean,V_mean,H_std,S_std,V_std,H_median,S_median,V_median,H_mode,S_mode,V_mode
2.9993315720788107,253.72613553171848,160.63344685998027,0.046176015854668136,1.1492525625817742,4.473490850082943,3.0,253.0,161.0,3.0,253.0,163.0
