H_mean,S_mean,V_mean,H_std,S_std,V_std,H_median,S_median,V_median,H_mode,S_mode,V_mode
3.003755928319063,254.23875608746857,168.08511315529807,0.06806765769634146,1.0134706815592944,3.9031045124622086,3.0,255.0,169.0,3.0,255.0,171.0
