H_mean,S_mean,V_mean,H_std,S_std,V_std,H_median,S_median,V_median,H_mode,S_mode,V_mode
3.0021962631696217,253.53665213101186,160.94378839481809,0.06253302103021467,1.2403183128380042,4.928081998030416,3.0,253.0,162.0,3.0,253.0,167.0
