H_mean,S_mean,V_mean,H_std,S_std,V_std,H_median,S_median,V_median,H_mode,S_mode,V_mode
3.000413788713117,253.55243976191235,160.73724416717064,0.042593319686665986,1.2323344983801807,5.0161502303494645,3.0,253.0,162.0,3.0,253.0,164.0
