H_mean,S_mean,V_mean,H_std,S_std,V_std,H_median,S_median,V_median,H_mode,S_mode,V_mode
3.0188751312983415,254.5278989082344,174.3470095808002,0.1363198885615962,0.8940533780472507,4.381336226373973,3.0,255.0,175.0,3.0,255.0,175.0
