H_mean,S_mean,V_mean,H_std,S_std,V_std,H_median,S_median,V_median,H_mode,S_mode,V_mode
2.996657860394054,253.48772957316103,157.9692204857243,0.061454930926534444,1.2840662241261578,5.606934493973757,3.0,253.0,159.0,3.0,253.0,163.0
