H_mean,S_mean,V_mean,H_std,S_std,V_std,H_median,S_median,V_median,H_mode,S_mode,V_mode
2.983989559792469,253.67056052455678,156.01597861030652,0.1255173592754745,1.288579606486319,3.332728389550173,3.0,253.0,156.0,3.0,253.0,153.0
