H_mean,S_mean,V_mean,H_std,S_std,V_std,H_median,S_median,V_median,H_mode,S_mode,V_mode
3.003023840595856,254.31193302988828,168.8512588725849,0.05490713017876264,0.9540475792085263,3.4599822772724775,3.0,255.0,170.0,3.0,255.0,171.0
