H_mean,S_mean,V_mean,H_std,S_std,V_std,H_median,S_median,V_median,H_mode,S_mode,V_mode
2.9083617149950665,252.01508737307827,146.8742082312124,0.28907035215672783,1.4500077775355027,5.273838378421931,3.0,252.0,148.0,3.0,252.0,153.0
