H_mean,S_mean,V_mean,H_std,S_std,V_std,H_median,S_median,V_median,H_mode,S_mode,V_mode
3.0014323455454055,254.12671483591686,166.53938950249864,0.07504678628346595,1.555694545259597,9.725640967554606,3.0,255.0,169.0,3.0,255.0,175.0
