H_mean,S_mean,V_mean,H_std,S_std,V_std,H_median,S_median,V_median,H_mode,S_mode,V_mode
2.995862112868829,253.44749657828564,159.63198268453385,0.06419420681789342,1.2523932476003312,5.584093851677266,3.0,253.0,161.0,3.0,253.0,164.0
