H_mean,S_mean,V_mean,H_std,S_std,V_std,H_median,S_median,V_median,H_mode,S_mode,V_mode
2.9983130152465227,253.544227647452,161.5292994238788,0.07112151114175219,1.3773236689485453,9.798331398161348,3.0,253.0,165.0,3.0,253.0,168.0
