H_mean,S_mean,V_mean,H_std,S_std,V_std,H_median,S_median,V_median,H_mode,S_mode,V_mode
3.0004774485151353,254.23232644746474,169.72301620141963,0.025849975503281924,0.9753658115728251,3.521730744823623,3.0,255.0,170.0,3.0,255.0,169.0
