H_mean,S_mean,V_mean,H_std,S_std,V_std,H_median,S_median,V_median,H_mode,S_mode,V_mode
3.0007957475252254,254.1911385555591,169.5791132189579,0.03037208055191674,1.0028482002735082,3.8917325598947707,3.0,255.0,170.0,3.0,255.0,169.0
