H_mean,S_mean,V_mean,H_std,S_std,V_std,H_median,S_median,V_median,H_mode,S_mode,V_mode
2.999872680395964,253.76776904223829,160.62065123977465,0.011283060131802075,1.1422233340167869,4.592473309521155,3.0,253.0,161.0,3.0,253.0,163.0
