H_mean,S_mean,V_mean,H_std,S_std,V_std,H_median,S_median,V_median,H_mode,S_mode,V_mode
2.9994270617818377,253.339179425152,161.40150237132764,0.05411206738116835,1.1690248282521265,4.947198437493298,3.0,253.0,162.0,3.0,253.0,164.0
