H_mean,S_mean,V_mean,H_std,S_std,V_std,H_median,S_median,V_median,H_mode,S_mode,V_mode
2.9941751281153515,253.03625425724925,149.5763440175701,0.09061057643095902,1.6867051023815134,7.964827384404791,3.0,253.0,153.0,3.0,253.0,153.0
