H_mean,S_mean,V_mean,H_std,S_std,V_std,H_median,S_median,V_median,H_mode,S_mode,V_mode
3.15720788108349,253.77970525511665,157.78992265334054,0.3640024458708616,1.2498578996217755,5.871299986519604,3.0,253.0,158.0,3.0,255.0,159.0
