H_mean,S_mean,V_mean,H_std,S_std,V_std,H_median,S_median,V_median,H_mode,S_mode,V_mode
3.149600534742337,253.69812521883057,158.51815895852565,0.3566851052159059,1.2243162185213687,5.576155999832827,3.0,253.0,159.0,3.0,253.0,159.0
