H_mean,S_mean,V_mean,H_std,S_std,V_std,H_median,S_median,V_median,H_mode,S_mode,V_mode
2.998631314256613,253.3622242734825,158.37116847566605,0.03782218631941398,1.286250373436507,8.015480320268937,3.0,253.0,160.0,3.0,253.0,163.0
