H_mean,S_mean,V_mean,H_std,S_std,V_std,H_median,S_median,V_median,H_mode,S_mode,V_mode
3.9548333704682177,253.8191425024668,178.4837826654359,0.2088953625496,1.1215072212236081,7.593811031444268,4.0,254.0,179.0,4.0,254.0,179.0
