H_mean,S_mean,V_mean,H_std,S_std,V_std,H_median,S_median,V_median,H_mode,S_mode,V_mode
2.971735047904001,251.58210522965274,143.87038864309133,0.2000207465158473,1.6982410832777775,7.682712493334729,3.0,252.0,148.0,3.0,253.0,149.0
