H_mean,S_mean,V_mean,H_std,S_std,V_std,H_median,S_median,V_median,H_mode,S_mode,V_mode
2.9776872393926856,251.83311582900978,138.22742464270937,0.18258802437236324,1.582990121602865,6.251121750436297,3.0,252.0,140.0,3.0,253.0,141.0
