H_mean,S_mean,V_mean,H_std,S_std,V_std,H_median,S_median,V_median,H_mode,S_mode,V_mode
3.4689181016647037,254.57624852786708,170.24120698984626,0.4990409227438872,0.810148512014575,4.446510798748709,3.0,255.0,171.0,3.0,255.0,172.0
