H_mean,S_mean,V_mean,H_std,S_std,V_std,H_median,S_median,V_median,H_mode,S_mode,V_mode
3.00031829901009,254.07012127192286,156.75357290638826,0.01783838065391037,1.0932537711736676,3.232059853073905,3.0,255.0,158.0,3.0,255.0,158.0
