H_mean,S_mean,V_mean,H_std,S_std,V_std,H_median,S_median,V_median,H_mode,S_mode,V_mode
3.396568736671229,254.08180284559316,173.63175987522678,0.4891927952932314,1.027904635093773,7.301927456220088,3.0,254.0,175.0,3.0,255.0,172.0
