H_mean,S_mean,V_mean,H_std,S_std,V_std,H_median,S_median,V_median,H_mode,S_mode,V_mode
3.0071935576280358,254.11258235986887,166.80707896998442,0.08451057736780931,1.088150582119353,5.917800471056512,3.0,255.0,169.0,3.0,255.0,171.0
