H_mean,S_mean,V_mean,H_std,S_std,V_std,H_median,S_median,V_median,H_mode,S_mode,V_mode
3.6308686379985358,254.13998790463762,170.42346500302384,0.48257726030305875,1.0217947891552197,7.729969353315786,4.0,254.0,172.0,4.0,255.0,172.0
