H_mean,S_mean,V_mean,H_std,S_std,V_std,H_median,S_median,V_median,H_mode,S_mode,V_mode
3.388038323200815,254.00547474297355,162.87401725180635,0.48731113433111267,1.0387675471769457,6.011663606810452,3.0,255.0,165.0,3.0,255.0,166.0
