H_mean,S_mean,V_mean,H_std,S_std,V_std,H_median,S_median,V_median,H_mode,S_mode,V_mode
3.9622497374033165,253.88560333577362,178.81917433236782,0.1905946917788129,1.1053331947897087,7.506914157376972,4.0,254.0,179.0,4.0,254.0,179.0
