H_mean,S_mean,V_mean,H_std,S_std,V_std,H_median,S_median,V_median,H_mode,S_mode,V_mode
3.525384346054684,253.5742114142025,158.26278766273037,0.49936316663646124,1.3107072388591587,7.343552093826227,4.0,253.0,161.0,4.0,253.0,162.0
