H_mean,S_mean,V_mean,H_std,S_std,V_std,H_median,S_median,V_median,H_mode,S_mode,V_mode
3.6623802399974537,254.2131330171563,164.52057803100232,0.472905673565357,1.184808310242376,9.064489942572001,4.0,255.0,168.0,4.0,255.0,172.0
