H_mean,S_mean,V_mean,H_std,S_std,V_std,H_median,S_median,V_median,H_mode,S_mode,V_mode
3.416526084603877,253.49170831078715,158.82913709138364,0.4929907112538057,1.2180744793305274,7.008400158040885,3.0,253.0,162.0,3.0,253.0,165.0
