H_mean,S_mean,V_mean,H_std,S_std,V_std,H_median,S_median,V_median,H_mode,S_mode,V_mode
3.64261387147086,254.12598274819365,170.1017601935258,0.4792375131317505,1.072038536963199,7.727789569002336,4.0,255.0,172.0,4.0,255.0,172.0
