H_mean,S_mean,V_mean,H_std,S_std,V_std,H_median,S_median,V_median,H_mode,S_mode,V_mode
3.000700257822198,253.85361428525957,154.59977082471275,0.05231604192965454,1.394651421605685,3.5920518813832687,3.0,255.0,153.0,3.0,255.0,153.0
