H_mean,S_mean,V_mean,H_std,S_std,V_std,H_median,S_median,V_median,H_mode,S_mode,V_mode
3.361460355858293,253.79733902027564,161.5783811312347,0.4804311748746981,1.0625739768446003,5.462133335520498,3.0,253.0,162.0,3.0,253.0,166.0
