H_mean,S_mean,V_mean,H_std,S_std,V_std,H_median,S_median,V_median,H_mode,S_mode,V_mode
3.5600789381545024,253.71750962854506,157.96466880988,0.49638529795488834,1.241906545447751,6.701245903818982,4.0,253.0,161.0,4.0,255.0,162.0
