H_mean,S_mean,V_mean,H_std,S_std,V_std,H_median,S_median,V_median,H_mode,S_mode,V_mode
3.956965973835821,253.70697393131107,178.1177388038323,0.20512112328397283,1.2198020532071827,8.576594866619935,4.0,254.0,179.0,4.0,254.0,183.0
