H_mean,S_mean,V_mean,H_std,S_std,V_std,H_median,S_median,V_median,H_mode,S_mode,V_mode
2.9971989687112073,253.62949995225514,161.38151319349396,0.06524949405641081,1.2996858085906797,7.872441607417423,3.0,253.0,164.0,3.0,253.0,169.0
