H_mean,S_mean,V_mean,H_std,S_std,V_std,H_median,S_median,V_median,H_mode,S_mode,V_mode
3.017156316643855,254.23347232390108,166.48101346404812,0.1298557437128908,1.0102681462258603,5.471884886253245,3.0,255.0,169.0,3.0,255.0,171.0
