H_mean,S_mean,V_mean,H_std,S_std,V_std,H_median,S_median,V_median,H_mode,S_mode,V_mode
2.9985994843556036,253.50972403475825,158.3187764586052,0.06178792920593704,1.3166926868608972,5.483911852708053,3.0,253.0,159.0,3.0,253.0,163.0
