H_mean,S_mean,V_mean,H_std,S_std,V_std,H_median,S_median,V_median,H_mode,S_mode,V_mode
3.1760830123818313,253.63236464334597,157.9314065633256,0.3808968404842704,1.2883265087834708,7.745710225776916,3.0,253.0,159.0,3.0,253.0,159.0
