H_mean,S_mean,V_mean,H_std,S_std,V_std,H_median,S_median,V_median,H_mode,S_mode,V_mode
3.020275646942738,253.1253779800745,149.4113059808384,0.14296200140502618,1.7652995957804005,8.072573763327425,3.0,253.0,153.0,3.0,255.0,153.0
