H_mean,S_mean,V_mean,H_std,S_std,V_std,H_median,S_median,V_median,H_mode,S_mode,V_mode
3.615622115415221,254.2060349492313,164.79246904542126,0.48645560807202154,1.1428876810588042,9.518502377745996,4.0,255.0,169.0,4.0,255.0,172.0
