H_mean,S_mean,V_mean,H_std,S_std,V_std,H_median,S_median,V_median,H_mode,S_mode,V_mode
3.37088200655696,254.13129834166216,166.94232421937167,0.48304862160045164,1.0234610130685555,3.3505958572843357,3.0,255.0,168.0,3.0,255.0,169.0
