H_mean,S_mean,V_mean,H_std,S_std,V_std,H_median,S_median,V_median,H_mode,S_mode,V_mode
3.858802559124041,254.80809752681668,170.31559346850432,0.3482306468502229,0.5308780937820468,2.600842958733769,4.0,255.0,171.0,4.0,255.0,172.0
