H_mean,S_mean,V_mean,H_std,S_std,V_std,H_median,S_median,V_median,H_mode,S_mode,V_mode
2.989209663557946,251.7936149218576,137.89801699716713,0.1818879007166551,1.6400128638440987,6.678808445595505,3.0,252.0,139.0,3.0,253.0,141.0
