H_mean,S_mean,V_mean,H_std,S_std,V_std,H_median,S_median,V_median,H_mode,S_mode,V_mode
3.304516662953178,254.04389343349143,173.19183881338128,0.460209741625993,1.0583689626330288,7.610941596961092,3.0,254.0,173.0,3.0,255.0,172.0
