H_mean,S_mean,V_mean,H_std,S_std,V_std,H_median,S_median,V_median,H_mode,S_mode,V_mode
3.894070089442022,254.80520100582487,170.61791386828787,0.30775278922166666,0.5559431359628872,2.564767341298243,4.0,255.0,172.0,4.0,255.0,172.0
