H_mean,S_mean,V_mean,H_std,S_std,V_std,H_median,S_median,V_median,H_mode,S_mode,V_mode
2.9992042524747746,253.75659674698412,153.61371232135468,0.029305314342016674,1.4043623979308324,2.7763026266764426,3.0,253.0,153.0,3.0,255.0,153.0
