H_mean,S_mean,V_mean,H_std,S_std,V_std,H_median,S_median,V_median,H_mode,S_mode,V_mode
3.432950313524525,253.90543336410224,161.92551803163892,0.4954918305795811,1.0311861484850677,5.391095186931335,3.0,253.0,163.0,3.0,253.0,166.0
