H_mean,S_mean,V_mean,H_std,S_std,V_std,H_median,S_median,V_median,H_mode,S_mode,V_mode
2.9973581182162525,253.44822866600884,158.2763153706592,0.06251577947278425,1.3316537190140203,7.700172931420095,3.0,253.0,160.0,3.0,253.0,165.0
