H_mean,S_mean,V_mean,H_std,S_std,V_std,H_median,S_median,V_median,H_mode,S_mode,V_mode
2.999936340197982,253.64220008275774,161.4897348569246,0.030901834457136537,1.2704774332507978,7.128800969921928,3.0,253.0,164.0,3.0,253.0,168.0
