H_mean,S_mean,V_mean,H_std,S_std,V_std,H_median,S_median,V_median,H_mode,S_mode,V_mode
2.9973899481172612,253.45172995511984,158.37903046121528,0.05692047662378334,1.3239465602612728,5.671859762448232,3.0,253.0,160.0,3.0,253.0,163.0
