H_mean,S_mean,V_mean,H_std,S_std,V_std,H_median,S_median,V_median,H_mode,S_mode,V_mode
3.087627717477799,253.8087977846389,159.39771461310755,0.28275721999692643,1.117698674784103,4.918923626998452,3.0,253.0,160.0,3.0,253.0,159.0
