H_mean,S_mean,V_mean,H_std,S_std,V_std,H_median,S_median,V_median,H_mode,S_mode,V_mode
3.1713403571314895,253.62342044116244,157.5133844733743,0.3768120998496619,1.3123631925667507,5.877079468871177,3.0,253.0,158.0,3.0,253.0,159.0
