H_mean,S_mean,V_mean,H_std,S_std,V_std,H_median,S_median,V_median,H_mode,S_mode,V_mode
3.3985740204347965,254.06054047171912,164.12184486106247,0.4896125008063732,1.0625768898134702,6.500292783634999,3.0,255.0,166.0,3.0,255.0,169.0
