H_mean,S_mean,V_mean,H_std,S_std,V_std,H_median,S_median,V_median,H_mode,S_mode,V_mode
3.2643791577808194,253.97727345067958,173.48795238246808,0.44100908072038225,1.1249278227671944,7.517346229445446,3.0,254.0,175.0,3.0,255.0,172.0
