H_mean,S_mean,V_mean,H_std,S_std,V_std,H_median,S_median,V_median,H_mode,S_mode,V_mode
3.950472674029984,253.75713785530127,178.34290352357004,0.2197394891945749,1.1335419260279027,9.329008272629794,4.0,254.0,179.0,4.0,254.0,179.0
