H_mean,S_mean,V_mean,H_std,S_std,V_std,H_median,S_median,V_median,H_mode,S_mode,V_mode
3.2352547983575772,253.87589521596587,165.76971066619984,0.4241647143579838,1.0325908227375327,2.962549843407519,3.0,253.0,166.0,3.0,253.0,166.0
