H_mean,S_mean,V_mean,H_std,S_std,V_std,H_median,S_median,V_median,H_mode,S_mode,V_mode
2.9967215201960724,253.4649711939396,158.473469777509,0.07283552633671794,1.29022619185308,8.191386178197044,3.0,253.0,160.0,3.0,253.0,165.0
