H_mean,S_mean,V_mean,H_std,S_std,V_std,H_median,S_median,V_median,H_mode,S_mode,V_mode
3.1918069834802814,253.5409809975491,158.60409969124996,0.3937283313445399,1.2869134138059957,8.029270269019422,3.0,253.0,160.0,3.0,253.0,166.0
