H_mean,S_mean,V_mean,H_std,S_std,V_std,H_median,S_median,V_median,H_mode,S_mode,V_mode
3.039755546360251,253.28611898016996,149.60836489798515,0.1957130085024971,1.846778112474996,7.253291714523611,3.0,253.0,153.0,3.0,255.0,153.0
