H_mean,S_mean,V_mean,H_std,S_std,V_std,H_median,S_median,V_median,H_mode,S_mode,V_mode
3.589553426488844,254.35843651526244,165.4979151414839,0.4919226425512167,0.960425325975197,7.980799057627174,4.0,255.0,168.0,4.0,255.0,172.0
