H_mean,S_mean,V_mean,H_std,S_std,V_std,H_median,S_median,V_median,H_mode,S_mode,V_mode
3.5278352484323774,254.5565776490435,169.5823280389598,0.4992325430204123,0.8032053819306108,3.371166009904673,4.0,255.0,171.0,4.0,255.0,172.0
