H_mean,S_mean,V_mean,H_std,S_std,V_std,H_median,S_median,V_median,H_mode,S_mode,V_mode
2.9982493554445044,251.7268357895407,143.17375942960817,0.18770657193506624,1.7436970851131164,8.50536920415641,3.0,252.0,147.0,3.0,253.0,148.0
