H_mean,S_mean,V_mean,H_std,S_std,V_std,H_median,S_median,V_median,H_mode,S_mode,V_mode
3.582869147276952,254.2462361142057,165.46073781710538,0.49309273323163144,1.1479701284126729,8.349320963900684,4.0,255.0,170.0,4.0,255.0,172.0
