H_mean,S_mean,V_mean,H_std,S_std,V_std,H_median,S_median,V_median,H_mode,S_mode,V_mode
3.000381958812108,254.067097431327,157.4052901295477,0.022564324270042877,1.0884395919449559,3.3189966107322424,3.0,255.0,158.0,3.0,255.0,153.0
