H_mean,S_mean,V_mean,H_std,S_std,V_std,H_median,S_median,V_median,H_mode,S_mode,V_mode
3.5972880924340327,254.78397046185185,172.98363943088137,0.49045150985632824,0.4881068182251243,2.6517094934102126,4.0,255.0,172.0,4.0,255.0,172.0
