H_mean,S_mean,V_mean,H_std,S_std,V_std,H_median,S_median,V_median,H_mode,S_mode,V_mode
3.004328866537225,254.2799121494732,156.39348123627335,0.06565260579005985,1.0027726484043988,2.5891525651779204,3.0,255.0,157.0,3.0,255.0,158.0
