H_mean,S_mean,V_mean,H_std,S_std,V_std,H_median,S_median,V_median,H_mode,S_mode,V_mode
3.178661234363561,253.7205652990419,157.7533819269822,0.38307449485979517,1.2161097523359232,5.830256390929833,3.0,253.0,158.0,3.0,253.0,159.0
