H_mean,S_mean,V_mean,H_std,S_std,V_std,H_median,S_median,V_median,H_mode,S_mode,V_mode
3.0232039978355667,251.6916000891237,142.77477162046026,0.2549537402165907,1.7610912419867653,8.632515112225132,3.0,252.0,146.0,3.0,253.0,148.0
