H_mean,S_mean,V_mean,H_std,S_std,V_std,H_median,S_median,V_median,H_mode,S_mode,V_mode
3.4860744183085592,253.32374192316263,157.674921220995,0.4998139951325814,1.3553718127554897,7.569882750382163,3.0,253.0,161.0,3.0,253.0,162.0
