H_mean,S_mean,V_mean,H_std,S_std,V_std,H_median,S_median,V_median,H_mode,S_mode,V_mode
3.76194417035363,254.8926377438966,171.7268994493427,0.4259002527307618,0.4084379894581277,2.0360795611862854,4.0,255.0,172.0,4.0,255.0,172.0
