H_mean,S_mean,V_mean,H_std,S_std,V_std,H_median,S_median,V_median,H_mode,S_mode,V_mode
3.6388261132507878,254.49390457395677,168.49734220326576,0.48034847198767355,0.8580696412460862,3.770242994914851,4.0,255.0,170.0,4.0,255.0,172.0
