H_mean,S_mean,V_mean,H_std,S_std,V_std,H_median,S_median,V_median,H_mode,S_mode,V_mode
3.831046885444186,253.76213514975967,172.54960690072255,0.3747164647455697,1.1355405673641443,9.876369944018451,4.0,254.0,176.0,4.0,254.0,179.0
