H_mean,S_mean,V_mean,H_std,S_std,V_std,H_median,S_median,V_median,H_mode,S_mode,V_mode
3.0028010312887927,254.22420982270745,167.21746188369355,0.05285143727620134,1.0020456859275642,3.9357355926548827,3.0,255.0,168.0,3.0,255.0,169.0
