H_mean,S_mean,V_mean,H_std,S_std,V_std,H_median,S_median,V_median,H_mode,S_mode,V_mode
3.3968870356813192,254.05248750676387,163.35986886080784,0.48925998802544596,1.0854509298336454,6.187383874358704,3.0,255.0,165.0,3.0,255.0,169.0
