H_mean,S_mean,V_mean,H_std,S_std,V_std,H_median,S_median,V_median,H_mode,S_mode,V_mode
3.9821115956329374,254.08320336123754,162.53346914091097,0.14339133344828006,1.0872098633268135,2.8890497824065267,4.0,255.0,163.0,4.0,255.0,163.0
