H_mean,S_mean,V_mean,H_std,S_std,V_std,H_median,S_median,V_median,H_mode,S_mode,V_mode
3.077537638857943,253.3331954037623,149.70522328675557,0.267803688598821,1.7717518485178783,7.207934860783871,3.0,253.0,153.0,3.0,255.0,153.0
