H_mean,S_mean,V_mean,H_std,S_std,V_std,H_median,S_median,V_median,H_mode,S_mode,V_mode
3.16233249514594,254.02906069962123,162.60330394372474,0.3687614195577277,1.0663688207381905,6.288570764820362,3.0,255.0,164.0,3.0,255.0,166.0
