H_mean,S_mean,V_mean,H_std,S_std,V_std,H_median,S_median,V_median,H_mode,S_mode,V_mode
3.436706241843588,254.0628958843938,166.6509533055352,0.4959856151030632,1.0244297222392387,4.034358555496363,3.0,255.0,166.0,3.0,255.0,166.0
