H_mean,S_mean,V_mean,H_std,S_std,V_std,H_median,S_median,V_median,H_mode,S_mode,V_mode
3.3468504312951586,254.16354203138428,167.7830792246236,0.47597523123230556,1.0640268211971935,7.929463445328837,3.0,255.0,170.0,3.0,255.0,172.0
