H_mean,S_mean,V_mean,H_std,S_std,V_std,H_median,S_median,V_median,H_mode,S_mode,V_mode
2.987649998408505,251.9339211255053,143.84393799535283,0.19209023066196226,1.8718052339206608,8.320055301421803,3.0,252.0,147.0,3.0,253.0,153.0
