H_mean,S_mean,V_mean,H_std,S_std,V_std,H_median,S_median,V_median,H_mode,S_mode,V_mode
3.594264251838177,254.16987618168508,170.72215679409237,0.49104167410965766,1.0372544060650137,6.983755813240079,4.0,255.0,172.0,4.0,255.0,172.0
