H_mean,S_mean,V_mean,H_std,S_std,V_std,H_median,S_median,V_median,H_mode,S_mode,V_mode
3.0005729382181623,254.20062386605977,156.86208103892798,0.023929650784305378,1.0450823972749725,2.8881039712397736,3.0,255.0,158.0,3.0,255.0,158.0
