H_mean,S_mean,V_mean,H_std,S_std,V_std,H_median,S_median,V_median,H_mode,S_mode,V_mode
3.5039628226756214,254.30925931820352,166.58964891619186,0.4999922532051032,1.1725800036874134,9.146064111210187,4.0,255.0,171.0,4.0,255.0,172.0
