H_mean,S_mean,V_mean,H_std,S_std,V_std,H_median,S_median,V_median,H_mode,S_mode,V_mode
3.3968870356813192,254.16503803673172,165.10226947194195,0.48925998802544596,1.0042448387041794,5.847394040708328,3.0,255.0,166.0,3.0,255.0,171.0
