H_mean,S_mean,V_mean,H_std,S_std,V_std,H_median,S_median,V_median,H_mode,S_mode,V_mode
3.5198141133781076,254.70764235923227,171.21310118725532,0.4996151980702724,0.673436826344188,3.6553707967601463,4.0,255.0,172.0,4.0,255.0,172.0
