H_mean,S_mean,V_mean,H_std,S_std,V_std,H_median,S_median,V_median,H_mode,S_mode,V_mode
2.9864722920711717,251.67982302575038,138.07359073113284,0.15235720271225875,1.6645996204370828,5.564641599333282,3.0,251.0,139.0,3.0,253.0,141.0
