H_mean,S_mean,V_mean,H_std,S_std,V_std,H_median,S_median,V_median,H_mode,S_mode,V_mode
3.0057930419836394,254.2342044116243,167.0314161122959,0.07589246324776357,0.9911231282552678,5.456835716041666,3.0,255.0,169.0,3.0,255.0,171.0
