H_mean,S_mean,V_mean,H_std,S_std,V_std,H_median,S_median,V_median,H_mode,S_mode,V_mode
3.0139096667409366,252.21491549161283,143.39755546360252,0.2285432796503933,1.8586655064873976,9.12172328200229,3.0,252.0,146.0,3.0,253.0,153.0
