H_mean,S_mean,V_mean,H_std,S_std,V_std,H_median,S_median,V_median,H_mode,S_mode,V_mode
3.4365470923385426,254.5783811312347,170.23729191202216,0.49596527910525173,0.8081351329982521,4.110905165313134,3.0,255.0,171.0,3.0,255.0,172.0
