H_mean,S_mean,V_mean,H_std,S_std,V_std,H_median,S_median,V_median,H_mode,S_mode,V_mode
3.481809211573352,254.08976032084541,164.31791705127796,0.49967693804293306,1.0166502171815224,5.985703206207141,3.0,255.0,166.0,3.0,255.0,169.0
