H_mean,S_mean,V_mean,H_std,S_std,V_std,H_median,S_median,V_median,H_mode,S_mode,V_mode
3.845179361492186,254.91596906133623,171.34433586911544,0.36173937235727105,0.3670333341234381,1.9074006367162124,4.0,255.0,172.0,4.0,255.0,172.0
