H_mean,S_mean,V_mean,H_std,S_std,V_std,H_median,S_median,V_median,H_mode,S_mode,V_mode
3.822452812171754,253.70926568418372,172.28981124868702,0.38213719003231633,1.1709119996192048,10.252665327287628,4.0,254.0,175.0,4.0,254.0,177.0
