H_mean,S_mean,V_mean,H_std,S_std,V_std,H_median,S_median,V_median,H_mode,S_mode,V_mode
3.983766750485406,254.01292293980967,162.56883216093198,0.12637341277314593,1.0950317415955448,3.35581639944338,4.0,255.0,163.0,4.0,255.0,163.0
