H_mean,S_mean,V_mean,H_std,S_std,V_std,H_median,S_median,V_median,H_mode,S_mode,V_mode
3.0011140465353154,254.18684151892288,167.19807747397905,0.03335926943514728,1.0039589364554227,3.9614997007477264,3.0,255.0,168.0,3.0,255.0,169.0
