H_mean,S_mean,V_mean,H_std,S_std,V_std,H_median,S_median,V_median,H_mode,S_mode,V_mode
3.3716459241811756,254.03275296813828,166.4809498042461,0.483252174896596,1.0335795910029963,4.014610953698621,3.0,254.0,167.0,3.0,255.0,169.0
