H_mean,S_mean,V_mean,H_std,S_std,V_std,H_median,S_median,V_median,H_mode,S_mode,V_mode
2.972244326320145,251.80370500047744,138.6130120635325,0.17332605974501297,1.5664596376364255,5.7211733559889355,3.0,252.0,140.0,3.0,253.0,141.0
