H_mean,S_mean,V_mean,H_std,S_std,V_std,H_median,S_median,V_median,H_mode,S_mode,V_mode
3.0012095362383424,254.1240729541331,166.99175605563866,0.03475790146868357,1.004990786805127,4.22128273578024,3.0,255.0,168.0,3.0,255.0,171.0
