H_mean,S_mean,V_mean,H_std,S_std,V_std,H_median,S_median,V_median,H_mode,S_mode,V_mode
2.989018684151892,251.79800744819684,138.27192284431996,0.15109432812099938,1.6434868409123746,5.688988496895156,3.0,253.0,141.0,3.0,253.0,141.0
