H_mean,S_mean,V_mean,H_std,S_std,V_std,H_median,S_median,V_median,H_mode,S_mode,V_mode
2.9987268039596398,253.94461597224432,153.50227583792216,0.03565971799661652,1.4218639045516115,3.048855684582061,3.0,255.0,153.0,3.0,255.0,153.0
