H_mean,S_mean,V_mean,H_std,S_std,V_std,H_median,S_median,V_median,H_mode,S_mode,V_mode
3.3700544291307253,254.09918197154406,163.97189419740906,0.48282664471621467,1.0504668856715256,6.623049757333694,3.0,255.0,166.0,3.0,255.0,169.0
