H_mean,S_mean,V_mean,H_std,S_std,V_std,H_median,S_median,V_median,H_mode,S_mode,V_mode
3.510615271986504,254.310914473056,165.91631919024732,0.4998952591717227,0.969436610137179,6.207542324847111,4.0,255.0,169.0,4.0,255.0,172.0
