H_mean,S_mean,V_mean,H_std,S_std,V_std,H_median,S_median,V_median,H_mode,S_mode,V_mode
3.3262246554413215,253.9579527007671,161.8431740777286,0.4688380595965286,1.040885836977873,5.64246558113166,3.0,253.0,162.0,3.0,255.0,166.0
