H_mean,S_mean,V_mean,H_std,S_std,V_std,H_median,S_median,V_median,H_mode,S_mode,V_mode
3.5125250660470444,254.24142979915334,165.93732692491326,0.49985105327038765,0.9804843041889164,5.626922885875012,4.0,255.0,168.0,4.0,255.0,169.0
