H_mean,S_mean,V_mean,H_std,S_std,V_std,H_median,S_median,V_median,H_mode,S_mode,V_mode
2.9926154629659103,253.0632141834039,149.68949931565712,0.12467002377114304,1.6651169580773897,8.775523119268401,3.0,253.0,153.0,3.0,253.0,153.0
