H_mean,S_mean,V_mean,H_std,S_std,V_std,H_median,S_median,V_median,H_mode,S_mode,V_mode
3.5164401438711526,254.59270458668874,170.12359550561797,0.4997376019420945,0.7548385618771231,3.09668842529013,4.0,255.0,171.0,4.0,255.0,172.0
