H_mean,S_mean,V_mean,H_std,S_std,V_std,H_median,S_median,V_median,H_mode,S_mode,V_mode
3.9490403284845783,253.6647356526721,178.76967883629882,0.2202081889549189,1.1623340824175004,8.148223008668186,4.0,254.0,181.0,4.0,254.0,184.0
