H_mean,S_mean,V_mean,H_std,S_std,V_std,H_median,S_median,V_median,H_mode,S_mode,V_mode
3.697074832097272,254.76846930006047,171.94687589521595,0.4595304473239541,0.514243447374694,3.0687434973152445,4.0,255.0,172.0,4.0,255.0,172.0
