H_mean,S_mean,V_mean,H_std,S_std,V_std,H_median,S_median,V_median,H_mode,S_mode,V_mode
3.658847120985454,254.74408759588758,171.83948180921158,0.4741041517563096,0.533821245308014,3.0698903439838023,4.0,255.0,172.0,4.0,255.0,172.0
