H_mean,S_mean,V_mean,H_std,S_std,V_std,H_median,S_median,V_median,H_mode,S_mode,V_mode
3.088773593914123,254.62141515739887,173.31603908711844,0.28442119792806403,0.800057132105412,4.427337724262219,3.0,255.0,175.0,3.0,255.0,178.0
