H_mean,S_mean,V_mean,H_std,S_std,V_std,H_median,S_median,V_median,H_mode,S_mode,V_mode
3.0984498838208614,254.86386351338447,173.97533182671802,0.2979267182194633,0.4697612022898119,1.9884588875098372,3.0,255.0,175.0,3.0,255.0,175.0
