H_mean,S_mean,V_mean,H_std,S_std,V_std,H_median,S_median,V_median,H_mode,S_mode,V_mode
2.996944329503135,253.5826781678709,153.4519209345259,0.05633608079189563,1.5133046052289452,5.606617677611029,3.0,253.0,155.0,3.0,255.0,153.0
