H_mean,S_mean,V_mean,H_std,S_std,V_std,H_median,S_median,V_median,H_mode,S_mode,V_mode
3.00095489703027,253.9841487092975,164.36168316516535,0.03190105635430624,1.1878837492233405,7.2989633596393215,3.0,255.0,167.0,3.0,255.0,169.0
