H_mean,S_mean,V_mean,H_std,S_std,V_std,H_median,S_median,V_median,H_mode,S_mode,V_mode
3.016838017633765,254.42340134322183,170.31868096890219,0.1286663349161726,0.9205778425455778,4.527395059727463,3.0,255.0,171.0,3.0,255.0,175.0
