H_mean,S_mean,V_mean,H_std,S_std,V_std,H_median,S_median,V_median,H_mode,S_mode,V_mode
3.0212942037750263,254.2935990069071,169.70614635388483,0.14436559161059823,1.0000611574163796,3.44012383084927,3.0,255.0,171.0,3.0,255.0,171.0
