H_mean,S_mean,V_mean,H_std,S_std,V_std,H_median,S_median,V_median,H_mode,S_mode,V_mode
2.9375497342203265,252.13346277493076,146.04153802081674,0.24263223803301442,1.4445152647732127,4.794951325614531,3.0,252.0,147.0,3.0,253.0,141.0
