H_mean,S_mean,V_mean,H_std,S_std,V_std,H_median,S_median,V_median,H_mode,S_mode,V_mode
2.9987904637616576,253.8816245981475,164.1442212814718,0.03987584086527806,1.1655214906055404,6.621173559901621,3.0,253.0,167.0,3.0,255.0,168.0
