H_mean,S_mean,V_mean,H_std,S_std,V_std,H_median,S_median,V_median,H_mode,S_mode,V_mode
2.99134226692555,253.07836521628417,149.6759397778273,0.09667984211046203,1.9814606162739656,7.908853668569309,3.0,253.0,153.0,3.0,255.0,153.0
