H_mean,S_mean,V_mean,H_std,S_std,V_std,H_median,S_median,V_median,H_mode,S_mode,V_mode
3.000827577426234,254.07572333450042,164.89387911003595,0.030890816099914745,1.0596070944709428,6.226811306551032,3.0,255.0,168.0,3.0,255.0,171.0
