H_mean,S_mean,V_mean,H_std,S_std,V_std,H_median,S_median,V_median,H_mode,S_mode,V_mode
3.04042397428144,254.38008084794856,169.53900754368655,0.19695459197989326,0.9118321932491055,4.62175923890616,3.0,255.0,170.0,3.0,255.0,171.0
