H_mean,S_mean,V_mean,H_std,S_std,V_std,H_median,S_median,V_median,H_mode,S_mode,V_mode
3.056943692905115,254.777413502244,173.74647483846326,0.23173868494238722,0.5836684426469805,3.9130952572413453,3.0,255.0,175.0,3.0,255.0,176.0
