H_mean,S_mean,V_mean,H_std,S_std,V_std,H_median,S_median,V_median,H_mode,S_mode,V_mode
2.9331572078810835,251.56781360409968,145.16207785593787,0.24988093271995823,1.314278953339352,4.073134181909423,3.0,252.0,146.0,3.0,252.0,146.0
