H_mean,S_mean,V_mean,H_std,S_std,V_std,H_median,S_median,V_median,H_mode,S_mode,V_mode
3.015501161791387,254.31018238533278,169.72705859884775,0.12353688332692883,1.0085935922577505,5.268928092420364,3.0,255.0,171.0,3.0,255.0,175.0
