H_mean,S_mean,V_mean,H_std,S_std,V_std,H_median,S_median,V_median,H_mode,S_mode,V_mode
2.988986854250883,253.04978196517808,149.4551039246268,0.10737234909997989,1.8462184163852808,8.42967153799784,3.0,253.0,153.0,3.0,255.0,153.0
