H_mean,S_mean,V_mean,H_std,S_std,V_std,H_median,S_median,V_median,H_mode,S_mode,V_mode
3.027723843778846,254.3770570073527,168.45780946621255,0.16572683820552034,1.1100247918600956,8.204902215949677,3.0,255.0,171.0,3.0,255.0,175.0
