H_mean,S_mean,V_mean,H_std,S_std,V_std,H_median,S_median,V_median,H_mode,S_mode,V_mode
2.9854219053378745,253.20431613457683,152.04211095903491,0.11985837929613065,1.6193450185667175,7.323939991234212,3.0,253.0,153.0,3.0,253.0,153.0
