H_mean,S_mean,V_mean,H_std,S_std,V_std,H_median,S_median,V_median,H_mode,S_mode,V_mode
3.027819333481873,254.34630932297802,168.4855014800904,0.1644575296144325,1.0682728374795656,7.918788289932993,3.0,255.0,171.0,3.0,255.0,175.0
