H_mean,S_mean,V_mean,H_std,S_std,V_std,H_median,S_median,V_median,H_mode,S_mode,V_mode
3.0244453639749183,253.68329248496036,159.04545309864088,0.15728894700231802,1.3015137832063495,5.87638202507136,3.0,253.0,160.0,3.0,253.0,159.0
