H_mean,S_mean,V_mean,H_std,S_std,V_std,H_median,S_median,V_median,H_mode,S_mode,V_mode
3.011299614858198,254.44609606264123,174.42002737371487,0.10569905001991588,0.8393903319833611,9.580700946203784,3.0,255.0,176.0,3.0,255.0,175.0
