H_mean,S_mean,V_mean,H_std,S_std,V_std,H_median,S_median,V_median,H_mode,S_mode,V_mode
2.9826845338510997,253.26972658115034,151.79912149473216,0.13093321221555465,1.6527205248964305,6.782943019771129,3.0,253.0,153.0,3.0,255.0,153.0
