H_mean,S_mean,V_mean,H_std,S_std,V_std,H_median,S_median,V_median,H_mode,S_mode,V_mode
3.0094853105006845,254.3484100964446,168.9685520578031,0.09952353025578092,1.0758463407960481,8.134350077221765,3.0,255.0,171.0,3.0,255.0,176.0
