H_mean,S_mean,V_mean,H_std,S_std,V_std,H_median,S_median,V_median,H_mode,S_mode,V_mode
3.004265206735207,253.59232262787663,159.8820065569596,0.06896698166526229,1.2296790846362606,6.637949668800886,3.0,253.0,160.0,3.0,253.0,168.0
