H_mean,S_mean,V_mean,H_std,S_std,V_std,H_median,S_median,V_median,H_mode,S_mode,V_mode
3.0397237164592417,253.66212560078938,159.62596683324315,0.1962878702161183,1.3169728918230021,6.135963048641664,3.0,253.0,160.0,3.0,253.0,160.0
