H_mean,S_mean,V_mean,H_std,S_std,V_std,H_median,S_median,V_median,H_mode,S_mode,V_mode
3.00512461406245,254.51752236050547,177.57841296113568,0.07140388419672077,0.7719829009309056,6.681047672577593,3.0,255.0,178.0,3.0,255.0,182.0
