H_mean,S_mean,V_mean,H_std,S_std,V_std,H_median,S_median,V_median,H_mode,S_mode,V_mode
2.996212241779928,253.51430754050355,155.02457268357895,0.06142907470297241,1.4230296305878276,5.423141210569018,3.0,253.0,157.0,3.0,253.0,159.0
