H_mean,S_mean,V_mean,H_std,S_std,V_std,H_median,S_median,V_median,H_mode,S_mode,V_mode
3.0015914950504503,254.36512079447434,171.39446796320465,0.0458072854360058,0.9724479729279732,8.072300215279244,3.0,255.0,175.0,3.0,255.0,178.0
