H_mean,S_mean,V_mean,H_std,S_std,V_std,H_median,S_median,V_median,H_mode,S_mode,V_mode
3.0105675271349908,254.5663812585543,177.1179934430404,0.10225550021709992,0.7475409965670216,6.003207694216142,3.0,255.0,179.0,3.0,255.0,182.0
