H_mean,S_mean,V_mean,H_std,S_std,V_std,H_median,S_median,V_median,H_mode,S_mode,V_mode
3.032307349524143,254.7544641436165,176.59232262787663,0.17681792850089953,0.5718643090817828,3.2278631817266734,3.0,255.0,178.0,3.0,255.0,178.0
