H_mean,S_mean,V_mean,H_std,S_std,V_std,H_median,S_median,V_median,H_mode,S_mode,V_mode
3.0035012891109907,254.54403666804598,177.36948149091256,0.059068952458710154,0.7316493951775415,6.290215812055434,3.0,255.0,179.0,3.0,255.0,182.0
