H_mean,S_mean,V_mean,H_std,S_std,V_std,H_median,S_median,V_median,H_mode,S_mode,V_mode
3.023140338033549,254.7511538339116,176.43167711748416,0.15035152916644842,0.58790870015884,4.009941153386779,3.0,255.0,178.0,3.0,255.0,178.0
