H_mean,S_mean,V_mean,H_std,S_std,V_std,H_median,S_median,V_median,H_mode,S_mode,V_mode
3.002514562179712,254.3950727313238,171.77111118184422,0.05008312087221938,0.9326088521101181,8.083402036312881,3.0,255.0,175.0,3.0,255.0,178.0
