H_mean,S_mean,V_mean,H_std,S_std,V_std,H_median,S_median,V_median,H_mode,S_mode,V_mode
3.0066524493108826,253.93054715599834,166.00537925327052,0.08129209416611306,1.086183893815288,4.306340229647997,3.0,254.0,168.0,3.0,255.0,169.0
