H_mean,S_mean,V_mean,H_std,S_std,V_std,H_median,S_median,V_median,H_mode,S_mode,V_mode
3.0014960053474233,254.57965432727505,173.29881911067255,0.038649901208192984,0.7851538771699843,3.2188384158015624,3.0,255.0,173.0,3.0,255.0,171.0
