H_mean,S_mean,V_mean,H_std,S_std,V_std,H_median,S_median,V_median,H_mode,S_mode,V_mode
3.011999872680396,254.78260177610846,177.40408059330935,0.10888642302607512,0.5694444118704602,3.985535331534927,3.0,255.0,178.0,3.0,255.0,178.0
