H_mean,S_mean,V_mean,H_std,S_std,V_std,H_median,S_median,V_median,H_mode,S_mode,V_mode
3.0008912372282524,253.61702263105963,159.24996021262373,0.029840765205797117,1.2029801333356764,4.352753426302919,3.0,253.0,160.0,3.0,253.0,159.0
