H_mean,S_mean,V_mean,H_std,S_std,V_std,H_median,S_median,V_median,H_mode,S_mode,V_mode
3.012859280007639,254.67619441703536,176.7876627303689,0.11266908619656184,0.6777063516363702,3.4499795085542098,3.0,255.0,178.0,3.0,255.0,178.0
