H_mean,S_mean,V_mean,H_std,S_std,V_std,H_median,S_median,V_median,H_mode,S_mode,V_mode
3.000509278416144,254.52633924308495,172.66629531782155,0.022561809638872634,0.8420688240227076,3.7287614340333017,3.0,255.0,172.0,3.0,255.0,171.0
