H_mean,S_mean,V_mean,H_std,S_std,V_std,H_median,S_median,V_median,H_mode,S_mode,V_mode
3.0012095362383424,254.75952509787695,175.6883216093198,0.03475790146868357,0.6293226406802095,3.5126098158365147,3.0,255.0,176.0,3.0,255.0,178.0
