H_mean,S_mean,V_mean,H_std,S_std,V_std,H_median,S_median,V_median,H_mode,S_mode,V_mode
3.0004774485151353,254.34513161664069,171.5806092243053,0.030378751570647507,0.9693340045094659,7.61006603221185,3.0,255.0,175.0,3.0,255.0,178.0
