H_mean,S_mean,V_mean,H_std,S_std,V_std,H_median,S_median,V_median,H_mode,S_mode,V_mode
2.991596906133622,253.41814940955533,154.47945379889867,0.0912838819856308,1.3936239726487611,6.038632385477381,3.0,253.0,157.0,3.0,253.0,156.0
