H_mean,S_mean,V_mean,H_std,S_std,V_std,H_median,S_median,V_median,H_mode,S_mode,V_mode
3.0007639176242162,254.41862685807047,173.73374287805964,0.027628940473720113,0.8960169119080832,2.7266017291258353,3.0,255.0,175.0,3.0,255.0,175.0
