H_mean,S_mean,V_mean,H_std,S_std,V_std,H_median,S_median,V_median,H_mode,S_mode,V_mode
2.9894961326670275,253.50482223000287,154.73383836776267,0.10195031603570288,1.5053118686858373,4.657386764908895,3.0,253.0,156.0,3.0,255.0,158.0
