H_mean,S_mean,V_mean,H_std,S_std,V_std,H_median,S_median,V_median,H_mode,S_mode,V_mode
3.085240474902123,253.68781233090365,159.63933539166692,0.2794715405870404,1.2331376438212747,5.9533944255346745,3.0,253.0,160.0,3.0,253.0,159.0
