H_mean,S_mean,V_mean,H_std,S_std,V_std,H_median,S_median,V_median,H_mode,S_mode,V_mode
4.059903873698953,253.982302575039,184.55189865359517,0.23731243580028646,1.1180932089852427,9.777186717085584,4.0,254.0,186.0,4.0,255.0,186.0
