H_mean,S_mean,V_mean,H_std,S_std,V_std,H_median,S_median,V_median,H_mode,S_mode,V_mode
3.9664831142375148,253.79211891651016,180.17818378584843,0.17998481948797768,1.20066678704082,7.6921827560713725,4.0,254.0,182.0,4.0,254.0,185.0
