H_mean,S_mean,V_mean,H_std,S_std,V_std,H_median,S_median,V_median,H_mode,S_mode,V_mode
3.4960371773243786,254.5155489066429,171.86790591081262,0.4999922532051032,0.8483993519409667,5.39554551750165,3.0,255.0,173.0,3.0,255.0,175.0
