H_mean,S_mean,V_mean,H_std,S_std,V_std,H_median,S_median,V_median,H_mode,S_mode,V_mode
3.5078779004997296,254.40665881529108,168.1897698698157,0.5000095561738411,0.9296718539585974,4.1628296263134805,4.0,255.0,169.0,4.0,255.0,172.0
