H_mean,S_mean,V_mean,H_std,S_std,V_std,H_median,S_median,V_median,H_mode,S_mode,V_mode
3.619696342744374,254.3774071362638,166.94050991501416,0.4854691413610479,1.006062657002725,8.34565262004218,4.0,255.0,171.0,4.0,255.0,172.0
