H_mean,S_mean,V_mean,H_std,S_std,V_std,H_median,S_median,V_median,H_mode,S_mode,V_mode
4.161568577521724,254.33360919247542,193.3176305821689,0.3690967707365995,0.9639946989769993,5.546959528272504,4.0,255.0,194.0,4.0,255.0,195.0
