H_mean,S_mean,V_mean,H_std,S_std,V_std,H_median,S_median,V_median,H_mode,S_mode,V_mode
3.45749116720247,254.42566126619346,168.1533882929624,0.4981976508819046,0.9217650866367959,4.444898699973306,3.0,255.0,170.0,3.0,255.0,172.0
