H_mean,S_mean,V_mean,H_std,S_std,V_std,H_median,S_median,V_median,H_mode,S_mode,V_mode
3.968361078397046,254.16452875831556,184.3578954069453,0.17503963972520442,1.0725905250545575,9.147654585575188,4.0,254.0,186.0,4.0,255.0,194.0
