H_mean,S_mean,V_mean,H_std,S_std,V_std,H_median,S_median,V_median,H_mode,S_mode,V_mode
3.0629595441958175,253.59178151955948,158.47798962345226,0.24289404660391783,1.2405435270729985,6.391802442104583,3.0,253.0,160.0,3.0,253.0,159.0
