H_mean,S_mean,V_mean,H_std,S_std,V_std,H_median,S_median,V_median,H_mode,S_mode,V_mode
3.106343699271095,253.69032689308335,159.4484196454149,0.30828191957744155,1.1257257278188315,5.275792934571132,3.0,253.0,160.0,3.0,253.0,159.0
