H_mean,S_mean,V_mean,H_std,S_std,V_std,H_median,S_median,V_median,H_mode,S_mode,V_mode
3.603367603526753,254.37861667250215,167.1318076200783,0.48920625114646055,1.0704933588492282,8.558088011060445,4.0,255.0,171.0,4.0,255.0,172.0
