H_mean,S_mean,V_mean,H_std,S_std,V_std,H_median,S_median,V_median,H_mode,S_mode,V_mode
3.24190724766846,253.85418722347774,163.12919756819556,0.42824522017857547,1.0283267030525038,5.142100267165657,3.0,253.0,165.0,3.0,253.0,166.0
