H_mean,S_mean,V_mean,H_std,S_std,V_std,H_median,S_median,V_median,H_mode,S_mode,V_mode
3.948276410860362,253.72804532577905,179.6972658115033,0.22147194115076893,1.2134183582044178,8.96470403779561,4.0,254.0,182.0,4.0,254.0,184.0
