H_mean,S_mean,V_mean,H_std,S_std,V_std,H_median,S_median,V_median,H_mode,S_mode,V_mode
3.996116752076901,254.2587134354012,188.3347232390107,0.07258685597330845,1.0465845538345302,4.83398983017211,4.0,255.0,188.0,4.0,255.0,187.0
