H_mean,S_mean,V_mean,H_std,S_std,V_std,H_median,S_median,V_median,H_mode,S_mode,V_mode
4.056307094884935,253.961167520769,184.30305248750676,0.23285306186423438,1.1545988742665874,9.92633235466941,4.0,254.0,186.0,4.0,255.0,186.0
