H_mean,S_mean,V_mean,H_std,S_std,V_std,H_median,S_median,V_median,H_mode,S_mode,V_mode
3.982525384346055,254.11996689690295,184.66368526593882,0.13103358338504578,1.126950178032691,9.264151348479508,4.0,254.0,187.0,4.0,255.0,194.0
