H_mean,S_mean,V_mean,H_std,S_std,V_std,H_median,S_median,V_median,H_mode,S_mode,V_mode
3.7760766464016298,253.53047713021613,178.2381194894484,0.4168779400994269,1.290539070330384,10.117031674298534,4.0,254.0,182.0,4.0,254.0,183.0
