H_mean,S_mean,V_mean,H_std,S_std,V_std,H_median,S_median,V_median,H_mode,S_mode,V_mode
3.97978801285928,254.58528821975364,193.04268389725308,0.14072701616557368,0.7999896591667209,4.2768935233727925,4.0,255.0,194.0,4.0,255.0,192.0
