H_mean,S_mean,V_mean,H_std,S_std,V_std,H_median,S_median,V_median,H_mode,S_mode,V_mode
3.967851799980902,253.81430435751344,180.48884361969635,0.1763963822297976,1.2245194099156487,7.632874272618155,4.0,254.0,182.0,4.0,254.0,184.0
