H_mean,S_mean,V_mean,H_std,S_std,V_std,H_median,S_median,V_median,H_mode,S_mode,V_mode
3.9581755100741636,254.201387783684,184.48846166088424,0.2001911026958858,1.041823688078133,9.206951437879843,4.0,255.0,186.0,4.0,255.0,194.0
