H_mean,S_mean,V_mean,H_std,S_std,V_std,H_median,S_median,V_median,H_mode,S_mode,V_mode
3.780405512938855,253.6031447942197,178.19352579813477,0.41397850580041323,1.2773866363555904,7.266116766410108,4.0,254.0,180.0,4.0,254.0,183.0
