H_mean,S_mean,V_mean,H_std,S_std,V_std,H_median,S_median,V_median,H_mode,S_mode,V_mode
3.6177865486838336,254.29885094057357,168.23188082885062,0.48593605038735727,0.9969888539289204,7.307158681456403,4.0,255.0,171.0,4.0,255.0,172.0
