H_mean,S_mean,V_mean,H_std,S_std,V_std,H_median,S_median,V_median,H_mode,S_mode,V_mode
3.984116879396505,254.15647579336027,185.0066842792119,0.12578684395692985,1.0532783923445936,7.08380163591038,4.0,254.0,186.0,4.0,255.0,191.0
