H_mean,S_mean,V_mean,H_std,S_std,V_std,H_median,S_median,V_median,H_mode,S_mode,V_mode
3.9952573447496578,254.25448005856703,188.73065537766178,0.07491046866595541,1.0525175647984286,5.083861299813631,4.0,255.0,190.0,4.0,255.0,194.0
