H_mean,S_mean,V_mean,H_std,S_std,V_std,H_median,S_median,V_median,H_mode,S_mode,V_mode
3.5966196645128434,254.58611579717987,171.06843428716937,0.49058363303818253,0.7578479918644065,5.152669415927563,4.0,255.0,172.0,4.0,255.0,172.0
