H_mean,S_mean,V_mean,H_std,S_std,V_std,H_median,S_median,V_median,H_mode,S_mode,V_mode
3.2611643377789097,254.13664576503166,173.30197027087246,0.4392763008242976,0.9269261690267218,7.105327769408535,3.0,254.0,176.0,3.0,255.0,179.0
