H_mean,S_mean,V_mean,H_std,S_std,V_std,H_median,S_median,V_median,H_mode,S_mode,V_mode
4.001432345545405,254.62864054492792,191.3384473374288,0.054971676055947896,0.6861880202699661,3.539287526641682,4.0,255.0,192.0,4.0,255.0,194.0
