H_mean,S_mean,V_mean,H_std,S_std,V_std,H_median,S_median,V_median,H_mode,S_mode,V_mode
3.7647452016424228,253.95610656650857,171.3141929528599,0.42416471435798386,1.1643152340311775,7.9741984320774,4.0,254.0,172.0,4.0,255.0,172.0
