H_mean,S_mean,V_mean,H_std,S_std,V_std,H_median,S_median,V_median,H_mode,S_mode,V_mode
3.998758633860649,254.2042843046758,187.9908011586084,0.057245463767831045,1.105305043993983,4.977931759982472,4.0,255.0,187.0,4.0,255.0,187.0
