H_mean,S_mean,V_mean,H_std,S_std,V_std,H_median,S_median,V_median,H_mode,S_mode,V_mode
3.605882165706465,254.2809307063055,168.28736034630933,0.48866815719506923,0.9961810447228718,7.289416333885489,4.0,255.0,171.0,4.0,255.0,172.0
