H_mean,S_mean,V_mean,H_std,S_std,V_std,H_median,S_median,V_median,H_mode,S_mode,V_mode
3.368972212496419,254.39936976796002,174.28175828373173,0.48253407148965155,0.8626392839969703,5.001196303513009,3.0,255.0,175.0,3.0,255.0,176.0
