H_mean,S_mean,V_mean,H_std,S_std,V_std,H_median,S_median,V_median,H_mode,S_mode,V_mode
3.0668109622179074,253.68765318139862,158.70149918833752,0.2513500465176198,1.2706148428407518,6.172661710369502,3.0,253.0,159.0,3.0,253.0,159.0
