H_mean,S_mean,V_mean,H_std,S_std,V_std,H_median,S_median,V_median,H_mode,S_mode,V_mode
3.977082471273514,254.56755896489162,192.98258904414809,0.14985556446058462,0.8312717578829624,4.385266978137427,4.0,255.0,194.0,4.0,255.0,192.0
