H_mean,S_mean,V_mean,H_std,S_std,V_std,H_median,S_median,V_median,H_mode,S_mode,V_mode
3.175319094757615,254.54222236368844,175.11016328739217,0.3802458572530152,0.7515420450379805,4.386937041375114,3.0,255.0,175.0,3.0,255.0,172.0
