H_mean,S_mean,V_mean,H_std,S_std,V_std,H_median,S_median,V_median,H_mode,S_mode,V_mode
3.4876977432600182,254.29270776967883,168.44530031511601,0.49985658682284395,1.0494256640094548,7.625522580145297,3.0,255.0,171.0,3.0,255.0,172.0
