H_mean,S_mean,V_mean,H_std,S_std,V_std,H_median,S_median,V_median,H_mode,S_mode,V_mode
3.5170449119903235,254.4212687398542,171.54973422032657,0.4997173395590588,0.9332767446881038,6.102204754102087,4.0,255.0,173.0,4.0,255.0,172.0
