H_mean,S_mean,V_mean,H_std,S_std,V_std,H_median,S_median,V_median,H_mode,S_mode,V_mode
3.4920584396982526,254.31050068434288,168.45920998185696,0.49994488430325557,1.037893970044926,7.621889542853218,3.0,255.0,171.0,3.0,255.0,172.0
