H_mean,S_mean,V_mean,H_std,S_std,V_std,H_median,S_median,V_median,H_mode,S_mode,V_mode
3.9487856892765065,253.7431008689563,179.66728204475285,0.22043809065008918,1.2234910923502562,9.001982315738356,4.0,254.0,182.0,4.0,254.0,184.0
