H_mean,S_mean,V_mean,H_std,S_std,V_std,H_median,S_median,V_median,H_mode,S_mode,V_mode
4.008243944361333,254.50062068306968,190.43546487570424,0.11010574621913048,0.8148231590447496,5.304190309863359,4.0,255.0,191.0,4.0,255.0,195.0
