H_mean,S_mean,V_mean,H_std,S_std,V_std,H_median,S_median,V_median,H_mode,S_mode,V_mode
3.490657924053856,254.28837890314162,167.22946175637395,0.49992067427496845,0.9944025789245349,4.532852696853767,3.0,255.0,169.0,3.0,255.0,172.0
