H_mean,S_mean,V_mean,H_std,S_std,V_std,H_median,S_median,V_median,H_mode,S_mode,V_mode
3.6055320367953656,254.41467995034535,167.4654168125537,0.48874389248064554,1.046286033638537,8.469636512787057,4.0,255.0,171.0,4.0,255.0,172.0
