H_mean,S_mean,V_mean,H_std,S_std,V_std,H_median,S_median,V_median,H_mode,S_mode,V_mode
3.292994238787917,254.19801381417705,172.59423242193716,0.4551430638324483,0.9898446024955276,6.9485707478466106,3.0,255.0,175.0,3.0,255.0,176.0
