H_mean,S_mean,V_mean,H_std,S_std,V_std,H_median,S_median,V_median,H_mode,S_mode,V_mode
4.000254639208072,254.29706846611708,188.43648343253653,0.07399224551554628,1.0056572218466633,4.819743841141389,4.0,255.0,188.0,4.0,255.0,187.0
