H_mean,S_mean,V_mean,H_std,S_std,V_std,H_median,S_median,V_median,H_mode,S_mode,V_mode
3.616163223732374,254.63090046789955,170.45628163096413,0.48632667380851,0.782941413513975,4.865717193551026,4.0,255.0,172.0,4.0,255.0,172.0
