H_mean,S_mean,V_mean,H_std,S_std,V_std,H_median,S_median,V_median,H_mode,S_mode,V_mode
3.465480472355731,254.38144953369195,171.45208008403094,0.4988149175897965,0.9418864791903284,6.957051359318761,3.0,255.0,173.0,3.0,255.0,175.0
