H_mean,S_mean,V_mean,H_std,S_std,V_std,H_median,S_median,V_median,H_mode,S_mode,V_mode
4.155966514944138,254.45949645096604,193.5667632173664,0.3634429586758149,0.8009636820876294,5.7010228927954625,4.0,255.0,194.0,4.0,255.0,196.0
