H_mean,S_mean,V_mean,H_std,S_std,V_std,H_median,S_median,V_median,H_mode,S_mode,V_mode
3.6204602603685903,254.43014928223573,166.8385269121813,0.48528014745345616,0.9906451053338925,8.7187176758644,4.0,255.0,171.0,4.0,255.0,172.0
