H_mean,S_mean,V_mean,H_std,S_std,V_std,H_median,S_median,V_median,H_mode,S_mode,V_mode
4.015819460801477,254.5239838304103,190.646656268899,0.13577364736950015,0.7854226815135359,4.596524866324088,4.0,255.0,191.0,4.0,255.0,195.0
