H_mean,S_mean,V_mean,H_std,S_std,V_std,H_median,S_median,V_median,H_mode,S_mode,V_mode
3.5964923449088073,254.33879746633988,168.63249196294998,0.49060869206745744,0.9740365125814384,7.076973100285633,4.0,255.0,171.0,4.0,255.0,172.0
