H_mean,S_mean,V_mean,H_std,S_std,V_std,H_median,S_median,V_median,H_mode,S_mode,V_mode
4.0174427857529365,254.4954005793042,190.2707133080816,0.13308657696649576,0.8184354345148361,5.402062789533182,4.0,255.0,190.0,4.0,255.0,195.0
