H_mean,S_mean,V_mean,H_std,S_std,V_std,H_median,S_median,V_median,H_mode,S_mode,V_mode
3.4759843396887034,254.38100391507783,168.16908043415984,0.49943086351347654,0.9331722857615149,4.125296961067109,3.0,255.0,169.0,3.0,255.0,172.0
