H_mean,S_mean,V_mean,H_std,S_std,V_std,H_median,S_median,V_median,H_mode,S_mode,V_mode
3.7847343794760797,253.7520132412388,170.9625362065124,0.41101302926304595,1.251824936781585,8.71202499192872,4.0,254.0,172.0,4.0,255.0,172.0
