contrast_0,contrast_90,dissimilarity_0,dissimilarity_90,homogeneity_0,homogeneity_90,energy_0,energy_90,correlation_0,correlation_90
67.9975885876739,70.56612346431105,2.2491877347954112,2.3669154228855707,0.7116940823974386,0.6873035983961742,0.24994820360402625,0.2430835786002918,0.8943113996852381,0.8902775289750873
