L_mean,A_mean,B_mean,L_std,A_std,B_std,L_median,A_median,B_median,L_mode,A_mode,B_mode
96.07766495846198,186.18273546169272,178.94859470987046,5.950025564987546,2.7179851369275165,2.414425260742926,98.0,187.0,180.0,99.0,187.0,180.0
