L_mean,A_mean,B_mean,L_std,A_std,B_std,L_median,A_median,B_median,L_mode,A_mode,B_mode
112.00120953623835,192.77795461056115,185.17608301238184,3.007862299644776,1.220644757386647,1.161406008119444,112.0,193.0,185.0,115.0,194.0,186.0
