L_mean,A_mean,B_mean,L_std,A_std,B_std,L_median,A_median,B_median,L_mode,A_mode,B_mode
102.17570105356972,189.05627526498392,181.385141802209,3.572924891082979,1.6466055063421567,1.4438583809473688,104.0,190.0,182.0,104.0,190.0,182.0
