L_mean,A_mean,B_mean,L_std,A_std,B_std,L_median,A_median,B_median,L_mode,A_mode,B_mode
93.197854664672,185.20374319635866,178.08759588757678,2.241940375023757,1.1973152395210238,0.9935323076345427,93.0,185.0,178.0,95.0,185.0,179.0
