L_mean,A_mean,B_mean,L_std,A_std,B_std,L_median,A_median,B_median,L_mode,A_mode,B_mode
90.29356717700608,183.83804946366618,176.78537097749626,3.884404602912309,1.691757866875574,1.7862417040181628,91.0,184.0,177.0,91.0,184.0,177.0
