L_mean,A_mean,B_mean,L_std,A_std,B_std,L_median,A_median,B_median,L_mode,A_mode,B_mode
97.67431645287583,187.50062068306968,179.95808002037114,2.798204194358452,1.4388281930648965,1.230731181861007,98.0,188.0,180.0,98.0,188.0,181.0
