L_mean,A_mean,B_mean,L_std,A_std,B_std,L_median,A_median,B_median,L_mode,A_mode,B_mode
111.00716172772702,192.27520132412388,184.86083967278861,3.337669330737617,1.3347165764434523,1.3108330909015227,111.0,193.0,185.0,112.0,193.0,184.0
