L_mean,A_mean,B_mean,L_std,A_std,B_std,L_median,A_median,B_median,L_mode,A_mode,B_mode
90.87105707101252,184.0865773307445,177.00439252633925,3.8195325644017726,1.680700809025613,1.632148863659519,91.0,184.0,177.0,91.0,184.0,178.0
