L_mean,A_mean,B_mean,L_std,A_std,B_std,L_median,A_median,B_median,L_mode,A_mode,B_mode
92.55912404112424,185.0122863417895,177.80026737116847,4.564272448723129,2.1231296347349238,1.9884732591956966,94.0,185.0,178.0,95.0,187.0,179.0
