L_mean,A_mean,B_mean,L_std,A_std,B_std,L_median,A_median,B_median,L_mode,A_mode,B_mode
87.53203679536557,182.69513320813573,175.70293153388292,2.687873276470624,1.2149856074624275,1.247590751875412,88.0,183.0,176.0,88.0,183.0,177.0
