L_mean,A_mean,B_mean,L_std,A_std,B_std,L_median,A_median,B_median,L_mode,A_mode,B_mode
106.85106789317885,191.2844956552185,183.3416621574307,3.8055291397005497,1.7593938081752063,1.6185694136634352,108.0,192.0,184.0,110.0,193.0,184.0
