L_mean,A_mean,B_mean,L_std,A_std,B_std,L_median,A_median,B_median,L_mode,A_mode,B_mode
78.12938854760162,178.1145558137314,171.0543654709234,2.617611867336108,1.3429203213074818,1.3074236111903452,79.0,179.0,171.0,79.0,179.0,171.0
