L_mean,A_mean,B_mean,L_std,A_std,B_std,L_median,A_median,B_median,L_mode,A_mode,B_mode
89.71534519527644,183.01960721902154,176.5144985199096,3.7111167730380616,1.6983110173707219,1.6537343239745257,91.0,183.0,177.0,92.0,184.0,178.0
