L_mean,A_mean,B_mean,L_std,A_std,B_std,L_median,A_median,B_median,L_mode,A_mode,B_mode
90.5713785530127,183.96349110354268,176.9501862049209,3.3077458056175892,1.50558256107816,1.5389750322271645,91.0,184.0,177.0,92.0,185.0,178.0
