L_mean,A_mean,B_mean,L_std,A_std,B_std,L_median,A_median,B_median,L_mode,A_mode,B_mode
83.28401820670338,180.86157176051182,173.67819970079893,2.5947336624188013,1.3081274167697778,1.3261272234419748,84.0,181.0,174.0,84.0,181.0,174.0
