L_mean,A_mean,B_mean,L_std,A_std,B_std,L_median,A_median,B_median,L_mode,A_mode,B_mode
84.67307508673647,181.43899799471623,174.46602158067287,2.902537647781217,1.4634732223206224,1.4060192236281392,85.0,182.0,175.0,85.0,182.0,175.0
