L_mean,A_mean,B_mean,L_std,A_std,B_std,L_median,A_median,B_median,L_mode,A_mode,B_mode
90.13670942483368,183.89410191934303,176.65693732692492,4.576340243561323,2.064073261848836,2.090869769399725,91.0,184.0,177.0,92.0,184.0,177.0
