L_mean,A_mean,B_mean,L_std,A_std,B_std,L_median,A_median,B_median,L_mode,A_mode,B_mode
94.37056370754686,185.52029156189323,178.40513098004266,4.74691775849402,2.2534196781847946,1.9440340272607055,95.0,186.0,179.0,95.0,187.0,179.0
