L_mean,A_mean,B_mean,L_std,A_std,B_std,L_median,A_median,B_median,L_mode,A_mode,B_mode
98.18595028169463,187.47865805137346,180.0053474233695,2.799091753399702,1.2924229764166337,1.0162153236072105,98.0,188.0,180.0,95.0,189.0,181.0
