L_mean,A_mean,B_mean,L_std,A_std,B_std,L_median,A_median,B_median,L_mode,A_mode,B_mode
84.56625393895025,181.37645223923354,174.43189992679123,2.8903346393260154,1.4638142234170826,1.3884613751342458,85.0,182.0,175.0,85.0,182.0,175.0
