L_mean,A_mean,B_mean,L_std,A_std,B_std,L_median,A_median,B_median,L_mode,A_mode,B_mode
95.10573893115192,186.2914664035395,178.82417162682623,5.646910360138683,2.687139166547641,2.495238169772959,97.0,187.0,180.0,97.0,187.0,181.0
