L_mean,A_mean,B_mean,L_std,A_std,B_std,L_median,A_median,B_median,L_mode,A_mode,B_mode
91.13021612502786,184.27927555145303,177.09259318203522,3.86099954366829,1.7133297964279095,1.6986645096723139,92.0,184.0,177.0,91.0,184.0,178.0
