L_mean,A_mean,B_mean,L_std,A_std,B_std,L_median,A_median,B_median,L_mode,A_mode,B_mode
90.65878346118343,184.0067479390139,176.99586211286882,3.2517167445998783,1.4646606283384456,1.499548591726642,91.0,184.0,177.0,92.0,185.0,178.0
