L_mean,A_mean,B_mean,L_std,A_std,B_std,L_median,A_median,B_median,L_mode,A_mode,B_mode
96.40611770697393,186.49345895534265,179.22704268389725,3.863772966751796,1.9027383820097683,1.5235765411334474,97.0,187.0,179.0,95.0,187.0,179.0
