L_mean,A_mean,B_mean,L_std,A_std,B_std,L_median,A_median,B_median,L_mode,A_mode,B_mode
102.0151828627813,189.07677372123374,181.28420918610942,2.208868144020627,1.0381202188363443,0.9096800006758662,102.0,189.0,181.0,104.0,190.0,181.0
