L_mean,A_mean,B_mean,L_std,A_std,B_std,L_median,A_median,B_median,L_mode,A_mode,B_mode
94.16013623197632,185.77805010026418,178.473533437311,3.490744768562319,1.7013953379244549,1.5648514193900738,95.0,186.0,179.0,97.0,187.0,180.0
