L_mean,A_mean,B_mean,L_std,A_std,B_std,L_median,A_median,B_median,L_mode,A_mode,B_mode
90.41614412579177,183.89941751281154,176.9070248591527,3.365675783798291,1.522559322369774,1.5462422681933041,91.0,184.0,177.0,92.0,185.0,178.0
