L_mean,A_mean,B_mean,L_std,A_std,B_std,L_median,A_median,B_median,L_mode,A_mode,B_mode
99.09523506381895,188.13432218225802,180.44495018620492,2.5750082926447306,1.240306960788176,0.9801480179529343,99.0,188.0,181.0,98.0,188.0,181.0
