L_mean,A_mean,B_mean,L_std,A_std,B_std,L_median,A_median,B_median,L_mode,A_mode,B_mode
94.98274819365312,186.22704268389725,178.80373683037845,5.1169685108025575,2.4416771145873684,2.23559703613466,97.0,187.0,180.0,97.0,187.0,180.0
