L_mean,A_mean,B_mean,L_std,A_std,B_std,L_median,A_median,B_median,L_mode,A_mode,B_mode
81.73444313588185,180.09198841391603,172.91319985994843,4.358940783387273,2.1171459319666397,2.1681912914942054,83.0,181.0,174.0,84.0,181.0,174.0
