L_mean,A_mean,B_mean,L_std,A_std,B_std,L_median,A_median,B_median,L_mode,A_mode,B_mode
90.14794537988986,183.79316930324347,176.7317694241971,3.943209786583048,1.7584060372510595,1.8029047112405856,91.0,184.0,177.0,91.0,184.0,177.0
