L_mean,A_mean,B_mean,L_std,A_std,B_std,L_median,A_median,B_median,L_mode,A_mode,B_mode
106.93271158926696,191.35608110258778,183.3808447655728,3.8197204855982263,1.7559560754115824,1.6014042449566783,108.0,192.0,184.0,109.0,192.0,184.0
