L_mean,A_mean,B_mean,L_std,A_std,B_std,L_median,A_median,B_median,L_mode,A_mode,B_mode
90.88031957220613,184.0787790049973,177.11500143234554,3.69684550898809,1.7005783064447928,1.6768991322678286,92.0,184.0,177.0,95.0,185.0,178.0
