L_mean,A_mean,B_mean,L_std,A_std,B_std,L_median,A_median,B_median,L_mode,A_mode,B_mode
101.83340229811886,189.2116688417099,181.3056943692905,3.990503223908165,1.8680056046405036,1.534823174554537,103.0,190.0,181.0,105.0,190.0,181.0
