L_mean,A_mean,B_mean,L_std,A_std,B_std,L_median,A_median,B_median,L_mode,A_mode,B_mode
103.89387911003597,189.40548110895375,182.03908711843906,5.115561028309,2.095820049634669,2.043625934173992,105.0,190.0,183.0,106.0,190.0,183.0
