L_mean,A_mean,B_mean,L_std,A_std,B_std,L_median,A_median,B_median,L_mode,A_mode,B_mode
107.1081580036286,191.43218639590032,183.42763472005603,3.9742553835683405,1.8355292753846344,1.7089218945767144,108.0,192.0,184.0,110.0,193.0,185.0
