L_mean,A_mean,B_mean,L_std,A_std,B_std,L_median,A_median,B_median,L_mode,A_mode,B_mode
102.12385014482605,189.1681891969316,181.37517904319319,2.402511597795672,1.1272106182083046,1.024073062426449,103.0,189.0,181.0,104.0,190.0,182.0
