L_mean,A_mean,B_mean,L_std,A_std,B_std,L_median,A_median,B_median,L_mode,A_mode,B_mode
99.27752490689754,188.13323996562372,180.44816500620684,2.5395976625787924,1.2000691971377602,0.9460530891206251,100.0,188.0,181.0,101.0,189.0,181.0
