L_mean,A_mean,B_mean,L_std,A_std,B_std,L_median,A_median,B_median,L_mode,A_mode,B_mode
94.17805646624439,185.77251169748862,178.512429576344,3.6392676339659245,1.7741848167909036,1.637814269751412,95.0,186.0,179.0,97.0,187.0,180.0
