L_mean,A_mean,B_mean,L_std,A_std,B_std,L_median,A_median,B_median,L_mode,A_mode,B_mode
87.59124041124232,182.71146194735334,175.71006143170894,2.629282066247881,1.1835522185823568,1.2260689819002006,88.0,183.0,176.0,88.0,183.0,177.0
