L_mean,A_mean,B_mean,L_std,A_std,B_std,L_median,A_median,B_median,L_mode,A_mode,B_mode
90.1526562052392,183.791450488589,176.7964477830474,3.19501268969837,1.4384890736153384,1.4917573756754912,91.0,184.0,177.0,91.0,184.0,177.0
