L_mean,A_mean,B_mean,L_std,A_std,B_std,L_median,A_median,B_median,L_mode,A_mode,B_mode
98.17987077060191,187.46452557532547,180.02033930674475,2.8635939488961846,1.3298199080443371,1.0440087474734394,98.0,187.0,180.0,95.0,189.0,181.0
