L_mean,A_mean,B_mean,L_std,A_std,B_std,L_median,A_median,B_median,L_mode,A_mode,B_mode
94.92936944966101,186.1847725753573,178.78419327115893,5.330144128218132,2.5180175487595506,2.3454306685466753,97.0,187.0,179.0,97.0,187.0,180.0
