L_mean,A_mean,B_mean,L_std,A_std,B_std,L_median,A_median,B_median,L_mode,A_mode,B_mode
94.51825444822866,185.91549161282109,178.57023267657638,4.6839703197461064,2.237723135902347,2.1065735692521406,95.0,186.0,179.0,95.0,187.0,179.0
