L_mean,A_mean,B_mean,L_std,A_std,B_std,L_median,A_median,B_median,L_mode,A_mode,B_mode
86.52777158863036,182.11662475729702,175.1777699971353,3.408672503047422,1.5627593941983928,1.5876696804425554,87.0,183.0,176.0,88.0,183.0,176.0
