L_mean,A_mean,B_mean,L_std,A_std,B_std,L_median,A_median,B_median,L_mode,A_mode,B_mode
92.2187032498329,184.80434159849761,177.5886621892606,4.420427563451627,2.0860826356735185,1.9756546128997525,93.0,185.0,178.0,95.0,187.0,178.0
