L_mean,A_mean,B_mean,L_std,A_std,B_std,L_median,A_median,B_median,L_mode,A_mode,B_mode
101.65661902791483,189.0431295158672,181.2502148518318,5.609274005260571,2.5445268204655953,2.1913787853090376,104.0,190.0,182.0,105.0,191.0,183.0
