L_mean,A_mean,B_mean,L_std,A_std,B_std,L_median,A_median,B_median,L_mode,A_mode,B_mode
84.59375497342204,181.40898239806475,174.43470095808001,2.9323286864745506,1.4931511708886407,1.4235939884269386,85.0,182.0,175.0,85.0,182.0,175.0
