L_mean,A_mean,B_mean,L_std,A_std,B_std,L_median,A_median,B_median,L_mode,A_mode,B_mode
93.7247350160741,185.4498519909603,178.30754050354903,2.015643464784034,1.0743798853936457,0.9266885711383546,95.0,186.0,179.0,95.0,186.0,179.0
