L_mean,A_mean,B_mean,L_std,A_std,B_std,L_median,A_median,B_median,L_mode,A_mode,B_mode
87.30731769424197,182.44778304739472,175.55676862844956,3.2603669432246494,1.4867056664037543,1.45802184622628,88.0,183.0,176.0,91.0,183.0,177.0
