L_mean,A_mean,B_mean,L_std,A_std,B_std,L_median,A_median,B_median,L_mode,A_mode,B_mode
93.9215392940128,185.5978928605532,178.3735557182417,4.490573815732497,2.134701677328586,2.0503742515112577,95.0,186.0,179.0,95.0,185.0,179.0
