L_mean,A_mean,B_mean,L_std,A_std,B_std,L_median,A_median,B_median,L_mode,A_mode,B_mode
101.89693478053283,189.24362606232296,181.3473597097113,3.9943949254650275,1.882847182547545,1.5447062426596048,103.0,190.0,182.0,105.0,191.0,181.0
