L_mean,A_mean,B_mean,L_std,A_std,B_std,L_median,A_median,B_median,L_mode,A_mode,B_mode
92.39599579845307,184.93471687303054,177.72129738676512,4.671192702244807,2.196029593060845,2.043109369951723,95.0,186.0,179.0,95.0,187.0,179.0
