L_mean,A_mean,B_mean,L_std,A_std,B_std,L_median,A_median,B_median,L_mode,A_mode,B_mode
92.11178661234364,184.77693605372886,177.58955342648883,5.1734106411167335,2.401237160074354,2.2410752419796927,93.0,185.0,178.0,95.0,187.0,179.0
