L_mean,A_mean,B_mean,L_std,A_std,B_std,L_median,A_median,B_median,L_mode,A_mode,B_mode
99.02466817328198,188.13027978482987,180.43415984976286,2.5731585082560438,1.2849118146987506,0.9920433979550008,99.0,188.0,181.0,101.0,189.0,181.0
