L_mean,A_mean,B_mean,L_std,A_std,B_std,L_median,A_median,B_median,L_mode,A_mode,B_mode
100.48938472801349,188.29624088869085,180.73558901231817,3.5902046350564927,1.6318806069329193,1.3689522870849893,101.0,189.0,181.0,104.0,190.0,182.0
