L_mean,A_mean,B_mean,L_std,A_std,B_std,L_median,A_median,B_median,L_mode,A_mode,B_mode
100.41280198618583,188.2717955247159,180.7236527994398,3.610083400621932,1.6484180942179492,1.3967835838398703,101.0,189.0,181.0,104.0,190.0,182.0
