L_mean,A_mean,B_mean,L_std,A_std,B_std,L_median,A_median,B_median,L_mode,A_mode,B_mode
90.55508164369608,183.96489161918706,176.90998503994652,3.445328262332915,1.5086149714757533,1.4796755395948975,91.0,184.0,177.0,91.0,184.0,177.0
