L_mean,A_mean,B_mean,L_std,A_std,B_std,L_median,A_median,B_median,L_mode,A_mode,B_mode
89.49902918801922,183.58528821975364,176.45513575452782,4.581715066272133,2.0592178510564554,2.0402667088213597,91.0,184.0,177.0,91.0,184.0,177.0
