L_mean,A_mean,B_mean,L_std,A_std,B_std,L_median,A_median,B_median,L_mode,A_mode,B_mode
93.47853073176942,185.30540790018142,178.2314352102365,2.0311566738551834,1.0472448482919237,0.9405256893184611,95.0,186.0,178.0,95.0,186.0,179.0
