L_mean,A_mean,B_mean,L_std,A_std,B_std,L_median,A_median,B_median,L_mode,A_mode,B_mode
100.51644014387115,188.32164114969603,180.742018652322,3.5775350841938605,1.6368754840675208,1.3735661224810154,101.0,189.0,181.0,104.0,190.0,182.0
