L_mean,A_mean,B_mean,L_std,A_std,B_std,L_median,A_median,B_median,L_mode,A_mode,B_mode
92.54731514784989,184.99442976732342,177.7473660756915,3.795695681313422,1.7506230948025543,1.624882167896525,94.0,185.0,178.0,95.0,186.0,179.0
