L_mean,A_mean,B_mean,L_std,A_std,B_std,L_median,A_median,B_median,L_mode,A_mode,B_mode
108.11678390680206,192.06451920934526,183.9494222872967,2.2208737833988597,1.1090613935993971,1.1325821371453706,109.0,192.0,184.0,109.0,193.0,185.0
