L_mean,A_mean,B_mean,L_std,A_std,B_std,L_median,A_median,B_median,L_mode,A_mode,B_mode
98.10230130184296,187.4328866537225,179.99051468949932,2.899246077987236,1.3530038719954829,1.053103223735973,98.0,187.0,180.0,95.0,189.0,181.0
