L_mean,A_mean,B_mean,L_std,A_std,B_std,L_median,A_median,B_median,L_mode,A_mode,B_mode
102.27682464907534,189.30925931820352,181.46054683769933,3.435236307113043,1.5342540407918859,1.315121208536057,103.0,189.0,181.0,104.0,190.0,181.0
