L_mean,A_mean,B_mean,L_std,A_std,B_std,L_median,A_median,B_median,L_mode,A_mode,B_mode
99.78371582264379,188.44144889709392,180.65416812553713,2.819992948737456,1.3680917767810143,1.044184555852413,100.0,189.0,181.0,101.0,189.0,181.0
