L_mean,A_mean,B_mean,L_std,A_std,B_std,L_median,A_median,B_median,L_mode,A_mode,B_mode
102.02244008021135,189.30375274532895,181.3896934780533,3.906506930917529,1.8217999102930604,1.4938757794038071,103.0,190.0,182.0,105.0,191.0,181.0
