L_mean,A_mean,B_mean,L_std,A_std,B_std,L_median,A_median,B_median,L_mode,A_mode,B_mode
90.4463188719483,183.90645192093453,176.92083903619059,3.3617220430573735,1.5116901040990498,1.5481834098323755,91.0,184.0,177.0,92.0,185.0,178.0
