L_mean,A_mean,B_mean,L_std,A_std,B_std,L_median,A_median,B_median,L_mode,A_mode,B_mode
94.0731769424197,185.7325015119203,178.45752299710347,3.632538902555218,1.7655412599205553,1.6511715832677618,95.0,186.0,179.0,97.0,187.0,180.0
