L_mean,A_mean,B_mean,L_std,A_std,B_std,L_median,A_median,B_median,L_mode,A_mode,B_mode
96.27064964827959,186.56084285577873,179.28716936690327,3.6054262028465307,1.7421835046654928,1.4049681525465945,97.0,187.0,179.0,99.0,188.0,179.0
