L_mean,A_mean,B_mean,L_std,A_std,B_std,L_median,A_median,B_median,L_mode,A_mode,B_mode
96.09663557946335,186.19416239615495,178.95139574115925,6.197544360324531,2.846128235249164,2.5212540716346084,98.0,187.0,180.0,99.0,187.0,180.0
