L_mean,A_mean,B_mean,L_std,A_std,B_std,L_median,A_median,B_median,L_mode,A_mode,B_mode
89.63516567463475,182.964700639781,176.48352802622784,3.733295145828999,1.7271909559945822,1.6584825072761014,91.0,183.0,177.0,92.0,184.0,178.0
