L_mean,A_mean,B_mean,L_std,A_std,B_std,L_median,A_median,B_median,L_mode,A_mode,B_mode
77.99971353089092,178.05175541904066,170.98774548811153,2.654477394185526,1.3717316607823722,1.3184200918072824,79.0,178.0,171.0,79.0,179.0,171.0
