L_mean,A_mean,B_mean,L_std,A_std,B_std,L_median,A_median,B_median,L_mode,A_mode,B_mode
93.63443358691154,185.39268548874813,178.2735461692714,2.032102224177208,1.0831610280788062,0.9419614236104377,95.0,186.0,179.0,95.0,186.0,179.0
