L_mean,A_mean,B_mean,L_std,A_std,B_std,L_median,A_median,B_median,L_mode,A_mode,B_mode
94.70605086418182,185.9996817009899,178.6777540821848,5.173161368055211,2.431817863501349,2.309384415082213,97.0,187.0,179.0,97.0,187.0,180.0
