L_mean,A_mean,B_mean,L_std,A_std,B_std,L_median,A_median,B_median,L_mode,A_mode,B_mode
95.11856638125856,186.3020975904765,178.85434637298277,5.18033999532928,2.4484615756366486,2.2788168856013633,97.0,187.0,180.0,97.0,187.0,180.0
