L_mean,A_mean,B_mean,L_std,A_std,B_std,L_median,A_median,B_median,L_mode,A_mode,B_mode
82.26129165738294,180.36582105229652,173.17484164624247,2.889209533516609,1.427951117110016,1.4651172182163514,83.0,181.0,173.0,84.0,181.0,174.0
