L_mean,A_mean,B_mean,L_std,A_std,B_std,L_median,A_median,B_median,L_mode,A_mode,B_mode
82.47251488047873,180.4229557246077,173.29140274373748,3.164896288854246,1.560630234278865,1.6183197284065955,83.0,181.0,174.0,84.0,181.0,174.0
