L_mean,A_mean,B_mean,L_std,A_std,B_std,L_median,A_median,B_median,L_mode,A_mode,B_mode
91.7290002228093,184.49552789890822,177.34118470891556,4.124258496437318,1.88518156314749,1.788432979756771,93.0,185.0,178.0,95.0,185.0,178.0
