L_mean,A_mean,B_mean,L_std,A_std,B_std,L_median,A_median,B_median,L_mode,A_mode,B_mode
91.83241557118757,184.57462520291563,177.42168252856735,3.5117788446712113,1.5746561503123344,1.4996344289856296,92.0,185.0,178.0,94.0,185.0,178.0
