L_mean,A_mean,B_mean,L_std,A_std,B_std,L_median,A_median,B_median,L_mode,A_mode,B_mode
82.77626762580769,180.57825381163065,173.45392621828947,2.5022932259273376,1.2619919173950662,1.333224604853949,83.0,181.0,174.0,84.0,181.0,174.0
