L_mean,A_mean,B_mean,L_std,A_std,B_std,L_median,A_median,B_median,L_mode,A_mode,B_mode
108.03533119012,192.07260400420154,183.92306712926123,2.5711345401143832,1.1896146587180365,1.1923362844579763,109.0,192.0,184.0,109.0,193.0,185.0
