L_mean,A_mean,B_mean,L_std,A_std,B_std,L_median,A_median,B_median,L_mode,A_mode,B_mode
97.6452239233536,187.4896711971226,179.94951777699973,2.845133006755567,1.4594608755795448,1.2539463449566324,98.0,188.0,180.0,98.0,188.0,181.0
