L_mean,A_mean,B_mean,L_std,A_std,B_std,L_median,A_median,B_median,L_mode,A_mode,B_mode
99.13435401215902,188.19960530922748,180.45395804819046,2.3308712207901943,1.1783484478218496,0.9042463120278688,99.0,188.0,181.0,101.0,189.0,181.0
