L_mean,A_mean,B_mean,L_std,A_std,B_std,L_median,A_median,B_median,L_mode,A_mode,B_mode
94.37979437883948,185.5219148868447,178.41916796638762,4.667736154250168,2.2145055740784163,1.9042941390175667,95.0,186.0,179.0,95.0,187.0,179.0
