L_mean,A_mean,B_mean,L_std,A_std,B_std,L_median,A_median,B_median,L_mode,A_mode,B_mode
78.05818505904446,178.0766464016297,171.01044020753096,2.750324874391255,1.4145672905821016,1.3768819518085054,79.0,179.0,171.0,79.0,179.0,171.0
