L_mean,A_mean,B_mean,L_std,A_std,B_std,L_median,A_median,B_median,L_mode,A_mode,B_mode
92.07005761212082,184.7580290925295,177.59455072094727,4.810248438818299,2.2500356302628974,2.112760495173059,94.0,185.0,178.0,95.0,187.0,179.0
