L_mean,A_mean,B_mean,L_std,A_std,B_std,L_median,A_median,B_median,L_mode,A_mode,B_mode
107.29862813126651,191.6652767609893,183.5067638539644,2.5482376489692724,1.1836953938467039,1.1953193223723684,108.0,192.0,184.0,109.0,192.0,184.0
