L_mean,A_mean,B_mean,L_std,A_std,B_std,L_median,A_median,B_median,L_mode,A_mode,B_mode
78.16602476366299,178.12751058344207,171.08100709806791,2.5747669737688947,1.3206503744734974,1.294919124036931,79.0,179.0,171.0,79.0,179.0,171.0
