L_mean,A_mean,B_mean,L_std,A_std,B_std,L_median,A_median,B_median,L_mode,A_mode,B_mode
102.06190915746252,189.13661393513067,181.33271795524715,2.418828577497072,1.1199349520701856,1.0073118730089292,103.0,189.0,181.0,104.0,190.0,182.0
