L_mean,A_mean,B_mean,L_std,A_std,B_std,L_median,A_median,B_median,L_mode,A_mode,B_mode
89.5342330585352,183.60753732055895,176.47369258681604,4.565356784267583,2.0610813303694786,2.0224147163208883,91.0,184.0,177.0,91.0,184.0,177.0
