L_mean,A_mean,B_mean,L_std,A_std,B_std,L_median,A_median,B_median,L_mode,A_mode,B_mode
93.59442340134322,185.40945984657986,178.24690454212688,2.3302036855863473,1.2267536484789514,1.0438526053085415,95.0,186.0,179.0,95.0,186.0,179.0
