L_mean,A_mean,B_mean,L_std,A_std,B_std,L_median,A_median,B_median,L_mode,A_mode,B_mode
90.45669541967725,183.90842537479708,176.91756055638666,3.364606926825477,1.5255812449073929,1.5580655238976269,91.0,184.0,177.0,92.0,185.0,178.0
