L_mean,A_mean,B_mean,L_std,A_std,B_std,L_median,A_median,B_median,L_mode,A_mode,B_mode
96.48511952127829,186.49902918801922,179.1965178088296,4.672946636806559,2.1837990383907173,1.7916769477111232,97.0,187.0,179.0,95.0,187.0,179.0
