L_mean,A_mean,B_mean,L_std,A_std,B_std,L_median,A_median,B_median,L_mode,A_mode,B_mode
96.33828818792374,186.43084954005792,179.14218416780724,4.65892535574686,2.1885441821993794,1.804750889791826,97.0,187.0,179.0,95.0,187.0,179.0
