L_mean,A_mean,B_mean,L_std,A_std,B_std,L_median,A_median,B_median,L_mode,A_mode,B_mode
102.17598752267881,189.05882165706464,181.392208040233,3.580364270218641,1.6615464153166497,1.4383521934311276,104.0,190.0,182.0,104.0,190.0,182.0
