L_mean,A_mean,B_mean,L_std,A_std,B_std,L_median,A_median,B_median,L_mode,A_mode,B_mode
96.51701308208932,186.54877932329632,179.3020657605755,3.8462011380265313,1.871913006598664,1.485986187933844,97.0,187.0,179.0,95.0,187.0,179.0
