L_mean,A_mean,B_mean,L_std,A_std,B_std,L_median,A_median,B_median,L_mode,A_mode,B_mode
99.7925963650253,188.46026036859024,180.67132444218097,2.7911137017838397,1.345476854623958,1.0347614957713278,100.0,189.0,181.0,101.0,189.0,181.0
