L_mean,A_mean,B_mean,L_std,A_std,B_std,L_median,A_median,B_median,L_mode,A_mode,B_mode
94.34073909030143,185.41849953846645,178.36830378457523,4.811143627668806,2.2410843082381176,1.9904386688926443,95.0,186.0,179.0,99.0,187.0,179.0
