L_mean,A_mean,B_mean,L_std,A_std,B_std,L_median,A_median,B_median,L_mode,A_mode,B_mode
78.14043352325174,178.12824267116528,171.04710825349332,2.5718872945071345,1.325187312024875,1.2778135543896667,79.0,179.0,171.0,79.0,179.0,171.0
