L_mean,A_mean,B_mean,L_std,A_std,B_std,L_median,A_median,B_median,L_mode,A_mode,B_mode
103.9275233154025,189.36629850081167,182.04688544418627,5.032957242056437,2.067247321021371,2.0296843581534856,105.0,190.0,183.0,106.0,190.0,183.0
