L_mean,A_mean,B_mean,L_std,A_std,B_std,L_median,A_median,B_median,L_mode,A_mode,B_mode
98.18776458605214,187.46898176146672,180.01467358436514,2.878200694563682,1.3429832399894102,1.0646027549738333,98.0,188.0,180.0,95.0,189.0,181.0
