L_mean,A_mean,B_mean,L_std,A_std,B_std,L_median,A_median,B_median,L_mode,A_mode,B_mode
96.50574529713212,186.6243435082917,179.2922621510647,3.747264569650962,1.7979356609309722,1.499049534719084,97.0,187.0,180.0,99.0,188.0,180.0
