L_mean,A_mean,B_mean,L_std,A_std,B_std,L_median,A_median,B_median,L_mode,A_mode,B_mode
94.59318203520387,185.96199509819525,178.59865677817743,4.710256039265258,2.2417308516425245,2.1065673870001698,95.0,186.0,179.0,95.0,187.0,179.0
