L_mean,A_mean,B_mean,L_std,A_std,B_std,L_median,A_median,B_median,L_mode,A_mode,B_mode
92.46618073017792,184.95101378234713,177.70006684279213,3.801370480093072,1.746960784557141,1.6349288730016127,94.0,185.0,178.0,95.0,186.0,179.0
