L_mean,A_mean,B_mean,L_std,A_std,B_std,L_median,A_median,B_median,L_mode,A_mode,B_mode
89.97342203265748,183.68157367030588,176.63866696374575,4.257809401868265,1.8822991615622382,1.9480467858854882,91.0,184.0,177.0,91.0,184.0,177.0
