L_mean,A_mean,B_mean,L_std,A_std,B_std,L_median,A_median,B_median,L_mode,A_mode,B_mode
92.33752427029953,184.8254766527676,177.67320240634052,5.071976503602767,2.3671614409929047,2.2318915149975185,95.0,186.0,179.0,95.0,187.0,179.0
