L_mean,A_mean,B_mean,L_std,A_std,B_std,L_median,A_median,B_median,L_mode,A_mode,B_mode
78.4226374255976,178.5303816405131,171.23159435974154,3.1922935092123974,1.620875116957239,1.5478419988909407,79.0,179.0,171.0,79.0,179.0,171.0
