L_mean,A_mean,B_mean,L_std,A_std,B_std,L_median,A_median,B_median,L_mode,A_mode,B_mode
86.85915268803514,182.5343603781392,175.27462838590571,2.5023655134421587,1.1870400610609118,1.1396407662455703,87.0,183.0,175.0,88.0,183.0,175.0
