L_mean,A_mean,B_mean,L_std,A_std,B_std,L_median,A_median,B_median,L_mode,A_mode,B_mode
86.7607346341153,182.25607155361746,175.22182258013177,5.704964025777595,2.6255639792800625,2.67637999573288,89.0,183.0,176.0,91.0,184.0,177.0
