L_mean,A_mean,B_mean,L_std,A_std,B_std,L_median,A_median,B_median,L_mode,A_mode,B_mode
84.87147085972563,181.55352197854666,174.48877995989432,3.166215972502395,1.5862866937274527,1.4933676364604298,85.0,182.0,175.0,88.0,183.0,175.0
