L_mean,A_mean,B_mean,L_std,A_std,B_std,L_median,A_median,B_median,L_mode,A_mode,B_mode
85.98879587484483,182.08040232994875,175.02123054397302,3.007503011091555,1.4639251669407547,1.4195248870177686,86.0,182.0,175.0,88.0,183.0,175.0
