L_mean,A_mean,B_mean,L_std,A_std,B_std,L_median,A_median,B_median,L_mode,A_mode,B_mode
85.27545596333195,181.7424006111341,174.6596746984117,4.713075708709106,2.2023918647015854,2.26457901478195,86.0,182.0,175.0,88.0,183.0,175.0
