L_mean,A_mean,B_mean,L_std,A_std,B_std,L_median,A_median,B_median,L_mode,A_mode,B_mode
84.4190724766846,181.32577903682719,174.3691631919025,2.313453168841945,1.195077485893844,1.1049528129074437,84.0,181.0,174.0,82.0,180.0,175.0
