L_mean,A_mean,B_mean,L_std,A_std,B_std,L_median,A_median,B_median,L_mode,A_mode,B_mode
86.19973262883153,182.21876690963492,175.04618518636408,2.7481947552620016,1.3964720434941529,1.2481458784531037,87.0,183.0,175.0,88.0,183.0,175.0
