L_mean,A_mean,B_mean,L_std,A_std,B_std,L_median,A_median,B_median,L_mode,A_mode,B_mode
85.69376452239233,182.0127001305026,174.78823566858708,2.9605929143617336,1.5083159333079172,1.2729699045414533,86.0,182.0,175.0,88.0,183.0,175.0
