L_mean,A_mean,B_mean,L_std,A_std,B_std,L_median,A_median,B_median,L_mode,A_mode,B_mode
94.37326924913263,185.72187032498329,178.56163860330395,2.3952970930235638,1.2029495266437433,1.072120581024643,95.0,186.0,179.0,95.0,186.0,179.0
