L_mean,A_mean,B_mean,L_std,A_std,B_std,L_median,A_median,B_median,L_mode,A_mode,B_mode
91.80714262978643,184.49390457395677,177.42200082757742,4.901157200296732,2.305546027635533,2.087812447763261,93.0,185.0,178.0,95.0,186.0,179.0
