L_mean,A_mean,B_mean,L_std,A_std,B_std,L_median,A_median,B_median,L_mode,A_mode,B_mode
83.7247350160741,181.0271509055607,174.0911290065888,1.7698050655502684,0.9871184634504592,0.9738119447746835,84.0,181.0,174.0,84.0,181.0,174.0
