L_mean,A_mean,B_mean,L_std,A_std,B_std,L_median,A_median,B_median,L_mode,A_mode,B_mode
86.55950599993633,182.35525352516154,175.11894834007066,3.625522992633554,1.7277820887471071,1.7100089764166855,88.0,183.0,175.0,88.0,183.0,175.0
