L_mean,A_mean,B_mean,L_std,A_std,B_std,L_median,A_median,B_median,L_mode,A_mode,B_mode
91.67479390139097,184.44883343412803,177.4243244103511,2.2489024095542676,1.0101030220447325,0.9319938472827264,92.0,184.0,178.0,91.0,185.0,178.0
