L_mean,A_mean,B_mean,L_std,A_std,B_std,L_median,A_median,B_median,L_mode,A_mode,B_mode
90.85195913040711,184.194353375561,177.02215361110228,5.098115704657954,2.4025657803753413,2.2484084649750713,92.0,185.0,178.0,95.0,185.0,179.0
