L_mean,A_mean,B_mean,L_std,A_std,B_std,L_median,A_median,B_median,L_mode,A_mode,B_mode
90.65225833147659,184.04395709329344,177.08915555272623,2.1730717817547354,1.0649025997357302,1.0297533720051757,91.0,184.0,177.0,92.0,185.0,178.0
