L_mean,A_mean,B_mean,L_std,A_std,B_std,L_median,A_median,B_median,L_mode,A_mode,B_mode
94.11251870006684,185.6308368080975,178.45236655314002,3.118465903271521,1.555468405796454,1.416787992079739,95.0,186.0,179.0,95.0,187.0,179.0
