L_mean,A_mean,B_mean,L_std,A_std,B_std,L_median,A_median,B_median,L_mode,A_mode,B_mode
86.29051150650922,182.24976923321768,174.99509819524462,3.764554564387181,1.7917512238082145,1.7594848743989593,88.0,183.0,175.0,88.0,183.0,175.0
