L_mean,A_mean,B_mean,L_std,A_std,B_std,L_median,A_median,B_median,L_mode,A_mode,B_mode
86.84778941337493,182.2642518381768,175.24512206767037,5.663018406227855,2.6086657341223343,2.660946773423478,89.0,183.0,176.0,91.0,184.0,177.0
