L_mean,A_mean,B_mean,L_std,A_std,B_std,L_median,A_median,B_median,L_mode,A_mode,B_mode
85.6381576853296,181.88385269121812,174.9654327275042,2.613276423790376,1.2792189602054802,1.1658723505836899,85.0,182.0,175.0,85.0,182.0,175.0
