L_mean,A_mean,B_mean,L_std,A_std,B_std,L_median,A_median,B_median,L_mode,A_mode,B_mode
90.45109335709967,183.78358850303977,176.90301429162557,5.2739115116313755,2.467032554592486,2.3352479813247573,92.0,185.0,178.0,95.0,185.0,178.0
