L_mean,A_mean,B_mean,L_std,A_std,B_std,L_median,A_median,B_median,L_mode,A_mode,B_mode
93.99942706178184,185.61530381640512,178.4222872966865,3.3282651326476556,1.6303064806779983,1.491258315474806,95.0,186.0,179.0,95.0,187.0,179.0
