L_mean,A_mean,B_mean,L_std,A_std,B_std,L_median,A_median,B_median,L_mode,A_mode,B_mode
83.60814208867811,180.91638285004933,174.1428525957284,1.6219704208210663,0.9321476359863853,0.8417365509081793,84.0,181.0,174.0,82.0,180.0,174.0
