L_mean,A_mean,B_mean,L_std,A_std,B_std,L_median,A_median,B_median,L_mode,A_mode,B_mode
86.20625775853837,182.21749371359456,174.9385046312506,4.002885425281457,1.9112674485700176,1.896910148141306,88.0,183.0,175.0,88.0,183.0,175.0
