L_mean,A_mean,B_mean,L_std,A_std,B_std,L_median,A_median,B_median,L_mode,A_mode,B_mode
86.89804882706815,182.30477130216124,175.2950950122545,5.699778325183853,2.6337582303666136,2.6692109759136224,89.0,183.0,176.0,91.0,184.0,177.0
