L_mean,A_mean,B_mean,L_std,A_std,B_std,L_median,A_median,B_median,L_mode,A_mode,B_mode
86.70359996180412,182.21077760448165,175.1770060795111,5.719334039710363,2.641164929890445,2.693354659125288,89.0,183.0,176.0,91.0,184.0,177.0
