L_mean,A_mean,B_mean,L_std,A_std,B_std,L_median,A_median,B_median,L_mode,A_mode,B_mode
86.51618550466308,182.38405958557468,175.19737721615687,2.7710466214717893,1.378445714285192,1.2958556675846304,87.0,183.0,175.0,88.0,183.0,175.0
