L_mean,A_mean,B_mean,L_std,A_std,B_std,L_median,A_median,B_median,L_mode,A_mode,B_mode
91.53152751694942,184.3791577808193,177.37135945507208,2.2990752090204203,1.0130840076768852,0.928023884774965,92.0,184.0,177.0,91.0,185.0,178.0
