L_mean,A_mean,B_mean,L_std,A_std,B_std,L_median,A_median,B_median,L_mode,A_mode,B_mode
73.8031638921603,176.30006047681192,169.14266161632239,2.945999678304183,1.4899537300045795,1.5106214080017075,74.0,177.0,170.0,76.0,177.0,170.0
