L_mean,A_mean,B_mean,L_std,A_std,B_std,L_median,A_median,B_median,L_mode,A_mode,B_mode
84.59951618550467,181.3198268453385,174.3070312251329,4.750461065657318,2.2349743019650843,2.2802473909793757,86.0,182.0,175.0,88.0,183.0,176.0
