L_mean,A_mean,B_mean,L_std,A_std,B_std,L_median,A_median,B_median,L_mode,A_mode,B_mode
89.44975650125728,183.12025336601204,176.5084826686189,4.533478093703522,2.1745489624738936,1.9534954060026994,91.0,184.0,177.0,93.0,185.0,178.0
