L_mean,A_mean,B_mean,L_std,A_std,B_std,L_median,A_median,B_median,L_mode,A_mode,B_mode
90.97170321800299,183.81366775949326,177.18413597733712,3.3010782367059592,1.7551010730657786,1.5378446112098487,92.0,184.0,178.0,93.0,185.0,178.0
