L_mean,A_mean,B_mean,L_std,A_std,B_std,L_median,A_median,B_median,L_mode,A_mode,B_mode
89.46204284304676,183.13941496641945,176.58382404430722,3.5249889430984824,1.7152212045286812,1.6134372899403489,91.0,184.0,177.0,93.0,184.0,178.0
