L_mean,A_mean,B_mean,L_std,A_std,B_std,L_median,A_median,B_median,L_mode,A_mode,B_mode
89.6632396473247,183.26651176114842,176.58697520450713,4.461100992020935,2.1768591700406286,1.9779194789391532,92.0,184.0,178.0,93.0,185.0,178.0
