L_mean,A_mean,B_mean,L_std,A_std,B_std,L_median,A_median,B_median,L_mode,A_mode,B_mode
93.86831969952573,184.7968297418595,178.0117452334723,5.064098429297032,2.268854484050333,1.9483451187046827,95.0,185.0,178.0,97.0,186.0,178.0
