L_mean,A_mean,B_mean,L_std,A_std,B_std,L_median,A_median,B_median,L_mode,A_mode,B_mode
85.10242862144699,181.2731005506573,174.48849349078523,4.3578267469532515,2.026787733152755,2.047781119162317,86.0,182.0,175.0,86.0,182.0,176.0
