L_mean,A_mean,B_mean,L_std,A_std,B_std,L_median,A_median,B_median,L_mode,A_mode,B_mode
84.78648502403158,181.07432281885605,174.3636247891269,3.9978338829551463,1.879345877895151,1.8542680792661228,86.0,182.0,175.0,86.0,182.0,176.0
