L_mean,A_mean,B_mean,L_std,A_std,B_std,L_median,A_median,B_median,L_mode,A_mode,B_mode
90.11340993729509,183.3696088105166,176.67320240634052,5.626264734577832,2.663151624557745,2.447473200472819,93.0,185.0,178.0,93.0,185.0,178.0
