L_mean,A_mean,B_mean,L_std,A_std,B_std,L_median,A_median,B_median,L_mode,A_mode,B_mode
91.71715949963395,184.2466180730178,177.5349651462584,1.8840588762839683,1.0460982104094314,0.8940897666972574,92.0,185.0,178.0,93.0,185.0,178.0
