L_mean,A_mean,B_mean,L_std,A_std,B_std,L_median,A_median,B_median,L_mode,A_mode,B_mode
89.41687621351498,183.14157939968806,176.59117675144032,3.3597494104593677,1.6551446794154152,1.5520536248474766,91.0,184.0,177.0,91.0,184.0,178.0
