L_mean,A_mean,B_mean,L_std,A_std,B_std,L_median,A_median,B_median,L_mode,A_mode,B_mode
93.94019161600407,185.15879937613394,178.18273546169272,4.255662579945585,1.9652146672378001,1.6761056473718206,95.0,185.0,178.0,93.0,185.0,178.0
