L_mean,A_mean,B_mean,L_std,A_std,B_std,L_median,A_median,B_median,L_mode,A_mode,B_mode
89.07263583410256,182.90928478212433,176.27832065442277,5.398413187435463,2.5672980500375204,2.425804822339914,91.0,184.0,177.0,93.0,185.0,178.0
