L_mean,A_mean,B_mean,L_std,A_std,B_std,L_median,A_median,B_median,L_mode,A_mode,B_mode
92.19775917496897,184.45567686284497,177.77225705828056,2.1043741826178355,1.1824372905144795,0.9286607828645916,93.0,185.0,178.0,93.0,185.0,178.0
