L_mean,A_mean,B_mean,L_std,A_std,B_std,L_median,A_median,B_median,L_mode,A_mode,B_mode
73.74042715727154,176.28398637680237,169.17474615653944,3.287310484252075,1.6597540011556584,1.644866113151692,74.0,177.0,170.0,75.0,177.0,170.0
