L_mean,A_mean,B_mean,L_std,A_std,B_std,L_median,A_median,B_median,L_mode,A_mode,B_mode
84.53394658942611,181.40599038736988,174.58496992074356,1.8751627207413886,1.0434382837685703,0.8167971525298824,85.0,182.0,175.0,85.0,182.0,175.0
