L_mean,A_mean,B_mean,L_std,A_std,B_std,L_median,A_median,B_median,L_mode,A_mode,B_mode
90.15711239138047,183.8360760098036,176.8317471432664,2.195793235578973,0.9917181797926073,1.103571640355445,91.0,184.0,177.0,91.0,184.0,177.0
