L_mean,A_mean,B_mean,L_std,A_std,B_std,L_median,A_median,B_median,L_mode,A_mode,B_mode
97.11178661234364,185.96317280453258,179.22287296686508,4.893906910410846,2.124846576456731,1.9185529807757804,98.0,186.0,179.0,101.0,187.0,179.0
