L_mean,A_mean,B_mean,L_std,A_std,B_std,L_median,A_median,B_median,L_mode,A_mode,B_mode
89.84072317535093,183.6908680014005,176.71359455072096,2.4165007808778367,1.102750658787901,1.1633094558082346,91.0,184.0,177.0,91.0,184.0,177.0
