L_mean,A_mean,B_mean,L_std,A_std,B_std,L_median,A_median,B_median,L_mode,A_mode,B_mode
82.40939618677785,180.28573702135787,173.56669955756436,2.1924699988544254,1.2002506258213403,1.307512926173638,82.0,180.0,174.0,82.0,180.0,174.0
