L_mean,A_mean,B_mean,L_std,A_std,B_std,L_median,A_median,B_median,L_mode,A_mode,B_mode
90.04462552121463,183.74255976063915,176.74080911608365,3.4546400183788255,1.5577931866677173,1.5581260642006285,91.0,184.0,177.0,92.0,185.0,178.0
