L_mean,A_mean,B_mean,L_std,A_std,B_std,L_median,A_median,B_median,L_mode,A_mode,B_mode
82.47073240602222,180.25212464589234,173.56329375815642,1.732118237733048,0.9003352352176052,1.0874716315081163,82.0,180.0,174.0,82.0,180.0,174.0
