L_mean,A_mean,B_mean,L_std,A_std,B_std,L_median,A_median,B_median,L_mode,A_mode,B_mode
93.87583155616386,185.17172231594358,178.19158417417322,4.140895417886424,1.9716974859522438,1.6491489773879329,94.0,185.0,178.0,93.0,185.0,178.0
