L_mean,A_mean,B_mean,L_std,A_std,B_std,L_median,A_median,B_median,L_mode,A_mode,B_mode
82.96320463443358,180.59346850431294,173.8226119616768,2.022249115974023,1.1110623307035181,1.1475444114132582,82.0,180.0,174.0,82.0,180.0,174.0
