L_mean,A_mean,B_mean,L_std,A_std,B_std,L_median,A_median,B_median,L_mode,A_mode,B_mode
76.89944934271254,177.59973899481173,170.43256835471243,4.394714342025194,2.173846484679477,2.108673715915188,79.0,179.0,171.0,80.0,179.0,171.0
