L_mean,A_mean,B_mean,L_std,A_std,B_std,L_median,A_median,B_median,L_mode,A_mode,B_mode
85.50192570901105,181.53754336824014,174.80682433077632,3.153256556778438,1.5137302127615135,1.443977783079714,86.0,182.0,175.0,86.0,182.0,176.0
