L_mean,A_mean,B_mean,L_std,A_std,B_std,L_median,A_median,B_median,L_mode,A_mode,B_mode
92.44730559887958,184.50790973040074,177.78877677690423,1.444731461118693,0.9033417790336906,0.6759991683353106,93.0,185.0,178.0,93.0,185.0,178.0
