L_mean,A_mean,B_mean,L_std,A_std,B_std,L_median,A_median,B_median,L_mode,A_mode,B_mode
92.68571155743706,184.74800267371168,177.89496132667028,2.0682639298862764,1.1156390125887332,0.963316404061758,93.0,185.0,178.0,93.0,185.0,178.0
