L_mean,A_mean,B_mean,L_std,A_std,B_std,L_median,A_median,B_median,L_mode,A_mode,B_mode
88.95610656650858,182.8979215074641,176.37021357863577,3.3422966654835338,1.6994512426600927,1.5449821629125964,90.0,183.0,177.0,91.0,184.0,178.0
