L_mean,A_mean,B_mean,L_std,A_std,B_std,L_median,A_median,B_median,L_mode,A_mode,B_mode
90.15568004583506,183.5049813795079,176.77569468758952,5.062813898557092,2.411744131005846,2.253949370819151,92.0,184.0,178.0,93.0,185.0,178.0
