L_mean,A_mean,B_mean,L_std,A_std,B_std,L_median,A_median,B_median,L_mode,A_mode,B_mode
85.22230002864691,181.59779737085017,174.59910239679155,4.678971701571594,2.213474773925524,2.2266650257127902,86.0,182.0,175.0,88.0,183.0,177.0
