L_mean,A_mean,B_mean,L_std,A_std,B_std,L_median,A_median,B_median,L_mode,A_mode,B_mode
86.87131171022058,182.30362542572493,175.3177260718719,4.455459312648911,2.0846511014239293,2.115614117682635,88.0,183.0,176.0,91.0,184.0,177.0
