L_mean,A_mean,B_mean,L_std,A_std,B_std,L_median,A_median,B_median,L_mode,A_mode,B_mode
85.13120285195913,181.5389438838845,174.55065728745583,4.402247201759061,2.091616602695352,2.1306005073677254,86.0,182.0,175.0,88.0,183.0,176.0
