L_mean,A_mean,B_mean,L_std,A_std,B_std,L_median,A_median,B_median,L_mode,A_mode,B_mode
90.29366266670911,183.57332017697425,176.83187446287042,2.5502254792095753,1.2054032945476632,1.161434129473002,91.0,184.0,177.0,93.0,185.0,178.0
