L_mean,A_mean,B_mean,L_std,A_std,B_std,L_median,A_median,B_median,L_mode,A_mode,B_mode
78.5890759779737,178.5078142406977,171.27800235541267,2.6588385240138224,1.292575560243099,1.324269638709079,79.0,179.0,171.0,79.0,179.0,171.0
