L_mean,A_mean,B_mean,L_std,A_std,B_std,L_median,A_median,B_median,L_mode,A_mode,B_mode
91.73772161568577,184.22109049240856,177.57408409459848,1.8187794148149492,1.025867148890373,0.8642928561893437,92.0,184.0,178.0,93.0,185.0,178.0
