L_mean,A_mean,B_mean,L_std,A_std,B_std,L_median,A_median,B_median,L_mode,A_mode,B_mode
85.4038577840023,181.4883980010822,174.66690008594074,3.179212608080456,1.538405928914655,1.459114175611051,86.0,182.0,175.0,86.0,182.0,176.0
