L_mean,A_mean,B_mean,L_std,A_std,B_std,L_median,A_median,B_median,L_mode,A_mode,B_mode
87.69981220358405,182.46379348760226,175.72992328993857,3.554049581345428,1.6651610059042399,1.6136533014192773,89.0,183.0,176.0,91.0,183.0,176.0
