L_mean,A_mean,B_mean,L_std,A_std,B_std,L_median,A_median,B_median,L_mode,A_mode,B_mode
88.33930674475603,182.58777095203234,176.0145780946621,3.8022942748607464,1.8237900817471944,1.739599704289435,90.0,183.0,176.0,91.0,184.0,178.0
