L_mean,A_mean,B_mean,L_std,A_std,B_std,L_median,A_median,B_median,L_mode,A_mode,B_mode
92.14142025018302,184.45249387274404,177.67705382436262,1.953012059889675,1.0757434330851265,0.9508782629933904,93.0,185.0,178.0,93.0,185.0,178.0
