L_mean,A_mean,B_mean,L_std,A_std,B_std,L_median,A_median,B_median,L_mode,A_mode,B_mode
92.63443358691154,184.4509023776936,177.65665085781583,4.174969330689763,1.9683363545800963,1.680272571805194,94.0,185.0,178.0,95.0,185.0,178.0
