L_mean,A_mean,B_mean,L_std,A_std,B_std,L_median,A_median,B_median,L_mode,A_mode,B_mode
73.44409077887768,176.11216857115573,169.02501830219308,3.1877325529346567,1.60129020303571,1.6109578257438395,74.0,176.0,170.0,73.0,177.0,170.0
