L_mean,A_mean,B_mean,L_std,A_std,B_std,L_median,A_median,B_median,L_mode,A_mode,B_mode
84.88264315497979,181.43008562243372,174.43486010758505,4.841386339345051,2.298491294665931,2.3347535230866385,86.0,182.0,175.0,88.0,183.0,176.0
