L_mean,A_mean,B_mean,L_std,A_std,B_std,L_median,A_median,B_median,L_mode,A_mode,B_mode
91.96320463443358,184.4356876850113,177.65814686316327,1.7425444568295563,0.9565341438542421,0.8314180430207299,93.0,185.0,178.0,93.0,185.0,178.0
