L_mean,A_mean,B_mean,L_std,A_std,B_std,L_median,A_median,B_median,L_mode,A_mode,B_mode
84.74962599866315,181.34182130693574,174.37113664576503,4.780203845707344,2.241443716008764,2.2903189896399674,86.0,182.0,175.0,88.0,183.0,176.0
