L_mean,A_mean,B_mean,L_std,A_std,B_std,L_median,A_median,B_median,L_mode,A_mode,B_mode
93.87325333418212,184.7371168475666,178.00795747525225,5.239961526904083,2.3521458328997262,2.0265459649930926,95.0,185.0,178.0,95.0,185.0,178.0
