L_mean,A_mean,B_mean,L_std,A_std,B_std,L_median,A_median,B_median,L_mode,A_mode,B_mode
93.79491994779896,185.08670465034854,178.13578635770443,3.9722893810309228,1.8856052806451362,1.5606809288705648,94.0,185.0,178.0,93.0,185.0,178.0
