L_mean,A_mean,B_mean,L_std,A_std,B_std,L_median,A_median,B_median,L_mode,A_mode,B_mode
97.02571856001528,185.92949676926506,179.18738262724003,4.8971053231812505,2.185420846785143,1.9203310135824092,97.0,186.0,179.0,101.0,187.0,180.0
