L_mean,A_mean,B_mean,L_std,A_std,B_std,L_median,A_median,B_median,L_mode,A_mode,B_mode
84.83305216920775,181.16058185059043,174.40439889231945,3.379568692917698,1.5621296562763052,1.5534889726245242,85.0,182.0,175.0,86.0,182.0,175.0
