L_mean,A_mean,B_mean,L_std,A_std,B_std,L_median,A_median,B_median,L_mode,A_mode,B_mode
94.10551612184486,185.27189101441894,178.2815991342267,4.294634898555955,1.9838883998166226,1.72043112586147,95.0,186.0,179.0,95.0,187.0,180.0
