L_mean,A_mean,B_mean,L_std,A_std,B_std,L_median,A_median,B_median,L_mode,A_mode,B_mode
84.95416494254702,181.2681987459019,174.51691759238628,3.3518900213107656,1.5911943894913245,1.577584200354132,85.0,182.0,175.0,86.0,182.0,174.0
