L_mean,A_mean,B_mean,L_std,A_std,B_std,L_median,A_median,B_median,L_mode,A_mode,B_mode
86.2664481013464,181.52003692268516,175.02750103447178,3.2197672331852605,1.4864599478745277,1.3073395569466197,87.0,182.0,175.0,88.0,183.0,176.0
