L_mean,A_mean,B_mean,L_std,A_std,B_std,L_median,A_median,B_median,L_mode,A_mode,B_mode
85.57901772925486,181.84918992901933,174.81726453830728,3.446100347348517,1.6552139791878353,1.694689759296827,86.0,182.0,175.0,85.0,182.0,175.0
