L_mean,A_mean,B_mean,L_std,A_std,B_std,L_median,A_median,B_median,L_mode,A_mode,B_mode
92.38011267784957,184.27644269026322,177.53732055893306,4.772513739633825,2.1823838019287654,1.8900286142986509,93.0,185.0,178.0,93.0,185.0,178.0
