L_mean,A_mean,B_mean,L_std,A_std,B_std,L_median,A_median,B_median,L_mode,A_mode,B_mode
85.90858452430213,181.72126555686413,174.97803736830377,2.517619694059771,1.2434463093609645,1.1355042633179733,86.0,182.0,175.0,86.0,182.0,176.0
