L_mean,A_mean,B_mean,L_std,A_std,B_std,L_median,A_median,B_median,L_mode,A_mode,B_mode
93.79129133908394,185.13514975968425,178.14823184899896,4.290835727582592,2.0313320686864937,1.7218828217895357,94.0,185.0,178.0,95.0,185.0,179.0
