L_mean,A_mean,B_mean,L_std,A_std,B_std,L_median,A_median,B_median,L_mode,A_mode,B_mode
91.17207244485469,183.9650189387911,177.30674475602382,1.5089261655245745,0.8948853731605072,0.8565068132416197,91.0,184.0,178.0,93.0,184.0,178.0
