L_mean,A_mean,B_mean,L_std,A_std,B_std,L_median,A_median,B_median,L_mode,A_mode,B_mode
89.27806601521469,183.02960180793838,176.42588407550053,4.621684750072378,2.2254980466967553,2.059804782799956,91.0,184.0,177.0,93.0,185.0,178.0
