L_mean,A_mean,B_mean,L_std,A_std,B_std,L_median,A_median,B_median,L_mode,A_mode,B_mode
87.22064487379444,182.04545309864088,175.46659451889104,3.096233088305313,1.4570837671982686,1.3486262208585527,88.0,182.0,176.0,90.0,183.0,176.0
