L_mean,A_mean,B_mean,L_std,A_std,B_std,L_median,A_median,B_median,L_mode,A_mode,B_mode
80.3201133144476,179.32568354712416,172.40013368558425,4.836075349889387,2.3808879940563044,2.482116578014387,82.0,180.0,173.0,82.0,180.0,174.0
