L_mean,A_mean,B_mean,L_std,A_std,B_std,L_median,A_median,B_median,L_mode,A_mode,B_mode
90.56198873221504,183.62669892096636,177.05404717191328,2.1487194751142527,1.1833978668928764,1.0645428413669062,91.0,184.0,177.0,93.0,185.0,178.0
