L_mean,A_mean,B_mean,L_std,A_std,B_std,L_median,A_median,B_median,L_mode,A_mode,B_mode
84.8265270395009,181.4854696501894,174.4247700289652,3.5705830464343764,1.7414129319961522,1.7374861245372912,85.0,182.0,175.0,88.0,183.0,175.0
