L_mean,A_mean,B_mean,L_std,A_std,B_std,L_median,A_median,B_median,L_mode,A_mode,B_mode
82.37842569309609,180.22398701340038,173.59633319540376,1.7327664385733537,0.9651886380588314,1.096889738789329,82.0,180.0,174.0,82.0,180.0,174.0
