L_mean,A_mean,B_mean,L_std,A_std,B_std,L_median,A_median,B_median,L_mode,A_mode,B_mode
88.18913327179553,182.52595728427283,175.9951300251456,3.4463685808106104,1.6773696493312653,1.6057520001710097,89.0,183.0,176.0,91.0,184.0,176.0
