L_mean,A_mean,B_mean,L_std,A_std,B_std,L_median,A_median,B_median,L_mode,A_mode,B_mode
92.19696342744373,184.37810739408602,177.7158544736926,1.4466709489191794,0.906949484681102,0.6216438509065542,93.0,185.0,178.0,93.0,185.0,178.0
