L_mean,A_mean,B_mean,L_std,A_std,B_std,L_median,A_median,B_median,L_mode,A_mode,B_mode
91.98192061622689,184.31218766909635,177.67495305089602,1.7733646252692594,1.0108600414241684,0.7829556170112795,92.0,185.0,178.0,93.0,185.0,178.0
