L_mean,A_mean,B_mean,L_std,A_std,B_std,L_median,A_median,B_median,L_mode,A_mode,B_mode
85.52675303179807,181.81557755355382,174.773880383232,3.555517363239076,1.7154818666857916,1.724865393736954,86.0,182.0,175.0,88.0,182.0,175.0
