L_mean,A_mean,B_mean,L_std,A_std,B_std,L_median,A_median,B_median,L_mode,A_mode,B_mode
90.64792946493937,183.6893083362511,176.91759238628768,4.492023700177845,2.149347579502132,1.9798099722850022,92.0,184.0,178.0,93.0,185.0,178.0
