L_mean,A_mean,B_mean,L_std,A_std,B_std,L_median,A_median,B_median,L_mode,A_mode,B_mode
76.6544227647452,177.44711461947352,170.34077092020243,4.587439075769823,2.3143740793248293,2.2083921767026546,79.0,178.0,171.0,80.0,179.0,171.0
