L_mean,A_mean,B_mean,L_std,A_std,B_std,L_median,A_median,B_median,L_mode,A_mode,B_mode
84.96724703186173,181.23735557182417,174.4862017379126,3.344966160073671,1.5562723690554157,1.4875370165214554,85.0,182.0,175.0,86.0,182.0,175.0
