L_mean,A_mean,B_mean,L_std,A_std,B_std,L_median,A_median,B_median,L_mode,A_mode,B_mode
92.78355667313875,184.72078810834898,177.94814909125634,1.0849190962559905,0.6639416219924535,0.5047689199205074,93.0,185.0,178.0,93.0,185.0,178.0
