L_mean,A_mean,B_mean,L_std,A_std,B_std,L_median,A_median,B_median,L_mode,A_mode,B_mode
90.17821561574944,183.44106693828184,176.88945475379572,1.8145772762832688,0.9675985685958376,1.0514682938416675,91.0,184.0,177.0,91.0,184.0,178.0
