L_mean,A_mean,B_mean,L_std,A_std,B_std,L_median,A_median,B_median,L_mode,A_mode,B_mode
90.53407390903014,183.71146194735334,176.95346468472482,4.830253887639843,2.329310547995478,2.108164713601,92.0,184.0,178.0,93.0,185.0,178.0
