L_mean,A_mean,B_mean,L_std,A_std,B_std,L_median,A_median,B_median,L_mode,A_mode,B_mode
76.59919788649458,177.44580959353218,170.28112168571155,4.364894198982058,2.177082105022701,2.0457519419866634,79.0,179.0,171.0,80.0,179.0,171.0
