L_mean,A_mean,B_mean,L_std,A_std,B_std,L_median,A_median,B_median,L_mode,A_mode,B_mode
91.23442722093134,183.92860553203678,177.40363497469522,1.500895704028021,0.9029290221037157,0.8051216103294344,92.0,184.0,178.0,92.0,184.0,178.0
