L_mean,A_mean,B_mean,L_std,A_std,B_std,L_median,A_median,B_median,L_mode,A_mode,B_mode
89.59588757678964,183.275615112837,176.60324028392273,4.611820476123185,2.1681190070156187,2.0129244838516933,91.0,184.0,177.0,93.0,185.0,178.0
