L_mean,A_mean,B_mean,L_std,A_std,B_std,L_median,A_median,B_median,L_mode,A_mode,B_mode
92.09112900658879,184.40640417608302,177.68819428971577,2.313147738271333,1.244916215143677,1.0840586090839093,92.0,185.0,178.0,93.0,185.0,178.0
