L_mean,A_mean,B_mean,L_std,A_std,B_std,L_median,A_median,B_median,L_mode,A_mode,B_mode
97.14103829137092,186.00872139287648,179.23239010726675,5.3344474760088945,2.3911602597698716,2.1056897213348376,97.0,186.0,179.0,97.0,186.0,179.0
