L_mean,A_mean,B_mean,L_std,A_std,B_std,L_median,A_median,B_median,L_mode,A_mode,B_mode
87.59076296272718,182.24932361460355,175.66769583346596,3.1958473471806377,1.5082327350761915,1.4196135167600843,89.0,183.0,176.0,90.0,183.0,176.0
