L_mean,A_mean,B_mean,L_std,A_std,B_std,L_median,A_median,B_median,L_mode,A_mode,B_mode
86.6675048540599,182.2166343062673,175.20765827418276,4.6560005193357945,2.1648068469213335,2.2075526466893742,88.0,183.0,176.0,91.0,184.0,177.0
