L_mean,A_mean,B_mean,L_std,A_std,B_std,L_median,A_median,B_median,L_mode,A_mode,B_mode
92.15593468504314,184.22688353439221,177.48671101632874,4.356061271163148,2.08014225305271,1.7918546236797532,93.0,185.0,178.0,93.0,185.0,178.0
