L_mean,A_mean,B_mean,L_std,A_std,B_std,L_median,A_median,B_median,L_mode,A_mode,B_mode
91.39777827290958,184.02851959130408,177.2314988700385,4.134338419555549,2.015666663220313,1.757747852235572,92.0,184.0,178.0,93.0,185.0,178.0
