L_mean,A_mean,B_mean,L_std,A_std,B_std,L_median,A_median,B_median,L_mode,A_mode,B_mode
89.17127669732947,182.9921698443518,176.41063755291722,3.2362093068485733,1.6493054940984124,1.486178630028425,90.0,183.0,177.0,91.0,184.0,178.0
