L_mean,A_mean,B_mean,L_std,A_std,B_std,L_median,A_median,B_median,L_mode,A_mode,B_mode
97.40621319667696,186.13085272304804,179.3561447623898,4.353257414176454,1.8511335598258831,1.7029357978136068,97.0,186.0,179.0,97.0,187.0,179.0
