L_mean,A_mean,B_mean,L_std,A_std,B_std,L_median,A_median,B_median,L_mode,A_mode,B_mode
93.00397873762613,184.81178979533374,178.05945825508482,1.7170494848996762,0.9777593136324348,0.6975650650469444,93.0,185.0,178.0,93.0,185.0,178.0
