L_mean,A_mean,B_mean,L_std,A_std,B_std,L_median,A_median,B_median,L_mode,A_mode,B_mode
85.01741095585193,181.20533469140912,174.49590985772033,4.358327397589817,2.031662927163143,2.0340847517265415,86.0,182.0,175.0,86.0,183.0,176.0
