L_mean,A_mean,B_mean,L_std,A_std,B_std,L_median,A_median,B_median,L_mode,A_mode,B_mode
76.63211000413789,177.44078046917275,170.5045994206958,5.191420880497119,2.607212626468838,2.623639772619619,78.0,178.0,171.0,82.0,180.0,171.0
