L_mean,A_mean,B_mean,L_std,A_std,B_std,L_median,A_median,B_median,L_mode,A_mode,B_mode
84.16736161950536,181.236718973804,174.39621860776012,1.7902490018322221,1.0276375784338996,0.8756363099888145,85.0,182.0,175.0,85.0,182.0,175.0
