L_mean,A_mean,B_mean,L_std,A_std,B_std,L_median,A_median,B_median,L_mode,A_mode,B_mode
86.97692332176847,182.33294076455422,175.3836776267626,3.8042831555347485,1.71303068876575,1.7651374292384916,88.0,183.0,176.0,91.0,183.0,177.0
