L_mean,A_mean,B_mean,L_std,A_std,B_std,L_median,A_median,B_median,L_mode,A_mode,B_mode
94.0335805455645,184.84139160327211,178.04930451666294,6.030811655129597,2.711470217376904,2.3772555886315514,95.0,185.0,178.0,97.0,185.0,178.0
