L_mean,A_mean,B_mean,L_std,A_std,B_std,L_median,A_median,B_median,L_mode,A_mode,B_mode
83.2166024763663,180.74943501925708,173.92319444886527,2.12014225650375,1.1739136907956556,1.2014398591169109,84.0,181.0,174.0,84.0,181.0,175.0
