L_mean,A_mean,B_mean,L_std,A_std,B_std,L_median,A_median,B_median,L_mode,A_mode,B_mode
74.74255976063914,176.5677817741987,169.59916605659356,2.8506329926660205,1.508568902869027,1.4772411699216104,76.0,177.0,170.0,76.0,177.0,170.0
