L_mean,A_mean,B_mean,L_std,A_std,B_std,L_median,A_median,B_median,L_mode,A_mode,B_mode
74.58786644173537,176.54944775121749,169.51074259159054,2.920470407146642,1.5485668736157996,1.489102084584378,76.0,177.0,170.0,76.0,177.0,170.0
