L_mean,A_mean,B_mean,L_std,A_std,B_std,L_median,A_median,B_median,L_mode,A_mode,B_mode
82.7339338574657,180.4498201610593,173.7021357863577,2.463903872242691,1.2731575497740504,1.4068635039657953,84.0,181.0,174.0,84.0,181.0,174.0
