L_mean,A_mean,B_mean,L_std,A_std,B_std,L_median,A_median,B_median,L_mode,A_mode,B_mode
82.34780532832544,180.27395995798454,173.469904828596,3.1532282800310627,1.6463205519790025,1.7044089964645686,83.0,181.0,174.0,84.0,181.0,174.0
