L_mean,A_mean,B_mean,L_std,A_std,B_std,L_median,A_median,B_median,L_mode,A_mode,B_mode
91.83254289079161,184.60285832511062,177.53843460546838,3.9752865605823096,1.8517765450036283,1.729419345446813,93.0,185.0,178.0,95.0,185.0,179.0
