L_mean,A_mean,B_mean,L_std,A_std,B_std,L_median,A_median,B_median,L_mode,A_mode,B_mode
74.50383550307158,176.52786707833337,169.45513575452782,3.1020735927643863,1.585017991623447,1.5662418408848104,75.0,177.0,170.0,76.0,177.0,170.0
