L_mean,A_mean,B_mean,L_std,A_std,B_std,L_median,A_median,B_median,L_mode,A_mode,B_mode
88.69589712575994,183.1608046598975,176.21303752745328,3.304503225788785,1.5088611754135686,1.5101213976866412,90.0,184.0,177.0,91.0,184.0,177.0
