L_mean,A_mean,B_mean,L_std,A_std,B_std,L_median,A_median,B_median,L_mode,A_mode,B_mode
80.17805646624439,179.26670274055448,172.39991087627718,4.545591248710234,2.2053963735643127,2.44583232038637,82.0,180.0,174.0,82.0,180.0,174.0
