L_mean,A_mean,B_mean,L_std,A_std,B_std,L_median,A_median,B_median,L_mode,A_mode,B_mode
91.88404367062418,184.64051309800428,177.54903396250438,4.2181133955720505,1.9976268302457363,1.8251726477768704,93.0,185.0,178.0,95.0,185.0,179.0
