L_mean,A_mean,B_mean,L_std,A_std,B_std,L_median,A_median,B_median,L_mode,A_mode,B_mode
88.81847407454563,183.24572683578955,176.28503676353566,3.5068585608924026,1.6341329590953748,1.6366195489344753,90.0,184.0,177.0,91.0,184.0,177.0
