L_mean,A_mean,B_mean,L_std,A_std,B_std,L_median,A_median,B_median,L_mode,A_mode,B_mode
88.29461756373938,182.97294458414234,176.01005824871885,3.523083234490253,1.5820545835683553,1.6140815203579368,90.0,184.0,177.0,91.0,184.0,177.0
