L_mean,A_mean,B_mean,L_std,A_std,B_std,L_median,A_median,B_median,L_mode,A_mode,B_mode
93.72349364993475,185.3877200241907,178.39946525766305,1.617766749471999,0.8763323804878892,0.7107596220928198,94.0,185.0,179.0,95.0,186.0,179.0
