L_mean,A_mean,B_mean,L_std,A_std,B_std,L_median,A_median,B_median,L_mode,A_mode,B_mode
86.03348505586148,181.95422860234905,174.99458891682846,2.9510628193028894,1.4279685274628986,1.4643401531599507,86.0,182.0,175.0,88.0,183.0,175.0
