L_mean,A_mean,B_mean,L_std,A_std,B_std,L_median,A_median,B_median,L_mode,A_mode,B_mode
91.14530349810612,184.23382245281218,177.27548779323297,3.8307791844504218,1.7317231065988872,1.72182707482598,92.0,185.0,178.0,95.0,185.0,178.0
