L_mean,A_mean,B_mean,L_std,A_std,B_std,L_median,A_median,B_median,L_mode,A_mode,B_mode
91.11426934462234,184.25139255816916,177.24041124232104,4.372867347543928,2.0392639799871946,1.9915243591773497,92.0,185.0,178.0,95.0,185.0,179.0
