L_mean,A_mean,B_mean,L_std,A_std,B_std,L_median,A_median,B_median,L_mode,A_mode,B_mode
85.96247254671037,181.92392653658848,174.9674698411688,3.160690663079509,1.5046632422492292,1.555471566207394,86.0,182.0,175.0,86.0,183.0,175.0
