L_mean,A_mean,B_mean,L_std,A_std,B_std,L_median,A_median,B_median,L_mode,A_mode,B_mode
86.1158926695738,181.95913040710442,174.98631314256613,3.775107084380307,1.7707042496375005,1.7872959668982609,87.0,182.0,175.0,88.0,183.0,177.0
