L_mean,A_mean,B_mean,L_std,A_std,B_std,L_median,A_median,B_median,L_mode,A_mode,B_mode
94.4088232485597,185.8370945666359,178.63624789126905,4.532937890219439,2.1513600822420584,2.0351588848163975,96.0,187.0,179.0,98.0,187.0,179.0
