L_mean,A_mean,B_mean,L_std,A_std,B_std,L_median,A_median,B_median,L_mode,A_mode,B_mode
94.46723111691122,185.8526912181303,178.66865073049624,5.31538585523262,2.5059532819281807,2.3553158057265757,96.0,187.0,179.0,98.0,188.0,181.0
