L_mean,A_mean,B_mean,L_std,A_std,B_std,L_median,A_median,B_median,L_mode,A_mode,B_mode
86.0837126396537,181.92523156252983,174.95744342235096,3.8314361666332033,1.781509669981986,1.770637541617189,86.0,182.0,175.0,86.0,183.0,177.0
