L_mean,A_mean,B_mean,L_std,A_std,B_std,L_median,A_median,B_median,L_mode,A_mode,B_mode
83.00197345386256,180.66935098831843,173.67858165961104,3.663058786099163,1.8631327450702106,1.822918052627817,84.0,181.0,174.0,85.0,182.0,175.0
