L_mean,A_mean,B_mean,L_std,A_std,B_std,L_median,A_median,B_median,L_mode,A_mode,B_mode
82.85695642486552,180.6161950536334,173.64700639781012,3.407258137296873,1.711530869019621,1.7448065918680766,84.0,181.0,174.0,84.0,182.0,175.0
