L_mean,A_mean,B_mean,L_std,A_std,B_std,L_median,A_median,B_median,L_mode,A_mode,B_mode
96.01355953782983,186.5696279084572,179.303816405131,2.9043524302530015,1.3696891898889725,1.2276921122547433,96.0,187.0,179.0,95.0,187.0,179.0
