L_mean,A_mean,B_mean,L_std,A_std,B_std,L_median,A_median,B_median,L_mode,A_mode,B_mode
95.15093739058472,186.23983830410288,178.91514148391,2.015333496356311,1.0501163791741397,0.8981024190247235,96.0,187.0,179.0,97.0,187.0,179.0
