L_mean,A_mean,B_mean,L_std,A_std,B_std,L_median,A_median,B_median,L_mode,A_mode,B_mode
95.64334595919406,186.40926886717384,179.1982366234841,3.2481738198197947,1.6376220916028668,1.5395575767458374,97.0,187.0,179.0,98.0,187.0,179.0
