L_mean,A_mean,B_mean,L_std,A_std,B_std,L_median,A_median,B_median,L_mode,A_mode,B_mode
95.02361778654868,186.20345672724957,178.85434637298277,2.0129330661942677,1.0205038369423474,0.7931518911411077,95.0,186.0,179.0,96.0,187.0,179.0
