L_mean,A_mean,B_mean,L_std,A_std,B_std,L_median,A_median,B_median,L_mode,A_mode,B_mode
85.67937740713626,181.97835566731388,174.92173027341886,2.4796945213505235,1.2723089689549623,1.1162750503252503,86.0,182.0,175.0,85.0,182.0,175.0
