L_mean,A_mean,B_mean,L_std,A_std,B_std,L_median,A_median,B_median,L_mode,A_mode,B_mode
82.99758092752332,180.67297959703345,173.7187509946844,2.838334701990307,1.4768628999791806,1.5253031336461627,84.0,181.0,174.0,84.0,181.0,175.0
