L_mean,A_mean,B_mean,L_std,A_std,B_std,L_median,A_median,B_median,L_mode,A_mode,B_mode
85.57233345004298,181.91892924213005,174.82697265811504,2.4714686685274616,1.243784045396211,1.1418021844727793,86.0,182.0,175.0,85.0,182.0,175.0
