L_mean,A_mean,B_mean,L_std,A_std,B_std,L_median,A_median,B_median,L_mode,A_mode,B_mode
92.63491103542668,185.03170258140497,177.777349842442,4.2519952534793175,1.9847138669960636,1.9130377910907523,95.0,186.0,178.0,95.0,187.0,179.0
