L_mean,A_mean,B_mean,L_std,A_std,B_std,L_median,A_median,B_median,L_mode,A_mode,B_mode
85.95680682433077,182.11076805551136,174.92901932074992,2.0248204174286752,1.0543923790445169,0.96513767925528,86.0,182.0,175.0,86.0,182.0,175.0
