L_mean,A_mean,B_mean,L_std,A_std,B_std,L_median,A_median,B_median,L_mode,A_mode,B_mode
96.46411178661235,186.86418181239458,179.55699143775664,1.549454117049544,0.853203340031725,0.8469640285499282,97.0,187.0,179.0,95.0,187.0,179.0
