L_mean,A_mean,B_mean,L_std,A_std,B_std,L_median,A_median,B_median,L_mode,A_mode,B_mode
93.24349874271891,185.26059139956075,178.11191393194767,2.0970928455048052,1.0909951905716173,0.8829964129996548,93.0,185.0,178.0,92.0,185.0,178.0
