L_mean,A_mean,B_mean,L_std,A_std,B_std,L_median,A_median,B_median,L_mode,A_mode,B_mode
95.70656014259795,186.43909348441926,179.22993920488906,3.4798511395213434,1.7115645813764049,1.601868569094292,96.0,187.0,179.0,98.0,188.0,181.0
