L_mean,A_mean,B_mean,L_std,A_std,B_std,L_median,A_median,B_median,L_mode,A_mode,B_mode
95.57032816627941,186.36734888754495,179.13031161473089,3.5743176622387995,1.7546495627716732,1.6060716087767808,96.0,187.0,179.0,98.0,187.0,179.0
