L_mean,A_mean,B_mean,L_std,A_std,B_std,L_median,A_median,B_median,L_mode,A_mode,B_mode
89.59703345322596,183.47604799949073,176.49810612088996,2.3219814865472364,0.9686028919268564,1.0237524365069488,91.0,184.0,177.0,91.0,184.0,177.0
