L_mean,A_mean,B_mean,L_std,A_std,B_std,L_median,A_median,B_median,L_mode,A_mode,B_mode
95.0335805455645,186.15819460801478,178.85415539357672,2.162703073717211,1.1364979558760417,0.9796721129334306,95.0,186.0,179.0,95.0,187.0,179.0
