L_mean,A_mean,B_mean,L_std,A_std,B_std,L_median,A_median,B_median,L_mode,A_mode,B_mode
93.56873667122895,185.34182130693574,178.16831651653564,1.9531354617930643,0.9846055470571358,0.8394468061187776,94.0,185.0,178.0,95.0,185.0,178.0
