L_mean,A_mean,B_mean,L_std,A_std,B_std,L_median,A_median,B_median,L_mode,A_mode,B_mode
89.60715536174682,183.4883661711812,176.53846643536937,2.214709312763065,0.9397090785943412,0.9863107346667285,91.0,184.0,177.0,91.0,184.0,177.0
