L_mean,A_mean,B_mean,L_std,A_std,B_std,L_median,A_median,B_median,L_mode,A_mode,B_mode
89.79027278225165,183.5028169462393,176.5820097399497,2.2036695569531104,0.9883456464031195,0.9487596593964411,91.0,184.0,177.0,91.0,184.0,177.0
