L_mean,A_mean,B_mean,L_std,A_std,B_std,L_median,A_median,B_median,L_mode,A_mode,B_mode
100.69465575962059,187.63981284018206,180.74507432281885,5.134174487379537,2.1723114220330544,2.0667288406309385,102.0,188.0,181.0,106.0,190.0,183.0
