L_mean,A_mean,B_mean,L_std,A_std,B_std,L_median,A_median,B_median,L_mode,A_mode,B_mode
104.70617818378585,189.0505140529013,182.3848235031989,2.063040183326006,0.9476162949279434,0.8276381114915142,105.0,189.0,183.0,106.0,189.0,183.0
