L_mean,A_mean,B_mean,L_std,A_std,B_std,L_median,A_median,B_median,L_mode,A_mode,B_mode
87.35429862813126,182.1737912595092,175.51723589139638,3.2114062830505214,1.4664907873152893,1.3168575186291152,89.0,183.0,176.0,89.0,183.0,176.0
