L_mean,A_mean,B_mean,L_std,A_std,B_std,L_median,A_median,B_median,L_mode,A_mode,B_mode
91.33535983703091,183.9480854314543,177.2395518349938,3.6671353415297596,1.8320451235416053,1.5873586758778855,93.0,185.0,178.0,93.0,185.0,178.0
