L_mean,A_mean,B_mean,L_std,A_std,B_std,L_median,A_median,B_median,L_mode,A_mode,B_mode
93.8466753668396,185.22315943597417,178.23665531400198,3.5988905006353855,1.811832178053654,1.4878707865096932,95.0,186.0,179.0,95.0,186.0,179.0
