L_mean,A_mean,B_mean,L_std,A_std,B_std,L_median,A_median,B_median,L_mode,A_mode,B_mode
92.79250087532228,184.66559505999936,177.83161982366235,3.3580395513473484,1.7868028155454057,1.4240073547459096,93.0,185.0,178.0,95.0,186.0,179.0
