L_mean,A_mean,B_mean,L_std,A_std,B_std,L_median,A_median,B_median,L_mode,A_mode,B_mode
97.10007320877232,186.15377025177452,179.2462361142057,4.343446345893059,1.8305834173498228,1.5983893151359574,98.0,187.0,180.0,101.0,187.0,180.0
