L_mean,A_mean,B_mean,L_std,A_std,B_std,L_median,A_median,B_median,L_mode,A_mode,B_mode
101.38285004933634,187.6236114205685,180.99379316930325,4.070555951929083,1.8492509189671056,1.6974661465524319,102.0,188.0,181.0,104.0,189.0,182.0
