L_mean,A_mean,B_mean,L_std,A_std,B_std,L_median,A_median,B_median,L_mode,A_mode,B_mode
101.17398223891524,187.55944234013432,180.88964573320177,4.328549982873016,1.8608250918862728,1.7666628387579535,102.0,188.0,181.0,104.0,189.0,182.0
