L_mean,A_mean,B_mean,L_std,A_std,B_std,L_median,A_median,B_median,L_mode,A_mode,B_mode
105.66874622019925,188.97122576948786,182.6402902886972,3.4483420963480134,1.37187253529883,1.3769899662740743,106.0,189.0,183.0,105.0,189.0,182.0
