L_mean,A_mean,B_mean,L_std,A_std,B_std,L_median,A_median,B_median,L_mode,A_mode,B_mode
94.77897316739345,185.80443708820064,178.75751981411338,2.376415649516301,1.1545690595197995,0.9579387305070803,95.0,186.0,179.0,95.0,187.0,179.0
