L_mean,A_mean,B_mean,L_std,A_std,B_std,L_median,A_median,B_median,L_mode,A_mode,B_mode
94.69526052773976,185.75857020084666,178.69491039882865,2.182590387296658,1.0991662200697574,0.8586191058508766,95.0,186.0,179.0,95.0,187.0,179.0
