L_mean,A_mean,B_mean,L_std,A_std,B_std,L_median,A_median,B_median,L_mode,A_mode,B_mode
105.16510169653372,189.67463475188592,182.65025304771302,2.3516502767347665,1.1076814182446508,1.0971549847741096,106.0,190.0,183.0,106.0,190.0,183.0
