L_mean,A_mean,B_mean,L_std,A_std,B_std,L_median,A_median,B_median,L_mode,A_mode,B_mode
91.15418404048764,183.91281790113632,177.15778081930165,4.305530922836117,2.09807143602767,1.8536236309662073,93.0,185.0,178.0,93.0,185.0,178.0
