L_mean,A_mean,B_mean,L_std,A_std,B_std,L_median,A_median,B_median,L_mode,A_mode,B_mode
100.67078333386384,186.99802654613745,180.67301142693447,5.726675748351358,2.389417543467219,2.3072074490693404,102.0,188.0,181.0,102.0,189.0,182.0
