L_mean,A_mean,B_mean,L_std,A_std,B_std,L_median,A_median,B_median,L_mode,A_mode,B_mode
106.57869943024477,189.2667345704555,182.98147499761276,3.4346349354237495,1.2627345254059228,1.3264706543154097,107.0,189.0,183.0,108.0,190.0,183.0
