L_mean,A_mean,B_mean,L_std,A_std,B_std,L_median,A_median,B_median,L_mode,A_mode,B_mode
105.26829423560493,189.71435846834515,182.72479867587612,2.171940858060327,1.0128511660455164,0.9967257536039723,106.0,190.0,183.0,106.0,190.0,183.0
