L_mean,A_mean,B_mean,L_std,A_std,B_std,L_median,A_median,B_median,L_mode,A_mode,B_mode
90.63720278829933,183.68357895406945,176.95881210809435,4.797825049239937,2.342936455493274,2.1452589460549487,93.0,185.0,178.0,93.0,185.0,178.0
