L_mean,A_mean,B_mean,L_std,A_std,B_std,L_median,A_median,B_median,L_mode,A_mode,B_mode
105.31384282394882,189.75484610242862,182.6862526657542,2.383933613860693,1.1307143399381092,1.0853328082942904,106.0,190.0,183.0,106.0,190.0,183.0
