L_mean,A_mean,B_mean,L_std,A_std,B_std,L_median,A_median,B_median,L_mode,A_mode,B_mode
100.7417321832129,187.04332049527326,180.67794506159086,5.73551922372156,2.4099654691934425,2.316855730917039,102.0,188.0,181.0,102.0,189.0,182.0
