L_mean,A_mean,B_mean,L_std,A_std,B_std,L_median,A_median,B_median,L_mode,A_mode,B_mode
98.1986185822962,186.44447273768978,179.67676735525353,4.465998571494741,1.8974318776088253,1.7532625603992458,99.0,187.0,180.0,102.0,187.0,180.0
