L_mean,A_mean,B_mean,L_std,A_std,B_std,L_median,A_median,B_median,L_mode,A_mode,B_mode
104.15103288028774,188.7533500970812,182.12372282522202,3.206521224131304,1.3747434177608082,1.3009429473080523,104.0,189.0,182.0,102.0,190.0,183.0
