L_mean,A_mean,B_mean,L_std,A_std,B_std,L_median,A_median,B_median,L_mode,A_mode,B_mode
105.16624757297005,189.6458923512748,182.62211541522106,2.5488647500566364,1.2265829537986421,1.1829382171586464,106.0,190.0,183.0,106.0,190.0,183.0
