L_mean,A_mean,B_mean,L_std,A_std,B_std,L_median,A_median,B_median,L_mode,A_mode,B_mode
98.33669669287329,186.52283795397398,179.7335200687526,4.43456234741391,1.8716610519006025,1.733162570574419,99.0,187.0,180.0,101.0,187.0,180.0
