L_mean,A_mean,B_mean,L_std,A_std,B_std,L_median,A_median,B_median,L_mode,A_mode,B_mode
90.48448292325811,183.6414361651335,177.02762835407583,2.6212917191894,1.3898502813030469,1.283179691468261,91.0,184.0,178.0,91.0,184.0,178.0
