L_mean,A_mean,B_mean,L_std,A_std,B_std,L_median,A_median,B_median,L_mode,A_mode,B_mode
92.68275137664322,184.3724735016074,177.64315497978802,4.939805032998521,2.262230960612892,2.017907562788332,93.0,185.0,178.0,93.0,185.0,178.0
