L_mean,A_mean,B_mean,L_std,A_std,B_std,L_median,A_median,B_median,L_mode,A_mode,B_mode
93.02307667823153,184.55107107616897,177.7939968806697,4.0820862912157825,1.849509966640154,1.6119297957819418,93.0,185.0,178.0,93.0,185.0,178.0
