L_mean,A_mean,B_mean,L_std,A_std,B_std,L_median,A_median,B_median,L_mode,A_mode,B_mode
100.58436515262437,187.0084667536684,180.63134608651367,5.809800033120437,2.440961588400769,2.3271835704780295,102.0,188.0,181.0,102.0,189.0,182.0
