L_mean,A_mean,B_mean,L_std,A_std,B_std,L_median,A_median,B_median,L_mode,A_mode,B_mode
85.45908266225292,181.5886621892606,174.68918101664704,3.5331186667649623,1.667073557460319,1.678723760883221,86.0,182.0,175.0,86.0,182.0,176.0
