L_mean,A_mean,B_mean,L_std,A_std,B_std,L_median,A_median,B_median,L_mode,A_mode,B_mode
100.77114301174524,187.05003660438615,180.6933507336792,5.769461474839109,2.4591735310109124,2.3389134931093203,102.0,188.0,181.0,102.0,189.0,182.0
