L_mean,A_mean,B_mean,L_std,A_std,B_std,L_median,A_median,B_median,L_mode,A_mode,B_mode
93.36260623229462,185.04729923289938,178.02912435942324,4.016031304923038,2.0283177442852147,1.6634711332638692,95.0,186.0,179.0,95.0,186.0,179.0
