L_mean,A_mean,B_mean,L_std,A_std,B_std,L_median,A_median,B_median,L_mode,A_mode,B_mode
100.55622752013241,186.94047808511314,180.59677881401788,6.056343874250837,2.4971762383473743,2.424529244103365,102.0,188.0,181.0,102.0,189.0,182.0
