L_mean,A_mean,B_mean,L_std,A_std,B_std,L_median,A_median,B_median,L_mode,A_mode,B_mode
104.41996371391285,188.8346118343572,182.29665467740395,2.2335682907866614,1.068071520407518,0.8973473769694817,105.0,189.0,182.0,107.0,189.0,183.0
