L_mean,A_mean,B_mean,L_std,A_std,B_std,L_median,A_median,B_median,L_mode,A_mode,B_mode
104.32816627940286,188.77655409491678,182.20966355794633,2.6805007393686604,1.1544167041130704,1.0629526873658526,104.0,189.0,182.0,104.0,189.0,183.0
