L_mean,A_mean,B_mean,L_std,A_std,B_std,L_median,A_median,B_median,L_mode,A_mode,B_mode
85.65066683642614,181.66164815227424,174.79110035967787,3.3326762874038507,1.572026356613025,1.581541327666003,86.0,182.0,175.0,86.0,182.0,176.0
