L_mean,A_mean,B_mean,L_std,A_std,B_std,L_median,A_median,B_median,L_mode,A_mode,B_mode
92.45134799630773,184.2398701340039,177.46831333354552,5.461505813798,2.488375947186717,2.288429184735245,93.0,185.0,178.0,95.0,185.0,178.0
