L_mean,A_mean,B_mean,L_std,A_std,B_std,L_median,A_median,B_median,L_mode,A_mode,B_mode
106.03940541744915,189.1702581404972,182.78505267848618,3.271435822094397,1.2430387934490905,1.2627685107517337,106.0,189.0,183.0,108.0,190.0,183.0
