L_mean,A_mean,B_mean,L_std,A_std,B_std,L_median,A_median,B_median,L_mode,A_mode,B_mode
106.17961613139383,189.18900595219148,182.8250628640545,2.8023975816399394,1.0987596697240196,1.0997277468955382,107.0,189.0,183.0,108.0,190.0,183.0
