L_mean,A_mean,B_mean,L_std,A_std,B_std,L_median,A_median,B_median,L_mode,A_mode,B_mode
91.16920775376389,183.8123309036509,177.13737785275487,3.6758650779381816,1.844988385629954,1.5759471869781423,93.0,185.0,178.0,93.0,185.0,178.0
