L_mean,A_mean,B_mean,L_std,A_std,B_std,L_median,A_median,B_median,L_mode,A_mode,B_mode
100.780946621256,187.52904478467073,180.73679854855652,5.332425502000607,2.2732105502050755,2.148964336801177,102.0,188.0,181.0,104.0,190.0,183.0
