L_mean,A_mean,B_mean,L_std,A_std,B_std,L_median,A_median,B_median,L_mode,A_mode,B_mode
85.55393576725976,181.61851863640703,174.73371104815865,3.4253974722961655,1.5855309476916337,1.5947319315290023,86.0,182.0,175.0,86.0,182.0,176.0
