L_mean,A_mean,B_mean,L_std,A_std,B_std,L_median,A_median,B_median,L_mode,A_mode,B_mode
96.93586274946685,186.12903841869053,179.17827927555146,5.81553114102738,2.5617214031429625,2.233151113710238,99.0,187.0,180.0,101.0,187.0,180.0
