L_mean,A_mean,B_mean,L_std,A_std,B_std,L_median,A_median,B_median,L_mode,A_mode,B_mode
100.39666422637426,187.41283381608685,180.60677340293472,5.049685558801851,2.103460544726497,2.0219548606454816,101.0,188.0,181.0,104.0,190.0,183.0
