L_mean,A_mean,B_mean,L_std,A_std,B_std,L_median,A_median,B_median,L_mode,A_mode,B_mode
104.36836744437724,188.8501766559506,182.2377693605373,2.612602190869405,1.1382052771142646,1.0656730227862337,104.0,189.0,182.0,104.0,190.0,183.0
