L_mean,A_mean,B_mean,L_std,A_std,B_std,L_median,A_median,B_median,L_mode,A_mode,B_mode
91.09268867173823,183.848107712385,177.13884202820128,4.009554139950427,1.9818790903867118,1.7224898614126964,93.0,185.0,178.0,93.0,185.0,178.0
