L_mean,A_mean,B_mean,L_std,A_std,B_std,L_median,A_median,B_median,L_mode,A_mode,B_mode
103.05277397587294,188.33061718178055,181.67851799980903,2.7560758905764624,1.280508508916319,1.198593201224509,103.0,188.0,182.0,102.0,188.0,182.0
