L_mean,A_mean,B_mean,L_std,A_std,B_std,L_median,A_median,B_median,L_mode,A_mode,B_mode
105.11522424165261,189.66775949326797,182.6731705764395,1.9498820444923621,0.9700452708834674,0.9583594699585898,106.0,190.0,183.0,106.0,190.0,183.0
