L_mean,A_mean,B_mean,L_std,A_std,B_std,L_median,A_median,B_median,L_mode,A_mode,B_mode
97.96626030493046,186.33087182098865,179.57309736766717,4.6954832440807035,1.992805906914617,1.8532586965962992,99.0,187.0,180.0,101.0,187.0,180.0
