L_mean,A_mean,B_mean,L_std,A_std,B_std,L_median,A_median,B_median,L_mode,A_mode,B_mode
96.93758156412133,186.1070121271923,179.1755419040647,4.258189870471167,1.8069397778343361,1.5560662566326227,98.0,187.0,180.0,101.0,187.0,180.0
