L_mean,A_mean,B_mean,L_std,A_std,B_std,L_median,A_median,B_median,L_mode,A_mode,B_mode
92.04691727408728,184.33860648693383,177.60024827322786,2.908057853938988,1.5369970973989244,1.2942267408057424,93.0,185.0,178.0,93.0,185.0,178.0
