L_mean,A_mean,B_mean,L_std,A_std,B_std,L_median,A_median,B_median,L_mode,A_mode,B_mode
91.24474010885827,183.9544832415571,177.19689976764172,4.276333184657934,2.0848052684217775,1.839913227897104,93.0,185.0,178.0,93.0,185.0,178.0
