L_mean,A_mean,B_mean,L_std,A_std,B_std,L_median,A_median,B_median,L_mode,A_mode,B_mode
93.42979915332464,185.0667791323169,178.04898621765287,3.848361649230115,1.9555466661710417,1.6318974223090408,95.0,186.0,179.0,95.0,186.0,179.0
