L_mean,A_mean,B_mean,L_std,A_std,B_std,L_median,A_median,B_median,L_mode,A_mode,B_mode
85.47649361810485,181.5925454371837,174.6918228984308,3.4566179450894725,1.6131381244406662,1.6251797544367776,86.0,182.0,175.0,86.0,182.0,176.0
