L_mean,A_mean,B_mean,L_std,A_std,B_std,L_median,A_median,B_median,L_mode,A_mode,B_mode
104.32985326415636,188.85657446605342,182.2113187127988,2.6660104550351784,1.178408542980635,1.07246445438155,104.0,189.0,182.0,104.0,190.0,183.0
