contrast_0,contrast_90,dissimilarity_0,dissimilarity_90,homogeneity_0,homogeneity_90,energy_0,energy_90,correlation_0,correlation_90
62.94598436389478,63.97718042440858,2.051832673367856,2.065565031982943,0.7611340192596195,0.7577093221421372,0.3130795174903859,0.30975277393342054,0.8974534338990054,0.8957457694250911
