contrast_0,contrast_90,dissimilarity_0,dissimilarity_90,homogeneity_0,homogeneity_90,energy_0,energy_90,correlation_0,correlation_90
63.64742613463292,64.50525434054211,2.0844248147020004,2.065057366230075,0.7501507739760755,0.7616597884310163,0.2940224298166169,0.2978013130898981,0.8974849567771404,0.8960855300644701
