contrast_0,contrast_90,dissimilarity_0,dissimilarity_90,homogeneity_0,homogeneity_90,energy_0,energy_90,correlation_0,correlation_90
45.359401969743104,45.55302568788707,1.96098588689207,1.964133414559854,0.7003633045200499,0.6922127700667147,0.24963519410213628,0.2478174649536643,0.9074436691868476,0.9070630946958725
