contrast_0,contrast_90,dissimilarity_0,dissimilarity_90,homogeneity_0,homogeneity_90,energy_0,energy_90,correlation_0,correlation_90
62.836963143466335,63.585389379632446,2.1344045080718863,2.1392527160117787,0.7288664967677599,0.7269574756848405,0.2589058160310716,0.25846271610653626,0.9016676870239774,0.9004914112972418
