contrast_0,contrast_90,dissimilarity_0,dissimilarity_90,homogeneity_0,homogeneity_90,energy_0,energy_90,correlation_0,correlation_90
64.50058381561577,65.52713473449079,2.127297187531729,2.1182607371306745,0.7422373764316371,0.7422967726712791,0.2776225022634933,0.27612092205795574,0.899816887610789,0.8981875844205266
