contrast_0,contrast_90,dissimilarity_0,dissimilarity_90,homogeneity_0,homogeneity_90,energy_0,energy_90,correlation_0,correlation_90
56.728297289064855,57.55830541171687,1.9382678444512134,1.9242308863844053,0.7710938210328923,0.7769157931514808,0.3234658944218796,0.32347644533716774,0.887808542873404,0.8861327189815902
