contrast_0,contrast_90,dissimilarity_0,dissimilarity_90,homogeneity_0,homogeneity_90,energy_0,energy_90,correlation_0,correlation_90
60.33612549497409,61.73215554878667,2.1312823636917444,2.2157579449690328,0.7124469865632257,0.6910971627534921,0.24110202961388133,0.23568715960867714,0.8969139366903525,0.8945156623532972
