contrast_0,contrast_90,dissimilarity_0,dissimilarity_90,homogeneity_0,homogeneity_90,energy_0,energy_90,correlation_0,correlation_90
66.69050157376381,66.51720986902218,2.2009594882729213,2.2039293329272027,0.7137042608921278,0.7082925709478898,0.24443841359293003,0.24573558014522384,0.8991235864307635,0.8993904699011219
