contrast_0,contrast_90,dissimilarity_0,dissimilarity_90,homogeneity_0,homogeneity_90,energy_0,energy_90,correlation_0,correlation_90
44.748096253426745,44.70266016854502,1.886282871357499,1.8484110061935215,0.7283631811086207,0.7384721365317879,0.28201022888731725,0.28432778266894043,0.8922454547104128,0.8923689255132282
