contrast_0,contrast_90,dissimilarity_0,dissimilarity_90,homogeneity_0,homogeneity_90,energy_0,energy_90,correlation_0,correlation_90
67.78837953091684,67.89671540257896,2.0707432226621973,2.1182099705553843,0.7735310065931237,0.7541586004492736,0.29722038639785175,0.29130159941312,0.8776021956103507,0.8773964296179652
