contrast_0,contrast_90,dissimilarity_0,dissimilarity_90,homogeneity_0,homogeneity_90,energy_0,energy_90,correlation_0,correlation_90
46.71093512031678,47.518352116966184,1.8712559650725964,1.8687430195958983,0.7385230799119984,0.7409628754047505,0.2741775106872562,0.27451923607075474,0.8995779710088816,0.8978264292195435
