contrast_0,contrast_90,dissimilarity_0,dissimilarity_90,homogeneity_0,homogeneity_90,energy_0,energy_90,correlation_0,correlation_90
71.11955528480044,71.24598944055231,2.212001218397807,2.272337293126206,0.7304286340315816,0.7124451312526706,0.2757085965652894,0.27082482226871973,0.8779179014174021,0.877689945965101
