contrast_0,contrast_90,dissimilarity_0,dissimilarity_90,homogeneity_0,homogeneity_90,energy_0,energy_90,correlation_0,correlation_90
42.16298608995838,44.1885470606153,2.0570870139100417,2.0197481977865777,0.6538213086852699,0.6683006854601202,0.22418939823507567,0.22572182412773067,0.898374733725367,0.8934118280626089
