contrast_0,contrast_90,dissimilarity_0,dissimilarity_90,homogeneity_0,homogeneity_90,energy_0,energy_90,correlation_0,correlation_90
35.44600974718242,35.331708802924155,1.9191542288557215,1.904254239009036,0.6726980620131987,0.6693440682006326,0.24745957656529863,0.24632302254444757,0.908113726363313,0.9084002272965588
