contrast_0,contrast_90,dissimilarity_0,dissimilarity_90,homogeneity_0,homogeneity_90,energy_0,energy_90,correlation_0,correlation_90
61.852624631942305,63.582140318814076,2.127982536298101,2.1101634683724235,0.7288809960626718,0.7383258692372009,0.27675455439632374,0.27544965545752553,0.9040982571583285,0.9013769838696031
