contrast_0,contrast_90,dissimilarity_0,dissimilarity_90,homogeneity_0,homogeneity_90,energy_0,energy_90,correlation_0,correlation_90
75.07277388567364,75.04477611940291,2.12805868616103,2.130419331911869,0.7891831451842446,0.7880280014292338,0.3404419048668018,0.33946986168637583,0.8837481471019724,0.8837951699108932
