contrast_0,contrast_90,dissimilarity_0,dissimilarity_90,homogeneity_0,homogeneity_90,energy_0,energy_90,correlation_0,correlation_90
42.5397502284496,42.397883033810544,1.9868006904254236,1.9539800995024872,0.6750459416411819,0.682417042179079,0.24655907728417195,0.24839877001872288,0.8990689555052651,0.8993895445343346
