contrast_0,contrast_90,dissimilarity_0,dissimilarity_90,homogeneity_0,homogeneity_90,energy_0,energy_90,correlation_0,correlation_90
65.43395268555182,65.60996040207124,2.2315971164585258,2.278251599147123,0.7174127863447939,0.6997121697252344,0.2645419300891968,0.2623550131111539,0.906379845811723,0.9061253889039257
