contrast_0,contrast_90,dissimilarity_0,dissimilarity_90,homogeneity_0,homogeneity_90,energy_0,energy_90,correlation_0,correlation_90
59.36196568179512,59.0491674281653,1.9564422784038993,1.9671286425017778,0.7726176779058679,0.7682731930169374,0.2832370377151083,0.28175248961317206,0.8801640704696116,0.8808186979707815
