contrast_0,contrast_90,dissimilarity_0,dissimilarity_90,homogeneity_0,homogeneity_90,energy_0,energy_90,correlation_0,correlation_90
72.20580769621269,74.73971976850439,2.3206924560869115,2.3017057569296364,0.7127529784885295,0.7208787805506802,0.2565025489161179,0.25588163195295005,0.9075954204743578,0.9043265516892454
