contrast_0,contrast_90,dissimilarity_0,dissimilarity_90,homogeneity_0,homogeneity_90,energy_0,energy_90,correlation_0,correlation_90
43.21519951264086,44.407147933800374,1.8494771042745464,1.8715605645243176,0.724445399996039,0.7169433884789692,0.24034599891531072,0.24014160281314612,0.8927923411715174,0.8897559258761258
