contrast_0,contrast_90,dissimilarity_0,dissimilarity_90,homogeneity_0,homogeneity_90,energy_0,energy_90,correlation_0,correlation_90
40.33092192100723,41.0144938572444,1.9350441669204992,1.849756320438624,0.6849116722429952,0.7113890250748003,0.25433929075239875,0.25947395818747904,0.8987874648908156,0.8970505133936221
