contrast_0,contrast_90,dissimilarity_0,dissimilarity_90,homogeneity_0,homogeneity_90,energy_0,energy_90,correlation_0,correlation_90
63.15958472941412,64.11107726672756,2.1003401360544203,2.0920398009950243,0.7440736799374126,0.7498267312243498,0.29109676227632486,0.29098527449764594,0.8978097453330295,0.8962500154741514
