contrast_0,contrast_90,dissimilarity_0,dissimilarity_90,homogeneity_0,homogeneity_90,energy_0,energy_90,correlation_0,correlation_90
64.64755305107116,64.74840085287845,2.061503705959996,2.0573154634988327,0.7575796982150278,0.7597086484775469,0.27837559580916554,0.2794749928752295,0.8820170748762202,0.8818392235364481
