contrast_0,contrast_90,dissimilarity_0,dissimilarity_90,homogeneity_0,homogeneity_90,energy_0,energy_90,correlation_0,correlation_90
102.58198801908823,102.58059193826786,2.292161640775713,2.2950807188547047,0.8478010847402851,0.8460724916023473,0.38852971332322794,0.38849165107904604,0.8772751965486119,0.8772744083050469
