contrast_0,contrast_90,dissimilarity_0,dissimilarity_90,homogeneity_0,homogeneity_90,energy_0,energy_90,correlation_0,correlation_90
45.396588486140686,47.059929942126104,2.1361051883439934,2.0883592242867284,0.6550104018772914,0.6642459426750392,0.2325514580326996,0.23212324154546835,0.9200758947568918,0.9171256268321775
