contrast_0,contrast_90,dissimilarity_0,dissimilarity_90,homogeneity_0,homogeneity_90,energy_0,energy_90,correlation_0,correlation_90
38.79911666159002,39.00479744136461,1.743781094527363,1.7440095441161545,0.7397315643149033,0.7407108383614757,0.2684654462701107,0.26905593078805545,0.8882311474588055,0.8876222020687252
