contrast_0,contrast_90,dissimilarity_0,dissimilarity_90,homogeneity_0,homogeneity_90,energy_0,energy_90,correlation_0,correlation_90
70.8490202050969,70.45042643923242,2.1359021220428467,2.0719108538937965,0.7601783323943099,0.7836924880044183,0.2651733636840192,0.27306962147593666,0.8788765321488013,0.8795891958462566
