contrast_0,contrast_90,dissimilarity_0,dissimilarity_90,homogeneity_0,homogeneity_90,energy_0,energy_90,correlation_0,correlation_90
60.49073510001019,62.094603513047,2.0960757437303275,2.121052898771449,0.7339221249851646,0.7268774790747323,0.25892908582175606,0.2569667091976053,0.8973692755163375,0.8945986515916787
