contrast_0,contrast_90,dissimilarity_0,dissimilarity_90,homogeneity_0,homogeneity_90,energy_0,energy_90,correlation_0,correlation_90
65.2232967813991,65.20877754086706,2.1178038379530917,2.1099350187836325,0.7368922582397918,0.739139167356352,0.2798705928783914,0.28077805749720164,0.8798780705079643,0.8798635508505084
