contrast_0,contrast_90,dissimilarity_0,dissimilarity_90,homogeneity_0,homogeneity_90,energy_0,energy_90,correlation_0,correlation_90
56.078764341557545,57.19689816224999,2.1455223880597005,2.140851863133313,0.6837051335611707,0.6883847546226639,0.2402033130224219,0.2397739048043524,0.9030440193831467,0.9010662436996858
