contrast_0,contrast_90,dissimilarity_0,dissimilarity_90,homogeneity_0,homogeneity_90,energy_0,energy_90,correlation_0,correlation_90
36.829931972789105,37.200959488272915,1.716417910447761,1.7305564016651438,0.7356753499967417,0.7325624935640593,0.27504316639411514,0.2730112597664869,0.9011292005106613,0.9001339740855416
