contrast_0,contrast_90,dissimilarity_0,dissimilarity_90,homogeneity_0,homogeneity_90,energy_0,energy_90,correlation_0,correlation_90
60.02840389887298,61.40585338613058,2.114859376586455,2.109681185907198,0.7239111529966141,0.7279012874135946,0.2568698587228695,0.2580464797110367,0.8978246208509147,0.8954316966012331
