contrast_0,contrast_90,dissimilarity_0,dissimilarity_90,homogeneity_0,homogeneity_90,energy_0,energy_90,correlation_0,correlation_90
58.16608285105086,58.5073611534166,1.9476342775916344,1.9824855315260443,0.7690655813629221,0.7555322013474702,0.28032419822617294,0.2761071964293966,0.8827535764967371,0.8820611160193258
