contrast_0,contrast_90,dissimilarity_0,dissimilarity_90,homogeneity_0,homogeneity_90,energy_0,energy_90,correlation_0,correlation_90
70.09716722509901,70.06652959691337,2.1897146918468864,2.2111128033302867,0.7322373165439965,0.7257356895106989,0.2889653488265053,0.28682638591039783,0.8752052377123303,0.8752898900673919
