contrast_0,contrast_90,dissimilarity_0,dissimilarity_90,homogeneity_0,homogeneity_90,energy_0,energy_90,correlation_0,correlation_90
63.49076048329777,64.92126104173009,2.1349375571123974,2.134379124784242,0.732664348695037,0.7348342523508042,0.2645654274579351,0.2620026505781099,0.9022054411232912,0.8999615404233373
