contrast_0,contrast_90,dissimilarity_0,dissimilarity_90,homogeneity_0,homogeneity_90,energy_0,energy_90,correlation_0,correlation_90
59.209869022235736,60.70428469895421,2.0506650421362567,2.043557721596101,0.7475755256724066,0.7532039891637015,0.27656293228298684,0.27693340383340737,0.9010696221058765,0.8985274449328646
