contrast_0,contrast_90,dissimilarity_0,dissimilarity_90,homogeneity_0,homogeneity_90,energy_0,energy_90,correlation_0,correlation_90
41.19067925677732,41.59376586455477,1.839273022641893,1.8163772971875318,0.7188889833860282,0.7279367131791935,0.2823729809996025,0.282397358419445,0.8973681860126341,0.8963682338353778
