contrast_0,contrast_90,dissimilarity_0,dissimilarity_90,homogeneity_0,homogeneity_90,energy_0,energy_90,correlation_0,correlation_90
45.12087521575797,45.97131688496292,1.9019189765458433,1.9125799573560776,0.723093363477191,0.7183093532265569,0.2527050867337878,0.25120923252113314,0.8955645030935465,0.8935718213202951
