contrast_0,contrast_90,dissimilarity_0,dissimilarity_90,homogeneity_0,homogeneity_90,energy_0,energy_90,correlation_0,correlation_90
41.537694182150474,41.87894710122853,1.7821860087318517,1.8260990963549597,0.7417356469557674,0.7270633615024037,0.26804675313028475,0.2631036966755677,0.8982755770220693,0.8974213621692209
