contrast_0,contrast_90,dissimilarity_0,dissimilarity_90,homogeneity_0,homogeneity_90,energy_0,energy_90,correlation_0,correlation_90
68.2607625139608,66.83216570210168,2.216189460858973,2.194385216773277,0.7351867322148357,0.7313923050329555,0.2911002417080068,0.28987125466051394,0.9012813928980693,0.9033681960165719
