contrast_0,contrast_90,dissimilarity_0,dissimilarity_90,homogeneity_0,homogeneity_90,energy_0,energy_90,correlation_0,correlation_90
59.7341100619352,60.0929535993502,2.072926185399533,2.061529089247638,0.7422169287329774,0.7430322314188524,0.26754691034173833,0.26744200947362434,0.9001601051522262,0.8995496928940949
