contrast_0,contrast_90,dissimilarity_0,dissimilarity_90,homogeneity_0,homogeneity_90,energy_0,energy_90,correlation_0,correlation_90
44.46245811757544,45.39821301654991,1.9049903543506965,1.9488272921108747,0.7162242951212067,0.7060148706865056,0.257061064365322,0.25630164555375584,0.8955176178918439,0.8932982596968168
