contrast_0,contrast_90,dissimilarity_0,dissimilarity_90,homogeneity_0,homogeneity_90,energy_0,energy_90,correlation_0,correlation_90
61.19694892882525,61.73192709919792,2.106787491115849,2.119732967813991,0.7287434636436333,0.7245448966045714,0.25319691120001114,0.251691679744166,0.8988608767084425,0.8979816428071145
