contrast_0,contrast_90,dissimilarity_0,dissimilarity_90,homogeneity_0,homogeneity_90,energy_0,energy_90,correlation_0,correlation_90
62.496167123565925,65.26997664737536,2.179079094324297,2.142654076555994,0.7317682707820534,0.7439488743604465,0.32751484066501657,0.3275803561259229,0.9101568297455035,0.9061344751452579
