contrast_0,contrast_90,dissimilarity_0,dissimilarity_90,homogeneity_0,homogeneity_90,energy_0,energy_90,correlation_0,correlation_90
59.08348563305917,58.69435983348557,2.1620215250279213,2.141765661488476,0.6959229666019129,0.7028598224954323,0.23928510896506847,0.24192021924200477,0.9084441577058133,0.9090553402542504
