contrast_0,contrast_90,dissimilarity_0,dissimilarity_90,homogeneity_0,homogeneity_90,energy_0,energy_90,correlation_0,correlation_90
58.81734186211794,59.32005787389581,2.1827089044573054,2.219184688800893,0.683052070873031,0.6729279687120036,0.24317655624762638,0.24055771563913284,0.9066020414374304,0.9057940484527225
