contrast_0,contrast_90,dissimilarity_0,dissimilarity_90,homogeneity_0,homogeneity_90,energy_0,energy_90,correlation_0,correlation_90
60.43357193623715,60.43737942938369,2.058254645141637,2.046121433648086,0.7383502061915075,0.7410136221892425,0.27929860374823334,0.28145286254156426,0.8809939127886596,0.8810017083580852
