contrast_0,contrast_90,dissimilarity_0,dissimilarity_90,homogeneity_0,homogeneity_90,energy_0,energy_90,correlation_0,correlation_90
80.67247943953703,81.7179916742816,2.2889887298202845,2.245151792060108,0.7632458392897505,0.7788585005982559,0.2790115967591978,0.2827761450346301,0.8956165650943507,0.8942422140395103
