contrast_0,contrast_90,dissimilarity_0,dissimilarity_90,homogeneity_0,homogeneity_90,energy_0,energy_90,correlation_0,correlation_90
62.75124378109452,63.076555995532516,2.121636714387247,2.105746776322469,0.7255834424490838,0.7325146920551531,0.2759936759846563,0.2789360944109791,0.8784176521550132,0.87776126813431
