contrast_0,contrast_90,dissimilarity_0,dissimilarity_90,homogeneity_0,homogeneity_90,energy_0,energy_90,correlation_0,correlation_90
48.48042948522692,48.1418418113514,1.89661386942837,1.931515889938065,0.7407421572310423,0.7275853016621284,0.2669879015291805,0.26571964345423205,0.8896817405789382,0.8904741668370441
