contrast_0,contrast_90,dissimilarity_0,dissimilarity_90,homogeneity_0,homogeneity_90,energy_0,energy_90,correlation_0,correlation_90
61.865900091379835,61.88024164889838,2.0673418621179795,2.015483805462484,0.7439619313700038,0.7626301222324493,0.28594648362284913,0.2912426413884694,0.8754899468568739,0.8754286430287425
