contrast_0,contrast_90,dissimilarity_0,dissimilarity_90,homogeneity_0,homogeneity_90,energy_0,energy_90,correlation_0,correlation_90
93.07680982840898,92.96291501675297,2.2438318611026493,2.2241090466037154,0.8259857360109758,0.8336543062401512,0.3902038047645523,0.39468947125556575,0.8796580471370542,0.879815938436397
