contrast_0,contrast_90,dissimilarity_0,dissimilarity_90,homogeneity_0,homogeneity_90,energy_0,energy_90,correlation_0,correlation_90
61.43793786171185,61.320997055538605,2.113742511930146,2.1203675500050756,0.7240157901669394,0.7187096152042433,0.24553393085194042,0.2459430948577343,0.8997959294946318,0.8999964601027901
