contrast_0,contrast_90,dissimilarity_0,dissimilarity_90,homogeneity_0,homogeneity_90,energy_0,energy_90,correlation_0,correlation_90
46.02345415778254,46.70778759264895,1.8628287135749826,1.8519646664636011,0.7376762381987608,0.7423012561892443,0.29806977005338103,0.29770795161822,0.901795482903984,0.9003150189875136
