contrast_0,contrast_90,dissimilarity_0,dissimilarity_90,homogeneity_0,homogeneity_90,energy_0,energy_90,correlation_0,correlation_90
43.179282160625405,45.55335567062649,2.0151538227231183,2.0543710021321955,0.6789795249543241,0.6659526696198517,0.23255918792888292,0.2290184645477765,0.9094254231765457,0.9043650932559633
