contrast_0,contrast_90,dissimilarity_0,dissimilarity_90,homogeneity_0,homogeneity_90,energy_0,energy_90,correlation_0,correlation_90
58.87313432835821,59.392907909432395,2.0780282262158596,2.0589653771956535,0.7355503241122102,0.7403157091823883,0.26395974273340833,0.26555025505419516,0.9009742199756058,0.9000919854165043
