contrast_0,contrast_90,dissimilarity_0,dissimilarity_90,homogeneity_0,homogeneity_90,energy_0,energy_90,correlation_0,correlation_90
64.9226571225505,66.29858361254946,2.1325769113615602,2.1220174637018987,0.7383876966522571,0.7468003920095716,0.2743662101357904,0.2756862522859704,0.8944838459482007,0.8922022743648553
