contrast_0,contrast_90,dissimilarity_0,dissimilarity_90,homogeneity_0,homogeneity_90,energy_0,energy_90,correlation_0,correlation_90
60.60673672454055,61.20144177073813,2.006117372322063,2.06213828815108,0.7603176923649134,0.7389429687730409,0.3084647903577577,0.3025038435383397,0.8788514805712481,0.8776338951431426
