contrast_0,contrast_90,dissimilarity_0,dissimilarity_90,homogeneity_0,homogeneity_90,energy_0,energy_90,correlation_0,correlation_90
68.81231597116458,69.94862422580968,2.0911767692151484,2.16580363488679,0.7695738825182626,0.747010997054555,0.2878643212532074,0.28062328773105416,0.8810283652368578,0.8790536028933548
