contrast_0,contrast_90,dissimilarity_0,dissimilarity_90,homogeneity_0,homogeneity_90,energy_0,energy_90,correlation_0,correlation_90
37.993578028226224,38.55571631637731,1.7098436389481169,1.712585034013606,0.7452977367574231,0.7475790839756239,0.24918859193561468,0.25037446774709415,0.8971483405830099,0.8956136653532047
