contrast_0,contrast_90,dissimilarity_0,dissimilarity_90,homogeneity_0,homogeneity_90,energy_0,energy_90,correlation_0,correlation_90
63.343664331404185,64.69707584526347,2.1402934308051584,2.1633668392730225,0.7255994345518764,0.7211917344804509,0.2563415402204268,0.25510290965573734,0.8921646729128649,0.8898218108414965
