contrast_0,contrast_90,dissimilarity_0,dissimilarity_90,homogeneity_0,homogeneity_90,energy_0,energy_90,correlation_0,correlation_90
77.86326022946493,77.91159000913801,2.1291247842420544,2.1441009239516693,0.7983897210684466,0.7919676224897075,0.3029714145018581,0.3030488823658769,0.8796101523072553,0.8795497271833372
