contrast_0,contrast_90,dissimilarity_0,dissimilarity_90,homogeneity_0,homogeneity_90,energy_0,energy_90,correlation_0,correlation_90
57.112549497410875,57.791552441872284,2.2232206315361953,2.1521474261346314,0.6698164531479042,0.6942041723432879,0.23456804747434587,0.23954366841084715,0.911847711424564,0.9107818850764972
