contrast_0,contrast_90,dissimilarity_0,dissimilarity_90,homogeneity_0,homogeneity_90,energy_0,energy_90,correlation_0,correlation_90
61.93694791349375,61.917377398720696,2.1004670524926388,2.1101380850847797,0.730830590526442,0.7289618562166754,0.2740170612480189,0.273552121421778,0.8974908956014783,0.897523760732763
