contrast_0,contrast_90,dissimilarity_0,dissimilarity_90,homogeneity_0,homogeneity_90,energy_0,energy_90,correlation_0,correlation_90
74.22025078688186,75.2852827698243,2.3088384607574373,2.3174180119809114,0.7264796763911863,0.7205250179262949,0.2567492580736237,0.2562790824977315,0.9062015030933457,0.904857098473344
