contrast_0,contrast_90,dissimilarity_0,dissimilarity_90,homogeneity_0,homogeneity_90,energy_0,energy_90,correlation_0,correlation_90
68.26814905066502,68.70057873895824,2.1916945882830756,2.221139201949437,0.724947140307195,0.7184949400331263,0.24454639772197959,0.24253461569636695,0.8967443539452504,0.8960734074364323
