contrast_0,contrast_90,dissimilarity_0,dissimilarity_90,homogeneity_0,homogeneity_90,energy_0,energy_90,correlation_0,correlation_90
58.17321555487864,56.97129150167532,2.186465631028529,2.1590262970859975,0.679035714854483,0.6838194693101621,0.23048188717342374,0.23417658212837555,0.9071785942222205,0.9091083420890825
