contrast_0,contrast_90,dissimilarity_0,dissimilarity_90,homogeneity_0,homogeneity_90,energy_0,energy_90,correlation_0,correlation_90
59.208929840592916,58.79505533556704,2.1558280028429277,2.104985277693166,0.6974109232734164,0.7113646384601995,0.2419381693621539,0.24556710277702498,0.8982223906996648,0.8989361130614181
