contrast_0,contrast_90,dissimilarity_0,dissimilarity_90,homogeneity_0,homogeneity_90,energy_0,energy_90,correlation_0,correlation_90
38.595060412224576,38.82955122347447,1.7557366230074116,1.7450248756218902,0.7371237734680391,0.7371665443521452,0.2632029387060735,0.26300067875791383,0.8990689108384916,0.8984248559673434
