contrast_0,contrast_90,dissimilarity_0,dissimilarity_90,homogeneity_0,homogeneity_90,energy_0,energy_90,correlation_0,correlation_90
60.58379023251093,59.95149253731345,2.232333231800181,2.2306071682404283,0.692104113056539,0.6850801737176079,0.25250698742725136,0.2514436084816601,0.9099408416883382,0.9108882595922463
