contrast_0,contrast_90,dissimilarity_0,dissimilarity_90,homogeneity_0,homogeneity_90,energy_0,energy_90,correlation_0,correlation_90
46.657833282566756,47.73806985480758,1.8855721393034826,1.8805208650624428,0.7360828800494598,0.7384912544953447,0.2943584374737346,0.29438950241525524,0.9026460338239796,0.9003663258891097
