contrast_0,contrast_90,dissimilarity_0,dissimilarity_90,homogeneity_0,homogeneity_90,energy_0,energy_90,correlation_0,correlation_90
38.72403289674076,38.850162453040895,1.8436389481165607,1.8789471012285517,0.700857794838321,0.6896580226428918,0.24939945193264307,0.24606352182835822,0.9025352969989812,0.9022156226471717
