contrast_0,contrast_90,dissimilarity_0,dissimilarity_90,homogeneity_0,homogeneity_90,energy_0,energy_90,correlation_0,correlation_90
37.98342471316883,37.876307239313654,1.727662706873794,1.7315717331708793,0.7412921231519213,0.7400869890896018,0.2784830946674982,0.278446587568369,0.9008164017604244,0.9010935004659386
