contrast_0,contrast_90,dissimilarity_0,dissimilarity_90,homogeneity_0,homogeneity_90,energy_0,energy_90,correlation_0,correlation_90
89.1585186313331,89.33767387552032,2.2733018580566564,2.279901512843944,0.791408591796987,0.7885370300315576,0.3478825161134722,0.34752490585312856,0.8794795579083563,0.8792291953717323
