contrast_0,contrast_90,dissimilarity_0,dissimilarity_90,homogeneity_0,homogeneity_90,energy_0,energy_90,correlation_0,correlation_90
40.44989339019189,42.36029038481064,2.0202050969641596,1.9872068230277193,0.6585028232898803,0.6712747045325659,0.23005554305867995,0.2311472055238765,0.9015686789787415,0.8968649227338155
