contrast_0,contrast_90,dissimilarity_0,dissimilarity_90,homogeneity_0,homogeneity_90,energy_0,energy_90,correlation_0,correlation_90
73.57099705553865,74.4812925170068,2.2096913392222546,2.261625545740684,0.7448053735551328,0.7292582214342548,0.2884868028891394,0.2834108665288658,0.8760985952332891,0.8745446903356345
