contrast_0,contrast_90,dissimilarity_0,dissimilarity_90,homogeneity_0,homogeneity_90,energy_0,energy_90,correlation_0,correlation_90
82.09731952482481,82.66395065488878,2.139049649710631,2.1550157376383403,0.8273027839510285,0.825591169651059,0.4128612686309569,0.4132307750831501,0.8772179855783279,0.8763739894446853
