contrast_0,contrast_90,dissimilarity_0,dissimilarity_90,homogeneity_0,homogeneity_90,energy_0,energy_90,correlation_0,correlation_90
68.00931566656514,67.2693674484719,2.1042491623515076,2.0448268859782712,0.7562484524309054,0.779565885296108,0.26971040922469386,0.27877867728479294,0.8773400039928179,0.8786989041647661
