contrast_0,contrast_90,dissimilarity_0,dissimilarity_90,homogeneity_0,homogeneity_90,energy_0,energy_90,correlation_0,correlation_90
47.64712153518121,48.84104985277693,1.879429383693776,1.8621687480962537,0.7442194655304464,0.7518741830994216,0.26185685450155854,0.2631493007996378,0.8918313185957645,0.8890633103081
