contrast_0,contrast_90,dissimilarity_0,dissimilarity_90,homogeneity_0,homogeneity_90,energy_0,energy_90,correlation_0,correlation_90
57.70141638745051,58.190780789927906,1.9797695197481981,1.9908112498730837,0.7600159272864042,0.7573764162758737,0.33118651344460803,0.3292615286125582,0.8794199735591792,0.8784086168019838
