contrast_0,contrast_90,dissimilarity_0,dissimilarity_90,homogeneity_0,homogeneity_90,energy_0,energy_90,correlation_0,correlation_90
58.36346329576607,58.55812772870344,2.002056046299117,2.0218803939486243,0.7498679463412572,0.7455592468557168,0.288279985822668,0.28473873502534064,0.8775315598558645,0.8771231635617941
