contrast_0,contrast_90,dissimilarity_0,dissimilarity_90,homogeneity_0,homogeneity_90,energy_0,energy_90,correlation_0,correlation_90
59.58470403086607,60.75934104985278,2.08130267032186,2.0704386232104772,0.7318556921104801,0.7375769598769903,0.2733466930007404,0.2732426440095964,0.9003470490566072,0.8983419622872758
