contrast_0,contrast_90,dissimilarity_0,dissimilarity_90,homogeneity_0,homogeneity_90,energy_0,energy_90,correlation_0,correlation_90
41.83683622702811,42.29756828104375,1.9288760280231494,1.9725606660574664,0.6956589379212877,0.6768680186061976,0.249751637666502,0.24589663692811176,0.8954534194634673,0.8942965128620594
