contrast_0,contrast_90,dissimilarity_0,dissimilarity_90,homogeneity_0,homogeneity_90,energy_0,energy_90,correlation_0,correlation_90
60.78703421667173,60.35732054015631,2.199208041425524,2.2230937150979786,0.6894775370928384,0.6780778310394486,0.23474303296270646,0.23385851996297694,0.9060031152920158,0.9066690013573545
