contrast_0,contrast_90,dissimilarity_0,dissimilarity_90,homogeneity_0,homogeneity_90,energy_0,energy_90,correlation_0,correlation_90
76.24461874301957,78.30713778048525,2.182328155142652,2.173621687480963,0.7959447274188789,0.797983872123058,0.3319699316202665,0.3296987499977027,0.8994085622159513,0.8966519549280972
