contrast_0,contrast_90,dissimilarity_0,dissimilarity_90,homogeneity_0,homogeneity_90,energy_0,energy_90,correlation_0,correlation_90
69.86293024672555,69.43164280637627,2.268656716417911,2.1700426439232405,0.702488785419126,0.7370747516283747,0.25466648831157734,0.2626145690103632,0.8773307683773434,0.8781072670445799
