contrast_0,contrast_90,dissimilarity_0,dissimilarity_90,homogeneity_0,homogeneity_90,energy_0,energy_90,correlation_0,correlation_90
67.23464311097574,68.17709919788808,2.1206213828815117,2.2507107320540154,0.7473758571633137,0.7010519734945344,0.2780888340627647,0.2653550048171549,0.8816881658089647,0.8800031461792047
