contrast_0,contrast_90,dissimilarity_0,dissimilarity_90,homogeneity_0,homogeneity_90,energy_0,energy_90,correlation_0,correlation_90
39.755279723829815,40.94847192608386,1.9685501066098092,1.965021829627373,0.678812911267157,0.6748972106041901,0.2559573396888703,0.2544101644371409,0.9160393403385935,0.9134865148899549
