contrast_0,contrast_90,dissimilarity_0,dissimilarity_90,homogeneity_0,homogeneity_90,energy_0,energy_90,correlation_0,correlation_90
77.32795207635293,78.36501167631229,2.345517311402171,2.354655294953802,0.721413979723926,0.7163453361753129,0.2531344462702477,0.2519073555577687,0.9028244679675037,0.9015122221169185
