contrast_0,contrast_90,dissimilarity_0,dissimilarity_90,homogeneity_0,homogeneity_90,energy_0,energy_90,correlation_0,correlation_90
56.61341252919079,58.11295563001321,2.1732155548786682,2.2342369783734375,0.682103026536181,0.6614047991570542,0.23233347168363594,0.22841692662573201,0.9110927052547149,0.9087300785687099
