contrast_0,contrast_90,dissimilarity_0,dissimilarity_90,homogeneity_0,homogeneity_90,energy_0,energy_90,correlation_0,correlation_90
57.28784648187632,57.479414153721166,1.9649710630520862,1.9761143263275465,0.7654210599882392,0.7601883310870505,0.3469776412603024,0.3453106644790368,0.8812883650364842,0.8808864392413552
