contrast_0,contrast_90,dissimilarity_0,dissimilarity_90,homogeneity_0,homogeneity_90,energy_0,energy_90,correlation_0,correlation_90
44.05553863336376,44.51467154025791,1.9164889836531631,1.927505330490406,0.7118709360842523,0.7083981642399414,0.25442276365585753,0.25564136691986494,0.910179022734702,0.9092283642149617
