contrast_0,contrast_90,dissimilarity_0,dissimilarity_90,homogeneity_0,homogeneity_90,energy_0,energy_90,correlation_0,correlation_90
65.78650116763123,66.05388871966696,2.230708701391004,2.2240075134531416,0.6973420924473689,0.700217066559867,0.2656911944293572,0.2666073560166077,0.8831815656926747,0.8826954903565635
