contrast_0,contrast_90,dissimilarity_0,dissimilarity_90,homogeneity_0,homogeneity_90,energy_0,energy_90,correlation_0,correlation_90
54.51654990354349,54.90471113818662,1.9261346329576605,1.9295359935018783,0.7586597444377524,0.7562479857119909,0.28816859776846465,0.2871688547938588,0.8895838415437759,0.8887737975331138
