contrast_0,contrast_90,dissimilarity_0,dissimilarity_90,homogeneity_0,homogeneity_90,energy_0,energy_90,correlation_0,correlation_90
62.152198192709925,63.16001624530407,2.1321453954716207,2.164585237079908,0.7259653334755225,0.7158217356363183,0.25508009911452234,0.251120460574932,0.8939975634481547,0.8922500515429914
