contrast_0,contrast_90,dissimilarity_0,dissimilarity_90,homogeneity_0,homogeneity_90,energy_0,energy_90,correlation_0,correlation_90
61.38277997766269,60.78957254543608,2.180322875418824,2.1445324398416075,0.7008904513488812,0.7071106485806792,0.24145864345303666,0.24314829173029423,0.8936085435571229,0.8946310098269158
