contrast_0,contrast_90,dissimilarity_0,dissimilarity_90,homogeneity_0,homogeneity_90,energy_0,energy_90,correlation_0,correlation_90
48.42857142857141,50.07434764950755,1.8872474362879486,1.92062645953904,0.7406879457315273,0.7335027394941062,0.2558651309325236,0.25541829229858126,0.8903061674876419,0.8865059929673343
