contrast_0,contrast_90,dissimilarity_0,dissimilarity_90,homogeneity_0,homogeneity_90,energy_0,energy_90,correlation_0,correlation_90
100.1088943039903,100.23215554878666,2.228043456188445,2.22941415372119,0.8660220683338519,0.8656129389912869,0.3680915918421289,0.3704869501592416,0.8762989974565514,0.8761518295600852
