contrast_0,contrast_90,dissimilarity_0,dissimilarity_90,homogeneity_0,homogeneity_90,energy_0,energy_90,correlation_0,correlation_90
59.54231394050158,58.97327139811147,2.1809066910346235,2.1032338308457716,0.693021679310592,0.7138841210873649,0.23885572786485645,0.24475493910858148,0.896302946866217,0.8973006350469747
