contrast_0,contrast_90,dissimilarity_0,dissimilarity_90,homogeneity_0,homogeneity_90,energy_0,energy_90,correlation_0,correlation_90
88.4371255965072,88.71961620469088,2.241420448776525,2.2570819372525124,0.8037248034645068,0.797045450755071,0.3259622731287878,0.3234124055276262,0.8805794160598782,0.8801933695006602
