contrast_0,contrast_90,dissimilarity_0,dissimilarity_90,homogeneity_0,homogeneity_90,energy_0,energy_90,correlation_0,correlation_90
68.25444207533756,68.56845872677427,2.0832571834704017,2.138262767793684,0.771310310604386,0.7505542278078483,0.28555294713867896,0.2798125052583448,0.8780978231531195,0.8775248819997048
