contrast_0,contrast_90,dissimilarity_0,dissimilarity_90,homogeneity_0,homogeneity_90,energy_0,energy_90,correlation_0,correlation_90
42.20497004772058,41.62597725657429,2.0241902731241748,1.9661133109960396,0.665761302991764,0.6763263646963891,0.23816509953963813,0.24341251506854258,0.9107942784513925,0.9120022115402869
