contrast_0,contrast_90,dissimilarity_0,dissimilarity_90,homogeneity_0,homogeneity_90,energy_0,energy_90,correlation_0,correlation_90
100.07302771855008,100.46588486140726,2.271017362168748,2.282668291197076,0.8457201111548417,0.8413135141757233,0.3397737840552038,0.33770387600103785,0.8794372963096246,0.8789546615880028
