contrast_0,contrast_90,dissimilarity_0,dissimilarity_90,homogeneity_0,homogeneity_90,energy_0,energy_90,correlation_0,correlation_90
66.05675703117068,66.7432988120621,2.112803330287339,2.101558533861307,0.7526300317716738,0.7559696895665156,0.2778390197735575,0.2776018879929666,0.8979792138404977,0.8969038257067993
