contrast_0,contrast_90,dissimilarity_0,dissimilarity_90,homogeneity_0,homogeneity_90,energy_0,energy_90,correlation_0,correlation_90
70.94900497512435,70.61671235658443,2.098614072494669,2.086557010864047,0.776784022423952,0.7800892881387135,0.27523848715708094,0.27621352071986255,0.8776521479780466,0.8782588072311857
