contrast_0,contrast_90,dissimilarity_0,dissimilarity_90,homogeneity_0,homogeneity_90,energy_0,energy_90,correlation_0,correlation_90
65.29523301858056,66.45722916032084,2.107447456594577,2.0959742105797536,0.7532661269260869,0.7577819081832698,0.2854882250378765,0.28571475477252095,0.8995391454719821,0.8977333570445732
