contrast_0,contrast_90,dissimilarity_0,dissimilarity_90,homogeneity_0,homogeneity_90,energy_0,energy_90,correlation_0,correlation_90
78.16765661488476,77.9725860493451,2.152731241750431,2.171692557620063,0.7881496158308925,0.7796093168346945,0.29199214769099724,0.29096344791342466,0.8785595263548537,0.8788872054319891
