contrast_0,contrast_90,dissimilarity_0,dissimilarity_90,homogeneity_0,homogeneity_90,energy_0,energy_90,correlation_0,correlation_90
57.522514976139696,58.94131383896841,2.2046146816935734,2.2833790232510927,0.6763102892467597,0.6489683630693829,0.23195678521565635,0.22690877710283852,0.9080178829933592,0.9057272656847717
