contrast_0,contrast_90,dissimilarity_0,dissimilarity_90,homogeneity_0,homogeneity_90,energy_0,energy_90,correlation_0,correlation_90
48.45022337293127,49.73758757234237,1.8892527160117776,1.931718956239212,0.7393751892584915,0.7258228852525109,0.2574567867558396,0.2556737768467403,0.8884312328447378,0.8854310085736644
