contrast_0,contrast_90,dissimilarity_0,dissimilarity_90,homogeneity_0,homogeneity_90,energy_0,energy_90,correlation_0,correlation_90
41.43336886993603,41.17265712255054,2.038455680779775,2.0337090059904557,0.6594655864455607,0.6570725855783144,0.2322001303923896,0.23167113180156626,0.9006502387524653,0.9012689969895988
