contrast_0,contrast_90,dissimilarity_0,dissimilarity_90,homogeneity_0,homogeneity_90,energy_0,energy_90,correlation_0,correlation_90
56.32739364402474,57.899964463397275,2.15798558229262,2.23893288658747,0.6892508387769414,0.6582087789230063,0.23207347848720192,0.22728292140764644,0.9115436325925927,0.9090690111077163
