contrast_0,contrast_90,dissimilarity_0,dissimilarity_90,homogeneity_0,homogeneity_90,energy_0,energy_90,correlation_0,correlation_90
71.2114935526449,71.87420042643926,2.252868311503706,2.299015128439434,0.7183737425074891,0.7072788818149989,0.2577108629560037,0.2556639408933819,0.8792926456476224,0.878143504458976
