contrast_0,contrast_90,dissimilarity_0,dissimilarity_90,homogeneity_0,homogeneity_90,energy_0,energy_90,correlation_0,correlation_90
45.126002639861916,45.94118692253022,1.8428266829119726,1.8297035232003245,0.7434759095325024,0.7500304455385401,0.2956497395313295,0.293234517469727,0.9025559031189833,0.9007747846247239
