contrast_0,contrast_90,dissimilarity_0,dissimilarity_90,homogeneity_0,homogeneity_90,energy_0,energy_90,correlation_0,correlation_90
67.66169154228851,69.33678546045283,2.1558533861305715,2.297492131180831,0.7339628627136935,0.6923397941947504,0.2683257071553954,0.25935378838766887,0.8807093369260861,0.8777044228153752
