contrast_0,contrast_90,dissimilarity_0,dissimilarity_90,homogeneity_0,homogeneity_90,energy_0,energy_90,correlation_0,correlation_90
67.98159711645856,67.96311808305411,2.0792212407351007,2.0774444106000614,0.7675960644385152,0.767929430475142,0.2797898692571959,0.2803283514954463,0.8777725330862143,0.8778061437777269
