contrast_0,contrast_90,dissimilarity_0,dissimilarity_90,homogeneity_0,homogeneity_90,energy_0,energy_90,correlation_0,correlation_90
66.3132551528074,67.8823484617728,2.2126865671641784,2.2219768504416684,0.7191901918286178,0.7147409014663983,0.25005094565739616,0.24794449421256173,0.9003033788729766,0.8979051063616387
