contrast_0,contrast_90,dissimilarity_0,dissimilarity_90,homogeneity_0,homogeneity_90,energy_0,energy_90,correlation_0,correlation_90
76.25527972382982,78.45123870443696,2.3281805259417188,2.353106914407552,0.7248814185761815,0.7220372761524645,0.2557260348709714,0.25569443036125855,0.9033119932012207,0.9005006902858567
