contrast_0,contrast_90,dissimilarity_0,dissimilarity_90,homogeneity_0,homogeneity_90,energy_0,energy_90,correlation_0,correlation_90
58.17133719159307,59.82574373032795,2.0561985988425224,2.052771855010661,0.7413709790916322,0.7452382027206017,0.26893231133634543,0.26823652512183976,0.9017871639547543,0.8989457442844752
