contrast_0,contrast_90,dissimilarity_0,dissimilarity_90,homogeneity_0,homogeneity_90,energy_0,energy_90,correlation_0,correlation_90
73.09170981825561,73.22443902934302,2.3077723626764137,2.2324093816631114,0.7063662650780922,0.7298693514213676,0.24212539707599381,0.24820889962924012,0.8771208366862301,0.876859820116852
