contrast_0,contrast_90,dissimilarity_0,dissimilarity_90,homogeneity_0,homogeneity_90,energy_0,energy_90,correlation_0,correlation_90
42.729261853995325,43.126104173012536,2.00690425423901,2.0021829627373338,0.6751821799811406,0.6737466889781096,0.2549698846779871,0.2534939380931243,0.9099332733278335,0.9090830662227666
