contrast_0,contrast_90,dissimilarity_0,dissimilarity_90,homogeneity_0,homogeneity_90,energy_0,energy_90,correlation_0,correlation_90
60.51789521778858,60.65788404914205,1.9071733170880298,1.9406538734896943,0.808197530135683,0.7943362780134463,0.44197628999641336,0.4325987649119256,0.8780057252508493,0.8777350345765861
