contrast_0,contrast_90,dissimilarity_0,dissimilarity_90,homogeneity_0,homogeneity_90,energy_0,energy_90,correlation_0,correlation_90
56.310412224591346,57.164432937354036,1.8909787795715298,1.889734998477003,0.7875659241249316,0.7904748981132654,0.3085453436101225,0.30723836155143025,0.8889682640747256,0.8872514100911805
