contrast_0,contrast_90,dissimilarity_0,dissimilarity_90,homogeneity_0,homogeneity_90,energy_0,energy_90,correlation_0,correlation_90
45.94608589704534,47.41473753680579,2.1916438217077894,2.1718702406335666,0.6405078501526299,0.6404124495312956,0.22863011109629494,0.22807375081392164,0.917409808919175,0.9147598819826096
