contrast_0,contrast_90,dissimilarity_0,dissimilarity_90,homogeneity_0,homogeneity_90,energy_0,energy_90,correlation_0,correlation_90
66.6559803025688,67.1780383795309,2.153848106406742,2.1449893390191903,0.7303171410990155,0.7354766795770444,0.2930292636755995,0.2959840783364972,0.8761609747432452,0.875157091915063
