contrast_0,contrast_90,dissimilarity_0,dissimilarity_90,homogeneity_0,homogeneity_90,energy_0,energy_90,correlation_0,correlation_90
41.93948624225808,42.44225302061123,1.7771347344908104,1.817570311706773,0.7465910000147875,0.735879321305337,0.2793325544989196,0.27441339407263454,0.8975566243183851,0.8962906616228873
