contrast_0,contrast_90,dissimilarity_0,dissimilarity_90,homogeneity_0,homogeneity_90,energy_0,energy_90,correlation_0,correlation_90
89.03373438927808,88.54805056350892,2.241623515077672,2.2117727688090163,0.8141338006775312,0.820406070211137,0.3374625717215663,0.34237585850645325,0.8824189369135488,0.883065264752861
