contrast_0,contrast_90,dissimilarity_0,dissimilarity_90,homogeneity_0,homogeneity_90,energy_0,energy_90,correlation_0,correlation_90
65.60209158290179,65.0539141029546,2.1966697126611843,2.2235759975632057,0.7195295646033144,0.709450685156984,0.25227024851205765,0.25221486292616513,0.9046411786349854,0.9054407015708802
