contrast_0,contrast_90,dissimilarity_0,dissimilarity_90,homogeneity_0,homogeneity_90,energy_0,energy_90,correlation_0,correlation_90
100.25355366027007,100.07340846786477,2.282287541882425,2.297339831454971,0.8418467712665525,0.8332554218998734,0.33044644543586005,0.3281315177537758,0.8783237144569397,0.8785395638202741
