contrast_0,contrast_90,dissimilarity_0,dissimilarity_90,homogeneity_0,homogeneity_90,energy_0,energy_90,correlation_0,correlation_90
67.96410803127222,68.36653467357097,2.1399634480657928,2.1365620875215767,0.7422850104428464,0.7448744259913691,0.27193890713801283,0.27445153635742203,0.8819778740840485,0.8812735256625526
