contrast_0,contrast_90,dissimilarity_0,dissimilarity_90,homogeneity_0,homogeneity_90,energy_0,energy_90,correlation_0,correlation_90
100.39377094121232,101.31355975225911,2.2908163265306123,2.3013757741902725,0.8376659766648522,0.8370687502847359,0.3399964119918922,0.3423269712246033,0.8805739185211933,0.8794588494046145
