contrast_0,contrast_90,dissimilarity_0,dissimilarity_90,homogeneity_0,homogeneity_90,energy_0,energy_90,correlation_0,correlation_90
42.47474362879477,42.90158899380645,1.8371154431922023,1.8226469692354559,0.7258003213790541,0.731656681137292,0.24861214256532108,0.25069535435231716,0.8928026224229373,0.8917020724254531
