contrast_0,contrast_90,dissimilarity_0,dissimilarity_90,homogeneity_0,homogeneity_90,energy_0,energy_90,correlation_0,correlation_90
68.19809117676922,67.69595898060716,2.1188445527464723,2.0509696415879777,0.7515041801658127,0.7785573874492528,0.26696196254790955,0.2765433527112431,0.8784174776319459,0.8793323097417284
