contrast_0,contrast_90,dissimilarity_0,dissimilarity_90,homogeneity_0,homogeneity_90,energy_0,energy_90,correlation_0,correlation_90
54.74345111178798,55.66577825159916,1.9195095948827292,1.900878261752463,0.7696870233725444,0.7764723984908829,0.31149316319544645,0.3110292592146831,0.8915645515293444,0.8896813780518695
