contrast_0,contrast_90,dissimilarity_0,dissimilarity_90,homogeneity_0,homogeneity_90,energy_0,energy_90,correlation_0,correlation_90
74.56109757335764,75.33115037059605,2.084297898263782,2.0875215757944967,0.808344468035789,0.8097759618535944,0.3092474592015089,0.3111017279379079,0.8853743936859714,0.8841737743648954
