contrast_0,contrast_90,dissimilarity_0,dissimilarity_90,homogeneity_0,homogeneity_90,energy_0,energy_90,correlation_0,correlation_90
59.20491928114528,60.213854198395765,2.093283582089552,2.1751700680272115,0.7231674790416681,0.6935983073062917,0.26240373807141,0.2543444003161531,0.8830716592084519,0.8810808955996454
