contrast_0,contrast_90,dissimilarity_0,dissimilarity_90,homogeneity_0,homogeneity_90,energy_0,energy_90,correlation_0,correlation_90
59.7557873895827,60.068509493349595,2.1096811859072,2.11318407960199,0.7180722239061607,0.7154470270425052,0.24949841980902343,0.24930529319966663,0.9015839492738976,0.9010783969974725
