contrast_0,contrast_90,dissimilarity_0,dissimilarity_90,homogeneity_0,homogeneity_90,energy_0,energy_90,correlation_0,correlation_90
56.97827190577721,56.33757234236979,2.158087115443193,2.173647070768607,0.7053078554731218,0.6966782609311577,0.2599100515184049,0.2597701722518588,0.9146666247033562,0.9156371825242287
