contrast_0,contrast_90,dissimilarity_0,dissimilarity_90,homogeneity_0,homogeneity_90,energy_0,energy_90,correlation_0,correlation_90
43.880419331911845,44.214691846887966,1.8372677429180624,1.864960909737029,0.7338610713354112,0.724457823519458,0.24039884708011475,0.23840442660228156,0.8962409298411149,0.8954443154443121
