contrast_0,contrast_90,dissimilarity_0,dissimilarity_90,homogeneity_0,homogeneity_90,energy_0,energy_90,correlation_0,correlation_90
68.74129353233828,68.00083764849222,2.1028023149558335,2.126231089450705,0.7616780697648983,0.7476778521821315,0.29126885798033036,0.2854163006498829,0.8730819489009515,0.8744847900629262
