contrast_0,contrast_90,dissimilarity_0,dissimilarity_90,homogeneity_0,homogeneity_90,energy_0,energy_90,correlation_0,correlation_90
93.12696720479236,93.40757944969032,2.252919078078993,2.247258604934512,0.8196223518084738,0.8234653442218736,0.3108169921522503,0.314189353314762,0.877272024655734,0.876886218255819
