contrast_0,contrast_90,dissimilarity_0,dissimilarity_90,homogeneity_0,homogeneity_90,energy_0,energy_90,correlation_0,correlation_90
101.53089146106201,101.93258198801911,2.280967610924967,2.279774596405727,0.8478535256326729,0.850047624500015,0.40263991971476165,0.4047137411433311,0.8778963108346297,0.877411405157835
