contrast_0,contrast_90,dissimilarity_0,dissimilarity_90,homogeneity_0,homogeneity_90,energy_0,energy_90,correlation_0,correlation_90
45.40044674586252,46.56180830541171,1.8871459031373745,1.8760534064372025,0.7320705683085932,0.7335651116115011,0.2796137501972353,0.2780705019388245,0.9052047814063735,0.9027423840642419
