contrast_0,contrast_90,dissimilarity_0,dissimilarity_90,homogeneity_0,homogeneity_90,energy_0,energy_90,correlation_0,correlation_90
65.06541273225712,66.45428469895418,2.2195400548279007,2.2358868920702606,0.7114413638759097,0.7085663424167977,0.259876937700244,0.25636503773937436,0.9062642997952589,0.9042424714058118
