contrast_0,contrast_90,dissimilarity_0,dissimilarity_90,homogeneity_0,homogeneity_90,energy_0,energy_90,correlation_0,correlation_90
44.75550817341865,46.35937658645548,1.9564930449791855,1.9580668088130782,0.6995860099198316,0.70304175963283,0.25612645379320653,0.2541424500691546,0.9094126441529287,0.9061418127625129
