contrast_0,contrast_90,dissimilarity_0,dissimilarity_90,homogeneity_0,homogeneity_90,energy_0,energy_90,correlation_0,correlation_90
76.14884759874094,75.87932785054316,2.1342268250583807,2.1338714590313734,0.7890148498910959,0.7874789010782569,0.2945762344712915,0.2957122158163664,0.8818875590053884,0.8823173097727726
