contrast_0,contrast_90,dissimilarity_0,dissimilarity_90,homogeneity_0,homogeneity_90,energy_0,energy_90,correlation_0,correlation_90
65.25799573560764,66.44037465732555,2.289724845161946,2.2374606559041528,0.6934866981400083,0.7120729905136072,0.2598087456934359,0.2631515093038766,0.9067596097312075,0.9050394949572892
