contrast_0,contrast_90,dissimilarity_0,dissimilarity_90,homogeneity_0,homogeneity_90,energy_0,energy_90,correlation_0,correlation_90
179.32653061224488,178.7237282972891,3.193877551020405,3.1681388973499858,0.7462155600936339,0.7531479166858035,0.2691494184456091,0.27322827622329954,0.87452023830008,0.874956778483381
