contrast_0,contrast_90,dissimilarity_0,dissimilarity_90,homogeneity_0,homogeneity_90,energy_0,energy_90,correlation_0,correlation_90
131.33236876840294,133.5761498629303,3.0178698345009645,3.0803127221037654,0.670720103181818,0.6563278948975493,0.24335129829811902,0.23903212453010175,0.8942619844297169,0.8924219954976944
