contrast_0,contrast_90,dissimilarity_0,dissimilarity_90,homogeneity_0,homogeneity_90,energy_0,energy_90,correlation_0,correlation_90
107.20116255457395,107.92260635597518,2.8226977358107432,2.7913239922834823,0.6749877538484249,0.6844261285359078,0.25428543776395285,0.2580657773808913,0.8919769439171904,0.8912368994276129
