contrast_0,contrast_90,dissimilarity_0,dissimilarity_90,homogeneity_0,homogeneity_90,energy_0,energy_90,correlation_0,correlation_90
151.14265407655589,154.37087521575785,3.2960706670727977,3.2776170169560404,0.6552865957219631,0.6627066157571133,0.2250200403243398,0.22473950619457395,0.9032853714250153,0.9012087083921871
