contrast_0,contrast_90,dissimilarity_0,dissimilarity_90,homogeneity_0,homogeneity_90,energy_0,energy_90,correlation_0,correlation_90
176.42154025789424,175.93364808610008,3.1878109452736316,3.1561579855822925,0.738879021451464,0.7475286139770454,0.263946175610805,0.26789381321414846,0.8749901669339806,0.8753505386530316
