contrast_0,contrast_90,dissimilarity_0,dissimilarity_90,homogeneity_0,homogeneity_90,energy_0,energy_90,correlation_0,correlation_90
143.79794903035858,142.99730937150963,3.2708396791552428,3.279723829830438,0.673385454184392,0.6496478945792609,0.2434090316004606,0.2374071034743119,0.8824563117216089,0.8831129982280307
