contrast_0,contrast_90,dissimilarity_0,dissimilarity_90,homogeneity_0,homogeneity_90,energy_0,energy_90,correlation_0,correlation_90
109.37285511219413,110.19821809320732,3.18339425322368,3.239897451517922,0.6210227382070622,0.6027222133284662,0.2341110238175599,0.23138602237241357,0.9156757981349846,0.9150181851002763
