contrast_0,contrast_90,dissimilarity_0,dissimilarity_90,homogeneity_0,homogeneity_90,energy_0,energy_90,correlation_0,correlation_90
110.88684130368567,110.23286628084067,2.735556909330895,2.769468981622501,0.7183408583275424,0.7135599255798294,0.27112425306265586,0.2715082376996087,0.892760222062649,0.893430653780501
