contrast_0,contrast_90,dissimilarity_0,dissimilarity_90,homogeneity_0,homogeneity_90,energy_0,energy_90,correlation_0,correlation_90
147.43453650116777,143.620012183978,3.224921311808305,3.096151893593258,0.6607164353062738,0.6802782836042238,0.24077178575420471,0.24605016462253826,0.8874581162927763,0.8903822256568248
