contrast_0,contrast_90,dissimilarity_0,dissimilarity_90,homogeneity_0,homogeneity_90,energy_0,energy_90,correlation_0,correlation_90
171.35739669001924,172.7689105492943,3.485125393440955,3.576962128134836,0.6397107562668648,0.6264651922021887,0.24558667268838077,0.24459593071146019,0.8706679554631799,0.8695666676864052
