contrast_0,contrast_90,dissimilarity_0,dissimilarity_90,homogeneity_0,homogeneity_90,energy_0,energy_90,correlation_0,correlation_90
144.62125596507263,144.11584932480451,3.224261346329577,3.216011777845467,0.6545840741601265,0.6518447063753442,0.24585964141950237,0.24651265441814005,0.8894926054655228,0.8898694934545921
