contrast_0,contrast_90,dissimilarity_0,dissimilarity_90,homogeneity_0,homogeneity_90,energy_0,energy_90,correlation_0,correlation_90
139.4273276474769,141.06972789115633,2.9419991877347926,3.052111889531932,0.7261639078028732,0.6951011011979703,0.26771499450894115,0.2580693076821349,0.8901592243172965,0.8888583270853224
