contrast_0,contrast_90,dissimilarity_0,dissimilarity_90,homogeneity_0,homogeneity_90,energy_0,energy_90,correlation_0,correlation_90
123.42456086912387,122.99662402274333,3.180018275967105,3.122982028632348,0.6330464452144079,0.6443378803555924,0.23517127097710475,0.23894846041092274,0.9053241625524847,0.9056328326663461
