contrast_0,contrast_90,dissimilarity_0,dissimilarity_90,homogeneity_0,homogeneity_90,energy_0,energy_90,correlation_0,correlation_90
123.6136409787796,122.76507767286013,3.1361813382069244,3.0651081328053627,0.6414725882412458,0.6707267276633153,0.23885825000607686,0.24750947931655307,0.8990290176103853,0.8997249141131225
