contrast_0,contrast_90,dissimilarity_0,dissimilarity_90,homogeneity_0,homogeneity_90,energy_0,energy_90,correlation_0,correlation_90
106.4879937049446,106.10696517412926,2.802746471723017,2.7689105492943438,0.6787649592299512,0.6885436862522084,0.2583213622218897,0.26251787062024196,0.8928419233682279,0.8932450993982071
