contrast_0,contrast_90,dissimilarity_0,dissimilarity_90,homogeneity_0,homogeneity_90,energy_0,energy_90,correlation_0,correlation_90
151.65450807188543,153.31091989034422,3.2480708701390992,3.262640877246418,0.6803615164630924,0.6817873245747954,0.25926872460229466,0.25866245658955805,0.8844342482376264,0.8831547438628422
