contrast_0,contrast_90,dissimilarity_0,dissimilarity_90,homogeneity_0,homogeneity_90,energy_0,energy_90,correlation_0,correlation_90
118.34338511524017,120.6498121636715,3.3251599147121516,3.226825058381562,0.6032304610045439,0.6149106107599583,0.23169109122816545,0.23318817211956808,0.9087241427150149,0.9069156889722987
