contrast_0,contrast_90,dissimilarity_0,dissimilarity_90,homogeneity_0,homogeneity_90,energy_0,energy_90,correlation_0,correlation_90
134.5045182252004,133.55533556706237,3.010762513960807,3.040968626256476,0.697781872958519,0.6863366393968066,0.2966365974329167,0.2939854678836688,0.8943521098667777,0.8951027172602078
