contrast_0,contrast_90,dissimilarity_0,dissimilarity_90,homogeneity_0,homogeneity_90,energy_0,energy_90,correlation_0,correlation_90
117.6297593664333,121.13859275053301,2.9077571327038267,2.97568281043761,0.701845905248757,0.6926110245855387,0.2452635287542956,0.24414841030625706,0.8895680312979387,0.8862232205779177
