contrast_0,contrast_90,dissimilarity_0,dissimilarity_90,homogeneity_0,homogeneity_90,energy_0,energy_90,correlation_0,correlation_90
134.30414255254337,133.19321758554162,3.1019392831759562,3.151132094628896,0.6793855439601741,0.659008034628031,0.26008496140846565,0.25323669198339277,0.8911202534254203,0.8920595596384508
