contrast_0,contrast_90,dissimilarity_0,dissimilarity_90,homogeneity_0,homogeneity_90,energy_0,energy_90,correlation_0,correlation_90
168.60374149659867,168.84995938673978,3.608665854401461,3.5953650116763103,0.6154877891381867,0.6123924148344833,0.24322578012219526,0.246021413140071,0.8721890952515042,0.8720162240735883
