contrast_0,contrast_90,dissimilarity_0,dissimilarity_90,homogeneity_0,homogeneity_90,energy_0,energy_90,correlation_0,correlation_90
113.05767082952585,113.67331708802921,2.5791958574474587,2.608488171387958,0.7707602795888159,0.7598903195292545,0.29171554453591797,0.29112751130957615,0.8899059400095889,0.8892856415623795
