contrast_0,contrast_90,dissimilarity_0,dissimilarity_90,homogeneity_0,homogeneity_90,energy_0,energy_90,correlation_0,correlation_90
152.1573763833891,153.8319880190882,3.2384506041222454,3.2630977764240012,0.6857370519824803,0.683223474576006,0.25781266074463427,0.2560699698657937,0.8846777171007745,0.8833915051952389
