contrast_0,contrast_90,dissimilarity_0,dissimilarity_90,homogeneity_0,homogeneity_90,energy_0,energy_90,correlation_0,correlation_90
112.78799878160224,112.98322164686769,2.576860594984262,2.6116103157680994,0.7708814336560349,0.7553141910608613,0.29029989734117634,0.28783787515674436,0.8901662195035289,0.8899738124392418
