contrast_0,contrast_90,dissimilarity_0,dissimilarity_90,homogeneity_0,homogeneity_90,energy_0,energy_90,correlation_0,correlation_90
112.76949436491012,113.35483297796726,2.5823180018275975,2.6118133820692453,0.7691113626671151,0.75717345741587,0.2919798963638067,0.2901943868597722,0.8900941990270848,0.889504337409117
