contrast_0,contrast_90,dissimilarity_0,dissimilarity_90,homogeneity_0,homogeneity_90,energy_0,energy_90,correlation_0,correlation_90
130.3538937963244,127.21030053812575,3.22926185399533,3.153188140928013,0.6442675542083707,0.6576580091300972,0.24210197591480548,0.24640670080905608,0.8938677270329239,0.8964556223676109
