contrast_0,contrast_90,dissimilarity_0,dissimilarity_90,homogeneity_0,homogeneity_90,energy_0,energy_90,correlation_0,correlation_90
96.48215554878678,101.65818864859393,3.253604426845373,3.43303888719667,0.5761296325356182,0.5434808615623882,0.22251000082998643,0.21829601694880094,0.9151627121573856,0.9105930477742785
