contrast_0,contrast_90,dissimilarity_0,dissimilarity_90,homogeneity_0,homogeneity_90,energy_0,energy_90,correlation_0,correlation_90
169.37090059904563,170.6855010660981,3.408010965580262,3.518885166006699,0.6547088738973512,0.6272544634828104,0.2416653569471158,0.23760003857229411,0.8720158994446809,0.8710107934252402
