contrast_0,contrast_90,dissimilarity_0,dissimilarity_90,homogeneity_0,homogeneity_90,energy_0,energy_90,correlation_0,correlation_90
130.28375977256584,126.36399634480658,3.0961772768809017,3.0254340542187017,0.6617281402504053,0.686981051696434,0.2602011782992412,0.26712691980558706,0.8932840035288448,0.8965120049401152
