contrast_0,contrast_90,dissimilarity_0,dissimilarity_90,homogeneity_0,homogeneity_90,energy_0,energy_90,correlation_0,correlation_90
109.96641791044786,109.06701187937851,2.7514214641080312,2.7715504112092604,0.7104896969209531,0.7039670318163562,0.26441236726083056,0.26690365821572176,0.8965132836658094,0.897375785936989
