contrast_0,contrast_90,dissimilarity_0,dissimilarity_90,homogeneity_0,homogeneity_90,energy_0,energy_90,correlation_0,correlation_90
111.49083663316075,110.93466341760586,2.4621535181236687,2.476088943039903,0.8197755841402512,0.8090175626907966,0.3903567666757609,0.38654873560501507,0.8866869071076391,0.8872668467571637
