contrast_0,contrast_90,dissimilarity_0,dissimilarity_90,homogeneity_0,homogeneity_90,energy_0,energy_90,correlation_0,correlation_90
130.90009137983574,130.78464818763317,3.0651335160930073,3.0972687582495713,0.6555238550253321,0.6459376126451039,0.25277084403079714,0.2519531936028323,0.8962927068129558,0.896365114226425
