contrast_0,contrast_90,dissimilarity_0,dissimilarity_90,homogeneity_0,homogeneity_90,energy_0,energy_90,correlation_0,correlation_90
116.06779876129569,115.04622296679865,2.963422682505837,3.0259671032592173,0.6680322814928287,0.6425802229024227,0.25009565806000406,0.2473620017766075,0.8984858089540413,0.8993978443584454
