contrast_0,contrast_90,dissimilarity_0,dissimilarity_90,homogeneity_0,homogeneity_90,energy_0,energy_90,correlation_0,correlation_90
177.36508782617523,180.47436287948008,3.561960605137577,3.749162351507766,0.6155400208649576,0.5791764373797568,0.24135306597318779,0.2365867567993488,0.8783034851496999,0.8761250388758884
