contrast_0,contrast_90,dissimilarity_0,dissimilarity_90,homogeneity_0,homogeneity_90,energy_0,energy_90,correlation_0,correlation_90
114.58348563305915,115.25827495177172,2.801528073916136,2.7732510914813666,0.7083081445052871,0.7120043356411319,0.26658124465869226,0.2618924266846178,0.8918815805926124,0.8912294179568786
