contrast_0,contrast_90,dissimilarity_0,dissimilarity_90,homogeneity_0,homogeneity_90,energy_0,energy_90,correlation_0,correlation_90
178.64981216367144,178.78921717940895,3.4249670017260625,3.422987105289878,0.663580336180293,0.6659662498078266,0.24085775376244106,0.2411734886058114,0.879597468292197,0.8795021846872249
