contrast_0,contrast_90,dissimilarity_0,dissimilarity_90,homogeneity_0,homogeneity_90,energy_0,energy_90,correlation_0,correlation_90
174.19616204690837,175.51992588080012,3.2543913087623104,3.2558889227332712,0.712288684513787,0.7119266542472129,0.2781581455385657,0.2777834669882216,0.8756881520806419,0.874703337615273
