contrast_0,contrast_90,dissimilarity_0,dissimilarity_90,homogeneity_0,homogeneity_90,energy_0,energy_90,correlation_0,correlation_90
156.92948522692657,157.5594222763731,3.286729617220025,3.2966544826886004,0.6601849727142358,0.6552104262379369,0.2336687548283786,0.23290147556522217,0.8991661467090533,0.8987583512479201
