contrast_0,contrast_90,dissimilarity_0,dissimilarity_90,homogeneity_0,homogeneity_90,energy_0,energy_90,correlation_0,correlation_90
147.40897553051082,149.83640471113807,3.2277388567367247,3.2647730734084663,0.6787945758044472,0.6727330345350734,0.26148063222296497,0.2593011930160993,0.8870447090142992,0.885162250297544
