contrast_0,contrast_90,dissimilarity_0,dissimilarity_90,homogeneity_0,homogeneity_90,energy_0,energy_90,correlation_0,correlation_90
142.03129759366445,142.07922124073505,3.0258148035333527,2.924992385013708,0.7053365517619258,0.7410517854714967,0.2676738318579255,0.27999194878388967,0.8878526497520894,0.8878066007255657
