contrast_0,contrast_90,dissimilarity_0,dissimilarity_90,homogeneity_0,homogeneity_90,energy_0,energy_90,correlation_0,correlation_90
133.3407960199006,134.47733272413458,3.0490405117270782,3.099070971672249,0.673257559981474,0.662919637613026,0.27123525774845153,0.2666409001864553,0.8951181910878472,0.894196169100537
