contrast_0,contrast_90,dissimilarity_0,dissimilarity_90,homogeneity_0,homogeneity_90,energy_0,energy_90,correlation_0,correlation_90
117.97976951974829,121.08300335059403,2.810818357193625,2.819118692253021,0.7284196621517492,0.7240272829005243,0.27094135023258453,0.2710435917231356,0.8869690550484809,0.8839310834397582
