contrast_0,contrast_90,dissimilarity_0,dissimilarity_90,homogeneity_0,homogeneity_90,energy_0,energy_90,correlation_0,correlation_90
126.7904101939283,127.70997055538622,3.1858310488374455,3.1290994009544115,0.637019538831139,0.6502462547519474,0.2509911162368029,0.25302668450549654,0.9014949394561562,0.900773642023393
