contrast_0,contrast_90,dissimilarity_0,dissimilarity_90,homogeneity_0,homogeneity_90,energy_0,energy_90,correlation_0,correlation_90
144.41296070667067,146.9868514570008,3.2251751446847434,3.2932785054320224,0.6534000783282163,0.6390915333550159,0.23236276888125187,0.2300947519975438,0.8912994585190412,0.8893289241296005
