contrast_0,contrast_90,dissimilarity_0,dissimilarity_90,homogeneity_0,homogeneity_90,energy_0,energy_90,correlation_0,correlation_90
143.96027515483817,140.89613158696312,3.2244644126307263,3.1207229160320864,0.6536616544762627,0.6750040061073385,0.23504377760998554,0.24013370110869356,0.891683338428104,0.8940209562004073
