contrast_0,contrast_90,dissimilarity_0,dissimilarity_90,homogeneity_0,homogeneity_90,energy_0,energy_90,correlation_0,correlation_90
89.23403391207222,93.87183978068839,3.2906894100923965,3.3774748705452375,0.541413388575091,0.5204070429258618,0.21174950940604284,0.20943863076307134,0.9200100274092953,0.9158473548981954
