contrast_0,contrast_90,dissimilarity_0,dissimilarity_90,homogeneity_0,homogeneity_90,energy_0,energy_90,correlation_0,correlation_90
111.07348461772771,112.38676515382267,2.4881967712458124,2.4925119301451937,0.8090276239487155,0.8081650375765118,0.3933012649990531,0.39046477990850975,0.8880042130149228,0.8866554014429802
