contrast_0,contrast_90,dissimilarity_0,dissimilarity_90,homogeneity_0,homogeneity_90,energy_0,energy_90,correlation_0,correlation_90
101.09577114427852,106.94199918773488,3.2914762920093423,3.6443039902528205,0.5566706468261339,0.5043629267914224,0.2118889423832448,0.2077979491195578,0.9098388570526393,0.9046044501651186
