contrast_0,contrast_90,dissimilarity_0,dissimilarity_90,homogeneity_0,homogeneity_90,energy_0,energy_90,correlation_0,correlation_90
127.42933292720079,130.15090364504,3.179967509391816,3.278784648187632,0.6386837570966845,0.6099345098600552,0.2308975549017067,0.22722145370979174,0.88857150695279,0.8861579134607118
