contrast_0,contrast_90,dissimilarity_0,dissimilarity_90,homogeneity_0,homogeneity_90,energy_0,energy_90,correlation_0,correlation_90
157.90293430805158,159.62501269164378,3.3165803634886815,3.3001573763833885,0.651365552134786,0.6587377627955413,0.23076362681198978,0.23190156032086376,0.8989129016632885,0.8977943636778615
