contrast_0,contrast_90,dissimilarity_0,dissimilarity_90,homogeneity_0,homogeneity_90,energy_0,energy_90,correlation_0,correlation_90
131.69519748197766,132.9653518123669,3.2389075032998265,3.1310539141029565,0.6384815876254988,0.6577289465700805,0.2522544307731335,0.25637651050204074,0.8976534736238462,0.8966340002115762
