contrast_0,contrast_90,dissimilarity_0,dissimilarity_90,homogeneity_0,homogeneity_90,energy_0,energy_90,correlation_0,correlation_90
192.30231495583317,191.67400243679543,3.7045385318306416,3.7947761194029845,0.6299605427636128,0.6015930057034627,0.2132836872922411,0.21122153403485003,0.8959269610233356,0.8962853785906411
