contrast_0,contrast_90,dissimilarity_0,dissimilarity_90,homogeneity_0,homogeneity_90,energy_0,energy_90,correlation_0,correlation_90
145.7010610214234,144.33277490100517,3.225784343588181,3.1453954716214847,0.6640440093333341,0.6763924239884755,0.24783227378671713,0.2504171798138033,0.8898182003914575,0.8908666311674065
