contrast_0,contrast_90,dissimilarity_0,dissimilarity_90,homogeneity_0,homogeneity_90,energy_0,energy_90,correlation_0,correlation_90
177.26147324601476,178.075312214438,3.257818052594171,3.2781754492841904,0.7195897806380669,0.7100733389651901,0.27712862457917214,0.27467051595807623,0.8744281599545238,0.8738175381798293
