contrast_0,contrast_90,dissimilarity_0,dissimilarity_90,homogeneity_0,homogeneity_90,energy_0,energy_90,correlation_0,correlation_90
140.0286577317494,141.5789674078588,2.948801908823229,3.0669864960909736,0.7264126211132288,0.6902919570686705,0.26563618159287744,0.25493758239782505,0.8895538595995048,0.8883145558038242
