contrast_0,contrast_90,dissimilarity_0,dissimilarity_90,homogeneity_0,homogeneity_90,energy_0,energy_90,correlation_0,correlation_90
151.0414762920093,152.67829221240723,3.233424713168849,3.2631739262869313,0.6853499636860338,0.6813836728498369,0.2606951035137126,0.25946782971486476,0.8845123132199549,0.8832399361593267
