contrast_0,contrast_90,dissimilarity_0,dissimilarity_90,homogeneity_0,homogeneity_90,energy_0,energy_90,correlation_0,correlation_90
106.48233323180011,106.51005178190674,2.8134836023961824,2.772565742714997,0.6743542014798151,0.6861141706387414,0.256193294582838,0.26044770137608875,0.8928218283566363,0.8928070217988879
