contrast_0,contrast_90,dissimilarity_0,dissimilarity_90,homogeneity_0,homogeneity_90,energy_0,energy_90,correlation_0,correlation_90
106.79906589501473,106.68110975733578,2.7926693065285817,2.7591379835516276,0.6832719516732293,0.6920584557907267,0.25936174297792464,0.2643254213083212,0.8922372750082772,0.8923598437030941
