contrast_0,contrast_90,dissimilarity_0,dissimilarity_90,homogeneity_0,homogeneity_90,energy_0,energy_90,correlation_0,correlation_90
130.1425525434055,129.5948573459235,2.992689613158698,2.961392019494365,0.7046392010128562,0.6954430560696384,0.2741110828441079,0.2717822212713659,0.8886885406400984,0.8891790178276413
