contrast_0,contrast_90,dissimilarity_0,dissimilarity_90,homogeneity_0,homogeneity_90,energy_0,energy_90,correlation_0,correlation_90
185.41582901817455,188.25299522794197,3.455680779774597,3.570590922936338,0.6716198514642109,0.6434320363953882,0.23445943586891282,0.23097228538393325,0.8750187160822723,0.873083648530174
