contrast_0,contrast_90,dissimilarity_0,dissimilarity_90,homogeneity_0,homogeneity_90,energy_0,energy_90,correlation_0,correlation_90
132.77276880901607,133.45108640471116,3.0973702914001424,3.068103360747287,0.6599510764298847,0.6680538080677336,0.24662385031675096,0.2503969375851807,0.8964943342550586,0.8959374965414127
