contrast_0,contrast_90,dissimilarity_0,dissimilarity_90,homogeneity_0,homogeneity_90,energy_0,energy_90,correlation_0,correlation_90
137.68387653568877,140.27759163366846,2.961468169357292,2.9673063255152803,0.7290407330774503,0.7167807078704971,0.2727144844102758,0.27285620035749714,0.8807453983472996,0.8784151542170099
