contrast_0,contrast_90,dissimilarity_0,dissimilarity_90,homogeneity_0,homogeneity_90,energy_0,energy_90,correlation_0,correlation_90
86.80396486953002,85.2887856635192,3.2634531424510116,3.143237892171792,0.5598260104419683,0.582570888067409,0.22717615316940123,0.2302375374888102,0.9240029605129201,0.9253347506837826
