contrast_0,contrast_90,dissimilarity_0,dissimilarity_90,homogeneity_0,homogeneity_90,energy_0,energy_90,correlation_0,correlation_90
110.5471367651539,109.09734490811255,2.6146563102853095,2.69953802416489,0.757910890774732,0.7424111404001851,0.28820075915184895,0.2877256351933377,0.8935230538841265,0.8949546314984959
