contrast_0,contrast_90,dissimilarity_0,dissimilarity_90,homogeneity_0,homogeneity_90,energy_0,energy_90,correlation_0,correlation_90
127.72865265509192,129.79198395776206,3.1521474261346327,3.2388821200121862,0.6415051907186812,0.613642354344119,0.23266453548585236,0.22883398296442245,0.8867267258534173,0.8848590106166919
