contrast_0,contrast_90,dissimilarity_0,dissimilarity_90,homogeneity_0,homogeneity_90,energy_0,energy_90,correlation_0,correlation_90
97.43321657021039,94.70400548279014,3.4210325921413345,3.3578282059092315,0.5240390113016525,0.543074082789095,0.2088454999242112,0.2102803852500684,0.9140258991587953,0.9164270057012294
