contrast_0,contrast_90,dissimilarity_0,dissimilarity_90,homogeneity_0,homogeneity_90,energy_0,energy_90,correlation_0,correlation_90
129.88937963245002,129.36836227028124,2.993248045486849,2.95004568991776,0.703816669851994,0.7020625588479454,0.2753412601096471,0.27445617054445764,0.8887335500685613,0.8892052287430399
