contrast_0,contrast_90,dissimilarity_0,dissimilarity_90,homogeneity_0,homogeneity_90,energy_0,energy_90,correlation_0,correlation_90
91.24873083561775,92.61861610315766,2.438140928012995,2.444080617321555,0.7527227798152368,0.7515410327766799,0.2902095265188821,0.2904948764785437,0.8941098803332995,0.8925139705399389
