contrast_0,contrast_90,dissimilarity_0,dissimilarity_90,homogeneity_0,homogeneity_90,energy_0,energy_90,correlation_0,correlation_90
92.15169052695705,92.03505432023552,2.552746471723018,2.5519595898060725,0.7058621121744166,0.7039574354651875,0.2666982424614188,0.2655671393149092,0.8915197255445311,0.8916576805646268
