contrast_0,contrast_90,dissimilarity_0,dissimilarity_90,homogeneity_0,homogeneity_90,energy_0,energy_90,correlation_0,correlation_90
101.63899888313541,103.96555487866782,2.758808000812267,2.588613057163162,0.6992271885397708,0.7358718147398939,0.24761883550176692,0.25122197688393516,0.8864919921332208,0.8838712292561555
