contrast_0,contrast_90,dissimilarity_0,dissimilarity_90,homogeneity_0,homogeneity_90,energy_0,energy_90,correlation_0,correlation_90
92.56835719362368,92.75550817341856,2.375951873286627,2.383439943141435,0.7809154234288254,0.7734939028923634,0.34695302870971684,0.34153902573066486,0.8890633091816817,0.888845046249879
