contrast_0,contrast_90,dissimilarity_0,dissimilarity_90,homogeneity_0,homogeneity_90,energy_0,energy_90,correlation_0,correlation_90
111.26972281449886,113.19489288252613,2.60554371002132,2.6210275154838047,0.7675286476258288,0.7619948057169244,0.2794529289960806,0.2799637533323039,0.8926105568917564,0.890740584042781
