contrast_0,contrast_90,dissimilarity_0,dissimilarity_90,homogeneity_0,homogeneity_90,energy_0,energy_90,correlation_0,correlation_90
93.76469692354556,93.43293735404609,2.382779977662707,2.422682505838156,0.7677394238322532,0.7519863276898154,0.3133146850595838,0.30977926888982305,0.884463051372771,0.8848852674457521
