contrast_0,contrast_90,dissimilarity_0,dissimilarity_90,homogeneity_0,homogeneity_90,energy_0,energy_90,correlation_0,correlation_90
128.5853893796324,128.31074220733063,2.7102243882627683,2.7373845060412223,0.773926467649684,0.7601413782955626,0.3236296049932499,0.31813724113546976,0.8755697021831854,0.8758516343425742
