contrast_0,contrast_90,dissimilarity_0,dissimilarity_90,homogeneity_0,homogeneity_90,energy_0,energy_90,correlation_0,correlation_90
133.4146360036552,134.04411615392434,2.7444156767184484,2.7812975936643296,0.7808609787347242,0.769301808556325,0.29378148223534406,0.2884198372791884,0.878850387408265,0.8782743951520939
