contrast_0,contrast_90,dissimilarity_0,dissimilarity_90,homogeneity_0,homogeneity_90,energy_0,energy_90,correlation_0,correlation_90
121.5001776830135,121.52726165092903,2.8015280739161317,2.7761194029850733,0.7202109535564646,0.7286953936646424,0.2544754380942482,0.2566860034485564,0.8872908443857442,0.8872504677995834
