contrast_0,contrast_90,dissimilarity_0,dissimilarity_90,homogeneity_0,homogeneity_90,energy_0,energy_90,correlation_0,correlation_90
137.4246370189867,137.58985683825773,2.725378210985888,2.7422073306934736,0.7988592896924418,0.7926738067155249,0.34102841346446905,0.33811698901083076,0.8755189960703272,0.8753709004980055
