contrast_0,contrast_90,dissimilarity_0,dissimilarity_90,homogeneity_0,homogeneity_90,energy_0,energy_90,correlation_0,correlation_90
123.14473550614274,123.37793176972278,2.505533556706265,2.487689105492945,0.8438792710682765,0.8531483227605245,0.39908299065184466,0.4019934218445469,0.8763929233966391,0.8761519404290469
