contrast_0,contrast_90,dissimilarity_0,dissimilarity_90,homogeneity_0,homogeneity_90,energy_0,energy_90,correlation_0,correlation_90
119.2188293227738,120.35224388262765,2.7279165397502276,2.74604020712763,0.7349810103144928,0.7306238290555142,0.2533824590410483,0.25218145659815405,0.8935312457579384,0.8925278360261697
