contrast_0,contrast_90,dissimilarity_0,dissimilarity_90,homogeneity_0,homogeneity_90,energy_0,energy_90,correlation_0,correlation_90
118.84566961112803,118.6289978678038,2.536602700781806,2.556300131993094,0.8089675418172193,0.7990650183164724,0.3697297927111033,0.36698925351839246,0.8775428692980038,0.8777737847964899
