contrast_0,contrast_90,dissimilarity_0,dissimilarity_90,homogeneity_0,homogeneity_90,energy_0,energy_90,correlation_0,correlation_90
130.46603716113313,130.13463295766064,2.7441872271296575,2.7644938572443896,0.7656595829581948,0.755887794904138,0.3037313966984082,0.3005079879644456,0.8751426312398298,0.8754630783803953
