contrast_0,contrast_90,dissimilarity_0,dissimilarity_90,homogeneity_0,homogeneity_90,energy_0,energy_90,correlation_0,correlation_90
94.03401360544214,93.7202254035943,2.3905980302568794,2.4089755305107117,0.7671342627179448,0.7591936815472545,0.31402756599914194,0.31453042071403364,0.8844347873451975,0.8848199863807972
