contrast_0,contrast_90,dissimilarity_0,dissimilarity_90,homogeneity_0,homogeneity_90,energy_0,energy_90,correlation_0,correlation_90
117.19326835211702,119.2378667885064,2.836633160726975,2.828840491420445,0.6997853941509996,0.7029176954503207,0.2597422672336934,0.2584297808384735,0.8962828970224569,0.8944389208567293
