contrast_0,contrast_90,dissimilarity_0,dissimilarity_90,homogeneity_0,homogeneity_90,energy_0,energy_90,correlation_0,correlation_90
137.63780586861617,137.46035130470102,2.737866788506447,2.788201847903341,0.7931810784750496,0.7735625049194098,0.2965642309053218,0.28861200117253144,0.8746777579795227,0.8748497625468151
