contrast_0,contrast_90,dissimilarity_0,dissimilarity_90,homogeneity_0,homogeneity_90,energy_0,energy_90,correlation_0,correlation_90
108.42618539953294,110.32147933800383,2.561326022946491,2.581556503198294,0.760431332277121,0.7544591442697349,0.3284334632708469,0.3218986864184909,0.8862643668441039,0.884242373116743
