contrast_0,contrast_90,dissimilarity_0,dissimilarity_90,homogeneity_0,homogeneity_90,energy_0,energy_90,correlation_0,correlation_90
121.61229566453446,120.93687176363076,2.6130571631637722,2.6060259924865483,0.7879828503718014,0.7876702418234157,0.3084158863404422,0.31202584100773345,0.8742351557801847,0.8749447067143759
