contrast_0,contrast_90,dissimilarity_0,dissimilarity_90,homogeneity_0,homogeneity_90,energy_0,energy_90,correlation_0,correlation_90
114.14841608285101,116.06944867499234,2.656589501472229,2.624073510001014,0.7606174437763056,0.7741221893443078,0.3034728484389993,0.3083724467367521,0.8897450747301489,0.8878701342777772
