contrast_0,contrast_90,dissimilarity_0,dissimilarity_90,homogeneity_0,homogeneity_90,energy_0,energy_90,correlation_0,correlation_90
98.04429383693774,97.41572748502387,2.472763732358615,2.4591836734693873,0.7483366327447756,0.750943698862359,0.27766620910866147,0.2764075319451422,0.8858250881259461,0.8865942573520459
