contrast_0,contrast_90,dissimilarity_0,dissimilarity_90,homogeneity_0,homogeneity_90,energy_0,energy_90,correlation_0,correlation_90
93.76571225505133,93.46413341455983,2.373591227535791,2.4062087521575797,0.7725284124518218,0.7596689454457499,0.29792847952337476,0.2944291928316043,0.8850865262452934,0.8854693257993509
