contrast_0,contrast_90,dissimilarity_0,dissimilarity_90,homogeneity_0,homogeneity_90,energy_0,energy_90,correlation_0,correlation_90
111.97329678139904,112.12455579246618,2.632246928622195,2.58627779469997,0.7451871113766537,0.7612593109647046,0.25070304396357607,0.2575311808008156,0.8814788143222808,0.8813259523799806
