contrast_0,contrast_90,dissimilarity_0,dissimilarity_90,homogeneity_0,homogeneity_90,energy_0,energy_90,correlation_0,correlation_90
118.14935526449389,120.87780485328456,2.8270382779977643,2.809219210072088,0.707397895832358,0.7160165238171312,0.2533433522151396,0.25271146079588247,0.8964039020731704,0.893975605975404
