contrast_0,contrast_90,dissimilarity_0,dissimilarity_90,homogeneity_0,homogeneity_90,energy_0,energy_90,correlation_0,correlation_90
118.17118489186714,117.43938470910746,2.754645141638743,2.7534267438318625,0.7234334845542152,0.7242814728056416,0.2509673029833066,0.255544026751224,0.8938823696664464,0.8945603517723314
