contrast_0,contrast_90,dissimilarity_0,dissimilarity_90,homogeneity_0,homogeneity_90,energy_0,energy_90,correlation_0,correlation_90
115.93565336582387,116.0027921616407,2.654914204487765,2.6402680475175138,0.7514009294662487,0.7550844318992116,0.285548910475568,0.2846225496750455,0.8867338350437804,0.8866479928348825
