contrast_0,contrast_90,dissimilarity_0,dissimilarity_90,homogeneity_0,homogeneity_90,energy_0,energy_90,correlation_0,correlation_90
92.07630216265618,93.5231495583308,2.4407554066402692,2.434358818154127,0.7420121537030877,0.7449941611851745,0.3048133196794941,0.30384719653928793,0.8879910194372389,0.8861977682778309
