contrast_0,contrast_90,dissimilarity_0,dissimilarity_90,homogeneity_0,homogeneity_90,energy_0,energy_90,correlation_0,correlation_90
134.56307746979385,134.69377601786988,2.7633516093004364,2.733221646867703,0.7760690759405583,0.7876548979575246,0.3195174928968795,0.3254480567777182,0.8784080207031393,0.8782907629150583
