contrast_0,contrast_90,dissimilarity_0,dissimilarity_90,homogeneity_0,homogeneity_90,energy_0,energy_90,correlation_0,correlation_90
115.9775104071479,116.06932175855412,2.671641791044778,2.642222560666055,0.7458952529965293,0.7543988971206518,0.28314862695882886,0.2830315111368476,0.8869852738476792,0.8868775124826418
