contrast_0,contrast_90,dissimilarity_0,dissimilarity_90,homogeneity_0,homogeneity_90,energy_0,energy_90,correlation_0,correlation_90
90.07282465224897,93.24136968220115,2.5919128845568067,2.5727738856736737,0.7233497328636206,0.7210951023142461,0.3085698625430877,0.3071541742951594,0.9068841047213688,0.903591152501797
