contrast_0,contrast_90,dissimilarity_0,dissimilarity_90,homogeneity_0,homogeneity_90,energy_0,energy_90,correlation_0,correlation_90
133.8704944664433,134.0498527769316,2.786780383795309,2.7939384709107515,0.7600731706284755,0.758638706772325,0.28621757981753904,0.2857078879536859,0.873301437723668,0.873117981369975
