contrast_0,contrast_90,dissimilarity_0,dissimilarity_90,homogeneity_0,homogeneity_90,energy_0,energy_90,correlation_0,correlation_90
120.29797441364595,120.85480759467961,2.7471570717839366,2.834602497715503,0.7331912229815045,0.7084600601423637,0.24572965966589574,0.2412086385315561,0.8888976971480518,0.8883775481283098
