contrast_0,contrast_90,dissimilarity_0,dissimilarity_90,homogeneity_0,homogeneity_90,energy_0,energy_90,correlation_0,correlation_90
96.56749416184381,95.58142958675997,2.4811402172809425,2.4703015534572015,0.7552344958735075,0.7534457942621618,0.30521025079754877,0.306755998824225,0.8860237978926138,0.8872090763193056
