contrast_0,contrast_90,dissimilarity_0,dissimilarity_90,homogeneity_0,homogeneity_90,energy_0,energy_90,correlation_0,correlation_90
105.806807797746,106.62897248451614,2.5748045486851456,2.6007462686567147,0.7540850378140799,0.7413510499530455,0.30179878687929107,0.2974675568909717,0.8883959813563257,0.8875119064116855
