contrast_0,contrast_90,dissimilarity_0,dissimilarity_90,homogeneity_0,homogeneity_90,energy_0,energy_90,correlation_0,correlation_90
136.58554167935836,136.19329373540464,2.734033912072291,2.754873591227536,0.7923715509524824,0.7814282432722415,0.3047598234199246,0.30338807076588664,0.8766122654613372,0.8769657981053471
