contrast_0,contrast_90,dissimilarity_0,dissimilarity_90,homogeneity_0,homogeneity_90,energy_0,energy_90,correlation_0,correlation_90
117.56495583307944,116.72598740988926,2.7116204690831553,2.68415575185298,0.734326137122864,0.7428241091488811,0.26350192721028687,0.2663649542410649,0.8869045658241171,0.8877049800454804
