contrast_0,contrast_90,dissimilarity_0,dissimilarity_90,homogeneity_0,homogeneity_90,energy_0,energy_90,correlation_0,correlation_90
118.11572240836624,117.85082241851963,2.702634785257386,2.700451822520052,0.739481718191384,0.7383025949455667,0.2634881237723121,0.26357850665163907,0.8861893268314974,0.8864419056820352
