contrast_0,contrast_90,dissimilarity_0,dissimilarity_90,homogeneity_0,homogeneity_90,energy_0,energy_90,correlation_0,correlation_90
96.36513859275053,95.56673266321444,2.589628388668903,2.5879530916844344,0.7357768456280078,0.7301100432846457,0.31908263633706246,0.321501216190278,0.9003867514480225,0.901244412849829
