contrast_0,contrast_90,dissimilarity_0,dissimilarity_90,homogeneity_0,homogeneity_90,energy_0,energy_90,correlation_0,correlation_90
107.39610620367549,107.95022337293128,2.6186668697329685,2.5736369174535483,0.7372451942463123,0.7521109696719303,0.2733794998023372,0.27931161200075294,0.8870188883301795,0.8864157502294838
