contrast_0,contrast_90,dissimilarity_0,dissimilarity_90,homogeneity_0,homogeneity_90,energy_0,energy_90,correlation_0,correlation_90
88.6398872982028,90.4305513250076,2.5580515788404883,2.574576099096354,0.6974378536234092,0.6950744123180286,0.26390938366912736,0.26437177735668166,0.8940731117625634,0.8919289151569447
