contrast_0,contrast_90,dissimilarity_0,dissimilarity_90,homogeneity_0,homogeneity_90,energy_0,energy_90,correlation_0,correlation_90
92.22393136359013,92.11062036755,2.549446644329373,2.5574169966494043,0.7075721369041699,0.699430606312695,0.26724878747022696,0.26410352163094164,0.8899871036837815,0.8901209639375391
