contrast_0,contrast_90,dissimilarity_0,dissimilarity_90,homogeneity_0,homogeneity_90,energy_0,energy_90,correlation_0,correlation_90
120.0591430602091,119.94073002335263,2.796882932277388,2.7661945375164962,0.7161827312445324,0.7269844096072458,0.25811919111912873,0.261605238568728,0.8870939105319122,0.8871919770501179
