contrast_0,contrast_90,dissimilarity_0,dissimilarity_90,homogeneity_0,homogeneity_90,energy_0,energy_90,correlation_0,correlation_90
119.06774799472026,120.12569804041023,2.7290841709818254,2.749517717534774,0.7349758163367032,0.7290608129591951,0.25447264537185615,0.2529053670636211,0.8937367361950624,0.8928037552601131
