contrast_0,contrast_90,dissimilarity_0,dissimilarity_90,homogeneity_0,homogeneity_90,energy_0,energy_90,correlation_0,correlation_90
97.26974819778658,98.23058178495268,2.481140217280943,2.471012285511221,0.7519491664817067,0.756377419263205,0.28810499999992195,0.28791574708634116,0.8887270808941101,0.887607940790759
