contrast_0,contrast_90,dissimilarity_0,dissimilarity_90,homogeneity_0,homogeneity_90,energy_0,energy_90,correlation_0,correlation_90
114.23405929535984,116.57719057772357,2.6485683825769097,2.6252665245202547,0.7633101847112951,0.7737866646295775,0.3035685354104392,0.3063673292268389,0.8896692707564628,0.8873787863961001
