contrast_0,contrast_90,dissimilarity_0,dissimilarity_90,homogeneity_0,homogeneity_90,energy_0,energy_90,correlation_0,correlation_90
112.63833891765651,114.06056452431719,2.6100619352218484,2.6107219007005775,0.7681958148619723,0.7675181597240937,0.281927553714416,0.282776215668762,0.8915831230789193,0.8902023804364951
