contrast_0,contrast_90,dissimilarity_0,dissimilarity_90,homogeneity_0,homogeneity_90,energy_0,energy_90,correlation_0,correlation_90
94.00203066301144,93.80223880597015,2.3962838866890035,2.4317951061021423,0.7625303534022565,0.7506980362429925,0.2922138096904896,0.2919792740744638,0.8849158074119857,0.8851708847852118
