contrast_0,contrast_90,dissimilarity_0,dissimilarity_90,homogeneity_0,homogeneity_90,energy_0,energy_90,correlation_0,correlation_90
122.24728398822208,121.62623108945078,2.7875926489998983,2.7791907807899277,0.7266787562988793,0.7292924564119319,0.23855517579343408,0.23726364680856596,0.8865795864372887,0.8871569808172578
