contrast_0,contrast_90,dissimilarity_0,dissimilarity_90,homogeneity_0,homogeneity_90,energy_0,energy_90,correlation_0,correlation_90
121.25543202355566,122.18359731952475,2.8144735506142773,2.8111737232206324,0.7188277939334199,0.7230215840017566,0.251060856355593,0.25298151723339174,0.8932804697275282,0.892424282968203
