contrast_0,contrast_90,dissimilarity_0,dissimilarity_90,homogeneity_0,homogeneity_90,energy_0,energy_90,correlation_0,correlation_90
133.87379429383685,133.07884049142038,2.7911970758452616,2.71834704030866,0.7647240484932536,0.7919466325571459,0.2995242548033443,0.3082103612501901,0.8730331429944762,0.8737951919537714
