contrast_0,contrast_90,dissimilarity_0,dissimilarity_90,homogeneity_0,homogeneity_90,energy_0,energy_90,correlation_0,correlation_90
119.2018479033404,119.98111483399327,2.7952584018682116,2.8052594171997143,0.7227128744372219,0.721411153076965,0.2745483896193869,0.2746246923926516,0.89492500913095,0.8942117497083863
