contrast_0,contrast_90,dissimilarity_0,dissimilarity_90,homogeneity_0,homogeneity_90,energy_0,energy_90,correlation_0,correlation_90
108.26091481368665,109.79411615392421,2.5310437607878975,2.5494212610417284,0.7740799589854156,0.7670243873374901,0.2860481077937361,0.2847743721431341,0.8835767212415467,0.8818793156337498
