contrast_0,contrast_90,dissimilarity_0,dissimilarity_90,homogeneity_0,homogeneity_90,energy_0,energy_90,correlation_0,correlation_90
117.22101228551114,117.052314955833,2.5315006599654795,2.5314498933901906,0.8093908460002908,0.8074001852156302,0.3604448510472174,0.3648252592452621,0.8787745446131584,0.8789648788980969
