contrast_0,contrast_90,dissimilarity_0,dissimilarity_90,homogeneity_0,homogeneity_90,energy_0,energy_90,correlation_0,correlation_90
113.70588384607568,116.19664432937341,2.6515636105188336,2.605061427556096,0.7597540345319778,0.7813921561748189,0.3048253870666954,0.31174721133363786,0.8899927641882666,0.8875553530117755
