contrast_0,contrast_90,dissimilarity_0,dissimilarity_90,homogeneity_0,homogeneity_90,energy_0,energy_90,correlation_0,correlation_90
116.31513351609296,115.9143567874911,2.5399279114630944,2.5349274037973406,0.8041931731109809,0.8018090698806665,0.35347532000360293,0.3553296073761876,0.8799262725580712,0.8803596545439779
