contrast_0,contrast_90,dissimilarity_0,dissimilarity_90,homogeneity_0,homogeneity_90,energy_0,energy_90,correlation_0,correlation_90
117.50020306630111,116.19859884252205,2.701340237587573,2.6884455274647157,0.7388857788489837,0.738886989687329,0.26457711934901273,0.26549432964693165,0.8869346291133089,0.888183001727418
