contrast_0,contrast_90,dissimilarity_0,dissimilarity_90,homogeneity_0,homogeneity_90,energy_0,energy_90,correlation_0,correlation_90
117.58059193826779,116.88882120012184,2.7017209869022203,2.687785561985989,0.7396025743752714,0.7414240806423869,0.2651099949009761,0.2664713865297879,0.8869885577234169,0.8876462330946403
