contrast_0,contrast_90,dissimilarity_0,dissimilarity_90,homogeneity_0,homogeneity_90,energy_0,energy_90,correlation_0,correlation_90
98.79122245913291,100.2037770332013,2.4578383592242856,2.4557823129251704,0.7597264011905043,0.7656410669487391,0.2798940464621921,0.2784025612019841,0.887702188233921,0.8860848909065808
