contrast_0,contrast_90,dissimilarity_0,dissimilarity_90,homogeneity_0,homogeneity_90,energy_0,energy_90,correlation_0,correlation_90
39.03089146106203,37.83978068839475,2.357269773581074,2.2155548786678847,0.5646803317444303,0.5920236094592557,0.2078869655744929,0.21127990157705387,0.9058039763340145,0.9086813139501093
