contrast_0,contrast_90,dissimilarity_0,dissimilarity_90,homogeneity_0,homogeneity_90,energy_0,energy_90,correlation_0,correlation_90
57.549979693369885,60.63295766067613,2.2404558838460775,2.279774596405728,0.6716810886083165,0.6606049929616463,0.23448439252596168,0.23145483008104997,0.9100529049720534,0.905196384432529
