contrast_0,contrast_90,dissimilarity_0,dissimilarity_90,homogeneity_0,homogeneity_90,energy_0,energy_90,correlation_0,correlation_90
42.13199309574576,42.645674687785494,2.047009848715604,1.9657579449690332,0.6689007941025958,0.6920535260137065,0.23560907879217696,0.2415001577162059,0.9149934621393351,0.9139543538747937
