contrast_0,contrast_90,dissimilarity_0,dissimilarity_90,homogeneity_0,homogeneity_90,energy_0,energy_90,correlation_0,correlation_90
58.23428774494875,58.153315057366285,2.193369885267539,2.2644430906691033,0.6945488131115878,0.6700167005401572,0.25964056837870153,0.25555629525746393,0.9040084288568357,0.9041577634297135
