contrast_0,contrast_90,dissimilarity_0,dissimilarity_90,homogeneity_0,homogeneity_90,energy_0,energy_90,correlation_0,correlation_90
47.34285206619956,50.22215453345515,2.6354198395776223,2.7770332013402355,0.5582302166121618,0.523203950198598,0.2123662872576396,0.20941950715712526,0.9249103003869944,0.9203331559460106
