contrast_0,contrast_90,dissimilarity_0,dissimilarity_90,homogeneity_0,homogeneity_90,energy_0,energy_90,correlation_0,correlation_90
38.479109554269435,38.97824652248956,1.9508325718347042,1.9869276068636417,0.6681186023593871,0.6560890255101731,0.23809014514659474,0.2360806560769825,0.9096500555287634,0.9084772803139739
