contrast_0,contrast_90,dissimilarity_0,dissimilarity_90,homogeneity_0,homogeneity_90,energy_0,energy_90,correlation_0,correlation_90
37.683724235963076,36.342648999898465,2.3751649913696826,2.073281551426543,0.5599434648611072,0.6176057624357209,0.20869204880669448,0.21476649522867505,0.9094150656149551,0.9126321225855798
