contrast_0,contrast_90,dissimilarity_0,dissimilarity_90,homogeneity_0,homogeneity_90,energy_0,energy_90,correlation_0,correlation_90
30.21811859071987,33.73989745151787,2.0109401969743126,2.206289978678039,0.6046788431885964,0.5658288677442529,0.21944366140256305,0.21496325969999797,0.8774171482197973,0.8628739812886974
