contrast_0,contrast_90,dissimilarity_0,dissimilarity_90,homogeneity_0,homogeneity_90,energy_0,energy_90,correlation_0,correlation_90
64.83173418621178,64.60074626865672,2.3948878058686165,2.4461112803330285,0.6539302390124412,0.6381304972739836,0.25775270927566957,0.2557233187953038,0.8708983769736472,0.8713704537753706
