contrast_0,contrast_90,dissimilarity_0,dissimilarity_90,homogeneity_0,homogeneity_90,energy_0,energy_90,correlation_0,correlation_90
60.77609401969744,60.37645953903949,1.9532186008731849,1.9657579449690323,0.7843529192376805,0.776315110603705,0.3147378353193443,0.31394575140452863,0.8752760884734567,0.8761114591427437
