contrast_0,contrast_90,dissimilarity_0,dissimilarity_90,homogeneity_0,homogeneity_90,energy_0,energy_90,correlation_0,correlation_90
32.66745354858361,32.30414255254339,2.1991826581378824,2.0429485226926594,0.5717821421187721,0.6055892594475281,0.21431907198030475,0.21723749865782574,0.9058423037554677,0.9068851672410604
