contrast_0,contrast_90,dissimilarity_0,dissimilarity_90,homogeneity_0,homogeneity_90,energy_0,energy_90,correlation_0,correlation_90
42.46337191593058,43.81439740075138,2.218067824144585,2.3343994314143566,0.6085164770679905,0.5792943923988254,0.23367787327414516,0.22961150127544108,0.8756765418618906,0.8716004261742893
