contrast_0,contrast_90,dissimilarity_0,dissimilarity_90,homogeneity_0,homogeneity_90,energy_0,energy_90,correlation_0,correlation_90
48.93999390801097,49.57381460046702,2.164788303381055,2.155904152705859,0.6579456606817358,0.6559362444321228,0.2255262896472048,0.2255724642270625,0.9144871752551,0.9133685344878826
