contrast_0,contrast_90,dissimilarity_0,dissimilarity_90,homogeneity_0,homogeneity_90,energy_0,energy_90,correlation_0,correlation_90
56.7423088638441,58.660498527769406,2.4206010762513914,2.3963600365519335,0.6336821978112143,0.6318432894282726,0.2246583547007641,0.2237382326643707,0.9149131450522202,0.9120109647936945
