contrast_0,contrast_90,dissimilarity_0,dissimilarity_90,homogeneity_0,homogeneity_90,energy_0,energy_90,correlation_0,correlation_90
115.46875317291084,117.2132957660676,2.7984313128236358,2.785028936947912,0.6905947640019539,0.6999994072355062,0.24140263765056533,0.24163268131322801,0.8992534361115423,0.8977187057872756
