contrast_0,contrast_90,dissimilarity_0,dissimilarity_90,homogeneity_0,homogeneity_90,energy_0,energy_90,correlation_0,correlation_90
50.78198294243068,51.587369276068614,2.1695349781703714,2.2697735810742192,0.6641580090466236,0.6381835842093635,0.2412722415870557,0.2367099622786675,0.8958714991126695,0.8941870255896933
