contrast_0,contrast_90,dissimilarity_0,dissimilarity_90,homogeneity_0,homogeneity_90,energy_0,energy_90,correlation_0,correlation_90
112.22527667783525,111.57424611635699,2.6003909026297087,2.540689410092395,0.7524867827288161,0.7724488632427897,0.2967971818495746,0.30297567200629866,0.8800780110607512,0.8807588567135923
