contrast_0,contrast_90,dissimilarity_0,dissimilarity_90,homogeneity_0,homogeneity_90,energy_0,energy_90,correlation_0,correlation_90
54.68791247842423,55.121382881510776,2.0520103563813588,2.072799268961315,0.7138437887643203,0.7089911978935957,0.2695332594754094,0.2689147231044184,0.8861816341692859,0.8852827619520104
