contrast_0,contrast_90,dissimilarity_0,dissimilarity_90,homogeneity_0,homogeneity_90,energy_0,energy_90,correlation_0,correlation_90
45.42110874200431,45.351964666463594,2.2740887399736,2.246268656716423,0.6068356924133749,0.6163937324680941,0.23351553818920615,0.23509198558684483,0.8695920610773512,0.869833271776829
