contrast_0,contrast_90,dissimilarity_0,dissimilarity_90,homogeneity_0,homogeneity_90,energy_0,energy_90,correlation_0,correlation_90
85.91509290283277,86.23009950248752,2.1958320641689517,2.218169357295158,0.8110782871985128,0.8021168909521681,0.34468535396091954,0.33884701824052127,0.8834746697387784,0.8830302681087923
