contrast_0,contrast_90,dissimilarity_0,dissimilarity_90,homogeneity_0,homogeneity_90,energy_0,energy_90,correlation_0,correlation_90
63.09610112701806,63.9966240227434,2.4109046603716147,2.3544776119402995,0.6570956911376773,0.6685088557605858,0.2358623419605184,0.24010638255081856,0.9081534254134054,0.9067924244395489
