contrast_0,contrast_90,dissimilarity_0,dissimilarity_90,homogeneity_0,homogeneity_90,energy_0,energy_90,correlation_0,correlation_90
47.36856533658243,46.35904660371616,2.357345923444003,2.2090821403188152,0.5942986271807129,0.6332922327172329,0.23153319872951747,0.23740186006270456,0.8643027957125702,0.8672227227084002
