contrast_0,contrast_90,dissimilarity_0,dissimilarity_90,homogeneity_0,homogeneity_90,energy_0,energy_90,correlation_0,correlation_90
53.81904254239011,53.90478728804957,2.3403137374352707,2.3784394354756824,0.6280933666498353,0.6216365524241805,0.24123037025959965,0.23910955103375958,0.8822382779474895,0.8820833639901579
