contrast_0,contrast_90,dissimilarity_0,dissimilarity_90,homogeneity_0,homogeneity_90,energy_0,energy_90,correlation_0,correlation_90
34.192354553761746,34.85889430399029,1.995938673977054,2.05165499035435,0.6323935016755222,0.6178862407786759,0.21562403195256025,0.21464283636316303,0.9048548457377246,0.9030063267997435
