contrast_0,contrast_90,dissimilarity_0,dissimilarity_90,homogeneity_0,homogeneity_90,energy_0,energy_90,correlation_0,correlation_90
53.63450604122244,55.055665549801965,2.0758706467661687,2.1217128642501786,0.7125209334101301,0.6970891046987464,0.2437103842573375,0.24027167928246437,0.8974037354076941,0.8946333915731665
