contrast_0,contrast_90,dissimilarity_0,dissimilarity_90,homogeneity_0,homogeneity_90,energy_0,energy_90,correlation_0,correlation_90
90.81741801198085,91.23837445425931,2.4859630419331924,2.463118083054117,0.7280326020466595,0.7397429234305186,0.33475685689194334,0.3379508095830457,0.8763091697215777,0.8757262807652796
