contrast_0,contrast_90,dissimilarity_0,dissimilarity_90,homogeneity_0,homogeneity_90,energy_0,energy_90,correlation_0,correlation_90
46.4808102345416,46.065818864859395,2.3734389278099295,2.335947811960607,0.596308427552052,0.6021402704478742,0.22001768403163738,0.22159944483384006,0.9142149158285537,0.9149902526685028
