contrast_0,contrast_90,dissimilarity_0,dissimilarity_90,homogeneity_0,homogeneity_90,energy_0,energy_90,correlation_0,correlation_90
56.64219717737838,56.7380698548076,1.909533962838868,1.8954970047720583,0.7857163415979233,0.7889150621756308,0.3501752235733869,0.35153280507925316,0.88069214333811,0.8804986473556146
