contrast_0,contrast_90,dissimilarity_0,dissimilarity_90,homogeneity_0,homogeneity_90,energy_0,energy_90,correlation_0,correlation_90
50.42306325515282,50.643796324499974,1.9579906589501477,1.9737790638643522,0.725420623169265,0.7151473244557222,0.24643869377500674,0.24479111980513352,0.8976983534404107,0.8972118705800916
