contrast_0,contrast_90,dissimilarity_0,dissimilarity_90,homogeneity_0,homogeneity_90,energy_0,energy_90,correlation_0,correlation_90
60.738196771245775,61.795182252005276,2.2307340846786463,2.300512742410398,0.6800143738389773,0.6602824840784804,0.22928399585385073,0.22714914550711043,0.8986223092699741,0.8968475126028905
