contrast_0,contrast_90,dissimilarity_0,dissimilarity_90,homogeneity_0,homogeneity_90,energy_0,energy_90,correlation_0,correlation_90
60.77347954107016,61.21306731647888,2.2321555487866775,2.2892171794090768,0.6820305484083001,0.6625317145503004,0.23230045418104148,0.2297065380174605,0.898557889080622,0.8978234067813231
