contrast_0,contrast_90,dissimilarity_0,dissimilarity_90,homogeneity_0,homogeneity_90,energy_0,energy_90,correlation_0,correlation_90
111.70527464717232,112.76388465834088,2.542161640775713,2.5429485226926603,0.7800411524493798,0.7808938531570222,0.32329523331899684,0.32272336266924634,0.8869856010773928,0.8859009739513841
