contrast_0,contrast_90,dissimilarity_0,dissimilarity_90,homogeneity_0,homogeneity_90,energy_0,energy_90,correlation_0,correlation_90
40.164001421464114,41.060285308153105,1.9659102446948944,2.018961315869632,0.667788635936021,0.6601617245809263,0.24226673019872982,0.23939124050212005,0.9073823594164401,0.9053104754790302
