contrast_0,contrast_90,dissimilarity_0,dissimilarity_90,homogeneity_0,homogeneity_90,energy_0,energy_90,correlation_0,correlation_90
75.0116509290283,75.63336379327845,2.240202050969643,2.2383998375469596,0.7441241991056495,0.7490303560088615,0.29213636225007755,0.2933645815584863,0.8930029043235059,0.8921088415707932
