contrast_0,contrast_90,dissimilarity_0,dissimilarity_90,homogeneity_0,homogeneity_90,energy_0,energy_90,correlation_0,correlation_90
31.431414356787503,32.273301858056655,2.0369073002335236,2.0890191897654575,0.6048323854786107,0.5909690780581248,0.21738931310866652,0.21603027016595347,0.9067906727680914,0.904283071798076
