contrast_0,contrast_90,dissimilarity_0,dissimilarity_90,homogeneity_0,homogeneity_90,energy_0,energy_90,correlation_0,correlation_90
36.855696009747184,37.19286221951465,1.7672098690222358,1.8057670829525843,0.7167155875272255,0.7085039541280982,0.25851924798233966,0.2584934537318907,0.893589928858371,0.892613059840576
