contrast_0,contrast_90,dissimilarity_0,dissimilarity_90,homogeneity_0,homogeneity_90,energy_0,energy_90,correlation_0,correlation_90
45.927023048025205,46.6663874505026,2.3311249873083537,2.473880597014926,0.5958719106441742,0.5595885113819796,0.2250658664494327,0.22140845284644123,0.8714088008171454,0.8692585340911375
