contrast_0,contrast_90,dissimilarity_0,dissimilarity_90,homogeneity_0,homogeneity_90,energy_0,energy_90,correlation_0,correlation_90
85.42676921514874,85.94872575896025,2.168164280637628,2.157782515991471,0.8247402537922416,0.830569034568858,0.4374818071702645,0.43782555131071227,0.8839931463571892,0.8832660305982466
