contrast_0,contrast_90,dissimilarity_0,dissimilarity_90,homogeneity_0,homogeneity_90,energy_0,energy_90,correlation_0,correlation_90
134.85292923139409,134.6659813179002,2.7752056046299116,2.822850035536604,0.7627324027762836,0.7421213437292314,0.2887502838270453,0.28124020398898686,0.8744628865503429,0.8746499393566293
