contrast_0,contrast_90,dissimilarity_0,dissimilarity_90,homogeneity_0,homogeneity_90,energy_0,energy_90,correlation_0,correlation_90
74.97806883947604,75.89087724642083,2.6824043050055844,2.4946948928825274,0.6229999474306175,0.6614212519685615,0.2299852213123129,0.23657647860936068,0.9002532207633183,0.8990266472561464
