contrast_0,contrast_90,dissimilarity_0,dissimilarity_90,homogeneity_0,homogeneity_90,energy_0,energy_90,correlation_0,correlation_90
53.4358818154127,54.046654482688616,2.028936947913493,2.0327444410600055,0.7237675257591271,0.7231340517019748,0.2584355649453351,0.25790548728011387,0.8912240525590328,0.8899687558250642
