contrast_0,contrast_90,dissimilarity_0,dissimilarity_90,homogeneity_0,homogeneity_90,energy_0,energy_90,correlation_0,correlation_90
27.93892780992996,29.60681287440351,1.9964971063052093,2.0081734186211806,0.6186804000964007,0.615183942678638,0.23649399180981645,0.23618277429548892,0.9079800091630958,0.902449386234945
