contrast_0,contrast_90,dissimilarity_0,dissimilarity_90,homogeneity_0,homogeneity_90,energy_0,energy_90,correlation_0,correlation_90
86.68628794801504,87.6694842115951,2.20192405320337,2.1964412630723924,0.8148082962137674,0.8200387976426043,0.37406618189793567,0.37301329606339784,0.883544443796491,0.8821946065393722
