contrast_0,contrast_90,dissimilarity_0,dissimilarity_90,homogeneity_0,homogeneity_90,energy_0,energy_90,correlation_0,correlation_90
87.67890141131076,89.91471215351804,2.582394151690525,2.599350187836329,0.6844162676819072,0.6750075215037006,0.27804016508708035,0.27311586401313537,0.9048541376010428,0.9024056872339711
