contrast_0,contrast_90,dissimilarity_0,dissimilarity_90,homogeneity_0,homogeneity_90,energy_0,energy_90,correlation_0,correlation_90
110.29931972789119,111.3505432023555,2.5447253528276983,2.5882830744237992,0.7712380277562896,0.7548773708127248,0.3014603194864707,0.29389572611659703,0.8823961339321131,0.8812517209633268
