contrast_0,contrast_90,dissimilarity_0,dissimilarity_90,homogeneity_0,homogeneity_90,energy_0,energy_90,correlation_0,correlation_90
49.78579043557722,50.013833891765664,2.040232510914812,1.9797695197481968,0.6891279949299829,0.7121630294400889,0.2324140557339546,0.23583379096406823,0.9014625502270499,0.900992159327462
