contrast_0,contrast_90,dissimilarity_0,dissimilarity_90,homogeneity_0,homogeneity_90,energy_0,energy_90,correlation_0,correlation_90
85.31619961417397,85.45260940196974,2.4416945882830747,2.4071225505127423,0.7112095914751955,0.7214031542306808,0.25736964399751694,0.2601984321741176,0.8769914368137876,0.8768108371501846
