contrast_0,contrast_90,dissimilarity_0,dissimilarity_90,homogeneity_0,homogeneity_90,energy_0,energy_90,correlation_0,correlation_90
81.04134937557107,80.48116560056854,2.4488526753985176,2.3788709513656205,0.6938053626055555,0.7110756127783249,0.24457332571279972,0.2503664798153748,0.8757468443427342,0.8766066278276811
