contrast_0,contrast_90,dissimilarity_0,dissimilarity_90,homogeneity_0,homogeneity_90,energy_0,energy_90,correlation_0,correlation_90
117.51327545943752,115.98388161234638,2.551350390902631,2.5377957153010464,0.8060993965911737,0.8037305130830888,0.32698653210926326,0.3268157813518098,0.883139016835466,0.8846954889799776
