contrast_0,contrast_90,dissimilarity_0,dissimilarity_90,homogeneity_0,homogeneity_90,energy_0,energy_90,correlation_0,correlation_90
85.46174738552136,86.57868819169462,2.3411260026398617,2.3819169458828315,0.7497520620753799,0.7393535811600973,0.2698977390680895,0.2689580411277054,0.8794429703117462,0.8778348745074634
