contrast_0,contrast_90,dissimilarity_0,dissimilarity_90,homogeneity_0,homogeneity_90,energy_0,energy_90,correlation_0,correlation_90
68.88016549903546,71.55079195857438,2.256904254239007,2.3791501675297004,0.71261253231412,0.687482627550318,0.24695711412672805,0.24111736312492135,0.8940782750460646,0.8899274348840855
