contrast_0,contrast_90,dissimilarity_0,dissimilarity_90,homogeneity_0,homogeneity_90,energy_0,energy_90,correlation_0,correlation_90
47.42006802721087,47.641943344501996,2.1001878363285633,2.104680678241446,0.665654707225216,0.657565947881837,0.23503546328347458,0.23164030630727733,0.864474330879014,0.863742219668635
