contrast_0,contrast_90,dissimilarity_0,dissimilarity_90,homogeneity_0,homogeneity_90,energy_0,energy_90,correlation_0,correlation_90
48.91412833790238,53.846989542085524,2.471596101127018,2.6347852573865356,0.5968013217342149,0.555145902370257,0.2246616499632334,0.21855988824322103,0.9216121946884582,0.9136967784591656
