contrast_0,contrast_90,dissimilarity_0,dissimilarity_90,homogeneity_0,homogeneity_90,energy_0,energy_90,correlation_0,correlation_90
38.80508173418623,39.30833079500455,1.9521525027921618,1.9824093816631139,0.6660369703884339,0.6576562510891582,0.23788770286344546,0.23734029016409713,0.9091625133333264,0.907983943821804
