contrast_0,contrast_90,dissimilarity_0,dissimilarity_90,homogeneity_0,homogeneity_90,energy_0,energy_90,correlation_0,correlation_90
135.17313940501572,134.56754492841898,2.852700781805258,2.7753832876434164,0.7337110711638497,0.7629086724419855,0.31109232931184533,0.3207756230856698,0.8734411769748346,0.8740227559405952
