contrast_0,contrast_90,dissimilarity_0,dissimilarity_90,homogeneity_0,homogeneity_90,energy_0,energy_90,correlation_0,correlation_90
84.81660574677629,85.51061021423492,2.3429535993501873,2.3727789623312012,0.746604576329321,0.7384720019721445,0.26637017902277343,0.26690777650540976,0.8795975823115765,0.8785891210920685
