contrast_0,contrast_90,dissimilarity_0,dissimilarity_90,homogeneity_0,homogeneity_90,energy_0,energy_90,correlation_0,correlation_90
60.120139100416274,61.38866890039599,2.2348715605645237,2.298507462686566,0.6771131973307398,0.660447845245935,0.22929832411350104,0.22694695403454762,0.8994143463953256,0.8972788233919856
