contrast_0,contrast_90,dissimilarity_0,dissimilarity_90,homogeneity_0,homogeneity_90,energy_0,energy_90,correlation_0,correlation_90
74.99548177479943,75.9393339425322,2.3241953497817014,2.388161234643111,0.7212952384844863,0.7045063613672685,0.2599306336575357,0.25630266618654574,0.8905050570691504,0.8891277615254235
