contrast_0,contrast_90,dissimilarity_0,dissimilarity_90,homogeneity_0,homogeneity_90,energy_0,energy_90,correlation_0,correlation_90
52.65339120722918,53.40793481571734,2.087750025383287,2.1176007716519436,0.7039498907881203,0.6918221127514382,0.24265414538049881,0.24190093869024157,0.8954612342554202,0.8939483690636474
