contrast_0,contrast_90,dissimilarity_0,dissimilarity_90,homogeneity_0,homogeneity_90,energy_0,energy_90,correlation_0,correlation_90
53.494948725758974,54.56211290486343,2.030688394760889,2.0259671032592137,0.7249280843669192,0.7285228248761125,0.2624275668370586,0.26322192687709506,0.8926283728829696,0.8904632954610195
