contrast_0,contrast_90,dissimilarity_0,dissimilarity_90,homogeneity_0,homogeneity_90,energy_0,energy_90,correlation_0,correlation_90
99.05419331911868,100.14407554066409,2.7739618235353842,2.634531424510103,0.6680184825726735,0.7106262861649512,0.2571130604721692,0.26686330720254436,0.8984593563857308,0.8973146345839362
