contrast_0,contrast_90,dissimilarity_0,dissimilarity_90,homogeneity_0,homogeneity_90,energy_0,energy_90,correlation_0,correlation_90
86.80465021829629,86.52573865367043,2.204944664432937,2.205909229363387,0.8113544999841538,0.8107914091740297,0.3439689149340035,0.34419456880358246,0.8843789943949708,0.8847561200985437
