contrast_0,contrast_90,dissimilarity_0,dissimilarity_90,homogeneity_0,homogeneity_90,energy_0,energy_90,correlation_0,correlation_90
65.59937557112394,65.95727992689608,2.424789318712559,2.4780942227637324,0.6457276265546398,0.6320758122428163,0.24906923102100642,0.2481851309542669,0.8705628635435954,0.8697970316596325
