contrast_0,contrast_90,dissimilarity_0,dissimilarity_90,homogeneity_0,homogeneity_90,energy_0,energy_90,correlation_0,correlation_90
55.82678444512134,55.65717331708802,2.2933292720073095,2.4418215047212914,0.646833195489867,0.6095734967808293,0.23458168218859274,0.22763585175829104,0.878648751365713,0.8790627489283498
