contrast_0,contrast_90,dissimilarity_0,dissimilarity_90,homogeneity_0,homogeneity_90,energy_0,energy_90,correlation_0,correlation_90
53.084145598537944,53.65054827901311,2.0733830845771144,2.0840440653873475,0.6986527321121178,0.6953063725610542,0.2622197282464707,0.26016525352263975,0.8891069448715526,0.8879067230476407
