contrast_0,contrast_90,dissimilarity_0,dissimilarity_90,homogeneity_0,homogeneity_90,energy_0,energy_90,correlation_0,correlation_90
76.10427454563913,74.85396994618739,2.645852370799067,2.5537364199411123,0.6303499041421254,0.645676855997888,0.2175148703786018,0.21836885786881755,0.881994581789503,0.8839409702471165
