contrast_0,contrast_90,dissimilarity_0,dissimilarity_90,homogeneity_0,homogeneity_90,energy_0,energy_90,correlation_0,correlation_90
51.2501522997258,50.39191796121434,2.2453802416488964,2.096405726469692,0.6447309053843556,0.6801730572740243,0.25257409730218566,0.26197042843968193,0.8913251657710051,0.8931704875939586
