contrast_0,contrast_90,dissimilarity_0,dissimilarity_90,homogeneity_0,homogeneity_90,energy_0,energy_90,correlation_0,correlation_90
90.70050258909534,91.65615798558231,2.3601127017971373,2.4482180932074313,0.7659359652750646,0.7339481681347354,0.28781810223033627,0.2778295070342512,0.8751501432195065,0.873810905224674
