contrast_0,contrast_90,dissimilarity_0,dissimilarity_90,homogeneity_0,homogeneity_90,energy_0,energy_90,correlation_0,correlation_90
68.57774901005173,70.82396690019299,2.3295004568991775,2.4269215148746053,0.6922157241214272,0.6695229685474982,0.2384953300685486,0.23361000442518073,0.8950469795875077,0.8915512094098199
