contrast_0,contrast_90,dissimilarity_0,dissimilarity_90,homogeneity_0,homogeneity_90,energy_0,energy_90,correlation_0,correlation_90
48.4849477104275,51.14671540257895,2.265280739161337,2.327292110874201,0.6240450853816624,0.604684291051608,0.2183306919387219,0.2156140244938803,0.9109655902868673,0.9060182095372998
