contrast_0,contrast_90,dissimilarity_0,dissimilarity_90,homogeneity_0,homogeneity_90,energy_0,energy_90,correlation_0,correlation_90
58.80701086404713,60.825819880190885,2.2274596405726474,2.3104883744542613,0.6804684888486776,0.6543616527225945,0.2328339283208842,0.22796040855792707,0.9069888972142071,0.9037815200139339
