contrast_0,contrast_90,dissimilarity_0,dissimilarity_90,homogeneity_0,homogeneity_90,energy_0,energy_90,correlation_0,correlation_90
75.20555386333632,77.38412529190781,2.3533353639963446,2.375393440958475,0.7197802045489978,0.7138888265562632,0.2542772204814422,0.2523081707774697,0.8923207747052511,0.8891503491423667
