contrast_0,contrast_90,dissimilarity_0,dissimilarity_90,homogeneity_0,homogeneity_90,energy_0,energy_90,correlation_0,correlation_90
40.60594984262366,42.264773073408485,1.9040511727078915,1.9518479033404421,0.6918142427261663,0.6820638861102626,0.2390853682191879,0.2378427542947267,0.9059710645621545,0.9020628705852136
