contrast_0,contrast_90,dissimilarity_0,dissimilarity_90,homogeneity_0,homogeneity_90,energy_0,energy_90,correlation_0,correlation_90
63.19161843842014,63.43011980911766,2.373362777946998,2.421844857345925,0.6462252367944654,0.6358914792954377,0.243525414913181,0.24146650446865447,0.8752106927681346,0.8747450392799477
