contrast_0,contrast_90,dissimilarity_0,dissimilarity_90,homogeneity_0,homogeneity_90,energy_0,energy_90,correlation_0,correlation_90
87.65793481571734,87.53330287338815,2.221697634277591,2.2311402172809425,0.8093771731027655,0.8083463775023714,0.3559467934664337,0.36062561050883646,0.8838363239487503,0.8840033704954308
