contrast_0,contrast_90,dissimilarity_0,dissimilarity_90,homogeneity_0,homogeneity_90,energy_0,energy_90,correlation_0,correlation_90
116.80401563610513,118.04279622296671,2.6010508681084366,2.604426845365012,0.7764659536069214,0.7764560587303139,0.29892699795056255,0.2974697640250114,0.8868171982080354,0.8856022236872108
