contrast_0,contrast_90,dissimilarity_0,dissimilarity_90,homogeneity_0,homogeneity_90,energy_0,energy_90,correlation_0,correlation_90
116.25327444410594,117.05051274241043,2.564473550614276,2.578637425119302,0.7887621975968858,0.7812054721006648,0.3055496757484309,0.3013088986006573,0.8874618442498414,0.8866838425734489
