contrast_0,contrast_90,dissimilarity_0,dissimilarity_90,homogeneity_0,homogeneity_90,energy_0,energy_90,correlation_0,correlation_90
129.2109605036044,129.79152705858468,2.5435831048837447,2.5525180221342274,0.8474320320102509,0.8453556219383873,0.3794968774020677,0.37767040913128236,0.8758576917520113,0.8752858027047812
