contrast_0,contrast_90,dissimilarity_0,dissimilarity_90,homogeneity_0,homogeneity_90,energy_0,energy_90,correlation_0,correlation_90
37.60726977358101,41.41547365214749,2.249517717534775,2.638186617930754,0.5904474953270377,0.5164543379648407,0.2085988632760633,0.20255677458098767,0.9031222449719737,0.89328194287053
