contrast_0,contrast_90,dissimilarity_0,dissimilarity_90,homogeneity_0,homogeneity_90,energy_0,energy_90,correlation_0,correlation_90
61.80744237993711,61.218448573459156,2.609757335770128,2.458016042237788,0.6036759840206735,0.6287621540254877,0.22262487350267834,0.22590249263984297,0.8994627704852888,0.9004291118108168
