contrast_0,contrast_90,dissimilarity_0,dissimilarity_90,homogeneity_0,homogeneity_90,energy_0,energy_90,correlation_0,correlation_90
42.65656411818455,42.26418925779261,1.8300842725149769,1.8429282160625446,0.7333199481701375,0.7237302558693351,0.25641664982158235,0.25626048250951355,0.8967896713922463,0.8977337437176348
