contrast_0,contrast_90,dissimilarity_0,dissimilarity_90,homogeneity_0,homogeneity_90,energy_0,energy_90,correlation_0,correlation_90
129.3150827495177,129.89783226723523,2.5492181947405834,2.5565285815818872,0.8452723637016495,0.8438859293306774,0.36501051305687704,0.3648587178989059,0.876393254681559,0.8758286226711802
