contrast_0,contrast_90,dissimilarity_0,dissimilarity_90,homogeneity_0,homogeneity_90,energy_0,energy_90,correlation_0,correlation_90
114.22058076962124,113.85346228043454,2.5901106711341244,2.5895776220936133,0.7707379090615433,0.7703743593326268,0.2880455241332926,0.28773077887755294,0.8857800551473136,0.8861630500098207
