contrast_0,contrast_90,dissimilarity_0,dissimilarity_90,homogeneity_0,homogeneity_90,energy_0,energy_90,correlation_0,correlation_90
91.54751751446847,93.7488831353436,2.6141232612447967,2.642730226418927,0.6808117993292386,0.6736762977786122,0.2529919311745962,0.24964263762815264,0.8997321611838738,0.897290351318229
