contrast_0,contrast_90,dissimilarity_0,dissimilarity_90,homogeneity_0,homogeneity_90,energy_0,energy_90,correlation_0,correlation_90
55.20085795512233,55.980251802213424,2.0641435678749116,2.053863336379327,0.7112718912254583,0.715660488352262,0.2825060409560004,0.2815510214880117,0.8837342275888525,0.8820702782740859
