contrast_0,contrast_90,dissimilarity_0,dissimilarity_90,homogeneity_0,homogeneity_90,energy_0,energy_90,correlation_0,correlation_90
113.83437404812675,114.01063559752261,2.4823586150878247,2.482917047415981,0.815156420165565,0.8141181980145858,0.3495798391296719,0.3510949254452694,0.8823616026815398,0.882184220196346
