contrast_0,contrast_90,dissimilarity_0,dissimilarity_90,homogeneity_0,homogeneity_90,energy_0,energy_90,correlation_0,correlation_90
35.15600568585644,35.72583511016349,1.7954614681693577,1.8117829221240742,0.7022434862812542,0.6996950167174868,0.2537638321164832,0.2524823372147696,0.896452703117223,0.8947669641491902
