contrast_0,contrast_90,dissimilarity_0,dissimilarity_90,homogeneity_0,homogeneity_90,energy_0,energy_90,correlation_0,correlation_90
78.6400395979287,78.08127728703425,2.235734592344399,2.2598740988932886,0.7623989848704115,0.7496403074572063,0.2951062833579204,0.29262738918043835,0.8871493419206108,0.8879676375663034
