contrast_0,contrast_90,dissimilarity_0,dissimilarity_90,homogeneity_0,homogeneity_90,energy_0,energy_90,correlation_0,correlation_90
50.5782312925171,48.77205807696214,2.6302670321860067,2.464869529901513,0.5518193556810063,0.5894550335828738,0.2133487810376813,0.21915383130988178,0.9164056884130045,0.9193969742700633
