contrast_0,contrast_90,dissimilarity_0,dissimilarity_90,homogeneity_0,homogeneity_90,energy_0,energy_90,correlation_0,correlation_90
60.854706061529065,61.71611331099602,2.2322570819372523,2.287541882424611,0.6806288690737348,0.6638927535969493,0.22932934640643143,0.22766506859122856,0.8982960449626419,0.8968465552934016
