contrast_0,contrast_90,dissimilarity_0,dissimilarity_90,homogeneity_0,homogeneity_90,energy_0,energy_90,correlation_0,correlation_90
134.90288354147634,135.33676007716517,2.6740785866585437,2.676946898162249,0.8098791960224907,0.8103529945755639,0.29278397337630013,0.29417690039325783,0.8786298507982473,0.8782372409459365
