contrast_0,contrast_90,dissimilarity_0,dissimilarity_90,homogeneity_0,homogeneity_90,energy_0,energy_90,correlation_0,correlation_90
27.91133617626153,29.491395065488888,1.9805310183775031,1.9896182353538443,0.623304532050978,0.6224371441716753,0.23895649568079985,0.23964138035257113,0.907984317621699,0.9027378825717071
