contrast_0,contrast_90,dissimilarity_0,dissimilarity_90,homogeneity_0,homogeneity_90,energy_0,energy_90,correlation_0,correlation_90
80.275408670931,79.91686973296777,2.4377094121230587,2.3695552848004864,0.6967164322293795,0.7116006795757888,0.24527675542479666,0.2506510034114389,0.876863075781571,0.8773964773309761
