contrast_0,contrast_90,dissimilarity_0,dissimilarity_90,homogeneity_0,homogeneity_90,energy_0,energy_90,correlation_0,correlation_90
47.79662909940099,47.50469590821405,2.343283582089554,2.3220885369072977,0.5986753579449346,0.6030713347619098,0.22750165465887334,0.2277583969559242,0.8646761385305343,0.8655279159857605
