contrast_0,contrast_90,dissimilarity_0,dissimilarity_90,homogeneity_0,homogeneity_90,energy_0,energy_90,correlation_0,correlation_90
133.78627271804245,134.00715808711556,2.6789521778860803,2.683673469387754,0.8031339360552333,0.8018384290341193,0.2958917374295631,0.2960306765539113,0.8788805222831093,0.8786826013208979
