contrast_0,contrast_90,dissimilarity_0,dissimilarity_90,homogeneity_0,homogeneity_90,energy_0,energy_90,correlation_0,correlation_90
30.95684841100617,31.98606457508375,2.1042237790638625,2.031043760787898,0.5846119759752565,0.6072830454697814,0.21676680869281068,0.2184564631952657,0.9084448038637897,0.9053719714569324
