contrast_0,contrast_90,dissimilarity_0,dissimilarity_90,homogeneity_0,homogeneity_90,energy_0,energy_90,correlation_0,correlation_90
71.38699360341141,71.13722205300031,2.471063052086507,2.286171184891867,0.6653471335446277,0.7106746930556442,0.2360757871342381,0.24648552789790545,0.8917464593725551,0.8921168046070879
