contrast_0,contrast_90,dissimilarity_0,dissimilarity_90,homogeneity_0,homogeneity_90,energy_0,energy_90,correlation_0,correlation_90
43.437810945273604,42.84475581277286,1.9312620570616312,1.9108031272210373,0.6954102877759397,0.6973879132401288,0.24550290913154113,0.2454400427651528,0.8906710573279929,0.8921614226110156
