contrast_0,contrast_90,dissimilarity_0,dissimilarity_90,homogeneity_0,homogeneity_90,energy_0,energy_90,correlation_0,correlation_90
112.55591938267835,113.86445324398409,2.4818509493349583,2.4835516296070668,0.8101306052394369,0.8139033339188352,0.3689037386943434,0.37159844330938574,0.883093466183841,0.8817060308883953
