contrast_0,contrast_90,dissimilarity_0,dissimilarity_90,homogeneity_0,homogeneity_90,energy_0,energy_90,correlation_0,correlation_90
106.27401259011056,108.49040511727075,2.5113463295766065,2.515128439435477,0.7840779979419404,0.7860194503920763,0.37122011851615994,0.3675848668780929,0.8903994414676913,0.8880747917803483
