contrast_0,contrast_90,dissimilarity_0,dissimilarity_90,homogeneity_0,homogeneity_90,energy_0,energy_90,correlation_0,correlation_90
39.60353843029748,39.3500355366027,2.1613615595491935,2.246928622195144,0.6073972435145648,0.591936786382478,0.21760807810001037,0.21584451746032784,0.9041815666218983,0.9047816846519096
