contrast_0,contrast_90,dissimilarity_0,dissimilarity_90,homogeneity_0,homogeneity_90,energy_0,energy_90,correlation_0,correlation_90
85.92537313432834,86.0483551629607,2.198091176769215,2.22116458523708,0.810744667625241,0.79969029815199,0.3384179930144778,0.33142047979487416,0.8834772728268203,0.8832901637133418
