contrast_0,contrast_90,dissimilarity_0,dissimilarity_90,homogeneity_0,homogeneity_90,energy_0,energy_90,correlation_0,correlation_90
91.14549700477204,92.880622398213,2.394913189156259,2.4147883033810538,0.7652794596122735,0.7658569317857452,0.369086069085247,0.3698982341800739,0.8877648009072048,0.8855842247456309
