contrast_0,contrast_90,dissimilarity_0,dissimilarity_90,homogeneity_0,homogeneity_90,energy_0,energy_90,correlation_0,correlation_90
75.32658137882015,76.67379937049448,2.6925576200629524,2.510432531221446,0.6206606250482131,0.6585237777156583,0.2277353315671761,0.23429039601598972,0.9002785832802418,0.8984844158804272
