contrast_0,contrast_90,dissimilarity_0,dissimilarity_90,homogeneity_0,homogeneity_90,energy_0,energy_90,correlation_0,correlation_90
133.56589501472232,134.11376789521773,2.6765153822723105,2.691491521981926,0.8044843078138237,0.7997437712643028,0.29584507812640437,0.29503952081347423,0.8797181127714095,0.879216389490895
