contrast_0,contrast_90,dissimilarity_0,dissimilarity_90,homogeneity_0,homogeneity_90,energy_0,energy_90,correlation_0,correlation_90
38.96657021017363,38.05802619555285,2.366915422885574,2.241496598639455,0.5646502830895389,0.5847397612749595,0.2083912788849045,0.21112826865418266,0.9056805610466291,0.9078672179919822
