contrast_0,contrast_90,dissimilarity_0,dissimilarity_90,homogeneity_0,homogeneity_90,energy_0,energy_90,correlation_0,correlation_90
39.117981520966616,40.907452533252126,1.9032389075033003,1.9360341151385927,0.6813307746912705,0.6792417215331901,0.2321841663605029,0.2318210343649512,0.9076546054406935,0.9033811232639198
