contrast_0,contrast_90,dissimilarity_0,dissimilarity_90,homogeneity_0,homogeneity_90,energy_0,energy_90,correlation_0,correlation_90
45.91407757132707,47.01670220326935,1.8439181642806375,1.8375977256574265,0.745850917053314,0.751159534584805,0.26525400290457546,0.2660162078096709,0.8899238069095998,0.8872125781296488
