contrast_0,contrast_90,dissimilarity_0,dissimilarity_90,homogeneity_0,homogeneity_90,energy_0,energy_90,correlation_0,correlation_90
134.16747893187122,134.47172301756527,2.6541780891461064,2.6647883033810538,0.8164146319464262,0.8125786659712698,0.299828930132694,0.29923182922612024,0.8784317042517694,0.8781553474393207
