contrast_0,contrast_90,dissimilarity_0,dissimilarity_90,homogeneity_0,homogeneity_90,energy_0,energy_90,correlation_0,correlation_90
33.93362270281245,34.71436186414868,1.8126967204792361,1.8135597522591127,0.6796941508748747,0.6802136302471921,0.25924964819639046,0.26013783918747047,0.890546880497794,0.8880319102448911
