contrast_0,contrast_90,dissimilarity_0,dissimilarity_90,homogeneity_0,homogeneity_90,energy_0,energy_90,correlation_0,correlation_90
84.94146613869431,85.55193420651844,2.349883236876842,2.380901614377093,0.7446394987952809,0.7351929961248412,0.26735628495632685,0.26635258851604854,0.8790481971278751,0.8781689759824648
