contrast_0,contrast_90,dissimilarity_0,dissimilarity_90,homogeneity_0,homogeneity_90,energy_0,energy_90,correlation_0,correlation_90
70.68600873185092,70.40651335160925,2.091024469489288,2.075159914712153,0.78243754300902,0.7869130203119374,0.2791579841359928,0.27964936534637447,0.8793036947125021,0.8797782946280638
