contrast_0,contrast_90,dissimilarity_0,dissimilarity_90,homogeneity_0,homogeneity_90,energy_0,energy_90,correlation_0,correlation_90
62.15153822723124,61.59998477002745,2.609706569194842,2.4503249060818355,0.6078744207820588,0.6353757287750591,0.22207738700076152,0.22578059527732428,0.8991723143620532,0.9000753643158568
