contrast_0,contrast_90,dissimilarity_0,dissimilarity_90,homogeneity_0,homogeneity_90,energy_0,energy_90,correlation_0,correlation_90
106.27284495887908,107.8960554371002,2.4964717230175646,2.4842877449487255,0.7905897656627341,0.7951108246529123,0.3541640610053674,0.35690801428770397,0.8906432765646085,0.888941021961136
