contrast_0,contrast_90,dissimilarity_0,dissimilarity_90,homogeneity_0,homogeneity_90,energy_0,energy_90,correlation_0,correlation_90
59.84818255660474,60.063635902122,2.2883287643415575,2.2670068027210872,0.6614514201131633,0.6672274048592739,0.2318975983132372,0.2344823948821133,0.9071836418263424,0.9068495564101587
