contrast_0,contrast_90,dissimilarity_0,dissimilarity_90,homogeneity_0,homogeneity_90,energy_0,energy_90,correlation_0,correlation_90
111.0052797238298,111.3200071073205,2.4604528378515576,2.4522032693674474,0.8156437578895336,0.8185026128515254,0.3807636440935747,0.38101600637258304,0.8846872068313641,0.8843500247663992
