contrast_0,contrast_90,dissimilarity_0,dissimilarity_90,homogeneity_0,homogeneity_90,energy_0,energy_90,correlation_0,correlation_90
109.08769925880797,110.99796933698852,2.626535688902428,2.582394151690528,0.7579448996493062,0.7651831058755254,0.3941682576453089,0.3919536951114157,0.8860037089934606,0.8839869745535959
