contrast_0,contrast_90,dissimilarity_0,dissimilarity_90,homogeneity_0,homogeneity_90,energy_0,energy_90,correlation_0,correlation_90
108.09528886181337,109.76941821504717,2.5443699868006884,2.600314752766779,0.7616277285836554,0.7426033759832332,0.31373564036510343,0.30344058581463457,0.8839711414779202,0.882133826569603
