contrast_0,contrast_90,dissimilarity_0,dissimilarity_90,homogeneity_0,homogeneity_90,energy_0,energy_90,correlation_0,correlation_90
48.53855721393035,51.486445324398446,2.5868362270281264,2.561427556097066,0.5656969129825264,0.568823377163083,0.22059037942533968,0.22036801699438796,0.9219892075046715,0.9172494164547531
