contrast_0,contrast_90,dissimilarity_0,dissimilarity_90,homogeneity_0,homogeneity_90,energy_0,energy_90,correlation_0,correlation_90
107.86473246014822,108.87222053000302,2.483830845771142,2.468423190171591,0.7898832579009207,0.7998514064366247,0.32876276979675934,0.3292059830098781,0.8856698415671229,0.8845737460744711
