contrast_0,contrast_90,dissimilarity_0,dissimilarity_90,homogeneity_0,homogeneity_90,energy_0,energy_90,correlation_0,correlation_90
42.343867397705296,41.451822520052836,2.724921311808307,2.5117270788912576,0.49853180671357483,0.5431844004982169,0.20169445360078656,0.20422319956589136,0.890534991761895,0.8928049793782192
