contrast_0,contrast_90,dissimilarity_0,dissimilarity_90,homogeneity_0,homogeneity_90,energy_0,energy_90,correlation_0,correlation_90
60.685094933495755,59.44849730937153,2.2966290994009557,2.2591379835516285,0.6686471516465983,0.6727791741646189,0.23393248082942603,0.2373507090123222,0.9061081825594538,0.9080292551853528
