contrast_0,contrast_90,dissimilarity_0,dissimilarity_90,homogeneity_0,homogeneity_90,energy_0,energy_90,correlation_0,correlation_90
49.441161539242565,51.75852878464817,2.274647172301755,2.3268098284089755,0.6246222787135522,0.6108001812238925,0.2188093046582928,0.21630285719119394,0.9096044938859636,0.9053068111921749
