contrast_0,contrast_90,dissimilarity_0,dissimilarity_90,homogeneity_0,homogeneity_90,energy_0,energy_90,correlation_0,correlation_90
60.9136206721495,59.45420854909126,2.3118336886993593,2.267184485734591,0.659520589344488,0.6661668440950821,0.22950352547877576,0.23361326994987125,0.9057376136444897,0.9080034007055305
