contrast_0,contrast_90,dissimilarity_0,dissimilarity_90,homogeneity_0,homogeneity_90,energy_0,energy_90,correlation_0,correlation_90
45.00738653670428,45.0734338511524,2.2459894405523397,2.2399482180932107,0.6148619542506372,0.6207200134992796,0.23737349695203505,0.2388585737014177,0.868855852991493,0.8686818908322106
