contrast_0,contrast_90,dissimilarity_0,dissimilarity_90,homogeneity_0,homogeneity_90,energy_0,energy_90,correlation_0,correlation_90
89.95603614580159,88.89425322367748,2.4504518225200522,2.398568382576911,0.72545022738327,0.738999798264319,0.26063746640617685,0.2688568374555205,0.8742667980899077,0.8757645159959514
