contrast_0,contrast_90,dissimilarity_0,dissimilarity_90,homogeneity_0,homogeneity_90,energy_0,energy_90,correlation_0,correlation_90
48.68542491623514,50.30368565336583,2.082876434155753,2.1263580058889224,0.6930057685151991,0.6801340465304049,0.2467156635255611,0.2433937127490872,0.9006214037446234,0.8972584341292231
