contrast_0,contrast_90,dissimilarity_0,dissimilarity_90,homogeneity_0,homogeneity_90,energy_0,energy_90,correlation_0,correlation_90
85.43463803431824,86.06079297390599,2.35701594070464,2.381891562595187,0.7424844875302092,0.73618600358407,0.261474612386654,0.2625260753911537,0.8791887189317142,0.8782779189466114
