contrast_0,contrast_90,dissimilarity_0,dissimilarity_90,homogeneity_0,homogeneity_90,energy_0,energy_90,correlation_0,correlation_90
52.05010660980808,53.016296070667075,2.155091887501269,2.084120215250279,0.6841770055730567,0.7038905728099041,0.24870993413177364,0.254340020334467,0.9002783970912813,0.8983895623361136
