contrast_0,contrast_90,dissimilarity_0,dissimilarity_90,homogeneity_0,homogeneity_90,energy_0,energy_90,correlation_0,correlation_90
55.451086404711134,56.009975632043904,2.0885115240125907,2.077799776627068,0.7068223735469564,0.7068764220363201,0.26656643081221854,0.26573804688612157,0.8844684365551829,0.8832823727508861
