contrast_0,contrast_90,dissimilarity_0,dissimilarity_90,homogeneity_0,homogeneity_90,energy_0,energy_90,correlation_0,correlation_90
104.70451314854297,104.18395268555183,2.4930195958980583,2.4959132906894106,0.7733097925550511,0.7702454967983373,0.28741104178358984,0.2880539926790169,0.8930668801328796,0.8936089170196603
