contrast_0,contrast_90,dissimilarity_0,dissimilarity_90,homogeneity_0,homogeneity_90,energy_0,energy_90,correlation_0,correlation_90
86.34561884455275,87.73781602193115,2.2080921921007204,2.2171032592141335,0.8101960613890445,0.8112372580187432,0.35154933527737725,0.3528441696039343,0.8857027668902677,0.8838224907221641
