contrast_0,contrast_90,dissimilarity_0,dissimilarity_90,homogeneity_0,homogeneity_90,energy_0,energy_90,correlation_0,correlation_90
131.25393440958467,129.9882221545335,3.1177784546654483,2.916945882830744,0.6351194360878771,0.6936597522322911,0.2286394614882461,0.23923698645247826,0.8936006303910436,0.8946161561879968
