contrast_0,contrast_90,dissimilarity_0,dissimilarity_90,homogeneity_0,homogeneity_90,energy_0,energy_90,correlation_0,correlation_90
51.4778403898873,52.68400345212712,2.160396994618743,2.2915270585846277,0.6721494311255116,0.6354596259586526,0.24261611899243038,0.23642147544023048,0.8959361330081699,0.8934591244760361
