contrast_0,contrast_90,dissimilarity_0,dissimilarity_90,homogeneity_0,homogeneity_90,energy_0,energy_90,correlation_0,correlation_90
130.40255355873697,130.75005076657524,2.539217179409077,2.5585592445933596,0.8546636038490296,0.8463810053062378,0.3736720131262881,0.36905850704116894,0.8751359561954078,0.8747916718562256
