contrast_0,contrast_90,dissimilarity_0,dissimilarity_90,homogeneity_0,homogeneity_90,energy_0,energy_90,correlation_0,correlation_90
120.45372626662605,121.7639861914915,2.5714539547162145,2.5841709818255656,0.8050809147083664,0.8028904773710145,0.3145291055830106,0.31391389807153053,0.8807188364468777,0.8793915258635201
