contrast_0,contrast_90,dissimilarity_0,dissimilarity_90,homogeneity_0,homogeneity_90,energy_0,energy_90,correlation_0,correlation_90
132.6493552644938,133.11501167631235,2.6784445121332126,2.687557112397197,0.8017471092911348,0.7992356288275698,0.3312068195706704,0.32969856239037454,0.879834393298177,0.8794019649563825
