contrast_0,contrast_90,dissimilarity_0,dissimilarity_90,homogeneity_0,homogeneity_90,energy_0,energy_90,correlation_0,correlation_90
27.895420854909144,29.57262158594782,1.9860899583714087,2.006828104376079,0.6210429456801182,0.6164755090333469,0.23461419465277342,0.23466254304935738,0.9080292885235576,0.9024643270184606
