contrast_0,contrast_90,dissimilarity_0,dissimilarity_90,homogeneity_0,homogeneity_90,energy_0,energy_90,correlation_0,correlation_90
113.07906894100923,114.17588080008123,2.6163316072697738,2.6257741902731246,0.756538954062683,0.7537592986830077,0.27967494545484595,0.2803620649389412,0.8880367789332367,0.8869404638986278
