contrast_0,contrast_90,dissimilarity_0,dissimilarity_90,homogeneity_0,homogeneity_90,energy_0,energy_90,correlation_0,correlation_90
100.78061224489797,101.66141232612445,2.5075388364300943,2.527083967915524,0.7539708930733464,0.7463687831567662,0.27889718855468,0.276533755791865,0.8969091674046852,0.896007169184009
