contrast_0,contrast_90,dissimilarity_0,dissimilarity_90,homogeneity_0,homogeneity_90,energy_0,energy_90,correlation_0,correlation_90
50.70961518935936,50.66557518529806,2.4928926794598425,2.27208346024977,0.5860818059868492,0.6278700295979308,0.2267151160795035,0.232199150882321,0.884356797846956,0.884472507447621
