contrast_0,contrast_90,dissimilarity_0,dissimilarity_90,homogeneity_0,homogeneity_90,energy_0,energy_90,correlation_0,correlation_90
134.74520255863538,135.12026601685452,3.1754492841912865,2.977155041120926,0.6236887735167361,0.6840371651682137,0.22856864769086957,0.23848776285723858,0.8902165998433179,0.8898909312060274
