contrast_0,contrast_90,dissimilarity_0,dissimilarity_90,homogeneity_0,homogeneity_90,energy_0,energy_90,correlation_0,correlation_90
75.43692253020613,77.62511422479434,2.330921921007209,2.3669661894608587,0.729761500365548,0.7181367800969307,0.2563978437005889,0.25266342445384654,0.8919601718946801,0.8887831047294421
