contrast_0,contrast_90,dissimilarity_0,dissimilarity_90,homogeneity_0,homogeneity_90,energy_0,energy_90,correlation_0,correlation_90
85.91329068941008,86.01507767286017,2.1726571225505125,2.175652350492435,0.8248092036088305,0.823758846611527,0.4026618964968837,0.4029984855284796,0.8841456173706783,0.8840104988034921
