contrast_0,contrast_90,dissimilarity_0,dissimilarity_90,homogeneity_0,homogeneity_90,energy_0,energy_90,correlation_0,correlation_90
49.55782312925171,50.7332977967306,1.9553761803228755,1.9880952380952388,0.7210086806956566,0.7111958877324535,0.24671772664463862,0.24411399248704552,0.9015133480876426,0.8991506582461913
