contrast_0,contrast_90,dissimilarity_0,dissimilarity_90,homogeneity_0,homogeneity_90,energy_0,energy_90,correlation_0,correlation_90
97.87691643821708,98.7516752969845,2.2841659051680367,2.2973652147426136,0.8299397047816597,0.8301730974084781,0.37750814933184673,0.38020838483079245,0.8804414496932712,0.8793379208774869
