contrast_0,contrast_90,dissimilarity_0,dissimilarity_90,homogeneity_0,homogeneity_90,energy_0,energy_90,correlation_0,correlation_90
29.45837140826479,29.56089450705652,2.0386841303685674,2.0987156056452423,0.597095495820853,0.5805847856913948,0.20938247020201953,0.20793250221167345,0.9157079516983494,0.9154053365395457
