contrast_0,contrast_90,dissimilarity_0,dissimilarity_90,homogeneity_0,homogeneity_90,energy_0,energy_90,correlation_0,correlation_90
91.87201746370194,92.5605899076048,2.3222662199208037,2.326200629505533,0.7884862967280369,0.7917796905710494,0.3195913734377075,0.3201039194386659,0.8870386272461113,0.8861792347738261
