contrast_0,contrast_90,dissimilarity_0,dissimilarity_90,homogeneity_0,homogeneity_90,energy_0,energy_90,correlation_0,correlation_90
70.83500863031774,70.54426845365008,2.1044776119402973,2.0890445730531018,0.7769641865141474,0.7812700297910432,0.2780038385394338,0.2788791729491485,0.8788962575108887,0.8793876083452318
