contrast_0,contrast_90,dissimilarity_0,dissimilarity_90,homogeneity_0,homogeneity_90,energy_0,energy_90,correlation_0,correlation_90
48.16785968118594,48.074880698548064,2.3499593867397697,2.3409483196263565,0.5973682616456171,0.5996744705758501,0.22766554121478325,0.22806808094252556,0.8638995262436857,0.8641959360652516
