contrast_0,contrast_90,dissimilarity_0,dissimilarity_90,homogeneity_0,homogeneity_90,energy_0,energy_90,correlation_0,correlation_90
64.61605239110571,64.65839171489492,2.421616407757133,2.464869529901512,0.6415711085212277,0.6302998505289591,0.24864383620977165,0.2496859084065283,0.8713101868090929,0.8711813240467271
