contrast_0,contrast_90,dissimilarity_0,dissimilarity_90,homogeneity_0,homogeneity_90,energy_0,energy_90,correlation_0,correlation_90
79.97314448167326,79.66900192912983,2.4240532033708986,2.3641994111077276,0.6992035486463912,0.7127249991697475,0.24565983811612319,0.2507450011336583,0.8766974336790093,0.8771486323331114
