contrast_0,contrast_90,dissimilarity_0,dissimilarity_90,homogeneity_0,homogeneity_90,energy_0,energy_90,correlation_0,correlation_90
40.66016854502992,40.12818560259926,1.948624225809727,1.88227231190984,0.6697019682037375,0.6924744316236384,0.22917633245010835,0.23303572333285674,0.8915057760621428,0.8929325747595477
