contrast_0,contrast_90,dissimilarity_0,dissimilarity_90,homogeneity_0,homogeneity_90,energy_0,energy_90,correlation_0,correlation_90
38.23266321453957,36.52609401969747,2.3177987612955624,2.0406640268047513,0.5797608687012128,0.6284612715777866,0.21036738343587624,0.21575906183079785,0.9059180691985504,0.9101218632903707
