contrast_0,contrast_90,dissimilarity_0,dissimilarity_90,homogeneity_0,homogeneity_90,energy_0,energy_90,correlation_0,correlation_90
54.61529089247638,54.970910752360645,2.0783835922428673,2.096304193319119,0.7017061390078245,0.6963895739479194,0.26790985234295567,0.266150565150796,0.8864708133866174,0.8857363916733183
