contrast_0,contrast_90,dissimilarity_0,dissimilarity_90,homogeneity_0,homogeneity_90,energy_0,energy_90,correlation_0,correlation_90
108.94661894608585,108.67126104173008,2.6051629607066706,2.6121687480962534,0.7628060934963883,0.7573872497295813,0.4084645569670335,0.4029658512364329,0.8859780144255114,0.8862733435501392
