contrast_0,contrast_90,dissimilarity_0,dissimilarity_90,homogeneity_0,homogeneity_90,energy_0,energy_90,correlation_0,correlation_90
63.42864757843435,64.86955528480046,2.403416590516805,2.547238298304397,0.6499008236806261,0.6226359685599412,0.2263445280025848,0.22262839276953147,0.8962893980217636,0.8939001625852502
