contrast_0,contrast_90,dissimilarity_0,dissimilarity_90,homogeneity_0,homogeneity_90,energy_0,energy_90,correlation_0,correlation_90
29.547365214742587,28.85838663823738,1.9926896131586986,2.087039293329269,0.6090566397425773,0.5822557471711152,0.21581830992764275,0.21277649235967933,0.9136063320686234,0.9156371260805238
