contrast_0,contrast_90,dissimilarity_0,dissimilarity_90,homogeneity_0,homogeneity_90,energy_0,energy_90,correlation_0,correlation_90
43.133160726977344,42.080084272514966,2.3698852675398494,2.165270585846278,0.5697223575864379,0.6121598124414488,0.21101925936711313,0.21567891082599278,0.8891883021002168,0.891945518623206
