contrast_0,contrast_90,dissimilarity_0,dissimilarity_90,homogeneity_0,homogeneity_90,energy_0,energy_90,correlation_0,correlation_90
129.71948928825265,129.6154178089146,2.5321098588689206,2.5262717027109347,0.8552043361992293,0.8575548381373354,0.39585467799402446,0.3977461550765989,0.8751666933120436,0.8752708680021865
