contrast_0,contrast_90,dissimilarity_0,dissimilarity_90,homogeneity_0,homogeneity_90,energy_0,energy_90,correlation_0,correlation_90
33.5085287846482,33.918925779266914,1.8216062544420772,1.8041425525434074,0.6864860915322557,0.6955347088405487,0.2859899208906728,0.288501596663152,0.8941082215368821,0.8927932950653448
