contrast_0,contrast_90,dissimilarity_0,dissimilarity_90,homogeneity_0,homogeneity_90,energy_0,energy_90,correlation_0,correlation_90
75.26119402985071,75.46687480962531,2.2860188851660053,2.2664991369682213,0.725644461426987,0.7334037764398509,0.2752838574708809,0.2771822584018686,0.8914420855637458,0.8911296427997712
