contrast_0,contrast_90,dissimilarity_0,dissimilarity_90,homogeneity_0,homogeneity_90,energy_0,energy_90,correlation_0,correlation_90
56.72448979591837,53.29444613666364,2.7173317088029254,2.474769012082446,0.5522046250607767,0.5937658811708902,0.21013466024776875,0.21607583803157104,0.9105771214840355,0.9159903347547966
