contrast_0,contrast_90,dissimilarity_0,dissimilarity_90,homogeneity_0,homogeneity_90,energy_0,energy_90,correlation_0,correlation_90
34.57853589196876,35.07315463498832,1.8372931262057075,1.7854096862625644,0.6881261555407664,0.7071660760266906,0.2751661315125558,0.2779811085685253,0.8915346972301392,0.8899337213655473
