contrast_0,contrast_90,dissimilarity_0,dissimilarity_90,homogeneity_0,homogeneity_90,energy_0,energy_90,correlation_0,correlation_90
48.15905168037368,49.29307543913085,2.1545842217484013,2.1050868108437406,0.6580869907538136,0.6708464238710476,0.22365918094359158,0.22501611749967712,0.914403560371355,0.9123647396125463
