contrast_0,contrast_90,dissimilarity_0,dissimilarity_90,homogeneity_0,homogeneity_90,energy_0,energy_90,correlation_0,correlation_90
37.8506955020814,39.03997867803841,1.989643618641487,1.9408315565031993,0.649386926438215,0.6644689382562065,0.23866470415010052,0.24133115840632854,0.900426737213945,0.8972561939877312
