contrast_0,contrast_90,dissimilarity_0,dissimilarity_90,homogeneity_0,homogeneity_90,energy_0,energy_90,correlation_0,correlation_90
124.45151792060102,125.50411209259819,2.982536298101331,3.026094019697431,0.6701284457464516,0.6539222541614031,0.25703286773717104,0.2540278467375745,0.9005800922306795,0.89973235448017
