contrast_0,contrast_90,dissimilarity_0,dissimilarity_90,homogeneity_0,homogeneity_90,energy_0,energy_90,correlation_0,correlation_90
113.8858259721799,114.39800995024875,2.575185297999797,2.5791958574474574,0.7760830902109466,0.7720259152355267,0.2991334949921849,0.29592044233306963,0.8850628522847598,0.8845629845809305
