contrast_0,contrast_90,dissimilarity_0,dissimilarity_90,homogeneity_0,homogeneity_90,energy_0,energy_90,correlation_0,correlation_90
35.678876028023154,35.27657630216266,1.7109097370291402,1.7743425728500346,0.7319704388097815,0.7111059269493533,0.2710471479163029,0.267610927567255,0.8948998864418398,0.8961166844416721
