contrast_0,contrast_90,dissimilarity_0,dissimilarity_90,homogeneity_0,homogeneity_90,energy_0,energy_90,correlation_0,correlation_90
99.0024114123261,101.07843435881821,2.620291400142146,2.6527058584627876,0.7101336397201437,0.7019100365837305,0.26515314476540264,0.2620226232648164,0.8987052113539017,0.8965514637495677
