contrast_0,contrast_90,dissimilarity_0,dissimilarity_90,homogeneity_0,homogeneity_90,energy_0,energy_90,correlation_0,correlation_90
35.95829525840188,36.72771347344908,1.9808356178292206,2.030637628185602,0.6467857389980621,0.632547144322399,0.22796311907621003,0.22505490750789117,0.899771940156386,0.8976139029779843
