contrast_0,contrast_90,dissimilarity_0,dissimilarity_90,homogeneity_0,homogeneity_90,energy_0,energy_90,correlation_0,correlation_90
110.0980048735912,109.73720682302765,2.496370189866991,2.4930195958980623,0.8056671459190818,0.8007169083722212,0.4043532035475798,0.3998401751971522,0.8869084785173695,0.8872809923479612
