contrast_0,contrast_90,dissimilarity_0,dissimilarity_90,homogeneity_0,homogeneity_90,energy_0,energy_90,correlation_0,correlation_90
75.27609401969745,77.44697431211286,2.3464057264696905,2.3708244491826576,0.7234533700077951,0.7160626811607294,0.2570307595709151,0.25418912709786917,0.8921631049591227,0.8890043669950699
