contrast_0,contrast_90,dissimilarity_0,dissimilarity_90,homogeneity_0,homogeneity_90,energy_0,energy_90,correlation_0,correlation_90
87.79325312214438,90.03848106406737,2.588816123464309,2.5988425220834594,0.6818405753730432,0.6746636378696532,0.2751166644682549,0.2715072338840984,0.9044988642994092,0.902032826652245
