contrast_0,contrast_90,dissimilarity_0,dissimilarity_90,homogeneity_0,homogeneity_90,energy_0,energy_90,correlation_0,correlation_90
119.82351000101531,119.75477205807695,2.7348715605645246,2.7304041019392833,0.7279763697061898,0.7280736481582802,0.2616162056963677,0.2630735442478112,0.8947879921205181,0.894848298069933
