contrast_0,contrast_90,dissimilarity_0,dissimilarity_90,homogeneity_0,homogeneity_90,energy_0,energy_90,correlation_0,correlation_90
76.58929840592954,76.6015331505737,2.261092496700173,2.24880698548076,0.7455719994210207,0.7477367323097419,0.2920964507197339,0.29115322264827964,0.8908610972711495,0.8908305383673428
