contrast_0,contrast_90,dissimilarity_0,dissimilarity_90,homogeneity_0,homogeneity_90,energy_0,energy_90,correlation_0,correlation_90
86.80168037364191,86.92656614884763,2.191719971570717,2.2099959386739774,0.8195753389570866,0.8142273682884146,0.3696259420570704,0.37177268627150295,0.8844893555519592,0.8843284410995467
