contrast_0,contrast_90,dissimilarity_0,dissimilarity_90,homogeneity_0,homogeneity_90,energy_0,energy_90,correlation_0,correlation_90
52.33186110265,50.92245405624936,2.248857752056047,2.093943547568281,0.6494094195432735,0.6811326732992621,0.25099601672199423,0.2596453676538272,0.8889195021541186,0.8919535465178052
