contrast_0,contrast_90,dissimilarity_0,dissimilarity_90,homogeneity_0,homogeneity_90,energy_0,energy_90,correlation_0,correlation_90
55.874733475479815,57.616331607269835,2.3747334754797444,2.485709209056757,0.6255059140152557,0.6100709052287894,0.21837815784852208,0.21696983056426758,0.8987063864381282,0.8955469939813865
