contrast_0,contrast_90,dissimilarity_0,dissimilarity_90,homogeneity_0,homogeneity_90,energy_0,energy_90,correlation_0,correlation_90
52.29411615392425,53.19232917047416,2.1920753375977253,2.1149609097370283,0.6706147725505591,0.6919467462774425,0.23486637988070297,0.2394006980961022,0.9005693908653435,0.8988260640572132
