contrast_0,contrast_90,dissimilarity_0,dissimilarity_90,homogeneity_0,homogeneity_90,energy_0,energy_90,correlation_0,correlation_90
56.74956848411006,56.50505127424105,2.3363285612752565,2.1725302061122957,0.6489776317252179,0.6909499152058092,0.2536305061909816,0.2663899548610352,0.9054150760613259,0.9058224771239479
