contrast_0,contrast_90,dissimilarity_0,dissimilarity_90,homogeneity_0,homogeneity_90,energy_0,energy_90,correlation_0,correlation_90
48.62021525027935,50.03858259721793,2.4835008630317814,2.579601990049754,0.5924635986831011,0.5647595473452328,0.21682045037281236,0.21336815641692664,0.9226525754052555,0.9203838697549297
