contrast_0,contrast_90,dissimilarity_0,dissimilarity_90,homogeneity_0,homogeneity_90,energy_0,energy_90,correlation_0,correlation_90
130.45933597319524,130.63331302670323,2.545029952279419,2.5583307950045686,0.8522699538312207,0.8465180871445614,0.3738286663922507,0.37092678571089704,0.8754418094085894,0.8752704751714568
