contrast_0,contrast_90,dissimilarity_0,dissimilarity_90,homogeneity_0,homogeneity_90,energy_0,energy_90,correlation_0,correlation_90
29.46332114935527,32.5339628388669,2.0098740988932886,2.1727078891257996,0.6010156097132773,0.5710688810660188,0.2189001245388272,0.21520977888494922,0.8809084104058396,0.8683062766582311
