contrast_0,contrast_90,dissimilarity_0,dissimilarity_90,homogeneity_0,homogeneity_90,energy_0,energy_90,correlation_0,correlation_90
44.85612752563713,44.77535790435578,1.970606152908926,2.071428571428568,0.7043919970795623,0.6654244073817411,0.2519257347433776,0.24432714605821124,0.9102054613728975,0.9103825231940675
