contrast_0,contrast_90,dissimilarity_0,dissimilarity_90,homogeneity_0,homogeneity_90,energy_0,energy_90,correlation_0,correlation_90
32.402426642298735,31.71509797949029,2.194740582800284,2.0208142958676016,0.570092643817653,0.6066838470509665,0.21416657034170558,0.2177953264603553,0.9064049092984573,0.9084064299499789
