contrast_0,contrast_90,dissimilarity_0,dissimilarity_90,homogeneity_0,homogeneity_90,energy_0,energy_90,correlation_0,correlation_90
64.67174332419533,64.35645750837648,2.298152096659559,2.2315717331708798,0.6758051087817363,0.6945168291550206,0.2370012542697188,0.2383233835385733,0.8711713466496095,0.8718067197754411
