contrast_0,contrast_90,dissimilarity_0,dissimilarity_90,homogeneity_0,homogeneity_90,energy_0,energy_90,correlation_0,correlation_90
43.034673570920894,42.82213930348261,1.835973195248248,1.8489440552340346,0.7332792279221301,0.7231254590333204,0.2584489377036607,0.2579790326439523,0.8960801993950566,0.8965815357579974
