contrast_0,contrast_90,dissimilarity_0,dissimilarity_90,homogeneity_0,homogeneity_90,energy_0,energy_90,correlation_0,correlation_90
114.34988323687682,114.65727485023861,2.550360442684537,2.547466747893186,0.7964310934383082,0.7920566219695547,0.3384358757990513,0.33291783765750355,0.8866675233343053,0.8863568365614273
