contrast_0,contrast_90,dissimilarity_0,dissimilarity_90,homogeneity_0,homogeneity_90,energy_0,energy_90,correlation_0,correlation_90
92.20971672250982,92.09214133414554,2.3061224489795906,2.289521778860796,0.7996998805294344,0.8039578242945307,0.32737969846677417,0.3300558175677954,0.8804074658326243,0.8805594824135228
