contrast_0,contrast_90,dissimilarity_0,dissimilarity_90,homogeneity_0,homogeneity_90,energy_0,energy_90,correlation_0,correlation_90
51.18253122144385,56.0175398517617,2.4896690019291317,2.673291704741598,0.5934949142339956,0.5564471191383367,0.218240878009781,0.21305851651547036,0.9201792975602844,0.9126070242119884
