contrast_0,contrast_90,dissimilarity_0,dissimilarity_90,homogeneity_0,homogeneity_90,energy_0,energy_90,correlation_0,correlation_90
114.18710021321967,116.1709310589907,2.8080261955528476,2.8449588790740172,0.6875882163337265,0.6742396285220088,0.24578283660860353,0.24255505451987464,0.9010362706382804,0.8993067189905477
