contrast_0,contrast_90,dissimilarity_0,dissimilarity_90,homogeneity_0,homogeneity_90,energy_0,energy_90,correlation_0,correlation_90
69.37925170068019,71.05807696212804,2.326860594984263,2.4183673469387763,0.6946961248990656,0.6718270820595643,0.24939325415641383,0.24319361617704527,0.8921750048269091,0.889524055660675
