contrast_0,contrast_90,dissimilarity_0,dissimilarity_90,homogeneity_0,homogeneity_90,energy_0,energy_90,correlation_0,correlation_90
33.488095238095234,33.82566758046502,2.1688750126916427,2.06330591938268,0.57664402905462,0.6095502812290582,0.2154771933632484,0.21851691418770555,0.9030378048052604,0.9020308219539706
