contrast_0,contrast_90,dissimilarity_0,dissimilarity_90,homogeneity_0,homogeneity_90,energy_0,energy_90,correlation_0,correlation_90
32.44390293430804,33.45446238196772,1.7397705350797037,1.7716519443598338,0.710065580809586,0.6976539339348864,0.30335767243966905,0.29653512334244336,0.8967445261893326,0.8935115501228295
