contrast_0,contrast_90,dissimilarity_0,dissimilarity_90,homogeneity_0,homogeneity_90,energy_0,energy_90,correlation_0,correlation_90
49.909533962838886,51.122093613564836,2.3374454259315685,2.303279520763529,0.606511454127374,0.6179485044643551,0.21306094485782054,0.21471482806719758,0.9081075418754919,0.9058481343440745
