contrast_0,contrast_90,dissimilarity_0,dissimilarity_90,homogeneity_0,homogeneity_90,energy_0,energy_90,correlation_0,correlation_90
40.05617321555489,41.14473550614279,1.9311859071987012,1.900954411615393,0.680466877071155,0.6909794658032816,0.23492684288064586,0.2364963947447401,0.9054606068318026,0.90285027786223
