contrast_0,contrast_90,dissimilarity_0,dissimilarity_90,homogeneity_0,homogeneity_90,energy_0,energy_90,correlation_0,correlation_90
43.31363590212199,42.92438318611028,1.8434358818154124,1.8586404711138198,0.729240262577208,0.7180416024923356,0.25649364655295204,0.25577281084261283,0.8960647527908157,0.8969906069566281
