contrast_0,contrast_90,dissimilarity_0,dissimilarity_90,homogeneity_0,homogeneity_90,energy_0,energy_90,correlation_0,correlation_90
45.78309980708703,44.89757843435882,1.9597167225098988,1.9363640978779577,0.694011109238154,0.6967274337394715,0.25284639256132313,0.2525879946550255,0.8839320698291104,0.8862207450308909
