contrast_0,contrast_90,dissimilarity_0,dissimilarity_90,homogeneity_0,homogeneity_90,energy_0,energy_90,correlation_0,correlation_90
58.69001929129862,58.71956543811553,1.9019697431211287,1.902172809422277,0.7952476747083452,0.7961193552046629,0.35449543614023976,0.35567403213697985,0.8770314173507963,0.876990242130378
