contrast_0,contrast_90,dissimilarity_0,dissimilarity_90,homogeneity_0,homogeneity_90,energy_0,energy_90,correlation_0,correlation_90
55.828815108132865,57.843461265103066,2.4007005787389564,2.4246370189866995,0.6346379968388954,0.6251348211108139,0.23333533838463993,0.23221795508900028,0.9157019474933639,0.9126438545448298
