contrast_0,contrast_90,dissimilarity_0,dissimilarity_90,homogeneity_0,homogeneity_90,energy_0,energy_90,correlation_0,correlation_90
90.68745557924662,90.35105086810837,2.5836886993603425,2.593715097979491,0.6841347668624819,0.6809443450578648,0.27719028014938546,0.2796584199078976,0.9012295359069366,0.9016188294470433
