contrast_0,contrast_90,dissimilarity_0,dissimilarity_90,homogeneity_0,homogeneity_90,energy_0,energy_90,correlation_0,correlation_90
69.96565641181849,71.69265915321347,2.3549345111178788,2.4428368362270296,0.6862930441754818,0.6669702367542348,0.23632495953857777,0.23210989267925078,0.8929443240983886,0.8902618621957931
