contrast_0,contrast_90,dissimilarity_0,dissimilarity_90,homogeneity_0,homogeneity_90,energy_0,energy_90,correlation_0,correlation_90
41.492841912884536,41.035435069550175,2.6878870951365608,2.488272921108742,0.5061167184166631,0.5502998723283252,0.2019565287556721,0.20451926507719528,0.8928987347939319,0.8940372841027103
