contrast_0,contrast_90,dissimilarity_0,dissimilarity_90,homogeneity_0,homogeneity_90,energy_0,energy_90,correlation_0,correlation_90
50.38331302670321,50.53797339831456,2.3614326327545943,2.4209056757031164,0.6097241437172961,0.603420128859454,0.22503179693521982,0.2249000052803614,0.8846033442329664,0.8842306842481369
