contrast_0,contrast_90,dissimilarity_0,dissimilarity_90,homogeneity_0,homogeneity_90,energy_0,energy_90,correlation_0,correlation_90
116.77312417504322,117.62744948725756,2.5886892070260927,2.582825667580465,0.7798890496294875,0.7827659550019943,0.2964956865865947,0.297676828228148,0.8875428782590015,0.8867081706272608
