contrast_0,contrast_90,dissimilarity_0,dissimilarity_90,homogeneity_0,homogeneity_90,energy_0,energy_90,correlation_0,correlation_90
48.485531526043204,49.46398111483397,2.3325210681287443,2.3234084678647595,0.6160172474125766,0.6140223288474294,0.21530987379939814,0.21570732475532142,0.9097428568244454,0.9078812180540649
