contrast_0,contrast_90,dissimilarity_0,dissimilarity_90,homogeneity_0,homogeneity_90,energy_0,energy_90,correlation_0,correlation_90
86.0594222763732,86.47438826276773,2.1970504619758358,2.2211138186617934,0.8141522648247106,0.8060200110108853,0.3785037922755552,0.37389037979425155,0.884349759688997,0.883786286354211
