contrast_0,contrast_90,dissimilarity_0,dissimilarity_90,homogeneity_0,homogeneity_90,energy_0,energy_90,correlation_0,correlation_90
65.14234947710423,65.36059498426236,2.4967509391816454,2.4694385216773296,0.6301372409632376,0.6360549870747491,0.22253870356643055,0.22375879892926037,0.8942477661371626,0.8938707498614971
