contrast_0,contrast_90,dissimilarity_0,dissimilarity_90,homogeneity_0,homogeneity_90,energy_0,energy_90,correlation_0,correlation_90
68.14222256066607,68.84038988729816,2.0551578840491422,2.0675195451314865,0.7818285104129369,0.7793136020899539,0.2761163508133758,0.27497284479247563,0.8825395409453489,0.881318096493725
