contrast_0,contrast_90,dissimilarity_0,dissimilarity_90,homogeneity_0,homogeneity_90,energy_0,energy_90,correlation_0,correlation_90
29.42265712255048,29.261625545740703,2.0311452939384695,2.071961620469086,0.6013022929125008,0.5870274772608088,0.21064112602809384,0.20922659518994668,0.9151458890987231,0.9155779646485958
