contrast_0,contrast_90,dissimilarity_0,dissimilarity_90,homogeneity_0,homogeneity_90,energy_0,energy_90,correlation_0,correlation_90
86.09955325413745,86.40382272311909,2.1760584830947303,2.184917250482281,0.8225433820340419,0.8197342806452455,0.4401411603275051,0.4370141477362095,0.8835444590332102,0.8831350020533548
