contrast_0,contrast_90,dissimilarity_0,dissimilarity_90,homogeneity_0,homogeneity_90,energy_0,energy_90,correlation_0,correlation_90
49.49878160219309,50.202304802518036,1.980607168240432,2.000761498629303,0.7161074357152754,0.7063369939508773,0.2529033289451096,0.2506303301844117,0.9018785389334085,0.9004515414273659
