contrast_0,contrast_90,dissimilarity_0,dissimilarity_90,homogeneity_0,homogeneity_90,energy_0,energy_90,correlation_0,correlation_90
71.07645446238185,70.76373235861503,2.1004670524926374,2.078231292517006,0.7801078571364015,0.786798852973176,0.2779643177441914,0.2796909263634243,0.8784808805187619,0.8790132784286019
