contrast_0,contrast_90,dissimilarity_0,dissimilarity_90,homogeneity_0,homogeneity_90,energy_0,energy_90,correlation_0,correlation_90
43.0193674484719,42.8706213828815,1.8769164382170787,1.907985582292618,0.7139223049074508,0.6978714443667637,0.23716340670615205,0.23451423150743442,0.8906940259258389,0.8910529248526219
