contrast_0,contrast_90,dissimilarity_0,dissimilarity_90,homogeneity_0,homogeneity_90,energy_0,energy_90,correlation_0,correlation_90
94.12460655904151,94.54596913392224,2.299345111178801,2.2874149659863945,0.8075014769321598,0.8115150644554994,0.3414828752832728,0.34071434345932283,0.8845475768222231,0.8840240859178632
