contrast_0,contrast_90,dissimilarity_0,dissimilarity_90,homogeneity_0,homogeneity_90,energy_0,energy_90,correlation_0,correlation_90
55.01660067011879,55.293278505432006,2.0687379429383697,2.066250380749315,0.7062143366679268,0.7092063428567706,0.27022904966633343,0.2710851934109065,0.8856725183747218,0.8851063198108144
