contrast_0,contrast_90,dissimilarity_0,dissimilarity_90,homogeneity_0,homogeneity_90,energy_0,energy_90,correlation_0,correlation_90
128.8451365620875,129.07627677936844,2.541755508173419,2.548405929535993,0.8472086913091158,0.8443657390978254,0.38662126593788215,0.3841731662700579,0.8754790742588205,0.875260450884843
