contrast_0,contrast_90,dissimilarity_0,dissimilarity_90,homogeneity_0,homogeneity_90,energy_0,energy_90,correlation_0,correlation_90
48.924230886384386,49.96613869428369,1.8745304091785984,1.878667885064474,0.744962492851798,0.7453915633801869,0.23830418509189205,0.23914224002619278,0.882413198940547,0.879807484965857
