contrast_0,contrast_90,dissimilarity_0,dissimilarity_90,homogeneity_0,homogeneity_90,energy_0,energy_90,correlation_0,correlation_90
49.24657325616816,52.09163366839276,2.233170880292416,2.3054117169255757,0.6404174418184383,0.6181045504476905,0.21940941484944348,0.21604247124804563,0.9105674614615591,0.9053321458843382
