contrast_0,contrast_90,dissimilarity_0,dissimilarity_90,homogeneity_0,homogeneity_90,energy_0,energy_90,correlation_0,correlation_90
93.47931262057054,93.7393390191897,2.3917910447761193,2.4709869022235758,0.7608524863022942,0.731030656713581,0.2649321864299048,0.25590201439362653,0.8741086728687268,0.8737300747775334
