contrast_0,contrast_90,dissimilarity_0,dissimilarity_90,homogeneity_0,homogeneity_90,energy_0,energy_90,correlation_0,correlation_90
116.08340948319612,118.7291349375571,2.813737435272617,2.815336582394151,0.6904735558440644,0.6959781666662009,0.22639325362456003,0.22673882232324402,0.8998786956868889,0.8975774679305655
