contrast_0,contrast_90,dissimilarity_0,dissimilarity_90,homogeneity_0,homogeneity_90,energy_0,energy_90,correlation_0,correlation_90
28.566326530612244,28.13179002944462,1.8415321352421565,1.9438521677327645,0.6701477319580167,0.628413535859251,0.2850825885381341,0.27239606060630067,0.8996812854459794,0.9012343565602772
