contrast_0,contrast_90,dissimilarity_0,dissimilarity_90,homogeneity_0,homogeneity_90,energy_0,energy_90,correlation_0,correlation_90
31.262793176972266,30.852396182353548,2.0312468270890456,2.037135749822316,0.6137144982698157,0.6126264022010788,0.23756019152614968,0.23916170256603783,0.8947106093620242,0.8960979124284274
