contrast_0,contrast_90,dissimilarity_0,dissimilarity_90,homogeneity_0,homogeneity_90,energy_0,energy_90,correlation_0,correlation_90
17.62651030561476,18.50926489998984,1.7718042440856938,1.7872118996852484,0.6062971339422567,0.6014676151456646,0.22875572610625008,0.22775234014820078,0.9305073013591568,0.9270429535942789
