contrast_0,contrast_90,dissimilarity_0,dissimilarity_90,homogeneity_0,homogeneity_90,energy_0,energy_90,correlation_0,correlation_90
43.05815311199108,44.168798862828716,1.9623058178495272,1.951974819778658,0.6916266050785214,0.6896320817761754,0.24375475305375116,0.24356782549685801,0.9127219450359635,0.9104373251570409
