contrast_0,contrast_90,dissimilarity_0,dissimilarity_90,homogeneity_0,homogeneity_90,energy_0,energy_90,correlation_0,correlation_90
59.71154431922023,59.48781602193116,2.1855010660980803,2.1157477916539746,0.694567187215893,0.7134836183793076,0.26537546814399215,0.2711308689988183,0.8793248985806794,0.8797689741450635
