contrast_0,contrast_90,dissimilarity_0,dissimilarity_90,homogeneity_0,homogeneity_90,energy_0,energy_90,correlation_0,correlation_90
18.366509290283293,19.970885369072988,1.702837851558535,1.845136562087521,0.6233254146540778,0.5885196463364515,0.23007900593497452,0.22353590174512195,0.9271383393751678,0.9207972344497527
