contrast_0,contrast_90,dissimilarity_0,dissimilarity_90,homogeneity_0,homogeneity_90,energy_0,energy_90,correlation_0,correlation_90
61.22723119098386,61.18377500253833,2.0094425830033504,2.0327444410600064,0.7637372700898646,0.7518959950249445,0.29660723847159254,0.2941728243709085,0.8808524703358628,0.8809470899428539
