contrast_0,contrast_90,dissimilarity_0,dissimilarity_90,homogeneity_0,homogeneity_90,energy_0,energy_90,correlation_0,correlation_90
42.81531119910648,42.969565438115524,2.0319321758554176,2.0671387958168337,0.66314253905676,0.655296529415664,0.23405650541140952,0.23309584576565634,0.9003181717099715,0.8999034256807047
