contrast_0,contrast_90,dissimilarity_0,dissimilarity_90,homogeneity_0,homogeneity_90,energy_0,energy_90,correlation_0,correlation_90
27.107422073306935,28.825515280739168,1.8127728703421666,1.8253122144380134,0.6558124078590757,0.6517602061447513,0.24207019498399082,0.24143671344224368,0.914701860124032,0.909267672533185
