contrast_0,contrast_90,dissimilarity_0,dissimilarity_90,homogeneity_0,homogeneity_90,energy_0,energy_90,correlation_0,correlation_90
43.176236166108175,43.374505025890926,1.8666108234338525,1.8934409584729426,0.7285085149239034,0.71218295536728,0.2981929284118302,0.29068002973904605,0.909804824894964,0.9093886907505193
