contrast_0,contrast_90,dissimilarity_0,dissimilarity_90,homogeneity_0,homogeneity_90,energy_0,energy_90,correlation_0,correlation_90
38.782439841608316,40.05208650624432,2.0224642095644216,2.068179510610214,0.6504213357232935,0.6456400907424324,0.22598208255786748,0.22497144974324212,0.9042511980346303,0.9010990826129668
