contrast_0,contrast_90,dissimilarity_0,dissimilarity_90,homogeneity_0,homogeneity_90,energy_0,energy_90,correlation_0,correlation_90
53.26751446847392,53.60011168646561,2.029368463803432,2.064016651436694,0.7118213181520754,0.7005894723136361,0.27813003985843077,0.27599747654840767,0.8794939723436823,0.8787049993344492
