contrast_0,contrast_90,dissimilarity_0,dissimilarity_90,homogeneity_0,homogeneity_90,energy_0,energy_90,correlation_0,correlation_90
40.4666209767489,41.13613057163163,1.9050918875012692,1.8581328053609503,0.6927975771768616,0.7086948343581132,0.24345301069716932,0.24657676025984823,0.8990225791539592,0.8973184099582999
