contrast_0,contrast_90,dissimilarity_0,dissimilarity_90,homogeneity_0,homogeneity_90,energy_0,energy_90,correlation_0,correlation_90
27.053228754188243,29.394024774088727,1.8070108640471112,1.8782363691745365,0.6522761343359424,0.6349337698301536,0.2356961890332516,0.23112610635141392,0.9150960935055612,0.9077169457157177
