contrast_0,contrast_90,dissimilarity_0,dissimilarity_90,homogeneity_0,homogeneity_90,energy_0,energy_90,correlation_0,correlation_90
53.23149558330794,53.78165295969133,2.192456086912377,2.23951670220327,0.6620298727704533,0.6482316890491554,0.22530764331805256,0.2256647993184831,0.8818901605851425,0.8806145226942345
