contrast_0,contrast_90,dissimilarity_0,dissimilarity_90,homogeneity_0,homogeneity_90,energy_0,energy_90,correlation_0,correlation_90
18.22520052797238,17.59295359935019,1.8266829119707584,1.7102751548380544,0.5909039248182301,0.6256784905679557,0.22944513227201987,0.23784288432573658,0.9282953703235505,0.930771806595207
