contrast_0,contrast_90,dissimilarity_0,dissimilarity_90,homogeneity_0,homogeneity_90,energy_0,energy_90,correlation_0,correlation_90
36.35790435577215,37.72565742714992,2.1032084475581287,2.056046299116661,0.6206423415731727,0.6324245779439749,0.22638054880113492,0.22865351735558337,0.9148512192931708,0.9116287110356315
