contrast_0,contrast_90,dissimilarity_0,dissimilarity_90,homogeneity_0,homogeneity_90,energy_0,energy_90,correlation_0,correlation_90
31.2806376281856,31.688902426642304,1.5574169966494065,1.585998578535891,0.7649017063782808,0.7544162369438449,0.3399340438605602,0.33791499363391825,0.890751912317919,0.8893071121897367
