contrast_0,contrast_90,dissimilarity_0,dissimilarity_90,homogeneity_0,homogeneity_90,energy_0,energy_90,correlation_0,correlation_90
21.92605848309472,22.65961011270179,1.6441009239516706,1.6971773784140538,0.6820808411200329,0.6692075727829311,0.26422989524232027,0.25924857206236196,0.9130501095626945,0.9101373055970617
