contrast_0,contrast_90,dissimilarity_0,dissimilarity_90,homogeneity_0,homogeneity_90,energy_0,energy_90,correlation_0,correlation_90
61.633160726977394,61.17049954310084,2.1558026195552804,2.115519342065182,0.7151595471568869,0.7239474087005227,0.26171621857734534,0.26635590738593223,0.8769500025234697,0.8778948112131412
