contrast_0,contrast_90,dissimilarity_0,dissimilarity_90,homogeneity_0,homogeneity_90,energy_0,energy_90,correlation_0,correlation_90
36.05358412021527,37.17225098994821,2.0986140724946702,2.057315463498832,0.6205036812906397,0.627899821719845,0.2278961126242453,0.22912828021729686,0.9152152682194664,0.9125708956860042
