contrast_0,contrast_90,dissimilarity_0,dissimilarity_90,homogeneity_0,homogeneity_90,energy_0,energy_90,correlation_0,correlation_90
41.15384810640674,42.110239618235326,1.9083409483196252,1.8858005888922726,0.6986774773870447,0.7049844965159162,0.24531552503060877,0.24645884804775264,0.8977092958322972,0.8952839605619579
