contrast_0,contrast_90,dissimilarity_0,dissimilarity_90,homogeneity_0,homogeneity_90,energy_0,energy_90,correlation_0,correlation_90
23.110772667275864,22.919915727485034,1.7077368260737125,1.7150725962026607,0.6707719447760645,0.6707671436495686,0.26692128964974365,0.266071527102174,0.910506958646907,0.9112347663920733
