contrast_0,contrast_90,dissimilarity_0,dissimilarity_90,homogeneity_0,homogeneity_90,energy_0,energy_90,correlation_0,correlation_90
50.28837953091685,50.3706467661692,1.9873845060412225,1.9704538531830638,0.7149500976328257,0.7184625015642591,0.26446788316548764,0.2659612840038696,0.8845891463436804,0.884398776110768
