contrast_0,contrast_90,dissimilarity_0,dissimilarity_90,homogeneity_0,homogeneity_90,energy_0,energy_90,correlation_0,correlation_90
45.74246116356987,47.365646258503375,2.2899786780383784,2.2497969336988533,0.6080210694184933,0.6204785533299169,0.220702657513086,0.22163078599804853,0.9057356245645247,0.9023277969537047
