contrast_0,contrast_90,dissimilarity_0,dissimilarity_90,homogeneity_0,homogeneity_90,energy_0,energy_90,correlation_0,correlation_90
42.19552746471724,42.8701137171286,2.052568788709514,2.081454970047722,0.653292848057567,0.6494547193158359,0.2328586579823918,0.23264344652681831,0.9031155973926385,0.9015204168390454
