contrast_0,contrast_90,dissimilarity_0,dissimilarity_90,homogeneity_0,homogeneity_90,energy_0,energy_90,correlation_0,correlation_90
54.7512437810945,55.05863539445631,2.0837140826479836,2.1211798152096653,0.6995817604715714,0.6893564722356346,0.2667353067524123,0.265179622707461,0.8729370584889613,0.8722129970524146
