contrast_0,contrast_90,dissimilarity_0,dissimilarity_90,homogeneity_0,homogeneity_90,energy_0,energy_90,correlation_0,correlation_90
57.136689003959795,57.71913392222563,2.2640115747791674,2.240862016448371,0.6589603247135757,0.6625436940966942,0.217909701116103,0.21833040568379503,0.8795616967536386,0.8782893582514425
