contrast_0,contrast_90,dissimilarity_0,dissimilarity_90,homogeneity_0,homogeneity_90,energy_0,energy_90,correlation_0,correlation_90
35.32612447964261,35.965834094831955,2.1033607472839875,1.9930957457609917,0.6170820868705003,0.6423245446365569,0.2301048716972912,0.23371783362347012,0.9167201396872827,0.9151999455300144
