contrast_0,contrast_90,dissimilarity_0,dissimilarity_90,homogeneity_0,homogeneity_90,energy_0,energy_90,correlation_0,correlation_90
45.61805767082953,47.57965275662505,2.270611229566452,2.2535790435577208,0.612841115481406,0.6209451413749331,0.2217590873778789,0.22252139782018276,0.9052898521332732,0.9011361947761116
