contrast_0,contrast_90,dissimilarity_0,dissimilarity_90,homogeneity_0,homogeneity_90,energy_0,energy_90,correlation_0,correlation_90
46.69230378718654,47.65506650421363,1.9544116153924258,1.9283429789826376,0.7185648018440615,0.7248189489273464,0.2781657986497775,0.2787461499699062,0.904425031458487,0.9024205470320903
