contrast_0,contrast_90,dissimilarity_0,dissimilarity_90,homogeneity_0,homogeneity_90,energy_0,energy_90,correlation_0,correlation_90
42.836760077165216,42.15511727078891,2.2545689917758147,2.219438521677329,0.614179233877677,0.61501059514035,0.2298270203375861,0.23088627836172523,0.910892701888308,0.9123107571596789
