contrast_0,contrast_90,dissimilarity_0,dissimilarity_90,homogeneity_0,homogeneity_90,energy_0,energy_90,correlation_0,correlation_90
52.05388871966698,51.03134836023962,2.0824703015534576,2.0681541273225714,0.6868406257287282,0.6870563309096718,0.2622074643604571,0.2638766032482172,0.8767510927062699,0.8792081963063556
