contrast_0,contrast_90,dissimilarity_0,dissimilarity_90,homogeneity_0,homogeneity_90,energy_0,energy_90,correlation_0,correlation_90
19.256523504924346,18.432125088841488,1.827292110874201,1.7331201137171293,0.5966417809677436,0.6290466310035872,0.23014482812288292,0.2388010596413359,0.9250345485881354,0.9282343581601467
