contrast_0,contrast_90,dissimilarity_0,dissimilarity_90,homogeneity_0,homogeneity_90,energy_0,energy_90,correlation_0,correlation_90
49.828282059092274,50.525738653670395,1.9662656107219003,1.976799675093919,0.7223844047418924,0.7177123197911472,0.25633581694519186,0.2542487632696745,0.90363836476036,0.9022896730174278
