contrast_0,contrast_90,dissimilarity_0,dissimilarity_90,homogeneity_0,homogeneity_90,energy_0,energy_90,correlation_0,correlation_90
39.78188140928013,41.25591430602097,2.040943242968828,2.088587673875517,0.6533335873157402,0.644318166306727,0.22323892210976107,0.22226811725287182,0.902118339023782,0.8984502043248599
