contrast_0,contrast_90,dissimilarity_0,dissimilarity_90,homogeneity_0,homogeneity_90,energy_0,energy_90,correlation_0,correlation_90
40.650243679561356,41.769240532033706,1.86615392425627,1.8966138694283696,0.7063371858909813,0.7024283446868272,0.24069374021927376,0.23840282665898374,0.8987119961339175,0.8958628857256935
