contrast_0,contrast_90,dissimilarity_0,dissimilarity_90,homogeneity_0,homogeneity_90,energy_0,energy_90,correlation_0,correlation_90
44.44062849020199,43.88701898669918,2.327114427860698,2.145776220936135,0.5968271077887727,0.634233071807487,0.223876193748257,0.2296965466312581,0.9075349776329314,0.908687352208138
