contrast_0,contrast_90,dissimilarity_0,dissimilarity_90,homogeneity_0,homogeneity_90,energy_0,energy_90,correlation_0,correlation_90
42.59120215250283,44.32790130977769,2.243552644938573,2.2179916742816523,0.6034805959551408,0.6052733932712129,0.21527221907661753,0.21571689778150616,0.9200659847260506,0.9167833268629988
