contrast_0,contrast_90,dissimilarity_0,dissimilarity_90,homogeneity_0,homogeneity_90,energy_0,energy_90,correlation_0,correlation_90
33.021855010660985,32.273479541070195,1.8995075642197188,1.821758554167937,0.6485611119713497,0.6695698571926141,0.23434232503500638,0.2388127367716488,0.8999721795986191,0.9022251613737984
