contrast_0,contrast_90,dissimilarity_0,dissimilarity_90,homogeneity_0,homogeneity_90,energy_0,energy_90,correlation_0,correlation_90
60.53312519037463,60.341633668392745,2.0093156665651333,2.011346329576607,0.7570948781924705,0.7546690626742566,0.3293857213186591,0.3300381015282988,0.8809222036063171,0.8813155245748157
