contrast_0,contrast_90,dissimilarity_0,dissimilarity_90,homogeneity_0,homogeneity_90,energy_0,energy_90,correlation_0,correlation_90
55.787871865163986,54.61285409686261,2.0706416895116275,2.062138288151081,0.7116033781978972,0.7027200171611016,0.23199790573392265,0.23164059558479388,0.8981012605186409,0.9002221706666135
