contrast_0,contrast_90,dissimilarity_0,dissimilarity_90,homogeneity_0,homogeneity_90,energy_0,energy_90,correlation_0,correlation_90
32.26492537313434,31.220555386333654,1.9778911564625843,1.9514925373134329,0.6269376129419552,0.6325869379331169,0.2620100993239758,0.26648119834155315,0.8904387225529059,0.8939794018029633
