contrast_0,contrast_90,dissimilarity_0,dissimilarity_90,homogeneity_0,homogeneity_90,energy_0,energy_90,correlation_0,correlation_90
54.785460452837846,55.2080921921007,2.088993806477815,2.146461569702506,0.698629160197329,0.6795925968485652,0.2659726214155813,0.26246921594377937,0.8723331796541669,0.8713376914792393
