contrast_0,contrast_90,dissimilarity_0,dissimilarity_90,homogeneity_0,homogeneity_90,energy_0,energy_90,correlation_0,correlation_90
38.169560361458046,38.30330490405116,2.1113310996040218,2.0772921108742004,0.6271245742620811,0.6359490329583963,0.22149218846225394,0.22304625465190614,0.9046718969558007,0.9043209747106825
