contrast_0,contrast_90,dissimilarity_0,dissimilarity_90,homogeneity_0,homogeneity_90,energy_0,energy_90,correlation_0,correlation_90
27.32521068128745,29.030206112295673,1.8613564828916673,1.8765356889024283,0.6408138147021101,0.6345701464915864,0.2322054357688935,0.23097651431977484,0.9162778602621251,0.9110282073812087
