contrast_0,contrast_90,dissimilarity_0,dissimilarity_90,homogeneity_0,homogeneity_90,energy_0,energy_90,correlation_0,correlation_90
32.87912478424205,33.22202761701695,1.57193623718144,1.6047568281043765,0.7681623900025254,0.756406613806792,0.36037778506761864,0.3564999188815825,0.8874954424799364,0.8862911967551502
