contrast_0,contrast_90,dissimilarity_0,dissimilarity_90,homogeneity_0,homogeneity_90,energy_0,energy_90,correlation_0,correlation_90
27.417148949131885,29.052848004873596,1.8504924357802839,1.8720174637019005,0.6450729744013567,0.6360377742379623,0.23423850224595844,0.2324365265558856,0.9154992458818498,0.910430542242286
