contrast_0,contrast_90,dissimilarity_0,dissimilarity_90,homogeneity_0,homogeneity_90,energy_0,energy_90,correlation_0,correlation_90
53.51177784546653,54.6454716214844,2.1868209970555386,2.1928368362270283,0.6665709556721557,0.6720205238652817,0.23643362436170393,0.23817713517589859,0.8828469494185605,0.8803223381671188
