contrast_0,contrast_90,dissimilarity_0,dissimilarity_90,homogeneity_0,homogeneity_90,energy_0,energy_90,correlation_0,correlation_90
45.319144075540656,44.905421870240616,2.325489897451517,2.152553558736928,0.5996035720246827,0.6320931803239173,0.22340748735835314,0.22786622700290293,0.9055554598499413,0.90640189789847
