contrast_0,contrast_90,dissimilarity_0,dissimilarity_90,homogeneity_0,homogeneity_90,energy_0,energy_90,correlation_0,correlation_90
39.81566656513353,41.261701695603634,2.0335059396893076,2.104629911666158,0.6564008698297127,0.6382089218822522,0.22596137647835252,0.22364376827789825,0.9017343234207833,0.8981217999295988
