contrast_0,contrast_90,dissimilarity_0,dissimilarity_90,homogeneity_0,homogeneity_90,energy_0,energy_90,correlation_0,correlation_90
41.71151893593259,42.40433038887198,1.8934155751852981,1.8811300639658846,0.7091862466177539,0.7094872695747749,0.24653389769488784,0.24647253339925762,0.8960704935185131,0.8943072556166425
