contrast_0,contrast_90,dissimilarity_0,dissimilarity_90,homogeneity_0,homogeneity_90,energy_0,energy_90,correlation_0,correlation_90
41.223728297289085,41.83295258401866,1.8958777540867102,1.8574728398822216,0.7000038159024371,0.7123446347228544,0.24010555068269301,0.2417778174766736,0.8979965595581468,0.8964485857164928
