contrast_0,contrast_90,dissimilarity_0,dissimilarity_90,homogeneity_0,homogeneity_90,energy_0,energy_90,correlation_0,correlation_90
33.89722306833182,32.92753071377805,1.9896182353538436,1.9629657833282568,0.6328231861164071,0.6396099196502972,0.26149541386914993,0.26630695711910257,0.8842453550422337,0.8875610667037432
