contrast_0,contrast_90,dissimilarity_0,dissimilarity_90,homogeneity_0,homogeneity_90,energy_0,energy_90,correlation_0,correlation_90
55.47121535181235,55.67648999898465,2.2985582292618543,2.239795918367347,0.6499831941339513,0.6586016261633663,0.22967245836670086,0.23317241665878108,0.8769827930487897,0.876463571087945
