contrast_0,contrast_90,dissimilarity_0,dissimilarity_90,homogeneity_0,homogeneity_90,energy_0,energy_90,correlation_0,correlation_90
53.51510305614781,54.86958066808813,2.093943547568281,2.1379835516296075,0.6890306941100178,0.67500145031829,0.22810391713185593,0.22686870798251818,0.9036980883705483,0.9012174397470538
