contrast_0,contrast_90,dissimilarity_0,dissimilarity_90,homogeneity_0,homogeneity_90,energy_0,energy_90,correlation_0,correlation_90
53.470758452634776,54.165727485023865,2.198294243070362,2.2362930246725568,0.6595812463783838,0.6548842309096307,0.2293729604569921,0.23042812909884405,0.880818687565334,0.8792194637793804
