contrast_0,contrast_90,dissimilarity_0,dissimilarity_90,homogeneity_0,homogeneity_90,energy_0,energy_90,correlation_0,correlation_90
46.04655294953801,45.290410193928324,2.3321657021017352,2.1416133617626154,0.5998871055621318,0.63777692927402,0.22228187164340127,0.2271629078467343,0.9040623955792254,0.9056396474033914
