contrast_0,contrast_90,dissimilarity_0,dissimilarity_90,homogeneity_0,homogeneity_90,energy_0,energy_90,correlation_0,correlation_90
33.86757538836425,31.50131993095744,2.359351203167835,2.1868717636308257,0.5464662588923737,0.5768001399407865,0.20669717891554892,0.21005105333842708,0.9144985515516969,0.920468944069002
