contrast_0,contrast_90,dissimilarity_0,dissimilarity_90,homogeneity_0,homogeneity_90,energy_0,energy_90,correlation_0,correlation_90
32.51441770738144,32.786374251193,1.562899786780384,1.6025484820793994,0.7712279227116488,0.7547245609323685,0.36006661906557685,0.35257367713958904,0.8885697467661977,0.8876122747850327
