contrast_0,contrast_90,dissimilarity_0,dissimilarity_90,homogeneity_0,homogeneity_90,energy_0,energy_90,correlation_0,correlation_90
34.4950756421972,32.21311808305413,2.3566859579652744,2.159711645852371,0.5513350828806574,0.5841487706080174,0.20820799473781604,0.21213214564306704,0.9129947549884635,0.9187455118941458
