contrast_0,contrast_90,dissimilarity_0,dissimilarity_90,homogeneity_0,homogeneity_90,energy_0,energy_90,correlation_0,correlation_90
61.932048938978575,62.46360036551933,2.0068281043760794,2.0447253528276974,0.76425637761275,0.7501880388723523,0.2823768531433225,0.28003958601801254,0.8798512618463038,0.8788002381016897
