contrast_0,contrast_90,dissimilarity_0,dissimilarity_90,homogeneity_0,homogeneity_90,energy_0,energy_90,correlation_0,correlation_90
47.47210376687988,47.78373438927812,1.9835262463194248,1.9717737841405232,0.7026969147450863,0.7073994203076623,0.24478028589920958,0.24781287601172242,0.9049562315077914,0.9042955134782831
