contrast_0,contrast_90,dissimilarity_0,dissimilarity_90,homogeneity_0,homogeneity_90,energy_0,energy_90,correlation_0,correlation_90
44.02035739669002,43.701340237587566,2.1144786272718044,1.9926388465834097,0.6527620950105228,0.6786061704305513,0.22601040421611582,0.23066631894174552,0.8980917886578669,0.8988150764590868
