contrast_0,contrast_90,dissimilarity_0,dissimilarity_90,homogeneity_0,homogeneity_90,energy_0,energy_90,correlation_0,correlation_90
59.77789623312008,58.75269062849024,2.3964869529901494,2.3406691034622784,0.6242200141008312,0.6494233013932563,0.2383021762085513,0.2446978656582181,0.911738100110184,0.9132587412922457
