contrast_0,contrast_90,dissimilarity_0,dissimilarity_90,homogeneity_0,homogeneity_90,energy_0,energy_90,correlation_0,correlation_90
39.63503909026296,39.477383490709734,1.9747690120824453,2.0503350593968923,0.6687417720844535,0.6354001576943933,0.23791243801806386,0.23160919295774188,0.9101231072226239,0.910487173077484
