contrast_0,contrast_90,dissimilarity_0,dissimilarity_90,homogeneity_0,homogeneity_90,energy_0,energy_90,correlation_0,correlation_90
30.328992791146316,30.31612346431109,1.7888871966697142,1.8137374352726172,0.6951601772589782,0.6825475912597773,0.27107194013232844,0.2683644313717158,0.8906372829921595,0.8907028156861209
