contrast_0,contrast_90,dissimilarity_0,dissimilarity_90,homogeneity_0,homogeneity_90,energy_0,energy_90,correlation_0,correlation_90
48.26616915422887,49.04505533556704,1.970758452634786,2.012970859985785,0.7133020723833086,0.6949947780485681,0.2502569417241315,0.24697824873730906,0.9026937001467428,0.9011147432196782
