contrast_0,contrast_90,dissimilarity_0,dissimilarity_90,homogeneity_0,homogeneity_90,energy_0,energy_90,correlation_0,correlation_90
30.79175550817341,30.33912072291602,1.7761701695603629,1.779571530104581,0.7017844880708791,0.6963435989242788,0.27834661395235927,0.27661810361981676,0.887322085649635,0.8889556493923305
