contrast_0,contrast_90,dissimilarity_0,dissimilarity_90,homogeneity_0,homogeneity_90,energy_0,energy_90,correlation_0,correlation_90
40.088816123464284,40.003858259721795,2.042669306528582,2.208498324703015,0.6436897449188153,0.5806133796511106,0.22128975471123383,0.21382254452454824,0.9069381285957254,0.9071518682779204
