contrast_0,contrast_90,dissimilarity_0,dissimilarity_90,homogeneity_0,homogeneity_90,energy_0,energy_90,correlation_0,correlation_90
43.118387653568874,44.40288354147629,1.941618438420144,1.9978678038379525,0.6904927004148684,0.6794505375546845,0.2371799130434176,0.2360416935339256,0.8745184268303354,0.8706836952075476
