contrast_0,contrast_90,dissimilarity_0,dissimilarity_90,homogeneity_0,homogeneity_90,energy_0,energy_90,correlation_0,correlation_90
38.7319778657732,38.56295055335566,1.9205756929637536,1.909737029140015,0.6812076917976116,0.6799956386839391,0.2393861912750562,0.23846359534244202,0.9106556499010334,0.9110463027661291
