contrast_0,contrast_90,dissimilarity_0,dissimilarity_90,homogeneity_0,homogeneity_90,energy_0,energy_90,correlation_0,correlation_90
42.999771550411204,43.9853284597421,1.9716468677023056,1.9943141435678757,0.6871085130943918,0.6881457059545112,0.24873553066575663,0.24943415818349282,0.8692571418645634,0.8661730531874263
