contrast_0,contrast_90,dissimilarity_0,dissimilarity_90,homogeneity_0,homogeneity_90,energy_0,energy_90,correlation_0,correlation_90
39.58637932785056,39.96050360442687,1.9380393948624237,1.9255254340542192,0.6800940246518364,0.6867787050554376,0.2631010983933521,0.2650980154125699,0.8713380209260834,0.8701016244546762
