contrast_0,contrast_90,dissimilarity_0,dissimilarity_90,homogeneity_0,homogeneity_90,energy_0,energy_90,correlation_0,correlation_90
67.70380241648894,69.22286526550918,2.2589349172504822,2.352218499340035,0.698464768958733,0.6723721498413519,0.24123617413741416,0.23611705806733982,0.8902490274516497,0.8877297778475438
