contrast_0,contrast_90,dissimilarity_0,dissimilarity_90,homogeneity_0,homogeneity_90,energy_0,energy_90,correlation_0,correlation_90
36.371738247537785,36.14740075134534,1.8930602091582898,1.894735506142755,0.6832694405758218,0.6800543641991098,0.2532167184042432,0.25199680655406115,0.8334154651185813,0.8344898413760647
