contrast_0,contrast_90,dissimilarity_0,dissimilarity_90,homogeneity_0,homogeneity_90,energy_0,energy_90,correlation_0,correlation_90
44.10643212508886,43.30190882323078,1.9460097471824562,1.9194842115950865,0.7045950567376621,0.7108999563971622,0.2554972063724098,0.2552649318374647,0.8192902418862292,0.8227774229404531
