contrast_0,contrast_90,dissimilarity_0,dissimilarity_90,homogeneity_0,homogeneity_90,energy_0,energy_90,correlation_0,correlation_90
27.855518326733673,27.119885267539825,1.6931668189663929,1.5897806883947618,0.7073845636914595,0.7325765589025881,0.2762123987097596,0.28244772430141657,0.88901471918115,0.8919289897707043
