contrast_0,contrast_90,dissimilarity_0,dissimilarity_90,homogeneity_0,homogeneity_90,energy_0,energy_90,correlation_0,correlation_90
41.582724134429874,41.891638745050265,1.9441821504721286,1.9585998578535904,0.6877994311944479,0.6873906311002845,0.2478985777016953,0.24779092591407412,0.8724089964555655,0.871407479577794
