contrast_0,contrast_90,dissimilarity_0,dissimilarity_90,homogeneity_0,homogeneity_90,energy_0,energy_90,correlation_0,correlation_90
48.40722408366329,49.02789623312008,2.1937506345821913,2.215732561681389,0.6441160572185395,0.646125797584035,0.23116255550167011,0.23292922421540319,0.918675566282958,0.9176299470067887
