contrast_0,contrast_90,dissimilarity_0,dissimilarity_90,homogeneity_0,homogeneity_90,energy_0,energy_90,correlation_0,correlation_90
66.32079398923752,66.33627779470001,2.30774697938877,2.4570007107320517,0.6736944159444065,0.6284391898394855,0.2409169645035661,0.2344053640752861,0.8949952574214988,0.8949654915178599
