contrast_0,contrast_90,dissimilarity_0,dissimilarity_90,homogeneity_0,homogeneity_90,energy_0,energy_90,correlation_0,correlation_90
49.88889734998471,50.72578434358816,2.0118539953294765,1.9699715707178402,0.7004751264338642,0.7239237268541374,0.2426789310223577,0.2469894297044706,0.8998964378257187,0.8982050335713717
