contrast_0,contrast_90,dissimilarity_0,dissimilarity_90,homogeneity_0,homogeneity_90,energy_0,energy_90,correlation_0,correlation_90
29.702939384709115,30.13310996040208,1.8404660371611352,1.9589806071682414,0.6415112087438212,0.6084811659542707,0.21541221635932833,0.21238437800379273,0.9103195806961532,0.9090193513907013
