contrast_0,contrast_90,dissimilarity_0,dissimilarity_90,homogeneity_0,homogeneity_90,energy_0,energy_90,correlation_0,correlation_90
31.5972433749619,31.46405726469692,1.834069448674992,1.9333942532236779,0.6564656511840216,0.6303657924882412,0.21546461339276893,0.21507364622279476,0.9095199203785778,0.9099039599605602
