contrast_0,contrast_90,dissimilarity_0,dissimilarity_90,homogeneity_0,homogeneity_90,energy_0,energy_90,correlation_0,correlation_90
37.97644430906694,38.35384302974919,1.9461874301959585,2.012437810945273,0.6688982795897003,0.6462459925046597,0.24020118858544767,0.2364632037483881,0.9141296936928952,0.9132771025377081
