contrast_0,contrast_90,dissimilarity_0,dissimilarity_90,homogeneity_0,homogeneity_90,energy_0,energy_90,correlation_0,correlation_90
28.742664229871046,28.73961823535382,1.6479338003858282,1.6624530409178604,0.7225360929892407,0.7207365447105933,0.27669080377341815,0.2747116364102207,0.882070716984952,0.882088012959642
