contrast_0,contrast_90,dissimilarity_0,dissimilarity_90,homogeneity_0,homogeneity_90,energy_0,energy_90,correlation_0,correlation_90
40.28276982434768,41.190120824449195,1.988069854807596,1.981927099197889,0.6674817467570071,0.677330519111701,0.22471496397718804,0.2260477324076905,0.905141616354611,0.9029810694807464
