contrast_0,contrast_90,dissimilarity_0,dissimilarity_90,homogeneity_0,homogeneity_90,energy_0,energy_90,correlation_0,correlation_90
70.77391105696012,69.30607168240438,2.4299675093918194,2.2849020205096946,0.6529690289805247,0.6986047912265685,0.22869983529885832,0.2390515690822569,0.8886399413426712,0.8909544546994227
