contrast_0,contrast_90,dissimilarity_0,dissimilarity_90,homogeneity_0,homogeneity_90,energy_0,energy_90,correlation_0,correlation_90
62.54754289775611,64.29546146816936,2.300715808711542,2.461112803330288,0.6613116796798613,0.6185086978507027,0.23551460734718332,0.22849763430199402,0.8937926855547059,0.8907892842959376
