contrast_0,contrast_90,dissimilarity_0,dissimilarity_90,homogeneity_0,homogeneity_90,energy_0,energy_90,correlation_0,correlation_90
50.925703117067705,51.93047517514472,2.1607015940704635,2.1677073814600467,0.6771207799409065,0.6847502224848557,0.2746884182200451,0.27709956810634256,0.854591815573512,0.8515779720742188
