contrast_0,contrast_90,dissimilarity_0,dissimilarity_90,homogeneity_0,homogeneity_90,energy_0,energy_90,correlation_0,correlation_90
36.05490405117267,37.15658950147224,1.9959132906894108,2.018402883541475,0.6357667517171832,0.6338338450612693,0.22949521538441905,0.2291500863265572,0.9204135045950554,0.9179783188656206
