contrast_0,contrast_90,dissimilarity_0,dissimilarity_90,homogeneity_0,homogeneity_90,energy_0,energy_90,correlation_0,correlation_90
42.91263072393134,42.464590313737425,2.026804751751445,1.9804294852269282,0.6644961706897353,0.6777180636511366,0.23653152057780258,0.2394808546385467,0.873032874764172,0.8743477404167768
