contrast_0,contrast_90,dissimilarity_0,dissimilarity_90,homogeneity_0,homogeneity_90,energy_0,energy_90,correlation_0,correlation_90
58.426363082546445,58.38095238095233,2.435450299522795,2.4282668291197074,0.6094295258763454,0.6050783413763973,0.21202117275884438,0.2128597915592377,0.9126033783814352,0.91266931345714
