contrast_0,contrast_90,dissimilarity_0,dissimilarity_90,homogeneity_0,homogeneity_90,energy_0,energy_90,correlation_0,correlation_90
60.03873489694387,59.52472332216467,2.5043151588993813,2.4342572850035538,0.6158809798875903,0.6432231805927674,0.24843160869209052,0.2551353096965272,0.9144738021777444,0.91521048162307
