contrast_0,contrast_90,dissimilarity_0,dissimilarity_90,homogeneity_0,homogeneity_90,energy_0,energy_90,correlation_0,correlation_90
62.87722103766879,63.7172047923647,2.5363234846177276,2.5379987816021967,0.609195234069035,0.6147977118161825,0.22401010929273055,0.22543976827267823,0.9125134578852814,0.9113399392947407
