contrast_0,contrast_90,dissimilarity_0,dissimilarity_90,homogeneity_0,homogeneity_90,energy_0,energy_90,correlation_0,correlation_90
42.028353132297674,42.24043050055845,2.016727586557009,1.999492334247132,0.682637837516465,0.6903045924007363,0.24836496714700534,0.25176161224193283,0.915717980819348,0.9152955252913485
