contrast_0,contrast_90,dissimilarity_0,dissimilarity_90,homogeneity_0,homogeneity_90,energy_0,energy_90,correlation_0,correlation_90
56.302340339120676,56.12112904863441,2.1588232307848516,2.1244796426033106,0.6920954291148597,0.7031410426237321,0.2663599325487262,0.2676464523737313,0.8834775447148512,0.8838355422596303
