contrast_0,contrast_90,dissimilarity_0,dissimilarity_90,homogeneity_0,homogeneity_90,energy_0,energy_90,correlation_0,correlation_90
42.40455883846081,41.28175449284191,1.9797441364605544,1.938775510204082,0.6723382540747611,0.6827152404948726,0.2336286647394337,0.2392342070615267,0.9059108513029199,0.9084196603350974
