contrast_0,contrast_90,dissimilarity_0,dissimilarity_90,homogeneity_0,homogeneity_90,energy_0,energy_90,correlation_0,correlation_90
38.93435881815416,39.26000101533149,2.1047314448167325,2.060539141029547,0.6294350450452271,0.650924421318129,0.2424998545836804,0.24487045118433748,0.9195291125916817,0.9188575579558463
