contrast_0,contrast_90,dissimilarity_0,dissimilarity_90,homogeneity_0,homogeneity_90,energy_0,energy_90,correlation_0,correlation_90
38.89653771956545,39.43034825870647,1.96156970250787,1.9865468575489906,0.6734115573216861,0.671821607962383,0.24411745269884297,0.24374859149757935,0.8320129381504411,0.8296049447905612
