contrast_0,contrast_90,dissimilarity_0,dissimilarity_90,homogeneity_0,homogeneity_90,energy_0,energy_90,correlation_0,correlation_90
38.987968321657014,39.665905168037355,1.7919078078992792,1.8075946796629114,0.7271290734366223,0.7287807346619918,0.2945958534328959,0.2924052672771207,0.8470464544369903,0.8442876955025912
