contrast_0,contrast_90,dissimilarity_0,dissimilarity_90,homogeneity_0,homogeneity_90,energy_0,energy_90,correlation_0,correlation_90
30.420499543100824,29.85831048837447,1.8886689003959785,1.7154533455173115,0.6302087574905461,0.6849732904613406,0.21852393755630115,0.2237765905925073,0.9051233769255694,0.9068781894900317
