contrast_0,contrast_90,dissimilarity_0,dissimilarity_90,homogeneity_0,homogeneity_90,energy_0,energy_90,correlation_0,correlation_90
43.337673875520345,44.14709615189361,1.9576860594984267,1.9748959285206629,0.6860208446775146,0.6883556091857427,0.24003856242063107,0.24098671645070957,0.8717453209673256,0.8693147637316649
