contrast_0,contrast_90,dissimilarity_0,dissimilarity_90,homogeneity_0,homogeneity_90,energy_0,energy_90,correlation_0,correlation_90
54.83280028429281,55.68796324499949,2.098969438521677,2.1062798253629804,0.7064059513727788,0.7051840424273286,0.26596338194598157,0.2664321235778911,0.8863831050526656,0.8845958570589469
