contrast_0,contrast_90,dissimilarity_0,dissimilarity_90,homogeneity_0,homogeneity_90,energy_0,energy_90,correlation_0,correlation_90
39.75956949944153,38.45466544826884,1.9780180729008032,1.9322266219920812,0.6601330125280797,0.6739452031887746,0.2295766974688096,0.2343078692089166,0.9090514402157434,0.9120529729373825
