contrast_0,contrast_90,dissimilarity_0,dissimilarity_90,homogeneity_0,homogeneity_90,energy_0,energy_90,correlation_0,correlation_90
38.73522692659153,38.76256472738346,2.160092395167024,2.0245202558635396,0.6011887447298039,0.6538256175017667,0.2194842464696559,0.22786186399635344,0.9149257443223091,0.91486420645033
