contrast_0,contrast_90,dissimilarity_0,dissimilarity_90,homogeneity_0,homogeneity_90,energy_0,energy_90,correlation_0,correlation_90
48.778454665448265,49.7148187633262,2.184231901715912,2.18415575185298,0.6545809927861522,0.6463824501415849,0.23201313278034416,0.22883396888628393,0.9177102985934384,0.9161263243224165
