contrast_0,contrast_90,dissimilarity_0,dissimilarity_90,homogeneity_0,homogeneity_90,energy_0,energy_90,correlation_0,correlation_90
40.43042440856943,39.05543710021323,2.1309016143770925,1.9946187430195963,0.6185008893783942,0.6546324818727586,0.22333308748478098,0.22907957100578719,0.8867846450347441,0.8907047108967332
