contrast_0,contrast_90,dissimilarity_0,dissimilarity_90,homogeneity_0,homogeneity_90,energy_0,energy_90,correlation_0,correlation_90
52.045055335567056,50.480277185501066,2.1354198395776227,2.0938927809929946,0.6742008541632939,0.6766715468924679,0.23560864398045242,0.2354032575045285,0.8550004463717857,0.8594493646726045
