contrast_0,contrast_90,dissimilarity_0,dissimilarity_90,homogeneity_0,homogeneity_90,energy_0,energy_90,correlation_0,correlation_90
62.81366128540972,63.29365925474666,2.3869682201238693,2.416006701187936,0.6343387055087127,0.624344020851396,0.22692742060444535,0.22583878624528675,0.8928969133420418,0.8920884955566795
