contrast_0,contrast_90,dissimilarity_0,dissimilarity_90,homogeneity_0,homogeneity_90,energy_0,energy_90,correlation_0,correlation_90
71.24977155041125,71.87125596507252,2.171946390496495,2.1698141943344496,0.7535661928609856,0.7587882029910379,0.2904854166476644,0.2916987844604874,0.8811106634061301,0.8800541258362895
