contrast_0,contrast_90,dissimilarity_0,dissimilarity_90,homogeneity_0,homogeneity_90,energy_0,energy_90,correlation_0,correlation_90
36.30480251802218,36.05876231089449,1.9516702203269376,1.9393085592445949,0.6644683818668408,0.6675416699140343,0.2431217147345617,0.24415455385563906,0.8311470190178832,0.8322946554229658
