contrast_0,contrast_90,dissimilarity_0,dissimilarity_90,homogeneity_0,homogeneity_90,energy_0,energy_90,correlation_0,correlation_90
39.85404609605036,40.15501573763836,1.936491014316176,1.9761143263275467,0.6962946268706999,0.6844809499015558,0.2678777250201259,0.2614441266748488,0.9172349468613675,0.9166103087122331
