contrast_0,contrast_90,dissimilarity_0,dissimilarity_90,homogeneity_0,homogeneity_90,energy_0,energy_90,correlation_0,correlation_90
32.59186211798153,32.648695299015145,1.6968981622499741,1.657833282566758,0.7150446259163212,0.7290799906282083,0.26317120138864875,0.26615758311000026,0.8541343162696127,0.8538431223709397
