contrast_0,contrast_90,dissimilarity_0,dissimilarity_90,homogeneity_0,homogeneity_90,energy_0,energy_90,correlation_0,correlation_90
62.884455274647195,63.44311605239109,2.5123362777946987,2.543329272007309,0.6353616316628355,0.6220869954814879,0.22986549743454288,0.2270759034670577,0.9194794845718886,0.9187641851016446
