contrast_0,contrast_90,dissimilarity_0,dissimilarity_90,homogeneity_0,homogeneity_90,energy_0,energy_90,correlation_0,correlation_90
47.888465834094816,47.82021017362168,1.933648086100112,2.015407655599555,0.7272504983188092,0.689060519413815,0.2615206040676117,0.2522032085137693,0.9027728109523293,0.9029220288032302
