contrast_0,contrast_90,dissimilarity_0,dissimilarity_90,homogeneity_0,homogeneity_90,energy_0,energy_90,correlation_0,correlation_90
47.67001726063561,48.62582495684842,1.9283175956949958,1.9101177784546661,0.7209708032311782,0.7309084927859373,0.2526944952366802,0.25564076707067335,0.9031694877032603,0.9011855051222538
