contrast_0,contrast_90,dissimilarity_0,dissimilarity_90,homogeneity_0,homogeneity_90,energy_0,energy_90,correlation_0,correlation_90
48.27332724134429,48.835186313331256,2.1608792770839678,2.1800944258300325,0.6510140680189593,0.6436919869251312,0.22449055362716747,0.22280471322740067,0.913577842447747,0.9125662777068977
