contrast_0,contrast_90,dissimilarity_0,dissimilarity_90,homogeneity_0,homogeneity_90,energy_0,energy_90,correlation_0,correlation_90
55.363818661793076,56.52208346024974,2.11414864453244,2.1381866179307543,0.7034320677854121,0.6977135104964598,0.2667022624575731,0.2636880281934092,0.8858036321411953,0.8833887608793145
