contrast_0,contrast_90,dissimilarity_0,dissimilarity_90,homogeneity_0,homogeneity_90,energy_0,energy_90,correlation_0,correlation_90
37.69024774088741,38.776398619149106,1.8721443801401174,1.9197126611838768,0.6923141696999412,0.6797785467117631,0.2777663232331884,0.27384677966788057,0.8740023281105376,0.8703490651640057
