contrast_0,contrast_90,dissimilarity_0,dissimilarity_90,homogeneity_0,homogeneity_90,energy_0,energy_90,correlation_0,correlation_90
48.183216570210135,47.57620062950552,1.9138491217382474,1.9181135140623409,0.7280006347785948,0.7248181876519729,0.2634767650422982,0.26501512361674134,0.9018726216487929,0.9031278387224397
