contrast_0,contrast_90,dissimilarity_0,dissimilarity_90,homogeneity_0,homogeneity_90,energy_0,energy_90,correlation_0,correlation_90
39.5144430906691,39.402426642298735,1.9159051680373638,1.9269976647375364,0.6796290951547326,0.6773751270353748,0.24346432444828375,0.24210369246134858,0.9091116431195541,0.9093672403444822
