contrast_0,contrast_90,dissimilarity_0,dissimilarity_90,homogeneity_0,homogeneity_90,energy_0,energy_90,correlation_0,correlation_90
39.55683318103358,40.4038481064068,1.9708853690730022,1.951670220326937,0.669078451456923,0.6805061573230038,0.2239773923236005,0.2250413999068571,0.9072554910894459,0.9052535376601123
