contrast_0,contrast_90,dissimilarity_0,dissimilarity_90,homogeneity_0,homogeneity_90,energy_0,energy_90,correlation_0,correlation_90
51.0675703117068,51.63493755711242,2.065387348969439,2.0949334957863717,0.7134858487686674,0.7074757759459785,0.328821848723704,0.32902281749446416,0.8429324940969645,0.8410841570593494
