contrast_0,contrast_90,dissimilarity_0,dissimilarity_90,homogeneity_0,homogeneity_90,energy_0,energy_90,correlation_0,correlation_90
46.31216367143871,46.33163265306121,2.4644126307239316,2.5425170068027203,0.5660460659708001,0.5424410641570053,0.2054038597626073,0.20341117658080968,0.9249714625283568,0.924943514352144
