contrast_0,contrast_90,dissimilarity_0,dissimilarity_90,homogeneity_0,homogeneity_90,energy_0,energy_90,correlation_0,correlation_90
41.61425017768302,42.905421870240666,2.330515788404915,2.1987003756726553,0.5660043933285773,0.6282664526290124,0.21059279739538653,0.2158706919642257,0.9230368464500776,0.920648557828176
