contrast_0,contrast_90,dissimilarity_0,dissimilarity_90,homogeneity_0,homogeneity_90,energy_0,energy_90,correlation_0,correlation_90
28.61257488069855,27.98456696111279,1.671565641181847,1.6485937658645555,0.7241477411545729,0.7245289383846076,0.2878541213834849,0.28842243086655445,0.8797680048024967,0.8824357670977626
