contrast_0,contrast_90,dissimilarity_0,dissimilarity_90,homogeneity_0,homogeneity_90,energy_0,energy_90,correlation_0,correlation_90
56.376637222053006,58.600695502081436,2.3562290587876924,2.460935120316785,0.641843547023285,0.6047182771792228,0.2423979575355357,0.23617364343662056,0.9175610416521801,0.9143035922909761
