contrast_0,contrast_90,dissimilarity_0,dissimilarity_90,homogeneity_0,homogeneity_90,energy_0,energy_90,correlation_0,correlation_90
45.40125901106715,44.85572139303486,2.0714793380038588,2.0254340542187026,0.6721035502062886,0.6896171937211885,0.2801030391217291,0.28752888798506687,0.9055954745276931,0.9067498567640789
