contrast_0,contrast_90,dissimilarity_0,dissimilarity_90,homogeneity_0,homogeneity_90,energy_0,energy_90,correlation_0,correlation_90
39.920118793786166,39.50159914712149,2.132272311909838,2.0749060818357186,0.6210661195134991,0.6414575274868041,0.23030092235223054,0.23327910580683361,0.9163902727244706,0.917271637189289
