contrast_0,contrast_90,dissimilarity_0,dissimilarity_90,homogeneity_0,homogeneity_90,energy_0,energy_90,correlation_0,correlation_90
36.786932683521165,37.000761498629295,2.0189866991572742,2.0124378109452747,0.6318552006429007,0.6353952497642553,0.22816161156738382,0.2282702700974975,0.9187847393688546,0.9183100464821906
