contrast_0,contrast_90,dissimilarity_0,dissimilarity_90,homogeneity_0,homogeneity_90,energy_0,energy_90,correlation_0,correlation_90
45.11765153822728,44.725175144684755,2.5330744237993694,2.3935678749111604,0.5402582066325192,0.5820378900097659,0.2054916118820345,0.2092970882473515,0.9286969497037331,0.9293170873005027
