contrast_0,contrast_90,dissimilarity_0,dissimilarity_90,homogeneity_0,homogeneity_90,energy_0,energy_90,correlation_0,correlation_90
38.30099502487562,38.553609503502884,1.9389785765052288,2.029850746268657,0.6715434129709523,0.6385342526311895,0.23929266711710093,0.233168514931602,0.9129078739348532,0.9123346752490445
