contrast_0,contrast_90,dissimilarity_0,dissimilarity_90,homogeneity_0,homogeneity_90,energy_0,energy_90,correlation_0,correlation_90
45.67849527870849,45.09962940400048,2.079855822926185,2.029063864351712,0.6691265476005224,0.6914285976457224,0.2750708472978664,0.2847271582246688,0.9046738511569135,0.9059012527901308
