contrast_0,contrast_90,dissimilarity_0,dissimilarity_90,homogeneity_0,homogeneity_90,energy_0,energy_90,correlation_0,correlation_90
40.99865468575487,41.36820997055537,1.9632703827799785,1.9923342471316887,0.7013762799618167,0.6917978294631545,0.27123684218249566,0.2686813838886944,0.9183078173388588,0.9175707800936262
