contrast_0,contrast_90,dissimilarity_0,dissimilarity_90,homogeneity_0,homogeneity_90,energy_0,energy_90,correlation_0,correlation_90
39.13473449081123,39.508630317798826,1.9321758554167947,1.9260838663823745,0.6857539930179966,0.6946018395578799,0.273423870754132,0.27315322745436577,0.9172263642144705,0.9164348623377728
