contrast_0,contrast_90,dissimilarity_0,dissimilarity_90,homogeneity_0,homogeneity_90,energy_0,energy_90,correlation_0,correlation_90
54.51550918875016,55.63501370697536,1.989262869326835,2.001345314245101,0.7436596714968601,0.7389374750658577,0.27959520695719214,0.2763657266146088,0.8886253985248791,0.8863084442522668
