contrast_0,contrast_90,dissimilarity_0,dissimilarity_90,homogeneity_0,homogeneity_90,energy_0,energy_90,correlation_0,correlation_90
49.82548989745152,50.38057163163771,2.0177429180627473,1.9804802518022142,0.6974126260458233,0.7139737968955862,0.2402596949363151,0.24441690119737433,0.9002021867663881,0.8990481718050769
