contrast_0,contrast_90,dissimilarity_0,dissimilarity_90,homogeneity_0,homogeneity_90,energy_0,energy_90,correlation_0,correlation_90
38.6923545537618,38.49921311808306,1.9106508274951786,1.9116915422885576,0.681541905317116,0.6805944245461585,0.2424601431340841,0.24109300755951452,0.9109995840752158,0.911444052242225
