contrast_0,contrast_90,dissimilarity_0,dissimilarity_90,homogeneity_0,homogeneity_90,energy_0,energy_90,correlation_0,correlation_90
29.069930957457604,29.09457812975937,1.7560412224591326,1.768453650116763,0.6663059015453167,0.6614252265067124,0.23210225053110065,0.23126095567150382,0.9020213304010912,0.9019381469242796
