contrast_0,contrast_90,dissimilarity_0,dissimilarity_90,homogeneity_0,homogeneity_90,energy_0,energy_90,correlation_0,correlation_90
40.29665448268858,40.06150370595998,1.950020306630114,1.9226571225505118,0.6736838984814728,0.6800633065720791,0.2410643383821888,0.24201756535940824,0.9071892790169258,0.9077271830126572
