contrast_0,contrast_90,dissimilarity_0,dissimilarity_90,homogeneity_0,homogeneity_90,energy_0,energy_90,correlation_0,correlation_90
43.978779571530104,44.600086303178,2.1195045182252006,2.0717585541679364,0.6335964129253228,0.6625289252704444,0.22961300253044012,0.23378427938943658,0.8750575527130517,0.8732512969742159
