contrast_0,contrast_90,dissimilarity_0,dissimilarity_90,homogeneity_0,homogeneity_90,energy_0,energy_90,correlation_0,correlation_90
37.55472636815924,37.5854147629201,2.1487460655904154,2.0748553152604337,0.5854508301340436,0.6104042177480841,0.2111466546644213,0.21334029469560079,0.907827078460239,0.907739843738851
