contrast_0,contrast_90,dissimilarity_0,dissimilarity_90,homogeneity_0,homogeneity_90,energy_0,energy_90,correlation_0,correlation_90
50.60754898974516,50.3237638338918,2.043836937760179,2.0805919382678453,0.707224936235602,0.6919009907810016,0.2411977719332798,0.23806384788599405,0.8095712410414865,0.8106013585194446
