contrast_0,contrast_90,dissimilarity_0,dissimilarity_90,homogeneity_0,homogeneity_90,energy_0,energy_90,correlation_0,correlation_90
48.357041323992284,49.050893491725006,2.1747893187125595,2.1434409584729424,0.6544954087604669,0.6622202257483597,0.23852979688090262,0.23902007533767375,0.918423527507103,0.9172432382771762
