contrast_0,contrast_90,dissimilarity_0,dissimilarity_90,homogeneity_0,homogeneity_90,energy_0,energy_90,correlation_0,correlation_90
60.610341151385974,61.323332318001846,2.533988222154534,2.4643618641486444,0.6038376160784534,0.6316742295022117,0.22002203859710678,0.22303458404249088,0.9188440330594825,0.917888060019512
