contrast_0,contrast_90,dissimilarity_0,dissimilarity_90,homogeneity_0,homogeneity_90,energy_0,energy_90,correlation_0,correlation_90
64.28299827393636,62.81922022540362,2.4578891257995727,2.3243984160828512,0.6159089185502955,0.6568214848774969,0.22676282158870115,0.2341460204365995,0.8934836505013557,0.8959353330589547
