contrast_0,contrast_90,dissimilarity_0,dissimilarity_90,homogeneity_0,homogeneity_90,energy_0,energy_90,correlation_0,correlation_90
48.86260026398619,49.40526957051472,2.484033912072291,2.605086810843742,0.5656991640848554,0.5385664750139189,0.20604475004672532,0.20310389348962257,0.9195670465122119,0.9186805088680211
