contrast_0,contrast_90,dissimilarity_0,dissimilarity_90,homogeneity_0,homogeneity_90,energy_0,energy_90,correlation_0,correlation_90
48.28672961721999,48.77848004873588,2.188851660067013,2.2070007107320544,0.6449480887272748,0.6362334912150472,0.22666833572390802,0.22516376040305913,0.913511161854769,0.9126288827707242
