contrast_0,contrast_90,dissimilarity_0,dissimilarity_90,homogeneity_0,homogeneity_90,energy_0,energy_90,correlation_0,correlation_90
42.91719971570719,43.93133820692457,1.8931871255965067,1.9533201340237587,0.7137799948516564,0.7027488840713991,0.2535982518046557,0.25234447876976224,0.8271667133773863,0.8228313696848494
