contrast_0,contrast_90,dissimilarity_0,dissimilarity_90,homogeneity_0,homogeneity_90,energy_0,energy_90,correlation_0,correlation_90
36.97088536907302,37.538963346532626,1.739237486039192,1.7666514366940804,0.729490897238498,0.7254696524737897,0.2863910124019334,0.285901234615736,0.8547798535763739,0.8525124817406907
