contrast_0,contrast_90,dissimilarity_0,dissimilarity_90,homogeneity_0,homogeneity_90,energy_0,energy_90,correlation_0,correlation_90
47.149076048329775,47.92552543405423,2.124911158493248,2.1616915422885574,0.6455489376736046,0.6461554519369576,0.23456271038306134,0.2349201069487314,0.8747157783385998,0.8725709312688125
