contrast_0,contrast_90,dissimilarity_0,dissimilarity_90,homogeneity_0,homogeneity_90,energy_0,energy_90,correlation_0,correlation_90
61.919864960909734,62.71187430195959,2.5730784851253934,2.6087673875520365,0.5853908832503116,0.568091997478595,0.20519682685365737,0.204882904007998,0.9071414884240755,0.9059457061131186
