contrast_0,contrast_90,dissimilarity_0,dissimilarity_90,homogeneity_0,homogeneity_90,energy_0,energy_90,correlation_0,correlation_90
39.44991877347957,39.194689816224994,1.9295613767895217,1.9758858767387553,0.6721776197497461,0.654684825887751,0.22939760820891805,0.2280013116289978,0.9076849748797917,0.9082998246760936
