contrast_0,contrast_90,dissimilarity_0,dissimilarity_90,homogeneity_0,homogeneity_90,energy_0,energy_90,correlation_0,correlation_90
44.50383287643417,44.91364605543712,2.106889024266423,2.1374758858767384,0.6454570596054772,0.6412456555819022,0.23156869066212443,0.23065530484966013,0.8751736811536819,0.8739975559337316
