contrast_0,contrast_90,dissimilarity_0,dissimilarity_90,homogeneity_0,homogeneity_90,energy_0,energy_90,correlation_0,correlation_90
48.06632653061221,47.17707381460049,1.8994567976444319,1.9243070362473353,0.7362881118830678,0.7232371392217487,0.27849750830892545,0.2757648056519176,0.9019437389238353,0.9037729055695899
