contrast_0,contrast_90,dissimilarity_0,dissimilarity_90,homogeneity_0,homogeneity_90,energy_0,energy_90,correlation_0,correlation_90
53.747080921921025,53.559244593359715,2.0234541577825147,1.9978170372626678,0.7272743573337823,0.7367678957746432,0.2621586021543428,0.2655340200155981,0.8906499138512013,0.8910422734747009
