contrast_0,contrast_90,dissimilarity_0,dissimilarity_90,homogeneity_0,homogeneity_90,energy_0,energy_90,correlation_0,correlation_90
64.48614072494676,66.6540511727079,2.3063255152807396,2.4840846786475765,0.667868908283589,0.6196468391946879,0.2384546815177719,0.23105348639084353,0.8885812303059845,0.8847686361708824
