contrast_0,contrast_90,dissimilarity_0,dissimilarity_90,homogeneity_0,homogeneity_90,energy_0,energy_90,correlation_0,correlation_90
40.30520865062445,39.88943039902526,2.0532541374758866,1.9681185907198713,0.6363302392620518,0.6664274996850356,0.2269648563094485,0.23092552481776552,0.9084331395365045,0.909379924867271
