contrast_0,contrast_90,dissimilarity_0,dissimilarity_90,homogeneity_0,homogeneity_90,energy_0,energy_90,correlation_0,correlation_90
43.1434663417606,44.02957153010456,1.9538024164889847,1.9696669712661186,0.6872702009945558,0.6908688453488326,0.2403388465262047,0.24145719716906486,0.8733236036810915,0.87067435566676
