contrast_0,contrast_90,dissimilarity_0,dissimilarity_90,homogeneity_0,homogeneity_90,energy_0,energy_90,correlation_0,correlation_90
40.26094019697434,40.61458016042235,1.9455782312925165,1.9864960909737037,0.6944511658608804,0.6771391252846304,0.25871763487178984,0.25297365237346786,0.9174621013116433,0.9167352385733838
