contrast_0,contrast_90,dissimilarity_0,dissimilarity_90,homogeneity_0,homogeneity_90,energy_0,energy_90,correlation_0,correlation_90
57.53667885064472,59.59668494263374,2.1290740176667677,2.1828358208955225,0.7024759709940248,0.6958475171217543,0.26375766006842577,0.2612460369782455,0.8831087123486222,0.8788625021825217
