contrast_0,contrast_90,dissimilarity_0,dissimilarity_90,homogeneity_0,homogeneity_90,energy_0,energy_90,correlation_0,correlation_90
46.12125596507261,43.501472230683376,2.0438877043354653,2.004924357802823,0.6788370727721994,0.6885938883232444,0.2741764672947579,0.2850214692491672,0.9019172548995841,0.9075148326505008
