contrast_0,contrast_90,dissimilarity_0,dissimilarity_90,homogeneity_0,homogeneity_90,energy_0,energy_90,correlation_0,correlation_90
39.81949944156765,39.66247842420552,1.922250989948218,1.9113361762615493,0.6773295120305841,0.6824610195741998,0.2405102281657961,0.2405487240612724,0.90765689368959,0.9080207709313349
