contrast_0,contrast_90,dissimilarity_0,dissimilarity_90,homogeneity_0,homogeneity_90,energy_0,energy_90,correlation_0,correlation_90
44.56533658239419,45.41242765763023,2.2772870342166733,2.337750025383289,0.6070132515251565,0.5806073630114013,0.20924976399292206,0.20726055437088658,0.9208042460429029,0.9193032158863036
