contrast_0,contrast_90,dissimilarity_0,dissimilarity_90,homogeneity_0,homogeneity_90,energy_0,energy_90,correlation_0,correlation_90
40.04068941009241,40.954107015940764,1.9487003756726577,1.9516702203269372,0.6810520935328903,0.6826164829266533,0.24075557117341495,0.2414271621370863,0.9094541500310989,0.9073773286682872
