contrast_0,contrast_90,dissimilarity_0,dissimilarity_90,homogeneity_0,homogeneity_90,energy_0,energy_90,correlation_0,correlation_90
42.7696974312113,43.97553051071178,2.162478424205501,2.2735810742207323,0.6298894018953991,0.5995013827219682,0.22028654203162082,0.21678265382141743,0.8910251237071344,0.8879316251028844
