contrast_0,contrast_90,dissimilarity_0,dissimilarity_90,homogeneity_0,homogeneity_90,energy_0,energy_90,correlation_0,correlation_90
49.97857650522895,50.558660777743924,2.2233729312620576,2.1901969743121117,0.64498913757447,0.6559993971898064,0.23326042857743445,0.23472690424881315,0.9161044789547861,0.9151201884562266
