contrast_0,contrast_90,dissimilarity_0,dissimilarity_90,homogeneity_0,homogeneity_90,energy_0,energy_90,correlation_0,correlation_90
32.34612651030561,32.856889024266394,1.6358513554675604,1.6890547263681592,0.7354557067938745,0.7194991766229116,0.2664173498082736,0.2632190384722249,0.8571468966982392,0.85486712865607
