contrast_0,contrast_90,dissimilarity_0,dissimilarity_90,homogeneity_0,homogeneity_90,energy_0,energy_90,correlation_0,correlation_90
38.34579652756631,38.07239313635903,1.9322012387044387,1.9255254340542203,0.6709624025281821,0.6711057633649534,0.2235735768005961,0.22429543663979784,0.9050592195190033,0.9057404234830256
