contrast_0,contrast_90,dissimilarity_0,dissimilarity_90,homogeneity_0,homogeneity_90,energy_0,energy_90,correlation_0,correlation_90
82.73550614275551,82.28980099502479,2.41430602091583,2.4450451822520054,0.7225798544595476,0.7051184611495159,0.2672873688001882,0.263547389081825,0.9038214558998888,0.9043541078153918
