contrast_0,contrast_90,dissimilarity_0,dissimilarity_90,homogeneity_0,homogeneity_90,energy_0,energy_90,correlation_0,correlation_90
82.2922631739263,83.74202964767994,2.411006193522183,2.402299725860494,0.729707102306569,0.7315281886327897,0.26535053705609724,0.2658725544880311,0.9046488710709519,0.9029467193997095
