contrast_0,contrast_90,dissimilarity_0,dissimilarity_90,homogeneity_0,homogeneity_90,energy_0,energy_90,correlation_0,correlation_90
109.30921921007203,110.61765153822715,2.438369377601786,2.4462128134836005,0.8204313148828384,0.8187694448811059,0.3551963790118864,0.3526297242768996,0.8848262481797313,0.8834234961985464
