contrast_0,contrast_90,dissimilarity_0,dissimilarity_90,homogeneity_0,homogeneity_90,energy_0,energy_90,correlation_0,correlation_90
112.7837597725657,113.31782414458313,2.4513910041628577,2.466214844146615,0.8258306093009214,0.8200551953833939,0.3841048554106243,0.38272482731904445,0.882351319422113,0.8817843382404295
