contrast_0,contrast_90,dissimilarity_0,dissimilarity_90,homogeneity_0,homogeneity_90,energy_0,energy_90,correlation_0,correlation_90
110.19306528581583,112.05388871966692,2.4332419534978174,2.428190679256776,0.8259862898924002,0.8316884665432117,0.36982216451586214,0.37271725851692933,0.884100192937391,0.8821049055984895
