contrast_0,contrast_90,dissimilarity_0,dissimilarity_90,homogeneity_0,homogeneity_90,energy_0,energy_90,correlation_0,correlation_90
79.6545334551731,78.4822824652249,2.4042034724337493,2.434917250482282,0.7269968854368843,0.7153092618587431,0.2706539844453201,0.2703366014224762,0.9085379602040788,0.9098744739698222
