contrast_0,contrast_90,dissimilarity_0,dissimilarity_90,homogeneity_0,homogeneity_90,energy_0,energy_90,correlation_0,correlation_90
75.77236267641382,75.74251193014517,2.236115341659053,2.218499340034522,0.7791798183598299,0.7803011184755272,0.40842138918191623,0.4039947572111771,0.899373578279222,0.8994357759075964
