contrast_0,contrast_90,dissimilarity_0,dissimilarity_90,homogeneity_0,homogeneity_90,energy_0,energy_90,correlation_0,correlation_90
79.89854299928928,80.16681896639254,2.1992841912884553,2.205452330185805,0.7931733843424804,0.7907990882469099,0.3828512546371467,0.38193198053701993,0.8938527988195709,0.8934956116700722
