contrast_0,contrast_90,dissimilarity_0,dissimilarity_90,homogeneity_0,homogeneity_90,energy_0,energy_90,correlation_0,correlation_90
67.26784445121334,68.9821809320743,2.2438318611026493,2.2511422479439536,0.7157858089069806,0.7163877400281877,0.25387038000941803,0.2555560784332431,0.8976830096920313,0.8950420182125902
