contrast_0,contrast_90,dissimilarity_0,dissimilarity_90,homogeneity_0,homogeneity_90,energy_0,energy_90,correlation_0,correlation_90
95.16374758858761,96.67098182556606,2.465910244694894,2.45705147730734,0.7583099962413683,0.7619994159455803,0.2834765902352255,0.28400709337116825,0.8907247914751006,0.8889789326704215
