contrast_0,contrast_90,dissimilarity_0,dissimilarity_90,homogeneity_0,homogeneity_90,energy_0,energy_90,correlation_0,correlation_90
81.5699817240329,83.24190273124175,2.200604122245913,2.212458117575389,0.7989351511278094,0.7984519811375133,0.38869555757016283,0.38377006271111785,0.8919894012139945,0.8897373641275061
