contrast_0,contrast_90,dissimilarity_0,dissimilarity_90,homogeneity_0,homogeneity_90,energy_0,energy_90,correlation_0,correlation_90
82.10716824043041,82.24428876028021,2.191339222256066,2.2100213219616194,0.8073188505643955,0.8006674477266547,0.4180481614746054,0.4136123701188247,0.8917408995795247,0.8915663589574478
