contrast_0,contrast_90,dissimilarity_0,dissimilarity_90,homogeneity_0,homogeneity_90,energy_0,energy_90,correlation_0,correlation_90
82.59803025687884,83.26789521778855,2.2096659559346117,2.2106305208650623,0.8041742106135372,0.8040281198428865,0.3868702685301108,0.3874817664738937,0.8900735895710762,0.8891796583242667
