contrast_0,contrast_90,dissimilarity_0,dissimilarity_90,homogeneity_0,homogeneity_90,energy_0,energy_90,correlation_0,correlation_90
100.3544014620773,102.4383693776018,2.4914712153518113,2.486445324398416,0.7594564371843526,0.7645757569749906,0.26059377403867195,0.25969457619896613,0.8849583187894194,0.8825176211904163
