contrast_0,contrast_90,dissimilarity_0,dissimilarity_90,homogeneity_0,homogeneity_90,energy_0,energy_90,correlation_0,correlation_90
75.90945781297599,76.78332825667576,2.223042948522693,2.2143872474362882,0.7613503622763503,0.7639247714191836,0.2803924837686642,0.28276563402342597,0.898204573380637,0.8970166426510435
