contrast_0,contrast_90,dissimilarity_0,dissimilarity_90,homogeneity_0,homogeneity_90,energy_0,energy_90,correlation_0,correlation_90
91.50533049040516,92.41598131790032,2.45979287237283,2.44522286526551,0.7376632754768693,0.7447149215196716,0.2852771359391038,0.28670864647790845,0.8932028642079011,0.8921214178878145
