contrast_0,contrast_90,dissimilarity_0,dissimilarity_90,homogeneity_0,homogeneity_90,energy_0,energy_90,correlation_0,correlation_90
76.10871662097668,76.50896030053815,2.2582241851964664,2.256548888212001,0.7700725869115215,0.763993566159419,0.3171540510211539,0.3152138194831261,0.899008967424133,0.898447618848089
