contrast_0,contrast_90,dissimilarity_0,dissimilarity_90,homogeneity_0,homogeneity_90,energy_0,energy_90,correlation_0,correlation_90
103.25000000000001,102.97946492029644,2.3330033505939696,2.3768149050665044,0.8301367576697097,0.8094929079249704,0.4142632223143166,0.40384209956898426,0.8748487870806807,0.8751931631028808
