contrast_0,contrast_90,dissimilarity_0,dissimilarity_90,homogeneity_0,homogeneity_90,energy_0,energy_90,correlation_0,correlation_90
71.50172606355969,70.80805157884042,2.1993603411513845,2.2178393745557905,0.7608701605926375,0.7567620523272085,0.34720522557020983,0.3482202482933967,0.9042525103354796,0.9051923429063763
