contrast_0,contrast_90,dissimilarity_0,dissimilarity_90,homogeneity_0,homogeneity_90,energy_0,energy_90,correlation_0,correlation_90
103.20222865265505,103.65016752969841,2.438750126916439,2.4069448674992384,0.7824608965972486,0.7974160368556803,0.31797178685605054,0.3254464452434689,0.877139292488217,0.8766036754159806
