contrast_0,contrast_90,dissimilarity_0,dissimilarity_90,homogeneity_0,homogeneity_90,energy_0,energy_90,correlation_0,correlation_90
103.78266829119704,104.23565844248148,2.3809016143770942,2.439892374860392,0.8111558375205394,0.7874616486137489,0.335133740525386,0.3273736386749283,0.8766023319527838,0.8760671837091433
