contrast_0,contrast_90,dissimilarity_0,dissimilarity_90,homogeneity_0,homogeneity_90,energy_0,energy_90,correlation_0,correlation_90
102.91521981927102,103.48378007919585,2.3983145497004776,2.3798608995837136,0.7976939115753342,0.8073045562660006,0.3079218784094558,0.3176669882255539,0.8756683805573112,0.8749634243560465
