contrast_0,contrast_90,dissimilarity_0,dissimilarity_90,homogeneity_0,homogeneity_90,energy_0,energy_90,correlation_0,correlation_90
79.43928317595696,79.28586658544013,2.230632551528074,2.2409381663113,0.764131916723103,0.7578140921524885,0.32898579064271977,0.3275468741813539,0.8815309710387413,0.8817742048218145
