contrast_0,contrast_90,dissimilarity_0,dissimilarity_90,homogeneity_0,homogeneity_90,energy_0,energy_90,correlation_0,correlation_90
57.233577012894735,57.701517920601056,2.402578942024571,2.4306782414458303,0.6225338880239504,0.6190348524451511,0.22257696426424486,0.2219909174749104,0.8962604387468552,0.8954059379021766
