contrast_0,contrast_90,dissimilarity_0,dissimilarity_90,homogeneity_0,homogeneity_90,energy_0,energy_90,correlation_0,correlation_90
64.604426845365,65.0338613057163,2.154330388871967,2.057975428977562,0.7251939220843296,0.7627898155740144,0.26258088345699204,0.27590296751718646,0.8855360919032405,0.8847182406263076
