contrast_0,contrast_90,dissimilarity_0,dissimilarity_90,homogeneity_0,homogeneity_90,energy_0,energy_90,correlation_0,correlation_90
94.1257995735607,91.80028429282156,2.6320438623210483,2.5581277287034214,0.6782714680863375,0.695779464125136,0.237189056777285,0.24315929109064086,0.8848504854377074,0.8877453498939263
