contrast_0,contrast_90,dissimilarity_0,dissimilarity_90,homogeneity_0,homogeneity_90,energy_0,energy_90,correlation_0,correlation_90
51.10366534673569,51.49532947507358,1.9984262361661083,2.013148542999289,0.7212740215918081,0.7174038274847936,0.2504053876988274,0.2511596877658967,0.9106184345225017,0.9099183373909011
