contrast_0,contrast_90,dissimilarity_0,dissimilarity_90,homogeneity_0,homogeneity_90,energy_0,energy_90,correlation_0,correlation_90
41.69199918773478,42.02721088435374,1.7918062747487056,1.7920601076251397,0.7337298901882308,0.7326973475869097,0.2570480405093377,0.2568586814146571,0.9027611533161176,0.9019708801251357
