contrast_0,contrast_90,dissimilarity_0,dissimilarity_90,homogeneity_0,homogeneity_90,energy_0,energy_90,correlation_0,correlation_90
105.5944004467459,104.77477408874002,2.477231190983855,2.473982130165501,0.7851137863367407,0.7855917504853827,0.3750952770262313,0.38040925179991236,0.8898914773380169,0.8907521535172384
