contrast_0,contrast_90,dissimilarity_0,dissimilarity_90,homogeneity_0,homogeneity_90,energy_0,energy_90,correlation_0,correlation_90
106.42755609706569,106.63041933191195,2.4542085490912795,2.4485226926591537,0.7987060488737777,0.8007923755284913,0.3123820382937726,0.3109196551409777,0.8825798948815677,0.882342854045379
