contrast_0,contrast_90,dissimilarity_0,dissimilarity_90,homogeneity_0,homogeneity_90,energy_0,energy_90,correlation_0,correlation_90
75.79145090872166,76.59711645852373,2.2646461569702523,2.2412427657630216,0.7379498041117911,0.7496554321478692,0.28442674356435654,0.28942020563837656,0.8869033800772446,0.8856979633763157
