contrast_0,contrast_90,dissimilarity_0,dissimilarity_90,homogeneity_0,homogeneity_90,energy_0,energy_90,correlation_0,correlation_90
164.04822824652217,161.2532490608183,4.054624835008628,3.6995887907401794,0.4971307803058768,0.563783532108299,0.20200042953179626,0.2072387239160387,0.9006496126803423,0.9023350009003351
