contrast_0,contrast_90,dissimilarity_0,dissimilarity_90,homogeneity_0,homogeneity_90,energy_0,energy_90,correlation_0,correlation_90
82.56025992486542,85.44291298608991,2.5965580261955536,2.624505025890956,0.6665364908388232,0.6593108410940123,0.23773909967353338,0.2347581588008947,0.9061833200467193,0.902881712995373
