contrast_0,contrast_90,dissimilarity_0,dissimilarity_90,homogeneity_0,homogeneity_90,energy_0,energy_90,correlation_0,correlation_90
83.47804345618842,83.78749111584926,2.2638085084780175,2.2522591126002642,0.7778630676458562,0.7815445010443018,0.28844626575834714,0.2887558956904531,0.8896872655459376,0.8892705331281385
