contrast_0,contrast_90,dissimilarity_0,dissimilarity_90,homogeneity_0,homogeneity_90,energy_0,energy_90,correlation_0,correlation_90
64.94735506142759,67.37864250177681,2.7193623718143973,3.04860899583714,0.5782228293753617,0.5111170370996184,0.22011237565895858,0.21411549265514798,0.90368445739747,0.9000929511287293
