contrast_0,contrast_90,dissimilarity_0,dissimilarity_90,homogeneity_0,homogeneity_90,energy_0,energy_90,correlation_0,correlation_90
129.56515889938072,129.0198243476495,2.9314397400751346,2.9805817849527876,0.6872565479772618,0.6720163893201316,0.23470387032628182,0.23296380097453315,0.888686361528189,0.8891771396934122
