contrast_0,contrast_90,dissimilarity_0,dissimilarity_90,homogeneity_0,homogeneity_90,energy_0,energy_90,correlation_0,correlation_90
70.83089653771947,68.83536399634492,2.9727891156462594,2.865316275764037,0.5603025921666622,0.5875400574922824,0.21164651298063586,0.2148379416539757,0.9231040441818534,0.9252657152268056
