contrast_0,contrast_90,dissimilarity_0,dissimilarity_90,homogeneity_0,homogeneity_90,energy_0,energy_90,correlation_0,correlation_90
81.5179713676516,85.12582495684839,2.6345314245101017,2.7629962432734287,0.6446837447702929,0.6085708230121691,0.22342103318185108,0.21794295349632725,0.9036295982348612,0.8993218166430421
