contrast_0,contrast_90,dissimilarity_0,dissimilarity_90,homogeneity_0,homogeneity_90,energy_0,energy_90,correlation_0,correlation_90
45.648974515179205,46.197228144989325,1.7578688191694596,1.7530713778048534,0.7730846274695291,0.7777029915628821,0.31369523374543024,0.31441996741792333,0.8880609929784805,0.8867022155154292
