contrast_0,contrast_90,dissimilarity_0,dissimilarity_90,homogeneity_0,homogeneity_90,energy_0,energy_90,correlation_0,correlation_90
47.1570717839374,47.50162453040915,1.8412021525027928,1.8467864757843429,0.7555826195756088,0.7501159809457724,0.2710141847815791,0.2706513753258544,0.9024301821738976,0.9017152185502549
