contrast_0,contrast_90,dissimilarity_0,dissimilarity_90,homogeneity_0,homogeneity_90,energy_0,energy_90,correlation_0,correlation_90
70.7132957660676,72.01165092902836,2.3155904152705866,2.3214793380038583,0.7015987112803755,0.6980207330649986,0.2575920142563431,0.25514423167598604,0.8939292721484118,0.8919483573677391
