contrast_0,contrast_90,dissimilarity_0,dissimilarity_90,homogeneity_0,homogeneity_90,energy_0,energy_90,correlation_0,correlation_90
62.142780992994226,64.83282566758044,2.79985277693167,2.719717737841405,0.5627574223268899,0.5802627959001321,0.2139671701322796,0.21440601209555082,0.9052051611270021,0.9010457248554745
