contrast_0,contrast_90,dissimilarity_0,dissimilarity_90,homogeneity_0,homogeneity_90,energy_0,energy_90,correlation_0,correlation_90
95.68240430500553,95.94613666362065,2.6167123565844235,2.5781297593664316,0.6916123155973373,0.6997023134399637,0.2422174391068336,0.2416557933490754,0.8935654010889198,0.8932607827204091
