contrast_0,contrast_90,dissimilarity_0,dissimilarity_90,homogeneity_0,homogeneity_90,energy_0,energy_90,correlation_0,correlation_90
43.93468880089348,46.19537516499137,1.867930754391309,1.8501624530409182,0.7300573858669287,0.7397950290795665,0.2687761189240043,0.2684202772754265,0.8982031298055365,0.8929024016004019
