contrast_0,contrast_90,dissimilarity_0,dissimilarity_90,homogeneity_0,homogeneity_90,energy_0,energy_90,correlation_0,correlation_90
64.91956036145802,68.43440958472941,2.633541476292011,2.716773276474772,0.5965000401423278,0.5805094480018286,0.21478743759135824,0.21291408772503614,0.8914624971537457,0.885547895036891
