contrast_0,contrast_90,dissimilarity_0,dissimilarity_90,homogeneity_0,homogeneity_90,energy_0,energy_90,correlation_0,correlation_90
87.29127322570817,87.28797339831453,2.412199208041426,2.387577419027313,0.7283887375788461,0.735238916543535,0.2600886872572667,0.2616652824553236,0.891612024754171,0.8916276753081452
