contrast_0,contrast_90,dissimilarity_0,dissimilarity_90,homogeneity_0,homogeneity_90,energy_0,energy_90,correlation_0,correlation_90
43.651918976545815,43.07884049142046,1.7608132805360943,1.7595694994415683,0.7591696219770137,0.754154586078355,0.2630553169085185,0.26101113707713286,0.8820068605532112,0.8836310489094588
