contrast_0,contrast_90,dissimilarity_0,dissimilarity_90,homogeneity_0,homogeneity_90,energy_0,energy_90,correlation_0,correlation_90
48.796299116661565,49.093791247842404,1.9130114732460153,1.902705858462789,0.7342147756199983,0.7381735553677142,0.28377593553086977,0.284725316211806,0.9008106448999943,0.9001953599561358
