contrast_0,contrast_90,dissimilarity_0,dissimilarity_90,homogeneity_0,homogeneity_90,energy_0,energy_90,correlation_0,correlation_90
87.01256472738348,85.47299218194738,2.743197278911565,2.476393542491623,0.6349330068057373,0.6988886456407397,0.2286850948189885,0.2411224295430288,0.8826920389477607,0.8847433501134407
