contrast_0,contrast_90,dissimilarity_0,dissimilarity_90,homogeneity_0,homogeneity_90,energy_0,energy_90,correlation_0,correlation_90
113.34551731140206,114.06097065691945,2.7956645344705056,2.8212508884150678,0.6841922909658722,0.6745475279769696,0.25352630232371354,0.2510949506335083,0.8582798438922662,0.8573356973387262
