contrast_0,contrast_90,dissimilarity_0,dissimilarity_90,homogeneity_0,homogeneity_90,energy_0,energy_90,correlation_0,correlation_90
106.37684028835419,107.07348461772764,2.590973702914002,2.5633820692456073,0.7620934419795002,0.7691559522507476,0.3661546518804646,0.36750621980343895,0.8903554582707112,0.8896425923110532
