contrast_0,contrast_90,dissimilarity_0,dissimilarity_90,homogeneity_0,homogeneity_90,energy_0,energy_90,correlation_0,correlation_90
49.29807594679665,50.57201238704437,1.8426489998984679,1.8455934612651026,0.7701998318427594,0.773041814984667,0.31190113152690874,0.3115689568447261,0.8963678602563091,0.893654317942826
