contrast_0,contrast_90,dissimilarity_0,dissimilarity_90,homogeneity_0,homogeneity_90,energy_0,energy_90,correlation_0,correlation_90
75.7433495786374,76.78967407858664,2.2668545029952276,2.239262869326836,0.7370219470539565,0.751811611938547,0.28279437033415133,0.2869325981916337,0.8869731378892756,0.8854039397527821
