contrast_0,contrast_90,dissimilarity_0,dissimilarity_90,homogeneity_0,homogeneity_90,energy_0,energy_90,correlation_0,correlation_90
85.74563407452526,86.75256371205204,2.3259467966291005,2.4349172504822802,0.766406622829094,0.726514199695686,0.30316242231061924,0.28918616263877367,0.8906002946029195,0.8892989158653635
