contrast_0,contrast_90,dissimilarity_0,dissimilarity_90,homogeneity_0,homogeneity_90,energy_0,energy_90,correlation_0,correlation_90
69.88805970149252,71.7306071682405,2.754391308762312,3.071149355264494,0.5828013653156622,0.5135734928831561,0.22022619938055335,0.21393301366801123,0.8965200387163502,0.8938294229799617
