contrast_0,contrast_90,dissimilarity_0,dissimilarity_90,homogeneity_0,homogeneity_90,energy_0,energy_90,correlation_0,correlation_90
98.76690526957054,98.32635292923138,2.581302670321858,2.61318407960199,0.7218463413669233,0.7078869007450144,0.2616122799460426,0.2583735460899648,0.8994865055057989,0.8999401729133301
