contrast_0,contrast_90,dissimilarity_0,dissimilarity_90,homogeneity_0,homogeneity_90,energy_0,energy_90,correlation_0,correlation_90
73.0005838156158,73.42816529596911,2.266296070667073,2.251446847395673,0.727889880635499,0.7296092727116459,0.26050426994954023,0.25665087450067925,0.8927337053010614,0.8920702586428351
