contrast_0,contrast_90,dissimilarity_0,dissimilarity_90,homogeneity_0,homogeneity_90,energy_0,energy_90,correlation_0,correlation_90
56.23365316275765,57.09381663113009,2.176236166108234,2.216417910447761,0.68078188782693,0.6666573762074125,0.2422673152906772,0.23909697217938136,0.8946939947674042,0.8930446254892371
