contrast_0,contrast_90,dissimilarity_0,dissimilarity_90,homogeneity_0,homogeneity_90,energy_0,energy_90,correlation_0,correlation_90
140.40280739161338,140.36244796426027,3.3597065691948407,3.2586303177987648,0.5920187692351742,0.6115467967871432,0.21174366106472944,0.21473964905888765,0.8971687770972365,0.8971951648244547
