contrast_0,contrast_90,dissimilarity_0,dissimilarity_90,homogeneity_0,homogeneity_90,energy_0,energy_90,correlation_0,correlation_90
75.8094730429485,76.54995431008223,2.2777439333942535,2.2514468473956746,0.7282771208975213,0.7416061831744132,0.26055941674966426,0.26414538213149336,0.8856459213370514,0.8845181722179494
