contrast_0,contrast_90,dissimilarity_0,dissimilarity_90,homogeneity_0,homogeneity_90,energy_0,energy_90,correlation_0,correlation_90
203.46212813483592,208.15024367956133,3.765204589298407,3.96184891867195,0.616460563906125,0.5751063892969056,0.22308515901291087,0.21786529165187182,0.8827135235813206,0.8799635515823606
