contrast_0,contrast_90,dissimilarity_0,dissimilarity_90,homogeneity_0,homogeneity_90,energy_0,energy_90,correlation_0,correlation_90
94.97431211290484,94.59658340948315,2.3395268555183266,2.2988882120012173,0.7935323039566325,0.8085304984729643,0.32597092083050566,0.33250729111241223,0.8802901948576151,0.880769903941501
