contrast_0,contrast_90,dissimilarity_0,dissimilarity_90,homogeneity_0,homogeneity_90,energy_0,energy_90,correlation_0,correlation_90
89.51982434764945,88.47984566961115,2.4201695603614573,2.355619859884251,0.7319471077554105,0.7568882518505788,0.27548601476250123,0.2849799530981726,0.8876673509068507,0.8889868709448862
