contrast_0,contrast_90,dissimilarity_0,dissimilarity_90,homogeneity_0,homogeneity_90,energy_0,energy_90,correlation_0,correlation_90
56.92806376281859,58.1868971469185,2.141029546146816,2.12602802314956,0.6964879330850607,0.70496131088361,0.25272224789230263,0.25360297233892426,0.8947700335958788,0.8924015205473698
