contrast_0,contrast_90,dissimilarity_0,dissimilarity_90,homogeneity_0,homogeneity_90,energy_0,energy_90,correlation_0,correlation_90
49.833790232510914,50.45458929840596,1.7882526144786284,1.7910701594070468,0.7914269612528029,0.7930269774981599,0.34294604026622844,0.3401763773620367,0.8824734438941129,0.8809854658093945
