contrast_0,contrast_90,dissimilarity_0,dissimilarity_90,homogeneity_0,homogeneity_90,energy_0,energy_90,correlation_0,correlation_90
95.40070057873898,95.61531627576409,2.6056452431718964,2.5841963651132116,0.7131223861779591,0.7137636760408329,0.2654279595109314,0.26557279465929085,0.901987119455315,0.9017531670903852
