contrast_0,contrast_90,dissimilarity_0,dissimilarity_90,homogeneity_0,homogeneity_90,energy_0,energy_90,correlation_0,correlation_90
63.58531322976955,63.26170169560361,2.309955325413749,2.263580058889227,0.6670587754619094,0.6857386811092485,0.23616477140650655,0.2405285540626203,0.8980210203710778,0.8985422811031115
