contrast_0,contrast_90,dissimilarity_0,dissimilarity_90,homogeneity_0,homogeneity_90,energy_0,energy_90,correlation_0,correlation_90
53.72141841811349,51.553711036653496,2.6366382373845054,2.5867600771651937,0.5907295259685049,0.5907982965140298,0.22414898959421697,0.22504215003228756,0.9221896258633221,0.9253341586996539
