contrast_0,contrast_90,dissimilarity_0,dissimilarity_90,homogeneity_0,homogeneity_90,energy_0,energy_90,correlation_0,correlation_90
106.73652147426137,108.68187125596506,2.497157071783938,2.497131688496293,0.7805169987699941,0.7854995270643431,0.3566405119041882,0.3561990873774991,0.8897026264471649,0.8876791210588207
