contrast_0,contrast_90,dissimilarity_0,dissimilarity_90,homogeneity_0,homogeneity_90,energy_0,energy_90,correlation_0,correlation_90
99.94189765458422,103.6702457102244,2.8323433851152395,2.9236724540562493,0.6424746425525754,0.6167066626138478,0.22697151039481492,0.2232763673628372,0.8892323508792231,0.8850492744129753
