contrast_0,contrast_90,dissimilarity_0,dissimilarity_90,homogeneity_0,homogeneity_90,energy_0,energy_90,correlation_0,correlation_90
71.20260940196972,72.55696009747177,2.346278810031476,2.3518123667377404,0.6873902912650326,0.6973591842403059,0.2503374931147713,0.25261667721034375,0.893075026709628,0.890988589758216
