contrast_0,contrast_90,dissimilarity_0,dissimilarity_90,homogeneity_0,homogeneity_90,energy_0,energy_90,correlation_0,correlation_90
41.231952482485525,41.460782820590914,1.7653568890242664,1.7605594476596609,0.7446654183014362,0.7453869902258882,0.2641392888651364,0.26388021696072667,0.9049615843019667,0.9044255389902047
