contrast_0,contrast_90,dissimilarity_0,dissimilarity_90,homogeneity_0,homogeneity_90,energy_0,energy_90,correlation_0,correlation_90
94.30959995938669,93.70811757538833,2.5371357498223186,2.586125494974109,0.7247642700663954,0.7020460424146971,0.27142561339965987,0.26482941996620346,0.900704497952155,0.901344738873861
