contrast_0,contrast_90,dissimilarity_0,dissimilarity_90,homogeneity_0,homogeneity_90,energy_0,energy_90,correlation_0,correlation_90
77.31701187937858,76.99456797644429,2.204513148542999,2.1683419636511325,0.764517599342996,0.7766061720843841,0.26899974020281203,0.27439557953240523,0.8747644441685396,0.875292883623919
