contrast_0,contrast_90,dissimilarity_0,dissimilarity_90,homogeneity_0,homogeneity_90,energy_0,energy_90,correlation_0,correlation_90
80.38303381053915,81.22898263783121,2.782566758046501,2.7138034318204904,0.6048388244591364,0.6117304127076815,0.21392909836606924,0.2149004838880882,0.8992732592915341,0.898189273486129
