contrast_0,contrast_90,dissimilarity_0,dissimilarity_90,homogeneity_0,homogeneity_90,energy_0,energy_90,correlation_0,correlation_90
187.44948725758945,189.737739872068,3.626611838765357,3.7744441060006113,0.6311979050192823,0.602035128093173,0.22412066270019337,0.22041723946296,0.8915777584326989,0.8902372555347751
