contrast_0,contrast_90,dissimilarity_0,dissimilarity_90,homogeneity_0,homogeneity_90,energy_0,energy_90,correlation_0,correlation_90
82.34625342674383,81.38498832368767,2.2595948827292083,2.291425525434054,0.7769647915771165,0.7659941114827781,0.320347295507601,0.31835633752858866,0.8889059827884893,0.8902320177458876
