contrast_0,contrast_90,dissimilarity_0,dissimilarity_90,homogeneity_0,homogeneity_90,energy_0,energy_90,correlation_0,correlation_90
63.76403695806684,65.27294649202966,2.2255051274241056,2.2674637018986687,0.7029959598819733,0.6873587403186432,0.25802919322649354,0.2532404142737312,0.8964309954610608,0.8939466859813816
