contrast_0,contrast_90,dissimilarity_0,dissimilarity_90,homogeneity_0,homogeneity_90,energy_0,energy_90,correlation_0,correlation_90
106.80419331911871,108.35191389988829,2.634379124784244,2.624530409178598,0.7489220600343613,0.7536312507472983,0.3795377226688391,0.3777965632069982,0.8891423118094032,0.8875162559567739
