contrast_0,contrast_90,dissimilarity_0,dissimilarity_90,homogeneity_0,homogeneity_90,energy_0,energy_90,correlation_0,correlation_90
108.72796730632554,110.90966087927708,2.581708802924154,2.7839120722916033,0.7475650511379541,0.6907844809766235,0.26500678438511066,0.2530744787732518,0.8769428602199552,0.8744668846646788
