contrast_0,contrast_90,dissimilarity_0,dissimilarity_90,homogeneity_0,homogeneity_90,energy_0,energy_90,correlation_0,correlation_90
80.69834500964562,80.5366788506447,2.229312620570617,2.215427962229666,0.7717661303066798,0.7772506754871942,0.33980738473930505,0.344616039927987,0.8800341547189998,0.8802858218643775
