contrast_0,contrast_90,dissimilarity_0,dissimilarity_90,homogeneity_0,homogeneity_90,energy_0,energy_90,correlation_0,correlation_90
68.65818864859382,68.4643110975734,2.7309879175550837,2.6528581581886503,0.5744233505076871,0.5959308952043639,0.21858340305529914,0.22105293672133478,0.888347623085703,0.8886257640736915
