contrast_0,contrast_90,dissimilarity_0,dissimilarity_90,homogeneity_0,homogeneity_90,energy_0,energy_90,correlation_0,correlation_90
87.70225403594274,90.02365722408365,2.7135242156564137,2.5914306020915823,0.642076453073507,0.6761608934248612,0.2348954269942263,0.23950500828158167,0.9014153440491771,0.8987398591480921
