contrast_0,contrast_90,dissimilarity_0,dissimilarity_90,homogeneity_0,homogeneity_90,energy_0,energy_90,correlation_0,correlation_90
112.95598537922638,112.112117981521,2.613260229464922,2.601558533861306,0.7570846411596015,0.7612251230479261,0.27178614236371657,0.27400671509223007,0.8776963682228597,0.8786368640031855
