contrast_0,contrast_90,dissimilarity_0,dissimilarity_90,homogeneity_0,homogeneity_90,energy_0,energy_90,correlation_0,correlation_90
129.23291704741607,128.42572850035538,2.9309574576099098,2.9787795715301035,0.6866041984468171,0.671821380452842,0.2340965442493676,0.23244553811459334,0.8889714070687984,0.8896906001875714
