contrast_0,contrast_90,dissimilarity_0,dissimilarity_90,homogeneity_0,homogeneity_90,energy_0,energy_90,correlation_0,correlation_90
91.52766778353126,94.65072596202661,2.851761600162452,2.893085592445937,0.6300141385929113,0.6168122971660754,0.22052250304514304,0.21899558771745203,0.9103003548491494,0.9071785540742988
