contrast_0,contrast_90,dissimilarity_0,dissimilarity_90,homogeneity_0,homogeneity_90,energy_0,energy_90,correlation_0,correlation_90
94.26543303888715,94.93232815514261,2.6106965174129364,2.583206416895115,0.7096123510928144,0.7108533070734802,0.26860987892229354,0.26829084145598003,0.9031236181269862,0.9024232137359702
