contrast_0,contrast_90,dissimilarity_0,dissimilarity_90,homogeneity_0,homogeneity_90,energy_0,energy_90,correlation_0,correlation_90
45.83000812265203,46.295740684333445,1.8528530815311182,1.8272667275865573,0.7457553000241236,0.7542673651080272,0.30162953977951945,0.3029425886447205,0.9041949815305453,0.903200693779439
