contrast_0,contrast_90,dissimilarity_0,dissimilarity_90,homogeneity_0,homogeneity_90,energy_0,energy_90,correlation_0,correlation_90
46.37361661082343,47.35678749111583,1.8744288760280237,1.8671438724743639,0.7385489033564838,0.7402297446184702,0.28527868981393467,0.2841432452306143,0.9042986306056454,0.9022497619147507
