contrast_0,contrast_90,dissimilarity_0,dissimilarity_90,homogeneity_0,homogeneity_90,energy_0,energy_90,correlation_0,correlation_90
63.78713574982231,65.19557823129247,2.233018580566555,2.2682759671032597,0.6989605203338088,0.6866403264606379,0.2569689106613379,0.25374069805627797,0.8966006183163172,0.8942806882420063
