contrast_0,contrast_90,dissimilarity_0,dissimilarity_90,homogeneity_0,homogeneity_90,energy_0,energy_90,correlation_0,correlation_90
80.3111229566453,81.588409990862,2.263960808203878,2.2543659254746657,0.767452015108516,0.7714420260984942,0.2896430373354092,0.2881721483289202,0.8936413192807721,0.8919203651724981
