contrast_0,contrast_90,dissimilarity_0,dissimilarity_90,homogeneity_0,homogeneity_90,energy_0,energy_90,correlation_0,correlation_90
206.7032186008732,204.68514570007113,3.9367956137678988,3.8085592445933605,0.5868994873336069,0.6060793564216554,0.21937450505455047,0.22194184660983585,0.8810942366150953,0.8822613068033474
