contrast_0,contrast_90,dissimilarity_0,dissimilarity_90,homogeneity_0,homogeneity_90,energy_0,energy_90,correlation_0,correlation_90
99.49657325616805,98.59366433140417,2.5842471316884956,2.6247842420550316,0.7225625399789578,0.7043458622114873,0.25854459108711353,0.25499203042649216,0.8989210744391963,0.8998476351404502
