contrast_0,contrast_90,dissimilarity_0,dissimilarity_90,homogeneity_0,homogeneity_90,energy_0,energy_90,correlation_0,correlation_90
74.61841303685654,75.62480962534265,2.2618793786171176,2.2338054624835,0.7336850190749793,0.748634868621952,0.2880158531804802,0.29323665539198385,0.8880214326459618,0.8865072581602992
