contrast_0,contrast_90,dissimilarity_0,dissimilarity_90,homogeneity_0,homogeneity_90,energy_0,energy_90,correlation_0,correlation_90
117.41331607269763,117.71900700578735,2.7215707178393735,2.735303076454463,0.7326264087105621,0.7225324374138433,0.24126847885959513,0.24103078467356778,0.892930485391988,0.8926484267133153
