contrast_0,contrast_90,dissimilarity_0,dissimilarity_90,homogeneity_0,homogeneity_90,energy_0,energy_90,correlation_0,correlation_90
72.8999390801096,74.08285105086804,2.3945070565539672,2.4602497715504126,0.6863450403340999,0.6685270679901061,0.23966588074835804,0.2382438706569237,0.8960785708093055,0.8943680595291462
