contrast_0,contrast_90,dissimilarity_0,dissimilarity_90,homogeneity_0,homogeneity_90,energy_0,energy_90,correlation_0,correlation_90
70.35843740481268,69.76964666463596,2.6607523606457506,2.6234389278099335,0.6592245927262609,0.6792358841540349,0.27030852151939716,0.27771323374061246,0.9051726557645193,0.9059888636101017
