contrast_0,contrast_90,dissimilarity_0,dissimilarity_90,homogeneity_0,homogeneity_90,energy_0,energy_90,correlation_0,correlation_90
48.21905777236267,48.50510204081632,1.8821707787592654,1.8550868108437415,0.7458871981068258,0.7556542193261763,0.2837507024196654,0.28644126765030303,0.901227335270061,0.9006148517687624
