contrast_0,contrast_90,dissimilarity_0,dissimilarity_90,homogeneity_0,homogeneity_90,energy_0,energy_90,correlation_0,correlation_90
59.705579246624026,59.799675093918104,2.623794293836939,2.628540968626257,0.5743306308008579,0.5731579136787759,0.21286047261697824,0.2117356976888754,0.8855566763953646,0.885380920876325
