contrast_0,contrast_90,dissimilarity_0,dissimilarity_90,homogeneity_0,homogeneity_90,energy_0,energy_90,correlation_0,correlation_90
51.60841202152501,52.75063458219107,2.4825616813889693,2.541019392831761,0.5944760735277492,0.5769043526019817,0.2165731465466948,0.21481407083098092,0.89967853457709,0.8974333547787499
