contrast_0,contrast_90,dissimilarity_0,dissimilarity_90,homogeneity_0,homogeneity_90,energy_0,energy_90,correlation_0,correlation_90
94.99535485836128,94.351863133313,2.576073713067316,2.6147324601482373,0.7154758558591676,0.6992734620198955,0.26933092582671503,0.2652243427273591,0.9003720513137605,0.901054481799206
