contrast_0,contrast_90,dissimilarity_0,dissimilarity_90,homogeneity_0,homogeneity_90,energy_0,energy_90,correlation_0,correlation_90
88.30135039090264,86.86107726672755,2.406792567773378,2.3497563204386247,0.7340499251634606,0.753708957408231,0.2732586992879164,0.2817902672856487,0.8889616138612562,0.8907990212162085
