contrast_0,contrast_90,dissimilarity_0,dissimilarity_90,homogeneity_0,homogeneity_90,energy_0,energy_90,correlation_0,correlation_90
215.58102345415784,212.02733780079197,4.025586353944563,3.770915829018175,0.5723819129545172,0.6288574829813028,0.21985376434945664,0.22634857013195608,0.8764507716469617,0.8785377772159697
