contrast_0,contrast_90,dissimilarity_0,dissimilarity_90,homogeneity_0,homogeneity_90,energy_0,energy_90,correlation_0,correlation_90
70.0189613158697,68.67011879378617,2.743146512336279,2.65108132805361,0.5748764637428867,0.5986689577260229,0.21761394056239816,0.22033180572030173,0.8858349972716594,0.8880491570918851
