contrast_0,contrast_90,dissimilarity_0,dissimilarity_90,homogeneity_0,homogeneity_90,energy_0,energy_90,correlation_0,correlation_90
55.13267844451211,55.80195958980609,2.0103309980708692,2.0069042542390085,0.7379263145491842,0.7369203785513004,0.25236510093550446,0.2517113110271969,0.9037206382789932,0.9025227330819158
