contrast_0,contrast_90,dissimilarity_0,dissimilarity_90,homogeneity_0,homogeneity_90,energy_0,energy_90,correlation_0,correlation_90
129.73900903645037,129.12232206315363,2.926033099807085,2.980734084678648,0.6898098607233806,0.6736588614749415,0.23430700300483787,0.23218155506988702,0.8884812048543311,0.8890326531604327
