contrast_0,contrast_90,dissimilarity_0,dissimilarity_90,homogeneity_0,homogeneity_90,energy_0,energy_90,correlation_0,correlation_90
107.87470809219208,110.98477002741399,2.604934511117879,2.601583917148948,0.7605004401004012,0.7636192900583868,0.36934071812623726,0.3682071270422406,0.8889524835477698,0.8857037959708022
