contrast_0,contrast_90,dissimilarity_0,dissimilarity_90,homogeneity_0,homogeneity_90,energy_0,energy_90,correlation_0,correlation_90
94.30531018377505,94.73367854604531,2.721291501675295,2.6946898162249964,0.6908844446950211,0.685197905412492,0.2644874942938296,0.25884123893454847,0.8953907467421908,0.8949384588446754
