contrast_0,contrast_90,dissimilarity_0,dissimilarity_90,homogeneity_0,homogeneity_90,energy_0,energy_90,correlation_0,correlation_90
72.65516803736419,74.18245507158093,2.4319981724032886,2.387145903137373,0.6743890535094731,0.6888139872827265,0.23743629022528281,0.23872307425507405,0.896092945254348,0.8938523750921726
