contrast_0,contrast_90,dissimilarity_0,dissimilarity_90,homogeneity_0,homogeneity_90,energy_0,energy_90,correlation_0,correlation_90
76.50515280739172,77.53810031475273,2.839298405929534,2.7984820793989234,0.5812591038380728,0.5957575196808883,0.21544246284570204,0.2172760552967416,0.8905615743460233,0.8890835969712717
