contrast_0,contrast_90,dissimilarity_0,dissimilarity_90,homogeneity_0,homogeneity_90,energy_0,energy_90,correlation_0,correlation_90
89.06051375774187,91.70966595593465,3.0245710224388276,3.0967610924967013,0.5960129925852143,0.6256703011948364,0.2462110941300199,0.25124338103431043,0.8746437148009649,0.8708410126307649
