contrast_0,contrast_90,dissimilarity_0,dissimilarity_90,homogeneity_0,homogeneity_90,energy_0,energy_90,correlation_0,correlation_90
90.90306122448978,91.79515686871765,2.1890293430805157,2.1985988425220837,0.8415726169218348,0.8400891998897203,0.35793327894976257,0.361821527281174,0.8840833168990805,0.8829196087863532
