contrast_0,contrast_90,dissimilarity_0,dissimilarity_90,homogeneity_0,homogeneity_90,energy_0,energy_90,correlation_0,correlation_90
56.2849781703726,57.86732155548787,2.349248654685757,2.3316326530612237,0.6305789496686369,0.6400447286914271,0.22107890842177844,0.2212956943327811,0.8993089694629708,0.8964514895430127
