contrast_0,contrast_90,dissimilarity_0,dissimilarity_90,homogeneity_0,homogeneity_90,energy_0,energy_90,correlation_0,correlation_90
106.64544623819668,107.63011473246014,2.4586760077165213,2.4681693572951566,0.7980463254163056,0.7971539233876536,0.3101931741544519,0.3068119883643614,0.8823265694942586,0.8812147594233793
