contrast_0,contrast_90,dissimilarity_0,dissimilarity_90,homogeneity_0,homogeneity_90,energy_0,energy_90,correlation_0,correlation_90
76.6920753375977,76.25911260026395,2.163290689410092,2.1473246014823846,0.7771211857398993,0.78110320199996,0.27400025324947425,0.2769471629620243,0.8774820880399309,0.8781671780031545
