contrast_0,contrast_90,dissimilarity_0,dissimilarity_90,homogeneity_0,homogeneity_90,energy_0,energy_90,correlation_0,correlation_90
94.16237689105489,93.43677023048022,2.5549548177479933,2.6025738653670403,0.7187686651387772,0.696158203384567,0.2641937939676972,0.25790956438497703,0.9009781717045253,0.9017496171437696
