contrast_0,contrast_90,dissimilarity_0,dissimilarity_90,homogeneity_0,homogeneity_90,energy_0,energy_90,correlation_0,correlation_90
42.081074220733036,42.16169154228856,1.7745456391511831,1.770281246827089,0.7451722422908162,0.744667322286598,0.2580369863957439,0.25810429100616405,0.9024245248495655,0.9022176389248574
