contrast_0,contrast_90,dissimilarity_0,dissimilarity_90,homogeneity_0,homogeneity_90,energy_0,energy_90,correlation_0,correlation_90
106.88204386232101,105.07863742511927,2.7715250279216175,2.7043354655294953,0.6697423216628662,0.6844727976554387,0.24848597839399097,0.250936136451444,0.8726831196523411,0.874905367651891
