contrast_0,contrast_90,dissimilarity_0,dissimilarity_90,homogeneity_0,homogeneity_90,energy_0,energy_90,correlation_0,correlation_90
117.40803634886781,116.82419534978162,2.7159356279825384,2.7306833181033623,0.732061668434303,0.7191986774054039,0.2401485383903978,0.23945589941354511,0.8928194048057925,0.8933529812963382
