contrast_0,contrast_90,dissimilarity_0,dissimilarity_90,homogeneity_0,homogeneity_90,energy_0,energy_90,correlation_0,correlation_90
170.60077165194434,176.99505025890957,3.5653873489694385,3.816250380749313,0.6227951237243807,0.5742515309650215,0.22254442166594388,0.21476696623678895,0.8977602726559779,0.8938859863310787
