contrast_0,contrast_90,dissimilarity_0,dissimilarity_90,homogeneity_0,homogeneity_90,energy_0,energy_90,correlation_0,correlation_90
70.9740836633161,71.82018479033408,2.2786323484617728,2.271804244085692,0.7155317188687979,0.7166750318379435,0.26257361285616726,0.2585586733927529,0.8947826243129163,0.8934876737360209
