contrast_0,contrast_90,dissimilarity_0,dissimilarity_90,homogeneity_0,homogeneity_90,energy_0,energy_90,correlation_0,correlation_90
62.48345009645649,63.75101533150574,2.56980404101939,2.4566707279926896,0.5806502595755791,0.6197245686234737,0.21815363503792515,0.2215875613615728,0.8923477684798556,0.890106822194115
