contrast_0,contrast_90,dissimilarity_0,dissimilarity_90,homogeneity_0,homogeneity_90,energy_0,energy_90,correlation_0,correlation_90
117.25652350492439,116.55581784952783,2.7113412529190772,2.7260889430399047,0.7327462895761024,0.7191656068280149,0.2401496142589036,0.23867924402487964,0.8930686856581191,0.8937090129336592
