contrast_0,contrast_90,dissimilarity_0,dissimilarity_90,homogeneity_0,homogeneity_90,energy_0,energy_90,correlation_0,correlation_90
58.65410193928315,59.24756320438619,2.1155193420651845,2.120545233018581,0.7147222695230547,0.7105088425554541,0.25264408137625394,0.25227833195661303,0.907205692730215,0.9062655272617918
