contrast_0,contrast_90,dissimilarity_0,dissimilarity_90,homogeneity_0,homogeneity_90,energy_0,energy_90,correlation_0,correlation_90
203.5353335363997,208.07944969032403,3.764189257792669,3.949690323890753,0.6159782603679782,0.5800976663607156,0.22295821314068776,0.21803719865745266,0.8826387464636178,0.8799709178602266
