contrast_0,contrast_90,dissimilarity_0,dissimilarity_90,homogeneity_0,homogeneity_90,energy_0,energy_90,correlation_0,correlation_90
55.98672454056252,55.84777642400243,2.0048482079398924,2.022870342166717,0.7425541268819975,0.7304559718247869,0.25472188213354285,0.2525074952065387,0.9028104748033559,0.9030504893551964
