contrast_0,contrast_90,dissimilarity_0,dissimilarity_90,homogeneity_0,homogeneity_90,energy_0,energy_90,correlation_0,correlation_90
45.009163366839296,45.74200426439232,1.7274596405726474,1.7445933597319525,0.7864974083681268,0.7804727907805677,0.2989646592738915,0.2963337820768513,0.8875473820337373,0.8856769239491967
