contrast_0,contrast_90,dissimilarity_0,dissimilarity_90,homogeneity_0,homogeneity_90,energy_0,energy_90,correlation_0,correlation_90
181.81086912376912,176.56155447253525,3.8613310996040235,3.550131993095747,0.5641077472957832,0.628706011156028,0.21270068215454585,0.2212322049161168,0.8909429202543476,0.894084260347919
