contrast_0,contrast_90,dissimilarity_0,dissimilarity_90,homogeneity_0,homogeneity_90,energy_0,energy_90,correlation_0,correlation_90
66.17103259214136,67.78416590516802,2.1654482688597816,2.1752208346024986,0.7231784790055789,0.727181720175237,0.26746054974648215,0.27246173838351373,0.8820719654119373,0.8791362799523598
