contrast_0,contrast_90,dissimilarity_0,dissimilarity_90,homogeneity_0,homogeneity_90,energy_0,energy_90,correlation_0,correlation_90
49.15029444613665,49.479008021118865,1.8365062442887596,1.8316834196365113,0.7720608235247126,0.7728582547539876,0.3204547266359094,0.31873751742386625,0.8951029633469143,0.8943866161217835
