contrast_0,contrast_90,dissimilarity_0,dissimilarity_90,homogeneity_0,homogeneity_90,energy_0,energy_90,correlation_0,correlation_90
38.67940907706363,39.81008224185194,1.6805259417199716,1.6876332622601289,0.7657260538490531,0.7674638477679228,0.26819695361734947,0.26941589529075777,0.8934589351538139,0.8902901569480313
