contrast_0,contrast_90,dissimilarity_0,dissimilarity_90,homogeneity_0,homogeneity_90,energy_0,energy_90,correlation_0,correlation_90
47.9697685044167,47.93098284089752,1.8574220733069349,1.8503655193420663,0.7481380752184974,0.7491168434426103,0.2724387588749542,0.2738069082853771,0.8908145267713611,0.8909101891871222
