contrast_0,contrast_90,dissimilarity_0,dissimilarity_90,homogeneity_0,homogeneity_90,energy_0,energy_90,correlation_0,correlation_90
56.542415473652184,56.94435983348561,2.3446796629099373,2.3977561173723236,0.6332018069199631,0.6174334467692097,0.2180834432744466,0.2174564400807939,0.8988866584901163,0.8981509229526313
