contrast_0,contrast_90,dissimilarity_0,dissimilarity_90,homogeneity_0,homogeneity_90,energy_0,energy_90,correlation_0,correlation_90
62.732282465224905,63.68446035130477,2.470022337293125,2.635724439029342,0.6244342056090607,0.5798577290906777,0.22228611518661104,0.2163237014520395,0.8929127485805123,0.8912807601817188
