contrast_0,contrast_90,dissimilarity_0,dissimilarity_90,homogeneity_0,homogeneity_90,energy_0,energy_90,correlation_0,correlation_90
134.1836480861001,134.79061326022938,2.7590364504010534,2.756650421362573,0.7732562756766724,0.7755996053605085,0.26495214255304134,0.26676626017303384,0.8789498791593169,0.878366889628597
