contrast_0,contrast_90,dissimilarity_0,dissimilarity_90,homogeneity_0,homogeneity_90,energy_0,energy_90,correlation_0,correlation_90
214.33559244593366,210.05581784952784,3.995253325210681,3.7684282668291207,0.5807058134403783,0.6269781810164314,0.2225041225809463,0.22831550029707234,0.8770840563240353,0.8795934885724535
