contrast_0,contrast_90,dissimilarity_0,dissimilarity_90,homogeneity_0,homogeneity_90,energy_0,energy_90,correlation_0,correlation_90
83.17651538227231,83.04543608488176,2.517412935323382,2.6120925982333225,0.690201901439407,0.6606147283383824,0.24026219965775694,0.23597483219758625,0.9052762555106477,0.9054421426463074
