contrast_0,contrast_90,dissimilarity_0,dissimilarity_90,homogeneity_0,homogeneity_90,energy_0,energy_90,correlation_0,correlation_90
118.3427251497614,118.20377703320132,2.704640064981217,2.75200527972383,0.7401341009988289,0.7240542878126963,0.27734617347984053,0.27361174063816845,0.8749295344555137,0.8750677873095519
