contrast_0,contrast_90,dissimilarity_0,dissimilarity_90,homogeneity_0,homogeneity_90,energy_0,energy_90,correlation_0,correlation_90
87.2345923444004,88.51441770738143,2.9546654482688623,3.0146715402578956,0.605439728218772,0.6094261875192801,0.24291550318618865,0.24414706440495065,0.8775404798667593,0.8757324512837762
