contrast_0,contrast_90,dissimilarity_0,dissimilarity_90,homogeneity_0,homogeneity_90,energy_0,energy_90,correlation_0,correlation_90
91.56345821910855,92.01474769012076,2.1790537110366532,2.1936491014316175,0.8496155493864204,0.843581899269145,0.3737785371125824,0.37557022845346194,0.8833337686156851,0.8827333981370862
