contrast_0,contrast_90,dissimilarity_0,dissimilarity_90,homogeneity_0,homogeneity_90,energy_0,energy_90,correlation_0,correlation_90
78.32856127525636,78.60125393440954,2.2698243476495077,2.2508630317798763,0.7466476344457859,0.7549936383309769,0.29088248016793616,0.29217069569873605,0.8832765544839521,0.882893200002214
