contrast_0,contrast_90,dissimilarity_0,dissimilarity_90,homogeneity_0,homogeneity_90,energy_0,energy_90,correlation_0,correlation_90
75.24725860493447,76.18618641486444,2.253705959995939,2.2421311808305404,0.7408390754243611,0.7479283657435288,0.28697653056384925,0.288503340867009,0.8877282034077192,0.886321091543378
