contrast_0,contrast_90,dissimilarity_0,dissimilarity_90,homogeneity_0,homogeneity_90,energy_0,energy_90,correlation_0,correlation_90
46.58150573662301,46.21233120113714,1.84757335770129,1.858589704538533,0.7426000684033065,0.7397729289655538,0.26661006029562506,0.26760140035852753,0.8926597623790401,0.8935347465572566
