contrast_0,contrast_90,dissimilarity_0,dissimilarity_90,homogeneity_0,homogeneity_90,energy_0,energy_90,correlation_0,correlation_90
63.9871814397401,63.75878261752461,2.2333993298812076,2.2679713676515374,0.6959382464841747,0.6781386743856881,0.24835529054903938,0.24283135419434818,0.8964133339314706,0.8967827712457973
