contrast_0,contrast_90,dissimilarity_0,dissimilarity_90,homogeneity_0,homogeneity_90,energy_0,energy_90,correlation_0,correlation_90
106.12953091684425,104.43527261650922,2.8981876332622623,2.831099604020715,0.633207044966712,0.6513805878310185,0.22176917779732402,0.22515348443928196,0.8651935424342656,0.86738839320484
