contrast_0,contrast_90,dissimilarity_0,dissimilarity_90,homogeneity_0,homogeneity_90,energy_0,energy_90,correlation_0,correlation_90
45.41273225708195,42.878033302873355,2.8364300944258303,2.7751294547669825,0.49264563822169294,0.4876159329851384,0.1973829125194041,0.19789555665671163,0.9159270435226929,0.9205802858148441
