contrast_0,contrast_90,dissimilarity_0,dissimilarity_90,homogeneity_0,homogeneity_90,energy_0,energy_90,correlation_0,correlation_90
72.63628287135748,73.03048532845972,2.646131586963145,2.6648136866686984,0.6449477722129203,0.6363572391247294,0.2463967747197146,0.24633391153319925,0.9182909752421478,0.9178453628602525
