contrast_0,contrast_90,dissimilarity_0,dissimilarity_90,homogeneity_0,homogeneity_90,energy_0,energy_90,correlation_0,correlation_90
111.59764950756427,111.95017260635595,2.7263427759163386,2.7338562290587896,0.7107849723586872,0.7034409023861594,0.24729757840797487,0.24629047302855622,0.8803301589016637,0.8799247337231594
