contrast_0,contrast_90,dissimilarity_0,dissimilarity_90,homogeneity_0,homogeneity_90,energy_0,energy_90,correlation_0,correlation_90
77.79579145090874,78.2621078282059,2.9496141740278197,2.7614986293024675,0.5611512049311658,0.6092234627288233,0.21577521685838036,0.22214569031252782,0.8880737016255764,0.8873521842159477
