contrast_0,contrast_90,dissimilarity_0,dissimilarity_90,homogeneity_0,homogeneity_90,energy_0,energy_90,correlation_0,correlation_90
51.59818255660468,54.73301858056665,2.881713879581679,2.8107422073306942,0.522911203591094,0.535248984854179,0.2028848787247572,0.20264045611546624,0.9172342244074201,0.912158748345581
