contrast_0,contrast_90,dissimilarity_0,dissimilarity_90,homogeneity_0,homogeneity_90,energy_0,energy_90,correlation_0,correlation_90
50.8513300842725,52.23515077672861,2.0242410396994606,2.001218397806884,0.7172846269473897,0.7221123660816002,0.2527007522797266,0.251416947354237,0.910234210909137,0.9077628730798064
