contrast_0,contrast_90,dissimilarity_0,dissimilarity_90,homogeneity_0,homogeneity_90,energy_0,energy_90,correlation_0,correlation_90
120.39547162148445,119.88077469793885,2.739009036450401,2.7809676109249657,0.7342036967307402,0.7167513085078623,0.27008839567464615,0.2671768580997012,0.8728113821754492,0.8733435041306379
