contrast_0,contrast_90,dissimilarity_0,dissimilarity_90,homogeneity_0,homogeneity_90,energy_0,energy_90,correlation_0,correlation_90
102.50718347040306,102.38734896943852,2.6116610823433852,2.57513453142451,0.7117988702297506,0.7243919033668936,0.2720485018139733,0.27622332470155203,0.8699701492226525,0.8701470521391801
