contrast_0,contrast_90,dissimilarity_0,dissimilarity_90,homogeneity_0,homogeneity_90,energy_0,energy_90,correlation_0,correlation_90
55.94349680170577,56.90813788201849,2.1482891664128343,2.1927353030764554,0.6890451258869449,0.671727529855167,0.25273192044895915,0.2481269171610553,0.8945482212350212,0.8927001510213989
