contrast_0,contrast_90,dissimilarity_0,dissimilarity_90,homogeneity_0,homogeneity_90,energy_0,energy_90,correlation_0,correlation_90
48.99987308356177,49.99439029343078,1.8297542897756118,1.8178749111584935,0.7732702964213874,0.7816695068357357,0.3124355719583855,0.31536298926570294,0.8954074164605643,0.8932561135274025
