contrast_0,contrast_90,dissimilarity_0,dissimilarity_90,homogeneity_0,homogeneity_90,energy_0,energy_90,correlation_0,correlation_90
113.51043253122143,112.47365214742615,2.5541933191186925,2.5343182048938973,0.7798097015226682,0.7853995497809957,0.3432405024983618,0.348156031474411,0.8808286703359401,0.8819544508204961
