contrast_0,contrast_90,dissimilarity_0,dissimilarity_90,homogeneity_0,homogeneity_90,energy_0,energy_90,correlation_0,correlation_90
94.61638237384507,94.66892577926698,3.2101990049751232,3.215732561681388,0.5810479494195369,0.5913288786291278,0.2365362820776608,0.23929366336443453,0.8667876028141317,0.8667096625304122
