contrast_0,contrast_90,dissimilarity_0,dissimilarity_90,homogeneity_0,homogeneity_90,energy_0,energy_90,correlation_0,correlation_90
49.54320235556907,50.750609198903454,1.835719362371814,1.83955223880597,0.7737159721460368,0.7767118851635563,0.3188314968543759,0.3170238574056483,0.896753552430802,0.8942127113556679
