contrast_0,contrast_90,dissimilarity_0,dissimilarity_90,homogeneity_0,homogeneity_90,energy_0,energy_90,correlation_0,correlation_90
80.18176972281447,80.83952685551827,2.9792618539953275,2.9709615189359337,0.5913392103318283,0.575586955123334,0.23411645376876597,0.2303664629745656,0.8785212333268926,0.8774307674106205
