contrast_0,contrast_90,dissimilarity_0,dissimilarity_90,homogeneity_0,homogeneity_90,energy_0,energy_90,correlation_0,correlation_90
48.70139100416288,48.51058483094727,1.8497309371509798,1.8709259823332318,0.7646080009700977,0.7516100027762768,0.29230520742689997,0.2890214564670797,0.9013854833911208,0.9017603552991145
