contrast_0,contrast_90,dissimilarity_0,dissimilarity_90,homogeneity_0,homogeneity_90,energy_0,energy_90,correlation_0,correlation_90
90.51550918875012,91.45423393237891,2.1925322367753077,2.2072545436084883,0.8380993601823691,0.8341140222570561,0.3676241911165005,0.36842686326596247,0.8849048663666272,0.8836983299487551
