contrast_0,contrast_90,dissimilarity_0,dissimilarity_90,homogeneity_0,homogeneity_90,energy_0,energy_90,correlation_0,correlation_90
73.45235556909329,73.53078992791147,2.1489745151792063,2.1775053304904057,0.768008213606828,0.7535376632888533,0.2764778684964132,0.27298838080028764,0.8805647140046368,0.8804433867118863
