contrast_0,contrast_90,dissimilarity_0,dissimilarity_90,homogeneity_0,homogeneity_90,energy_0,energy_90,correlation_0,correlation_90
83.07688597827179,82.17780992994209,2.261067113412528,2.2974159813179,0.7783765871093014,0.7658160931650835,0.30000030987061677,0.29640837208284027,0.8881903262293616,0.8894304943489918
