contrast_0,contrast_90,dissimilarity_0,dissimilarity_90,homogeneity_0,homogeneity_90,energy_0,energy_90,correlation_0,correlation_90
89.491953497817,88.24444106000607,2.4131637729718753,2.3527261650929034,0.7346029583438219,0.7596528430283693,0.28173435242709305,0.2923297704629995,0.8868589615137843,0.8884580828167631
