contrast_0,contrast_90,dissimilarity_0,dissimilarity_90,homogeneity_0,homogeneity_90,energy_0,energy_90,correlation_0,correlation_90
84.67999289267951,80.18352116966189,2.881637729718756,2.8445527464717237,0.6131015779124726,0.6268651141782121,0.22482550322265737,0.22909040491994798,0.9163115289671329,0.9207709416097266
