contrast_0,contrast_90,dissimilarity_0,dissimilarity_90,homogeneity_0,homogeneity_90,energy_0,energy_90,correlation_0,correlation_90
85.13105391410289,86.0625444207534,2.3214793380038588,2.421311808305412,0.7671998617002989,0.7320371313684159,0.29938514642451625,0.2874373052359643,0.8912287440956664,0.8900221886513543
