contrast_0,contrast_90,dissimilarity_0,dissimilarity_90,homogeneity_0,homogeneity_90,energy_0,energy_90,correlation_0,correlation_90
107.7500761498629,107.21418418113515,2.4552746471723017,2.459285206619963,0.7964459887971187,0.7925534913226762,0.28855739925865553,0.28707457837929834,0.8779821023865071,0.8786122201738963
