contrast_0,contrast_90,dissimilarity_0,dissimilarity_90,homogeneity_0,homogeneity_90,energy_0,energy_90,correlation_0,correlation_90
55.92638846583411,56.90521880393949,2.5064473550614284,2.5468575489897436,0.5815949652119912,0.5769640924699381,0.21006620269696186,0.20881196517378325,0.8954588163705125,0.8936085523297537
