contrast_0,contrast_90,dissimilarity_0,dissimilarity_90,homogeneity_0,homogeneity_90,energy_0,energy_90,correlation_0,correlation_90
53.94227840389891,54.7839120722916,1.949334957863743,1.9856076759061831,0.7462066186459101,0.734634945291548,0.27740956446057286,0.27477616277537187,0.8988350563835376,0.8972439541891417
