contrast_0,contrast_90,dissimilarity_0,dissimilarity_90,homogeneity_0,homogeneity_90,energy_0,energy_90,correlation_0,correlation_90
73.24949233424712,73.46921007208852,2.1280586861610318,2.158061732155548,0.7749550904149958,0.7638284916660969,0.2739927471622023,0.2717485838454134,0.8813164986004279,0.8809564918334205
