contrast_0,contrast_90,dissimilarity_0,dissimilarity_90,homogeneity_0,homogeneity_90,energy_0,energy_90,correlation_0,correlation_90
83.45550309676108,83.42105797542895,2.5233780079195873,2.6111787998781613,0.6867642371020767,0.6606956520033009,0.24012642165136916,0.2365891261120881,0.9049785704748615,0.905034788971427
