contrast_0,contrast_90,dissimilarity_0,dissimilarity_90,homogeneity_0,homogeneity_90,energy_0,energy_90,correlation_0,correlation_90
107.5489897451518,107.87658645547768,2.773378007919586,2.8253629810133023,0.6723122436708023,0.6588271457474224,0.23945324902933635,0.24027689224625215,0.863340906853703,0.8628600889275803
