contrast_0,contrast_90,dissimilarity_0,dissimilarity_90,homogeneity_0,homogeneity_90,energy_0,energy_90,correlation_0,correlation_90
41.68572951568686,42.4973093715098,1.7349223271398115,1.731901715910245,0.7623691447479852,0.7642291724208601,0.2715464060395529,0.2712086725577572,0.8930688475237232,0.8909622996782589
