contrast_0,contrast_90,dissimilarity_0,dissimilarity_90,homogeneity_0,homogeneity_90,energy_0,energy_90,correlation_0,correlation_90
72.33305411716921,73.43197278911562,2.362549497410904,2.3664839069956365,0.6882633067431695,0.6891456163081913,0.2580158062046718,0.2594282866603994,0.8898614700366781,0.8881481071424304
