contrast_0,contrast_90,dissimilarity_0,dissimilarity_90,homogeneity_0,homogeneity_90,energy_0,energy_90,correlation_0,correlation_90
59.127424103969936,60.391943344501996,2.7083460249771547,2.6762361661082332,0.5567300315770347,0.5715735951847838,0.21097724137238205,0.21324607361875123,0.8881551761271312,0.8856304910912847
