contrast_0,contrast_90,dissimilarity_0,dissimilarity_90,homogeneity_0,homogeneity_90,energy_0,energy_90,correlation_0,correlation_90
108.8884658340948,105.1027261650929,3.0304091785968117,2.7760940196974313,0.608250287487237,0.6786772399542436,0.2302237854296067,0.2430224513022999,0.8823030525930401,0.8864097911811413
