contrast_0,contrast_90,dissimilarity_0,dissimilarity_90,homogeneity_0,homogeneity_90,energy_0,energy_90,correlation_0,correlation_90
152.3251599147119,152.39595390394956,3.5386333637932816,3.6836480861001153,0.5850641137242056,0.5485100619737611,0.21458338981909567,0.21185738568136928,0.9033680139087079,0.9033276037821445
