contrast_0,contrast_90,dissimilarity_0,dissimilarity_90,homogeneity_0,homogeneity_90,energy_0,energy_90,correlation_0,correlation_90
79.2933546552949,79.27147426134634,2.219032389075034,2.2145141638745045,0.7678792599488559,0.769696204734609,0.32934063991737206,0.3316482391798576,0.8816722140758149,0.8817126461773751
