contrast_0,contrast_90,dissimilarity_0,dissimilarity_90,homogeneity_0,homogeneity_90,energy_0,energy_90,correlation_0,correlation_90
45.707051477307346,44.94697431211291,1.8300081226520466,1.8651385927505333,0.7464450859219861,0.732052390908701,0.26847946177854176,0.2667713829015509,0.8943893847758972,0.8961629771377807
