contrast_0,contrast_90,dissimilarity_0,dissimilarity_90,homogeneity_0,homogeneity_90,energy_0,energy_90,correlation_0,correlation_90
81.54266930652858,84.84523809523806,2.625164991369684,2.742131180830542,0.6478474371431086,0.6213497540335734,0.22074474780244566,0.2175987925838731,0.9028250961902179,0.8988476433993464
