contrast_0,contrast_90,dissimilarity_0,dissimilarity_90,homogeneity_0,homogeneity_90,energy_0,energy_90,correlation_0,correlation_90
55.196111280333035,53.34132906894104,2.602802314955834,2.606178292212406,0.6008934155586966,0.5961296516587521,0.22267910628955484,0.2254144162127304,0.9203220805431821,0.9230047114074836
