contrast_0,contrast_90,dissimilarity_0,dissimilarity_90,homogeneity_0,homogeneity_90,energy_0,energy_90,correlation_0,correlation_90
122.37668798862819,125.16402680475164,3.050512742410398,2.9748197786577326,0.6352865275812621,0.6585694568617534,0.2223067926048678,0.22583456666317445,0.8949351772939463,0.8925106023615593
