contrast_0,contrast_90,dissimilarity_0,dissimilarity_90,homogeneity_0,homogeneity_90,energy_0,energy_90,correlation_0,correlation_90
65.34112600263988,67.2811960605137,2.6215605645243194,2.7873388161234662,0.5990078291900751,0.5578815838964045,0.2166376296156656,0.2124276342147933,0.8928496517724469,0.8896232205753271
