contrast_0,contrast_90,dissimilarity_0,dissimilarity_90,homogeneity_0,homogeneity_90,energy_0,energy_90,correlation_0,correlation_90
99.20519849730942,98.64618235353839,2.5994009544116143,2.62744948725759,0.7148416216396454,0.704118114931503,0.2653930748599452,0.2624943347827455,0.8996656982711717,0.9002385191906757
