contrast_0,contrast_90,dissimilarity_0,dissimilarity_90,homogeneity_0,homogeneity_90,energy_0,energy_90,correlation_0,correlation_90
40.828510508681106,41.04419230378718,1.7826682911970764,1.7958422174840099,0.732744514304917,0.7262830540644115,0.2531308624169479,0.2528345047791622,0.9050486700062323,0.9045453229556635
