contrast_0,contrast_90,dissimilarity_0,dissimilarity_90,homogeneity_0,homogeneity_90,energy_0,energy_90,correlation_0,correlation_90
90.81284902020512,91.41047314448166,2.1891816428063753,2.1978627271804245,0.8410660356098761,0.8388683442734165,0.3705160875180422,0.37214937591017766,0.8844452752164053,0.8836709520053273
