contrast_0,contrast_90,dissimilarity_0,dissimilarity_90,homogeneity_0,homogeneity_90,energy_0,energy_90,correlation_0,correlation_90
105.35254848207941,108.59044065387353,2.618514570007107,2.814168951162555,0.7195750458816406,0.671537007155172,0.26473517097232124,0.2559686545245631,0.8787799814317453,0.8750230778065503
