contrast_0,contrast_90,dissimilarity_0,dissimilarity_90,homogeneity_0,homogeneity_90,energy_0,energy_90,correlation_0,correlation_90
106.36985988425216,107.24309574576097,2.4694131383896845,2.4672809422276374,0.7914063585841162,0.795481881530117,0.3078114881348857,0.3073136174550644,0.8825685841464916,0.8815863569052471
