contrast_0,contrast_90,dissimilarity_0,dissimilarity_90,homogeneity_0,homogeneity_90,energy_0,energy_90,correlation_0,correlation_90
76.51858056655495,75.9731698649609,2.3808000812265213,2.3738704436998685,0.6963074222356831,0.7029283159511269,0.24523485844952583,0.2461420347629023,0.8869811856048923,0.8877635432523125
