contrast_0,contrast_90,dissimilarity_0,dissimilarity_90,homogeneity_0,homogeneity_90,energy_0,energy_90,correlation_0,correlation_90
101.73464311097574,102.10704132399223,2.87181439740075,2.8980861001116867,0.6400272730000958,0.6289948210014997,0.2504260023095376,0.24757696011673366,0.8717232935113621,0.871269061345631
