contrast_0,contrast_90,dissimilarity_0,dissimilarity_90,homogeneity_0,homogeneity_90,energy_0,energy_90,correlation_0,correlation_90
69.93004365925475,70.85990963549597,2.351507767286017,2.3525484820793987,0.6826672796503856,0.6819101645111787,0.25599683497566206,0.2557448929125749,0.893173809622136,0.8917147417431853
