contrast_0,contrast_90,dissimilarity_0,dissimilarity_90,homogeneity_0,homogeneity_90,energy_0,energy_90,correlation_0,correlation_90
53.94849730937155,53.29061326022944,2.0292669306528595,1.9895167022032687,0.7170323938963493,0.7277430501567466,0.2546081646735008,0.25763061120981656,0.8999087007044244,0.9011144407300669
