contrast_0,contrast_90,dissimilarity_0,dissimilarity_90,homogeneity_0,homogeneity_90,energy_0,energy_90,correlation_0,correlation_90
41.12783023657223,41.30322875418824,1.7102751548380548,1.7182455071580875,0.7666532242775131,0.7620277409429967,0.2675371303895965,0.2666123198821692,0.8922486768790879,0.8917943945363185
