contrast_0,contrast_90,dissimilarity_0,dissimilarity_90,homogeneity_0,homogeneity_90,energy_0,energy_90,correlation_0,correlation_90
46.82871357498223,45.91417910447763,1.8381053914102952,1.8438166311300639,0.7474828115642043,0.7413368346629148,0.26699232982502635,0.26854373895146216,0.8912656434135514,0.8934373839937958
