contrast_0,contrast_90,dissimilarity_0,dissimilarity_90,homogeneity_0,homogeneity_90,energy_0,energy_90,correlation_0,correlation_90
85.81850949334955,87.1384658340948,2.3082546451416386,2.2918824246116345,0.7780902743255281,0.7830746679466745,0.337514152766792,0.3402493397330821,0.8870075223623911,0.8852389163657509
