contrast_0,contrast_90,dissimilarity_0,dissimilarity_90,homogeneity_0,homogeneity_90,energy_0,energy_90,correlation_0,correlation_90
214.7943699868007,211.6577063661286,4.004898974515177,3.7758909533962846,0.5767232812226858,0.625726138177958,0.2195106884882417,0.22547685374357354,0.8768454792933702,0.8786901343181561
