contrast_0,contrast_90,dissimilarity_0,dissimilarity_90,homogeneity_0,homogeneity_90,energy_0,energy_90,correlation_0,correlation_90
97.64813686668691,99.31906792567774,2.423190171591024,2.428266829119708,0.7728755481056382,0.7704577122001663,0.28231355963743315,0.2797292887963841,0.8890595639311084,0.8871179536261393
