contrast_0,contrast_90,dissimilarity_0,dissimilarity_90,homogeneity_0,homogeneity_90,energy_0,energy_90,correlation_0,correlation_90
170.87161133109964,173.73218093207427,3.679612143364813,3.733145497004771,0.5915433040964185,0.5826468711647195,0.21672987681418585,0.21538881601041837,0.8976264396483249,0.8959134096285095
