contrast_0,contrast_90,dissimilarity_0,dissimilarity_90,homogeneity_0,homogeneity_90,energy_0,energy_90,correlation_0,correlation_90
102.112117981521,105.43649101431615,2.849756320438623,2.926946898162251,0.6437169816092058,0.6211094274868451,0.22756806094160795,0.22424494786764038,0.8872937748477088,0.8835613737728009
