contrast_0,contrast_90,dissimilarity_0,dissimilarity_90,homogeneity_0,homogeneity_90,energy_0,energy_90,correlation_0,correlation_90
85.73169864960926,80.63158696314349,2.8888719666971276,2.8340948319626387,0.6122277244996903,0.631109276283099,0.22583005598821349,0.23025063952103508,0.9153813315636301,0.920443522210767
