contrast_0,contrast_90,dissimilarity_0,dissimilarity_90,homogeneity_0,homogeneity_90,energy_0,energy_90,correlation_0,correlation_90
49.93405421870239,50.74309574576099,1.9742613463295768,1.9938318611026509,0.7177997405772004,0.7090816171233498,0.2463781112292686,0.24414094177987064,0.9057370987491307,0.90418575956528
