contrast_0,contrast_90,dissimilarity_0,dissimilarity_90,homogeneity_0,homogeneity_90,energy_0,energy_90,correlation_0,correlation_90
79.66494060310691,78.94649202964767,2.8371408264798452,2.6862117981520983,0.5829462861318762,0.6195016880094799,0.2140655344983774,0.21786951179773048,0.8997329377877034,0.900624165235804
