contrast_0,contrast_90,dissimilarity_0,dissimilarity_90,homogeneity_0,homogeneity_90,energy_0,energy_90,correlation_0,correlation_90
105.04528378515587,106.45149253731344,2.4894405523403402,2.5100263986191482,0.78373174606803,0.779658532853247,0.39921246220421175,0.40006415009102103,0.8906483379448742,0.8891670232140024
