contrast_0,contrast_90,dissimilarity_0,dissimilarity_90,homogeneity_0,homogeneity_90,energy_0,energy_90,correlation_0,correlation_90
107.56508274951771,109.59031373743525,2.4987816021931146,2.4953294750736115,0.7843405109428702,0.7893264679739246,0.3646657224409713,0.36485140691703394,0.8886580598769147,0.8865339051085315
