contrast_0,contrast_90,dissimilarity_0,dissimilarity_90,homogeneity_0,homogeneity_90,energy_0,energy_90,correlation_0,correlation_90
104.16745354858352,105.286805767083,2.702025586353946,2.5973449081124995,0.69078468723827,0.7317817367967747,0.2530376924240168,0.26324690291384156,0.8798638790447684,0.8785326286245699
