contrast_0,contrast_90,dissimilarity_0,dissimilarity_90,homogeneity_0,homogeneity_90,energy_0,energy_90,correlation_0,correlation_90
44.61643314042037,45.508731850949324,1.840669103462281,1.8505432023555695,0.7383995794784548,0.738304977817978,0.27701165936193956,0.2748989215375411,0.894191734174675,0.8920626962974111
