contrast_0,contrast_90,dissimilarity_0,dissimilarity_90,homogeneity_0,homogeneity_90,energy_0,energy_90,correlation_0,correlation_90
37.17077875926489,38.71735709209054,1.6652452025586355,1.6706518428266846,0.7613682605005726,0.765332957042226,0.2722623241539211,0.27242643470310396,0.8966345339616734,0.8922764958931767
