contrast_0,contrast_90,dissimilarity_0,dissimilarity_90,homogeneity_0,homogeneity_90,energy_0,energy_90,correlation_0,correlation_90
99.63295766067615,99.02023048025178,2.59066910346228,2.6355721393034814,0.7195766412497546,0.7000611868439023,0.26035950073478364,0.25571869787300866,0.8992155503406154,0.8998422486855208
