contrast_0,contrast_90,dissimilarity_0,dissimilarity_90,homogeneity_0,homogeneity_90,energy_0,energy_90,correlation_0,correlation_90
94.67154025789415,94.11122956645343,2.3325210681287425,2.2930246725555885,0.7952803475112665,0.8090595999407193,0.3264347162672287,0.3326370669592778,0.8804524601866468,0.8811715150869666
