contrast_0,contrast_90,dissimilarity_0,dissimilarity_90,homogeneity_0,homogeneity_90,energy_0,energy_90,correlation_0,correlation_90
98.9987054523302,100.45707686059497,2.437937861711848,2.4411361559549185,0.7722338513615272,0.7698370885381333,0.28642885312949196,0.2833772998015624,0.8883898078613744,0.8867109828568932
