contrast_0,contrast_90,dissimilarity_0,dissimilarity_90,homogeneity_0,homogeneity_90,energy_0,energy_90,correlation_0,correlation_90
72.51355467560158,72.56927099197887,2.1352421565641193,2.113133313026703,0.7701392244519368,0.7758087781856259,0.26138493417336983,0.2644140242570974,0.8815824570899351,0.8814909600687677
