contrast_0,contrast_90,dissimilarity_0,dissimilarity_90,homogeneity_0,homogeneity_90,energy_0,energy_90,correlation_0,correlation_90
104.97761194029844,107.09269976647379,2.6617423088638446,2.74926388465834,0.7085265991006912,0.6870302292071936,0.2595093654100247,0.25479859698685564,0.8788989888668582,0.8763845027749018
