contrast_0,contrast_90,dissimilarity_0,dissimilarity_90,homogeneity_0,homogeneity_90,energy_0,energy_90,correlation_0,correlation_90
73.16049852776933,70.4076809828409,2.708574474565944,2.6917707381460048,0.6715871591256147,0.6660115941024518,0.26843107397802485,0.26617401249639044,0.9018555391775753,0.9055272493706623
