contrast_0,contrast_90,dissimilarity_0,dissimilarity_90,homogeneity_0,homogeneity_90,energy_0,energy_90,correlation_0,correlation_90
110.045766067621,109.50959488272917,2.59749720783836,2.6907807899279113,0.7543542470047186,0.71696885628237,0.2588700250962758,0.24899395965481397,0.8737536889680252,0.8743848189455987
