contrast_0,contrast_90,dissimilarity_0,dissimilarity_90,homogeneity_0,homogeneity_90,energy_0,energy_90,correlation_0,correlation_90
80.43669408061736,79.70656919484212,2.8506447355061453,2.703218600873187,0.5816779052170522,0.6165483766099306,0.2141364144366333,0.2180025567842485,0.8987380106856153,0.8996439276604097
