contrast_0,contrast_90,dissimilarity_0,dissimilarity_90,homogeneity_0,homogeneity_90,energy_0,energy_90,correlation_0,correlation_90
81.49459335973197,82.78012996243275,2.2647223068331797,2.259112600263986,0.771313319322582,0.7744745017439841,0.2873185693232,0.2861951982666504,0.8924931260259246,0.8907829415982765
