contrast_0,contrast_90,dissimilarity_0,dissimilarity_90,homogeneity_0,homogeneity_90,energy_0,energy_90,correlation_0,correlation_90
69.24956848411009,67.07693674484717,2.942684536501168,2.89981216367144,0.5845771771723248,0.5836771850728266,0.21859769582989894,0.21983944479707185,0.9250860223498492,0.9274380927227475
