contrast_0,contrast_90,dissimilarity_0,dissimilarity_90,homogeneity_0,homogeneity_90,energy_0,energy_90,correlation_0,correlation_90
63.25677733780085,64.6742055030967,2.233881612346431,2.261219413138388,0.6974582516581,0.687324232518099,0.25716828056712876,0.25401430210429965,0.8971106731265415,0.8947678617796274
