contrast_0,contrast_90,dissimilarity_0,dissimilarity_90,homogeneity_0,homogeneity_90,energy_0,energy_90,correlation_0,correlation_90
67.21057975428988,67.62453040917862,2.6300131993095768,2.6312823636917453,0.6419953115909307,0.637904268002897,0.25431053139197546,0.2533156676062229,0.9251487776689985,0.9246867154955839
