contrast_0,contrast_90,dissimilarity_0,dissimilarity_90,homogeneity_0,homogeneity_90,energy_0,energy_90,correlation_0,correlation_90
123.45717839374551,126.12879480150261,3.0473398314549707,2.973042948522693,0.6401656764588294,0.6625411886769983,0.22433041644693547,0.2281573276328575,0.8940469279353173,0.8917219023507472
