contrast_0,contrast_90,dissimilarity_0,dissimilarity_90,homogeneity_0,homogeneity_90,energy_0,energy_90,correlation_0,correlation_90
106.89212102751543,107.8092699766473,2.4665955934612667,2.4650725962026616,0.7954520722657233,0.798541752719602,0.3143186957404984,0.3129764245455429,0.8823098743158736,0.8812743124514519
