contrast_0,contrast_90,dissimilarity_0,dissimilarity_90,homogeneity_0,homogeneity_90,energy_0,energy_90,correlation_0,correlation_90
62.86480861001117,63.89699461874305,2.4516702203269367,2.6247842420550316,0.6317885771857911,0.5857110544709658,0.22305820195017934,0.21702729935467654,0.8929042823083573,0.8911404940654579
