contrast_0,contrast_90,dissimilarity_0,dissimilarity_90,homogeneity_0,homogeneity_90,energy_0,energy_90,correlation_0,correlation_90
107.0752106812874,108.78949639557318,2.676236166108236,2.7604579145090873,0.7101551409966964,0.6880273652940398,0.26204915935277007,0.25667153474007015,0.8765547518646997,0.8745074875713521
