contrast_0,contrast_90,dissimilarity_0,dissimilarity_90,homogeneity_0,homogeneity_90,energy_0,energy_90,correlation_0,correlation_90
81.13331302670328,83.90915321352423,2.547771347344908,2.756142755609706,0.6597045134770096,0.6282735693654309,0.23380267501759014,0.22996281075432762,0.8893285062690263,0.8854764276024214
