contrast_0,contrast_90,dissimilarity_0,dissimilarity_90,homogeneity_0,homogeneity_90,energy_0,energy_90,correlation_0,correlation_90
76.08688699360337,75.96070667072799,2.5179459843638954,2.503655193420653,0.6626041306792877,0.6660855240406268,0.24253538078863537,0.24174703603756545,0.8918225445638561,0.8920023602682767
