contrast_0,contrast_90,dissimilarity_0,dissimilarity_90,homogeneity_0,homogeneity_90,energy_0,energy_90,correlation_0,correlation_90
47.0863793278505,47.407097167225096,2.062874403492738,2.0576200629505528,0.6745798646722913,0.6771262746043476,0.23909634699197832,0.2399260063528101,0.9117049317562878,0.9111017737468176
