contrast_0,contrast_90,dissimilarity_0,dissimilarity_90,homogeneity_0,homogeneity_90,energy_0,energy_90,correlation_0,correlation_90
80.88326226012789,79.9115646258503,2.8355416793583097,2.6775814803533353,0.5891136851684003,0.6243444521315877,0.21484447350142233,0.21901941170907865,0.8982543755313634,0.8994629876367546
