contrast_0,contrast_90,dissimilarity_0,dissimilarity_90,homogeneity_0,homogeneity_90,energy_0,energy_90,correlation_0,correlation_90
122.10417301248853,121.5825464514164,2.7449487257589595,2.812366737739872,0.7385568445376778,0.7092504903857916,0.2513690583662924,0.24798794178051548,0.8713637155618619,0.8718938250262327
