contrast_0,contrast_90,dissimilarity_0,dissimilarity_90,homogeneity_0,homogeneity_90,energy_0,energy_90,correlation_0,correlation_90
106.30510711747384,107.20702609401968,2.4637526652452015,2.468575489897452,0.793007103543133,0.7942136794226997,0.30490911637709533,0.30307448161752426,0.8825911171773201,0.8815728466354757
