contrast_0,contrast_90,dissimilarity_0,dissimilarity_90,homogeneity_0,homogeneity_90,energy_0,energy_90,correlation_0,correlation_90
85.68245507158106,90.02325109148141,2.8207939892374867,2.8806477815006595,0.6288897715965762,0.6155938349126513,0.22438502091951648,0.22207140735795328,0.9155104561833266,0.9112229212834471
