contrast_0,contrast_90,dissimilarity_0,dissimilarity_90,homogeneity_0,homogeneity_90,energy_0,energy_90,correlation_0,correlation_90
96.13925271601174,95.3085338613057,2.603360747283989,2.5958219108538927,0.6924752784428206,0.6903859293801052,0.23716105128095571,0.23811957016989604,0.8924148025109867,0.8933721819724034
