contrast_0,contrast_90,dissimilarity_0,dissimilarity_90,homogeneity_0,homogeneity_90,energy_0,energy_90,correlation_0,correlation_90
101.50454360848813,101.31079297390592,2.812849020205098,2.732104782211392,0.6563063391855617,0.6743941399243711,0.2539866297460845,0.25720741956730264,0.8713085035679724,0.8715457605771141
