contrast_0,contrast_90,dissimilarity_0,dissimilarity_90,homogeneity_0,homogeneity_90,energy_0,energy_90,correlation_0,correlation_90
91.48735912275366,93.28820184790337,3.049192811452939,3.116813889734996,0.5930476220530266,0.6187745162243148,0.24041452292017904,0.24440626687428937,0.8709491541482692,0.8683484041494453
