contrast_0,contrast_90,dissimilarity_0,dissimilarity_90,homogeneity_0,homogeneity_90,energy_0,energy_90,correlation_0,correlation_90
104.70776220936133,106.36663620672144,2.6323230784851246,2.6876332622601287,0.7142095284607696,0.6959986753076474,0.2699456801840457,0.2648677236701519,0.8675124555324452,0.8653492271797468
