contrast_0,contrast_90,dissimilarity_0,dissimilarity_90,homogeneity_0,homogeneity_90,energy_0,energy_90,correlation_0,correlation_90
106.39379632449997,106.91633668392726,2.634632957660675,2.659457812975936,0.7473502755343515,0.7417778247412862,0.39605315059673535,0.39270758719438487,0.8890060459552761,0.8884494215685275
