contrast_0,contrast_90,dissimilarity_0,dissimilarity_90,homogeneity_0,homogeneity_90,energy_0,energy_90,correlation_0,correlation_90
66.28766879886278,67.07820590922942,2.8613310996040218,2.941136155954921,0.5987994935131007,0.5688024891077373,0.21907929268632173,0.2146300964165566,0.9296413009665394,0.9288077100279376
