contrast_0,contrast_90,dissimilarity_0,dissimilarity_90,homogeneity_0,homogeneity_90,energy_0,energy_90,correlation_0,correlation_90
180.70268555183264,179.22454056249364,3.8085846278810034,3.5702101736216862,0.5725501358904458,0.6240337067561215,0.21304446303677765,0.21940658104027436,0.8921679467971527,0.8930685092604983
