contrast_0,contrast_90,dissimilarity_0,dissimilarity_90,homogeneity_0,homogeneity_90,energy_0,energy_90,correlation_0,correlation_90
86.88176464615694,85.1475784343588,2.413849121738248,2.340491420448777,0.7252096012399928,0.7517265596577036,0.271934684970442,0.2836777674065632,0.890078415316125,0.8923021052875003
