contrast_0,contrast_90,dissimilarity_0,dissimilarity_90,homogeneity_0,homogeneity_90,energy_0,energy_90,correlation_0,correlation_90
88.81041222459132,89.14836531627577,2.411234643110976,2.442709919788811,0.7310550897051792,0.7212478672028317,0.23930685651904957,0.23676583719700944,0.8911549847676853,0.8907220586798108
