contrast_0,contrast_90,dissimilarity_0,dissimilarity_90,homogeneity_0,homogeneity_90,energy_0,energy_90,correlation_0,correlation_90
87.78566351913894,84.76035638135845,2.7331708802924153,2.6172454056249355,0.6330049988706241,0.6581857805245842,0.22004373985730788,0.2247606745712758,0.8965277025561088,0.9001332681019537
