contrast_0,contrast_90,dissimilarity_0,dissimilarity_90,homogeneity_0,homogeneity_90,energy_0,energy_90,correlation_0,correlation_90
92.89080109655802,93.16725048228247,2.3776017869834507,2.4618489186719477,0.7734726121488318,0.7424702606488613,0.3261987658995649,0.315407269879897,0.882390893297016,0.8820413068666801
