contrast_0,contrast_90,dissimilarity_0,dissimilarity_90,homogeneity_0,homogeneity_90,energy_0,energy_90,correlation_0,correlation_90
85.52226114326325,86.1595085795512,2.397476901208244,2.376028023149557,0.7301044767990658,0.7399157948698563,0.2657358695768619,0.26866914876093356,0.892707409384261,0.8919265845993761
