contrast_0,contrast_90,dissimilarity_0,dissimilarity_90,homogeneity_0,homogeneity_90,energy_0,energy_90,correlation_0,correlation_90
63.275840186820986,64.30909229363385,2.4392577926693066,2.5988679053711023,0.6752603857324746,0.6376924689014386,0.2748075328499893,0.26480918695210337,0.9124998991145422,0.9110601625036427
