contrast_0,contrast_90,dissimilarity_0,dissimilarity_90,homogeneity_0,homogeneity_90,energy_0,energy_90,correlation_0,correlation_90
48.50982333231799,48.756320438623206,1.92397705350797,1.8942024571022429,0.7265845738666704,0.7398645526242218,0.2764269020368153,0.27955804994942757,0.9013343919337499,0.9008194567614115
