contrast_0,contrast_90,dissimilarity_0,dissimilarity_90,homogeneity_0,homogeneity_90,energy_0,energy_90,correlation_0,correlation_90
85.83731850949327,86.37214438014006,2.3963092699766477,2.3707736826073704,0.7321943455219754,0.7415917039620705,0.26742388472908896,0.26914559778671243,0.8920341589490138,0.8913743760947398
