contrast_0,contrast_90,dissimilarity_0,dissimilarity_90,homogeneity_0,homogeneity_90,energy_0,energy_90,correlation_0,correlation_90
102.13303381053913,101.41676819981717,2.8911310792973928,2.916108234338511,0.6277131753243296,0.6215280051174407,0.2423705432858932,0.24158561850257593,0.8716176490636345,0.8725208740629133
