contrast_0,contrast_90,dissimilarity_0,dissimilarity_90,homogeneity_0,homogeneity_90,energy_0,energy_90,correlation_0,correlation_90
76.18237892171796,77.20898060716819,2.836810843740479,2.7990405117270805,0.5809561194444005,0.594862644241427,0.2156775067606086,0.217585198181494,0.8910107287289377,0.8895438402293997
