contrast_0,contrast_90,dissimilarity_0,dissimilarity_90,homogeneity_0,homogeneity_90,energy_0,energy_90,correlation_0,correlation_90
64.91803736419949,68.56800182759666,2.6394811656005683,2.7323332318001854,0.5937453578934482,0.5760492418131644,0.21429485171363544,0.21229268878475785,0.8915841510562506,0.8854520382505859
