contrast_0,contrast_90,dissimilarity_0,dissimilarity_90,homogeneity_0,homogeneity_90,energy_0,energy_90,correlation_0,correlation_90
86.45791450908719,85.08031272210374,2.5340136054421776,2.616813889735001,0.6939724495708217,0.6657866389009895,0.24126897557502777,0.2367490597771732,0.9014113127877077,0.9030261623860132
