contrast_0,contrast_90,dissimilarity_0,dissimilarity_90,homogeneity_0,homogeneity_90,energy_0,energy_90,correlation_0,correlation_90
112.92676921514877,113.4159813179003,2.5749060818357195,2.6175753883643003,0.7689357156056608,0.751246959807397,0.2752851471022213,0.2697300834904162,0.8786479885346337,0.878106526521689
