contrast_0,contrast_90,dissimilarity_0,dissimilarity_90,homogeneity_0,homogeneity_90,energy_0,energy_90,correlation_0,correlation_90
49.45339628388668,49.94471519951264,1.8448065793481578,1.8385622905878771,0.7711854502687064,0.7735270665113753,0.3144418111953698,0.3139772075038395,0.8958815300843244,0.8948208679017466
