contrast_0,contrast_90,dissimilarity_0,dissimilarity_90,homogeneity_0,homogeneity_90,energy_0,energy_90,correlation_0,correlation_90
82.0908214031881,83.8843029749213,2.2534775104071474,2.2587572342369797,0.7779215310723261,0.7781205394939298,0.29402370738128164,0.2910745965233162,0.8920994787432498,0.8897087498075477
