contrast_0,contrast_90,dissimilarity_0,dissimilarity_90,homogeneity_0,homogeneity_90,energy_0,energy_90,correlation_0,correlation_90
73.47263681592038,74.44382678444512,2.412732257081937,2.4639303482587076,0.683282390138186,0.6687758051982127,0.2381699798754363,0.23675548513877004,0.8954150496276889,0.8940089182234159
