contrast_0,contrast_90,dissimilarity_0,dissimilarity_90,homogeneity_0,homogeneity_90,energy_0,energy_90,correlation_0,correlation_90
88.67253020611237,84.55657934815726,2.8473702914001398,2.7952837851558545,0.6257251851760696,0.6396186229052632,0.23686035091356067,0.2429054026023351,0.9114613982453621,0.9155920555372561
