contrast_0,contrast_90,dissimilarity_0,dissimilarity_90,homogeneity_0,homogeneity_90,energy_0,energy_90,correlation_0,correlation_90
103.90834094831955,102.37907401766665,2.6996395573154643,2.6388973499847697,0.6908724295937095,0.7029281117258112,0.23182728503397826,0.23230798164163208,0.877106894355358,0.8789173605831351
