B_mean,G_mean,R_mean,B_std,G_std,R_std,B_median,G_median,R_median,B_mode,G_mode,R_mode
3.414425311137282,11.341566667727664,80.95257344749658,1.1402784704186735,0.8274874163768188,7.038589416489867,3.0,11.0,83.0,3.0,11.0,84.0
