B_mean,G_mean,R_mean,B_std,G_std,R_std,B_median,G_median,R_median,B_mode,G_mode,R_mode
2.8558105484291945,11.204093325269758,96.13881019830028,0.8507254686632745,0.9015617832650891,5.819853232272061,3.0,11.0,97.0,3.0,11.0,100.0
