B_mean,G_mean,R_mean,B_std,G_std,R_std,B_median,G_median,R_median,B_mode,G_mode,R_mode
1.9201069484673903,11.320208804150619,102.71961040201165,1.0756268631522836,0.9396870877926581,11.548936313487305,2.0,11.0,106.0,2.0,12.0,114.0
