B_mean,G_mean,R_mean,B_std,G_std,R_std,B_median,G_median,R_median,B_mode,G_mode,R_mode
2.675780628322246,11.863163255562275,98.0914791354999,0.7768515074204568,0.7432477396946365,5.674044077702844,3.0,12.0,100.0,2.0,12.0,100.0
