B_mean,G_mean,R_mean,B_std,G_std,R_std,B_median,G_median,R_median,B_mode,G_mode,R_mode
1.4189133271795524,12.511251870006685,116.64496928414553,0.9148507669570037,1.0164528938206,9.125504244251172,1.0,13.0,119.0,1.0,13.0,124.0
