B_mean,G_mean,R_mean,B_std,G_std,R_std,B_median,G_median,R_median,B_mode,G_mode,R_mode
2.798293917305917,10.717191329534964,85.23598688608078,0.9527744282299243,0.8076033859641889,7.101048623920848,3.0,11.0,87.0,3.0,11.0,88.0
