B_mean,G_mean,R_mean,B_std,G_std,R_std,B_median,G_median,R_median,B_mode,G_mode,R_mode
2.623261291657383,10.684915809911832,89.2787981029379,0.981768499472472,0.8088978219455588,7.951539881376111,3.0,11.0,91.0,3.0,11.0,94.0
