B_mean,G_mean,R_mean,B_std,G_std,R_std,B_median,G_median,R_median,B_mode,G_mode,R_mode
3.6015532991692396,11.561511283699907,82.53270522328675,1.2215731783305366,1.0015486392248711,7.662517793373284,4.0,11.0,85.0,4.0,11.0,88.0
