B_mean,G_mean,R_mean,B_std,G_std,R_std,B_median,G_median,R_median,B_mode,G_mode,R_mode
3.538466435369386,11.488811789795333,80.29748225483019,1.1779767989917393,0.8553803217185494,6.955737251502647,4.0,11.0,82.0,4.0,11.0,84.0
