B_mean,G_mean,R_mean,B_std,G_std,R_std,B_median,G_median,R_median,B_mode,G_mode,R_mode
2.5767896361842313,11.13438584206003,90.0536970430022,0.8863872154604051,0.8712403855919044,9.016512899838023,2.0,11.0,91.0,2.0,11.0,100.0
