B_mean,G_mean,R_mean,B_std,G_std,R_std,B_median,G_median,R_median,B_mode,G_mode,R_mode
1.5561002005283764,11.797752808988765,108.03873698952796,1.028579593557512,1.048373565242511,11.122268618161145,1.0,12.0,113.0,1.0,12.0,116.0
