B_mean,G_mean,R_mean,B_std,G_std,R_std,B_median,G_median,R_median,B_mode,G_mode,R_mode
2.0657924053856194,11.33943406436006,102.41671706400993,0.995581770980698,0.8970830119223153,10.547940595606375,2.0,11.0,106.0,2.0,12.0,109.0
