B_mean,G_mean,R_mean,B_std,G_std,R_std,B_median,G_median,R_median,B_mode,G_mode,R_mode
2.99614858197791,10.448928923831048,85.03895979883502,0.9113447261637034,0.7170818241828693,4.036156904074807,3.0,10.0,85.0,3.0,10.0,84.0
