B_mean,G_mean,R_mean,B_std,G_std,R_std,B_median,G_median,R_median,B_mode,G_mode,R_mode
2.5491294522074037,11.389184199637139,92.60273100550657,0.8427482925358702,0.8605026925292926,8.281860421871146,2.0,11.0,95.0,2.0,11.0,100.0
