B_mean,G_mean,R_mean,B_std,G_std,R_std,B_median,G_median,R_median,B_mode,G_mode,R_mode
1.4004838144953369,12.733838367762676,116.5363974918038,0.9305032414456357,1.0542992311636064,9.153983336240676,1.0,13.0,118.0,1.0,13.0,124.0
