B_mean,G_mean,R_mean,B_std,G_std,R_std,B_median,G_median,R_median,B_mode,G_mode,R_mode
2.660820574848012,11.127574243244103,89.47270585988477,0.9165544537236062,0.878880359351695,8.13231482108337,3.0,11.0,90.0,2.0,11.0,100.0
