B_mean,G_mean,R_mean,B_std,G_std,R_std,B_median,G_median,R_median,B_mode,G_mode,R_mode
2.6597383582137057,11.265206735207054,91.46516217334565,0.8687520767801774,0.8849730401044442,9.152487100078165,3.0,11.0,93.0,2.0,11.0,100.0
