B_mean,G_mean,R_mean,B_std,G_std,R_std,B_median,G_median,R_median,B_mode,G_mode,R_mode
2.639971989687112,11.85374160486361,98.51440303020658,0.8131119891695184,0.7459026238670217,5.16970634140663,3.0,12.0,100.0,2.0,12.0,100.0
