B_mean,G_mean,R_mean,B_std,G_std,R_std,B_median,G_median,R_median,B_mode,G_mode,R_mode
2.1710857179234173,9.727695196867938,80.80310023235828,0.8102235060057745,0.7714225201842886,4.222289709783819,2.0,10.0,81.0,2.0,10.0,80.0
