B_mean,G_mean,R_mean,B_std,G_std,R_std,B_median,G_median,R_median,B_mode,G_mode,R_mode
1.6039723716459242,12.491931120094216,106.79043193175669,1.1143070361749219,0.9566988121159903,11.190909101539937,1.0,13.0,111.0,1.0,13.0,115.0
