B_mean,G_mean,R_mean,B_std,G_std,R_std,B_median,G_median,R_median,B_mode,G_mode,R_mode
2.2522201355953784,9.796002164433268,80.22927077696788,0.7455710765064174,0.8038767212923907,4.857360490597953,2.0,10.0,81.0,2.0,10.0,83.0
