B_mean,G_mean,R_mean,B_std,G_std,R_std,B_median,G_median,R_median,B_mode,G_mode,R_mode
1.9170831078715345,11.469745679090938,105.77435783174714,1.1196698632857638,0.7620831519296647,8.691164049023156,2.0,11.0,108.0,2.0,11.0,109.0
