B_mean,G_mean,R_mean,B_std,G_std,R_std,B_median,G_median,R_median,B_mode,G_mode,R_mode
2.4191361364866157,11.240538561925073,97.31043702454086,0.8310028915662397,0.7499946966863731,3.3817434573637635,2.0,11.0,98.0,2.0,11.0,100.0
