B_mean,G_mean,R_mean,B_std,G_std,R_std,B_median,G_median,R_median,B_mode,G_mode,R_mode
2.105388802240825,11.356940509915015,101.62663526116434,1.0479352915213007,0.9139733296547836,11.660102783934978,2.0,11.0,105.0,2.0,12.0,105.0
