B_mean,G_mean,R_mean,B_std,G_std,R_std,B_median,G_median,R_median,B_mode,G_mode,R_mode
2.572174300537925,11.333290893465321,98.20215170130821,0.794817749599236,0.8072262255556034,3.7857586936720504,3.0,11.0,99.0,3.0,11.0,100.0
