B_mean,G_mean,R_mean,B_std,G_std,R_std,B_median,G_median,R_median,B_mode,G_mode,R_mode
1.59127224114333,12.616417862940446,107.39981538657415,1.0536675922579106,0.9079139445212879,10.793172879947715,1.0,13.0,113.0,1.0,13.0,115.0
