B_mean,G_mean,R_mean,B_std,G_std,R_std,B_median,G_median,R_median,B_mode,G_mode,R_mode
1.9101760193525799,11.482413979692524,105.32335996435052,1.0814563776795103,0.7396371272993136,8.4622395323607,2.0,12.0,108.0,2.0,12.0,109.0
