B_mean,G_mean,R_mean,B_std,G_std,R_std,B_median,G_median,R_median,B_mode,G_mode,R_mode
2.558614762708088,12.05586147627081,99.92383104688544,0.9351984253662536,0.6621223503134384,5.60445730433046,2.0,12.0,101.0,2.0,12.0,100.0
