B_mean,G_mean,R_mean,B_std,G_std,R_std,B_median,G_median,R_median,B_mode,G_mode,R_mode
2.7079924881433617,11.808734124836871,98.03351688576248,0.8063584823022256,0.7485595061377598,4.360234028030863,3.0,12.0,99.0,2.0,12.0,100.0
