B_mean,G_mean,R_mean,B_std,G_std,R_std,B_median,G_median,R_median,B_mode,G_mode,R_mode
2.590381003915078,10.648215934048444,89.52111913931948,0.9319132730384373,0.773948815659663,7.605355083348863,3.0,11.0,91.0,3.0,11.0,94.0
