B_mean,G_mean,R_mean,B_std,G_std,R_std,B_median,G_median,R_median,B_mode,G_mode,R_mode
3.66346245663176,11.558710252411116,81.37482891428208,1.1929732912156268,0.9898896682157311,7.717609590688686,4.0,11.0,84.0,4.0,11.0,84.0
