B_mean,G_mean,R_mean,B_std,G_std,R_std,B_median,G_median,R_median,B_mode,G_mode,R_mode
2.735270713308082,10.906547410637552,85.64153165483656,0.9815468030827385,0.9089856304808525,9.478587050527754,3.0,11.0,88.0,3.0,11.0,88.0
