B_mean,G_mean,R_mean,B_std,G_std,R_std,B_median,G_median,R_median,B_mode,G_mode,R_mode
1.7298914600375592,12.4007066238024,105.70512779705255,1.108137408895597,0.7696269900903062,9.842143265380448,2.0,12.0,109.0,1.0,12.0,115.0
