B_mean,G_mean,R_mean,B_std,G_std,R_std,B_median,G_median,R_median,B_mode,G_mode,R_mode
2.3860330394372475,9.59741541203807,82.17932966228474,0.8557500224333097,0.8440256897865462,4.9673291434930364,2.0,10.0,83.0,2.0,10.0,83.0
