B_mean,G_mean,R_mean,B_std,G_std,R_std,B_median,G_median,R_median,B_mode,G_mode,R_mode
2.086131712130375,11.353725689913105,102.04207912913391,1.0231426927812528,0.930758635542392,10.517665501657895,2.0,11.0,105.0,2.0,12.0,109.0
