B_mean,G_mean,R_mean,B_std,G_std,R_std,B_median,G_median,R_median,B_mode,G_mode,R_mode
2.056975522806124,9.375815641213356,66.62453448769774,0.8856151337957588,0.7557972348991436,7.8058570740555595,2.0,9.0,70.0,2.0,9.0,70.0
