B_mean,G_mean,R_mean,B_std,G_std,R_std,B_median,G_median,R_median,B_mode,G_mode,R_mode
1.4886208103892797,11.794187860075755,108.16761625871344,1.0200464274479335,1.0543424384739322,11.542634365568345,1.0,12.0,113.0,1.0,12.0,116.0
