B_mean,G_mean,R_mean,B_std,G_std,R_std,B_median,G_median,R_median,B_mode,G_mode,R_mode
2.0862272018334025,9.604322500557023,79.94856287996944,0.695199134758872,0.8154107770367186,4.402643767332364,2.0,10.0,81.0,2.0,10.0,83.0
