B_mean,G_mean,R_mean,B_std,G_std,R_std,B_median,G_median,R_median,B_mode,G_mode,R_mode
2.683738103574498,11.822675621478817,97.86249482764109,0.8083396364292951,0.7573829359140456,5.462007287396246,3.0,12.0,100.0,2.0,12.0,100.0
