B_mean,G_mean,R_mean,B_std,G_std,R_std,B_median,G_median,R_median,B_mode,G_mode,R_mode
2.601998917783366,11.85307317694242,98.26527039500907,0.8556608051200792,0.7375523742320707,5.409660519203361,2.0,12.0,100.0,2.0,12.0,100.0
