B_mean,G_mean,R_mean,B_std,G_std,R_std,B_median,G_median,R_median,B_mode,G_mode,R_mode
2.0820256549002134,9.411019511729318,66.82012922939809,0.9115033860019192,0.7891691276605006,7.227540993444561,2.0,9.0,70.0,2.0,10.0,70.0
