B_mean,G_mean,R_mean,B_std,G_std,R_std,B_median,G_median,R_median,B_mode,G_mode,R_mode
1.3213865104879523,13.176592290797975,113.46229748225483,0.9193676276923094,0.9325048953027468,8.91561605020165,1.0,13.0,117.0,1.0,14.0,120.0
