B_mean,G_mean,R_mean,B_std,G_std,R_std,B_median,G_median,R_median,B_mode,G_mode,R_mode
1.380335487156635,12.035681319031097,110.17207244485469,0.9094188418964889,0.7003446267180511,3.8884356450992326,1.0,12.0,110.0,2.0,12.0,113.0
