B_mean,G_mean,R_mean,B_std,G_std,R_std,B_median,G_median,R_median,B_mode,G_mode,R_mode
1.161409428016679,12.54801540567209,114.17764267753127,0.9045427044395455,0.9738727586315229,4.598321707189826,1.0,12.0,115.0,1.0,12.0,115.0
