B_mean,G_mean,R_mean,B_std,G_std,R_std,B_median,G_median,R_median,B_mode,G_mode,R_mode
2.761021103224369,10.781965178088296,77.25365248114079,1.0028566665292995,0.7088705807940401,5.607707676841171,3.0,11.0,79.0,2.0,11.0,78.0
