B_mean,G_mean,R_mean,B_std,G_std,R_std,B_median,G_median,R_median,B_mode,G_mode,R_mode
2.5817232708406275,9.684183722188624,84.14909125632619,0.8729887121327666,1.0183332024393263,5.637147090139646,2.0,10.0,83.0,2.0,10.0,83.0
