B_mean,G_mean,R_mean,B_std,G_std,R_std,B_median,G_median,R_median,B_mode,G_mode,R_mode
2.559696979342394,9.768755769169557,84.73622561033835,0.8441421813045209,1.0131395901357116,5.684004193169435,2.0,10.0,83.0,2.0,10.0,83.0
