B_mean,G_mean,R_mean,B_std,G_std,R_std,B_median,G_median,R_median,B_mode,G_mode,R_mode
2.7628354075818824,10.85848426011395,93.0519463984467,0.9042504711782404,0.8596584423620829,6.6459856124249495,3.0,11.0,94.0,3.0,11.0,100.0
