B_mean,G_mean,R_mean,B_std,G_std,R_std,B_median,G_median,R_median,B_mode,G_mode,R_mode
1.598879587484483,12.09240220262915,109.21631600725722,1.0238914605517595,1.2298122351069611,11.928333440538198,1.0,12.0,113.0,1.0,12.0,115.0
