B_mean,G_mean,R_mean,B_std,G_std,R_std,B_median,G_median,R_median,B_mode,G_mode,R_mode
2.369513320813572,11.85469650189388,103.0077664958462,1.011949861209958,0.9873417317663077,6.3769276133624775,2.0,12.0,103.0,2.0,12.0,105.0
