B_mean,G_mean,R_mean,B_std,G_std,R_std,B_median,G_median,R_median,B_mode,G_mode,R_mode
1.198109303880065,12.978769456026992,115.43174077728618,0.9670693156456699,1.188295445823072,5.274432845495116,1.0,13.0,115.0,1.0,13.0,115.0
