B_mean,G_mean,R_mean,B_std,G_std,R_std,B_median,G_median,R_median,B_mode,G_mode,R_mode
2.6733615558455615,10.717732437852119,91.13740968265589,0.9824347993135158,0.7129538091881716,6.366205924343607,3.0,11.0,92.0,3.0,11.0,95.0
