B_mean,G_mean,R_mean,B_std,G_std,R_std,B_median,G_median,R_median,B_mode,G_mode,R_mode
1.9692523156252983,10.112486870165833,75.86590062704904,0.8180602771427657,0.7379986089453399,4.955339246001632,2.0,10.0,77.0,2.0,10.0,79.0
