B_mean,G_mean,R_mean,B_std,G_std,R_std,B_median,G_median,R_median,B_mode,G_mode,R_mode
2.8844892892383105,10.846993665849698,95.32498328930197,0.8152444370801634,1.016847803160242,6.400394294835909,3.0,11.0,96.0,3.0,11.0,100.0
