B_mean,G_mean,R_mean,B_std,G_std,R_std,B_median,G_median,R_median,B_mode,G_mode,R_mode
2.5741159244994747,10.37311009962759,84.64551039246268,1.1871005697070363,1.3663906035676143,6.204275187092787,2.0,10.0,83.0,2.0,10.0,83.0
