B_mean,G_mean,R_mean,B_std,G_std,R_std,B_median,G_median,R_median,B_mode,G_mode,R_mode
2.498042461087946,9.751185663812585,82.3183944997931,0.8283809350917807,0.8862619375723675,4.825956431825148,2.0,10.0,83.0,2.0,10.0,83.0
