B_mean,G_mean,R_mean,B_std,G_std,R_std,B_median,G_median,R_median,B_mode,G_mode,R_mode
2.6534996976159406,10.83575771079352,93.42661616322373,0.9200604647830818,0.8296169317773584,6.246198394534932,3.0,11.0,94.0,3.0,11.0,100.0
