B_mean,G_mean,R_mean,B_std,G_std,R_std,B_median,G_median,R_median,B_mode,G_mode,R_mode
1.988318426329694,8.976191234045261,68.1968361078397,0.8990755951802427,0.8976845239581204,7.975474018091453,2.0,9.0,70.0,2.0,9.0,72.0
