B_mean,G_mean,R_mean,B_std,G_std,R_std,B_median,G_median,R_median,B_mode,G_mode,R_mode
2.6302320399783556,10.677467613075724,92.77890950759144,0.846196977927071,0.8894305402166824,7.637522602915815,3.0,11.0,95.0,3.0,11.0,100.0
