B_mean,G_mean,R_mean,B_std,G_std,R_std,B_median,G_median,R_median,B_mode,G_mode,R_mode
2.753413756883216,10.329598624948277,68.06477384855333,1.6658837259678598,1.4523236196045501,9.102462584162149,2.0,10.0,71.0,2.0,10.0,74.0
