B_mean,G_mean,R_mean,B_std,G_std,R_std,B_median,G_median,R_median,B_mode,G_mode,R_mode
1.8637998535824554,10.16720247000032,74.88312060349492,0.9365570051292191,0.6646108507407497,4.420177430221924,2.0,10.0,76.0,2.0,10.0,77.0
