B_mean,G_mean,R_mean,B_std,G_std,R_std,B_median,G_median,R_median,B_mode,G_mode,R_mode
2.5077187509946843,9.96024445363975,83.25183817678327,0.8526979420235292,0.8829033069268426,5.138052937800245,2.0,10.0,83.0,2.0,10.0,83.0
