B_mean,G_mean,R_mean,B_std,G_std,R_std,B_median,G_median,R_median,B_mode,G_mode,R_mode
1.227520132412388,12.61565394531623,113.79978992265335,0.9722677087622476,0.959187898393038,5.711533567534212,1.0,13.0,115.0,1.0,12.0,116.0
