B_mean,G_mean,R_mean,B_std,G_std,R_std,B_median,G_median,R_median,B_mode,G_mode,R_mode
2.691186300410606,10.218257631218767,67.89075977973708,1.7565393977723351,1.4859541795572724,9.239632087186791,2.0,10.0,70.0,2.0,10.0,74.0
