B_mean,G_mean,R_mean,B_std,G_std,R_std,B_median,G_median,R_median,B_mode,G_mode,R_mode
1.2597956520355222,13.164305949008499,113.88477575834739,0.9597771956788932,1.1077351004705185,4.447036049245391,1.0,13.0,115.0,1.0,13.0,115.0
