B_mean,G_mean,R_mean,B_std,G_std,R_std,B_median,G_median,R_median,B_mode,G_mode,R_mode
1.5553044530031512,12.182353502880606,110.88222936626667,1.0168894353800053,0.8149805532665205,5.150721209137099,2.0,12.0,111.0,2.0,12.0,106.0
