B_mean,G_mean,R_mean,B_std,G_std,R_std,B_median,G_median,R_median,B_mode,G_mode,R_mode
2.727822516471974,9.824871884648438,81.7222522837954,0.8291391205680897,0.9243137481027452,5.971918767946984,3.0,10.0,83.0,2.0,10.0,83.0
