B_mean,G_mean,R_mean,B_std,G_std,R_std,B_median,G_median,R_median,B_mode,G_mode,R_mode
2.5970652831269696,10.686952923576408,92.5879619314384,0.8696611180491562,0.9202712079107082,7.677463239098104,3.0,11.0,94.0,3.0,11.0,95.0
