B_mean,G_mean,R_mean,B_std,G_std,R_std,B_median,G_median,R_median,B_mode,G_mode,R_mode
2.7266766400356497,10.724384887163001,90.73062354776077,1.0364808113240696,0.7546741020576632,6.3842090649247245,3.0,11.0,91.0,3.0,11.0,91.0
