B_mean,G_mean,R_mean,B_std,G_std,R_std,B_median,G_median,R_median,B_mode,G_mode,R_mode
2.6756533087182097,10.728045325779037,90.46366616799821,0.9775117694843748,0.9147592129103052,7.079509464417197,3.0,11.0,90.0,3.0,11.0,100.0
