B_mean,G_mean,R_mean,B_std,G_std,R_std,B_median,G_median,R_median,B_mode,G_mode,R_mode
1.121049113537257,12.676385396441416,114.59722443263202,0.8798932843905076,1.0026513477574284,5.472636278299485,1.0,13.0,115.0,1.0,12.0,116.0
