B_mean,G_mean,R_mean,B_std,G_std,R_std,B_median,G_median,R_median,B_mode,G_mode,R_mode
1.44561861412611,12.041633510519782,110.99735811821625,0.9808021518296602,0.7637947762032279,4.623385480397511,1.0,12.0,112.0,1.0,12.0,115.0
