B_mean,G_mean,R_mean,B_std,G_std,R_std,B_median,G_median,R_median,B_mode,G_mode,R_mode
2.7265174905306044,11.494859470987045,96.52611643377789,1.091267953379602,0.914150071285792,7.00537468156751,3.0,11.0,98.0,3.0,11.0,100.0
