B_mean,G_mean,R_mean,B_std,G_std,R_std,B_median,G_median,R_median,B_mode,G_mode,R_mode
2.915714422128147,10.892255785084508,96.06601521469268,0.8027124048629813,1.0506992262463135,6.178652050824835,3.0,11.0,97.0,3.0,10.0,102.0
