B_mean,G_mean,R_mean,B_std,G_std,R_std,B_median,G_median,R_median,B_mode,G_mode,R_mode
2.5769806155902857,10.14565362701722,85.79269185472833,1.112240510321827,1.496680490039753,6.5122184480723595,2.0,10.0,84.0,2.0,10.0,83.0
