B_mean,G_mean,R_mean,B_std,G_std,R_std,B_median,G_median,R_median,B_mode,G_mode,R_mode
2.12929305789859,11.604863608874176,104.44695546996849,1.0646412664324933,0.6893912360266038,4.9087609069700315,2.0,12.0,105.0,2.0,12.0,109.0
