B_mean,G_mean,R_mean,B_std,G_std,R_std,B_median,G_median,R_median,B_mode,G_mode,R_mode
1.4945730018779642,12.020148327338703,110.87605436547092,1.0088941858558618,0.750312856163072,4.637843510447314,1.0,12.0,112.0,2.0,12.0,115.0
