B_mean,G_mean,R_mean,B_std,G_std,R_std,B_median,G_median,R_median,B_mode,G_mode,R_mode
2.838017633765159,11.520005092784162,96.27755673679854,1.0001698311705969,0.9554914928160992,7.296604781934249,3.0,12.0,99.0,3.0,12.0,100.0
