B_mean,G_mean,R_mean,B_std,G_std,R_std,B_median,G_median,R_median,B_mode,G_mode,R_mode
2.2198491262692173,10.964286851067893,98.975268166916,1.0763817149524662,0.914681100368369,10.826892440995247,2.0,11.0,102.0,3.0,11.0,109.0
