B_mean,G_mean,R_mean,B_std,G_std,R_std,B_median,G_median,R_median,B_mode,G_mode,R_mode
2.0168061877327563,8.95992615462966,68.18989718941974,0.9088368464404558,0.9003816606624979,7.978192108353706,2.0,9.0,70.0,2.0,9.0,72.0
