B_mean,G_mean,R_mean,B_std,G_std,R_std,B_median,G_median,R_median,B_mode,G_mode,R_mode
2.719896871120731,10.559601489639368,84.2236368844893,1.0125123191311607,1.0135736252712488,8.147479436167352,3.0,11.0,85.0,2.0,11.0,89.0
