B_mean,G_mean,R_mean,B_std,G_std,R_std,B_median,G_median,R_median,B_mode,G_mode,R_mode
1.586816055002069,11.887449470032148,109.74106375529172,1.060847108703102,1.0430939494885836,10.897776856501414,1.0,12.0,113.0,1.0,12.0,116.0
