B_mean,G_mean,R_mean,B_std,G_std,R_std,B_median,G_median,R_median,B_mode,G_mode,R_mode
2.2963045484928544,10.969952573447497,98.96772448037687,1.0420662736143673,0.9849199610544116,10.66455756950419,2.0,11.0,101.0,3.0,11.0,109.0
