B_mean,G_mean,R_mean,B_std,G_std,R_std,B_median,G_median,R_median,B_mode,G_mode,R_mode
2.243148613807811,10.912276792819174,98.9017729254862,1.0463474574094707,1.0039747027440427,10.828175798089825,2.0,11.0,101.0,3.0,11.0,109.0
