B_mean,G_mean,R_mean,B_std,G_std,R_std,B_median,G_median,R_median,B_mode,G_mode,R_mode
2.473024158894866,9.909061972817264,82.16150491771971,0.8867533042915572,0.9035338985009654,6.134714753738495,2.0,10.0,83.0,2.0,10.0,83.0
