B_mean,G_mean,R_mean,B_std,G_std,R_std,B_median,G_median,R_median,B_mode,G_mode,R_mode
2.019161600407423,8.995289174650667,68.43310946302957,0.8994251749986062,0.8848832105656554,7.916834556949249,2.0,9.0,70.0,2.0,9.0,72.0
