B_mean,G_mean,R_mean,B_std,G_std,R_std,B_median,G_median,R_median,B_mode,G_mode,R_mode
3.105070503230735,10.466849158099118,68.44705095967151,1.5748872970379124,1.4387782555152218,9.452483544760828,3.0,10.0,71.0,2.0,11.0,74.0
