B_mean,G_mean,R_mean,B_std,G_std,R_std,B_median,G_median,R_median,B_mode,G_mode,R_mode
2.479326479294649,10.394722602412706,82.41853136836744,1.6783347224025775,1.9638317125316898,6.654076149743626,2.0,10.0,82.0,2.0,10.0,83.0
