B_mean,G_mean,R_mean,B_std,G_std,R_std,B_median,G_median,R_median,B_mode,G_mode,R_mode
2.1140465353152753,9.85883438902505,80.95782538116306,0.847455546614432,0.8326887725352307,4.342697854696129,2.0,10.0,80.0,2.0,10.0,79.0
