B_mean,G_mean,R_mean,B_std,G_std,R_std,B_median,G_median,R_median,B_mode,G_mode,R_mode
2.505586147627081,10.492917847025495,91.68978578476622,0.9641734446372339,0.948453001421458,9.8243917713867,3.0,10.0,93.0,3.0,10.0,100.0
