B_mean,G_mean,R_mean,B_std,G_std,R_std,B_median,G_median,R_median,B_mode,G_mode,R_mode
2.1242957634401756,9.810580259095394,80.99159690613362,0.8352211563733707,0.8445846593521478,4.392752576325865,2.0,10.0,80.0,2.0,10.0,79.0
