B_mean,G_mean,R_mean,B_std,G_std,R_std,B_median,G_median,R_median,B_mode,G_mode,R_mode
1.93070630550339,10.172836362478913,74.65229016137759,0.9529975564494926,0.6906533996171371,5.111332501686454,2.0,10.0,77.0,2.0,10.0,77.0
