B_mean,G_mean,R_mean,B_std,G_std,R_std,B_median,G_median,R_median,B_mode,G_mode,R_mode
2.9686475475061274,10.584301492822357,69.77929146640354,1.638132210820918,1.446470567935753,8.977541098532232,3.0,11.0,73.0,2.0,11.0,74.0
