B_mean,G_mean,R_mean,B_std,G_std,R_std,B_median,G_median,R_median,B_mode,G_mode,R_mode
2.6783588503039755,10.47417003533119,92.4834007066238,0.8441898403662492,0.8892964980884197,7.9500157221908685,3.0,10.0,94.0,3.0,10.0,100.0
