B_mean,G_mean,R_mean,B_std,G_std,R_std,B_median,G_median,R_median,B_mode,G_mode,R_mode
2.5112836999076933,9.906324601330489,82.08368080975268,0.9123521038265436,0.888831497984365,6.114118786401138,2.0,10.0,83.0,2.0,10.0,83.0
