B_mean,G_mean,R_mean,B_std,G_std,R_std,B_median,G_median,R_median,B_mode,G_mode,R_mode
1.6849794697138492,9.71187573606646,75.8378266543591,0.7437722465180713,0.6954392140019008,4.192431393678863,2.0,10.0,76.0,2.0,10.0,77.0
