B_mean,G_mean,R_mean,B_std,G_std,R_std,B_median,G_median,R_median,B_mode,G_mode,R_mode
3.0594900849858355,10.530254320909062,68.56424865518669,1.5670220459235038,1.414162843027525,9.024011916255892,3.0,11.0,70.0,3.0,11.0,71.0
