B_mean,G_mean,R_mean,B_std,G_std,R_std,B_median,G_median,R_median,B_mode,G_mode,R_mode
2.348155457236528,11.004965464557404,98.76423592322628,1.0292679565495906,0.9870440540909793,10.015532080014019,3.0,11.0,101.0,3.0,11.0,109.0
