B_mean,G_mean,R_mean,B_std,G_std,R_std,B_median,G_median,R_median,B_mode,G_mode,R_mode
1.405067320240634,12.067734029347168,111.07546869529236,0.9778407012689304,0.77558766307901,4.555901764476061,1.0,12.0,112.0,1.0,12.0,115.0
