B_mean,G_mean,R_mean,B_std,G_std,R_std,B_median,G_median,R_median,B_mode,G_mode,R_mode
2.6105293312537796,10.752363370149919,92.3646433459592,0.8743005661950926,0.884848752823476,7.803384780872107,3.0,11.0,94.0,3.0,11.0,95.0
