B_mean,G_mean,R_mean,B_std,G_std,R_std,B_median,G_median,R_median,B_mode,G_mode,R_mode
1.6051182480822486,9.853136836744438,75.25814049718305,0.7292476742598717,0.7001939908344696,3.7618435356352387,2.0,10.0,77.0,2.0,10.0,77.0
