B_mean,G_mean,R_mean,B_std,G_std,R_std,B_median,G_median,R_median,B_mode,G_mode,R_mode
1.173504790400102,12.874017251806347,114.43791577808193,0.9544840329451402,1.1317207969026137,5.350894447472474,1.0,13.0,115.0,1.0,12.0,113.0
