B_mean,G_mean,R_mean,B_std,G_std,R_std,B_median,G_median,R_median,B_mode,G_mode,R_mode
1.9735175223605055,9.876850112996149,79.41910430658561,0.5993685290748938,0.7796946631442438,3.2453010711446955,2.0,10.0,80.0,2.0,10.0,80.0
