B_mean,G_mean,R_mean,B_std,G_std,R_std,B_median,G_median,R_median,B_mode,G_mode,R_mode
2.3060763281026198,11.040933252697585,99.18292644109877,1.023078018002265,0.9189416610020192,10.392512696511584,2.0,11.0,102.0,3.0,11.0,109.0
