B_mean,G_mean,R_mean,B_std,G_std,R_std,B_median,G_median,R_median,B_mode,G_mode,R_mode
2.697361301206353,10.973199223350415,93.04612152656205,1.1261260563095048,1.1473365951659458,6.147097033976597,3.0,11.0,94.0,3.0,11.0,94.0
