B_mean,G_mean,R_mean,B_std,G_std,R_std,B_median,G_median,R_median,B_mode,G_mode,R_mode
2.788840436706242,11.509310246045136,96.43202724639526,0.9906162645984314,0.8683658751539588,7.4882836380863695,3.0,12.0,99.0,3.0,12.0,100.0
