B_mean,G_mean,R_mean,B_std,G_std,R_std,B_median,G_median,R_median,B_mode,G_mode,R_mode
2.223032116370118,10.987649998408505,99.56647674825732,1.0267341557103506,0.9418611227599015,10.895248351210618,2.0,11.0,102.0,2.0,11.0,109.0
