B_mean,G_mean,R_mean,B_std,G_std,R_std,B_median,G_median,R_median,B_mode,G_mode,R_mode
1.7221249641913614,12.034885571505873,109.7635674953051,1.0528459336549227,0.7477528812749418,5.04109600663898,2.0,12.0,110.0,2.0,12.0,114.0
