B_mean,G_mean,R_mean,B_std,G_std,R_std,B_median,G_median,R_median,B_mode,G_mode,R_mode
2.51940032466499,10.254448228666009,68.61021103224368,1.7237834502002445,1.5005297941828166,9.366165975038298,2.0,10.0,72.0,2.0,10.0,74.0
