B_mean,G_mean,R_mean,B_std,G_std,R_std,B_median,G_median,R_median,B_mode,G_mode,R_mode
2.481904701276379,9.784702549575071,83.32702040296655,0.8544428970578928,0.9728247961213214,5.690102469950416,2.0,10.0,83.0,2.0,10.0,83.0
