B_mean,G_mean,R_mean,B_std,G_std,R_std,B_median,G_median,R_median,B_mode,G_mode,R_mode
2.6172136104656714,10.657478435242066,92.7049686475475,0.8560553435335775,0.8698235408162577,7.5766273816308,3.0,11.0,94.0,3.0,11.0,100.0
