B_mean,G_mean,R_mean,B_std,G_std,R_std,B_median,G_median,R_median,B_mode,G_mode,R_mode
4.163510201483273,14.581182162523474,70.30633096731069,1.066884806906387,1.1898795887203435,3.1803038424431285,4.0,14.0,70.0,4.0,14.0,70.0
