B_mean,G_mean,R_mean,B_std,G_std,R_std,B_median,G_median,R_median,B_mode,G_mode,R_mode
3.194162396154948,11.510074163669351,93.20444345418086,1.0511433106233703,0.9532799837937788,5.596861785329855,3.0,11.0,93.0,3.0,11.0,101.0
