B_mean,G_mean,R_mean,B_std,G_std,R_std,B_median,G_median,R_median,B_mode,G_mode,R_mode
1.7279816659770189,9.811439666422638,74.19938249992043,0.8533873866828677,0.7910115549778463,3.3428613571474712,2.0,10.0,74.0,2.0,10.0,77.0
