B_mean,G_mean,R_mean,B_std,G_std,R_std,B_median,G_median,R_median,B_mode,G_mode,R_mode
1.6368844892892382,9.767100614317089,74.0480631505236,0.8839884154483699,0.7814551272841505,3.9657602566373304,2.0,10.0,74.0,1.0,10.0,77.0
