B_mean,G_mean,R_mean,B_std,G_std,R_std,B_median,G_median,R_median,B_mode,G_mode,R_mode
2.606900722538753,10.40360314479422,72.8109303880065,1.238150146667887,0.7902736687248264,8.508266263377596,2.0,11.0,76.0,2.0,11.0,78.0
