B_mean,G_mean,R_mean,B_std,G_std,R_std,B_median,G_median,R_median,B_mode,G_mode,R_mode
3.440907788776777,11.412865645987841,91.48136359295923,1.3025379394516607,0.8079870839890736,3.828857806229004,3.0,11.0,91.0,4.0,11.0,90.0
