B_mean,G_mean,R_mean,B_std,G_std,R_std,B_median,G_median,R_median,B_mode,G_mode,R_mode
3.4751885921634784,7.919374860744183,50.890505140529015,0.9487924976397747,0.9294364241490896,8.418143688805445,3.0,8.0,53.0,3.0,8.0,56.0
