B_mean,G_mean,R_mean,B_std,G_std,R_std,B_median,G_median,R_median,B_mode,G_mode,R_mode
4.238724257567559,13.405863067765859,74.0441480726995,1.1634824320239305,1.11700630345669,5.1934372415034655,4.0,13.0,74.0,4.0,13.0,70.0
