B_mean,G_mean,R_mean,B_std,G_std,R_std,B_median,G_median,R_median,B_mode,G_mode,R_mode
4.277620396600566,13.360187159817933,74.70961581309483,1.1735481538124397,1.131562742625649,4.853545931188019,4.0,13.0,75.0,4.0,13.0,70.0
