B_mean,G_mean,R_mean,B_std,G_std,R_std,B_median,G_median,R_median,B_mode,G_mode,R_mode
2.692268517044912,9.332304166534042,63.97027087245759,1.3120377127686595,0.9652536227961692,9.96422208213738,2.0,9.0,68.0,2.0,10.0,70.0
