B_mean,G_mean,R_mean,B_std,G_std,R_std,B_median,G_median,R_median,B_mode,G_mode,R_mode
4.070662380239997,14.59833847916733,70.25696279084572,1.0676912719858986,1.1993817011830785,3.0227710378996644,4.0,15.0,70.0,4.0,15.0,70.0
