B_mean,G_mean,R_mean,B_std,G_std,R_std,B_median,G_median,R_median,B_mode,G_mode,R_mode
7.9345895534264885,19.639812840182067,63.60273100550657,2.326063980600669,1.6324874718256863,4.337665139417499,7.0,19.0,64.0,7.0,19.0,61.0
