B_mean,G_mean,R_mean,B_std,G_std,R_std,B_median,G_median,R_median,B_mode,G_mode,R_mode
1.728363624789127,9.747875354107649,73.7537002259923,0.9152016531281038,0.8079516466044151,3.9114454862102273,2.0,10.0,74.0,2.0,10.0,77.0
