B_mean,G_mean,R_mean,B_std,G_std,R_std,B_median,G_median,R_median,B_mode,G_mode,R_mode
2.6412133558264634,8.420759461438076,60.0925613521342,1.3042866406732956,1.2078780305228993,9.853899680961833,3.0,8.0,64.0,2.0,9.0,66.0
