B_mean,G_mean,R_mean,B_std,G_std,R_std,B_median,G_median,R_median,B_mode,G_mode,R_mode
2.337078651685393,8.81583219276188,64.49705573415666,1.0676794595166956,0.8526984434433625,4.569937170969326,2.0,9.0,66.0,2.0,9.0,67.0
