B_mean,G_mean,R_mean,B_std,G_std,R_std,B_median,G_median,R_median,B_mode,G_mode,R_mode
3.6060413152115096,10.961040201164975,78.2784479740268,1.2292972800959034,1.0134113601437518,10.63154131707988,4.0,11.0,80.0,4.0,11.0,84.0
