B_mean,G_mean,R_mean,B_std,G_std,R_std,B_median,G_median,R_median,B_mode,G_mode,R_mode
5.449629181653245,15.541617595569278,72.88356622210905,1.3718325113286307,1.1855196888181738,5.554227443055659,5.0,16.0,74.0,5.0,16.0,73.0
