B_mean,G_mean,R_mean,B_std,G_std,R_std,B_median,G_median,R_median,B_mode,G_mode,R_mode
1.8251265238565109,9.82452175573734,73.87322150428112,0.9091540854396865,0.8175794135802249,3.359109220977006,2.0,10.0,74.0,2.0,10.0,73.0
