B_mean,G_mean,R_mean,B_std,G_std,R_std,B_median,G_median,R_median,B_mode,G_mode,R_mode
3.0441162427984847,8.177197058917146,56.60187159817933,1.2845784534784614,1.018209305656903,9.281369443847387,3.0,8.0,59.0,3.0,8.0,59.0
