B_mean,G_mean,R_mean,B_std,G_std,R_std,B_median,G_median,R_median,B_mode,G_mode,R_mode
2.5690231403380337,8.426488843619696,59.74848012222682,1.2502682844278352,1.0471516045072553,9.387277191427017,2.0,8.0,64.0,2.0,8.0,66.0
