B_mean,G_mean,R_mean,B_std,G_std,R_std,B_median,G_median,R_median,B_mode,G_mode,R_mode
2.6490435114746793,9.446414361651335,65.0639462711271,1.2574498366114197,0.9459218919530775,9.104178285787237,2.0,10.0,69.0,2.0,10.0,70.0
