B_mean,G_mean,R_mean,B_std,G_std,R_std,B_median,G_median,R_median,B_mode,G_mode,R_mode
2.8083521660247635,9.353630200210077,63.46812235413948,1.3861731307073373,1.1916168065120898,7.371430727961494,3.0,9.0,66.0,2.0,10.0,67.0
