B_mean,G_mean,R_mean,B_std,G_std,R_std,B_median,G_median,R_median,B_mode,G_mode,R_mode
1.6996848839800107,10.16939873316994,75.05411083171532,0.8653548562632835,0.7817317512281317,2.9170150302313314,2.0,10.0,75.0,2.0,10.0,77.0
