B_mean,G_mean,R_mean,B_std,G_std,R_std,B_median,G_median,R_median,B_mode,G_mode,R_mode
2.671929210300156,9.348569245949646,64.23764204093325,1.2727378656433297,0.8067273914702399,7.850525708511485,3.0,9.0,68.0,2.0,9.0,68.0
