B_mean,G_mean,R_mean,B_std,G_std,R_std,B_median,G_median,R_median,B_mode,G_mode,R_mode
4.282872330267053,13.371232135468059,74.48047235573097,1.1813678717538278,1.1714132715828622,5.216530787948978,4.0,13.0,75.0,4.0,13.0,70.0
