B_mean,G_mean,R_mean,B_std,G_std,R_std,B_median,G_median,R_median,B_mode,G_mode,R_mode
5.423528662825858,15.522678804468917,72.87003851418022,1.3866947465945685,1.2129680223394081,5.055215771379714,5.0,16.0,74.0,6.0,16.0,75.0
