B_mean,G_mean,R_mean,B_std,G_std,R_std,B_median,G_median,R_median,B_mode,G_mode,R_mode
3.473660756915046,7.8533596460515005,51.42919438520546,1.0204562639535648,1.0342281321979045,8.886365536776271,3.0,8.0,55.0,3.0,8.0,56.0
