B_mean,G_mean,R_mean,B_std,G_std,R_std,B_median,G_median,R_median,B_mode,G_mode,R_mode
4.051405290129548,14.648024954642391,69.68052328357258,1.0094092039088278,1.1554702101561511,3.0763376281060917,4.0,15.0,70.0,4.0,15.0,70.0
