B_mean,G_mean,R_mean,B_std,G_std,R_std,B_median,G_median,R_median,B_mode,G_mode,R_mode
5.455581373141929,15.49724671356272,73.66365343603782,1.4538817298825362,1.2567871739209922,4.835690965404209,6.0,16.0,74.0,6.0,16.0,74.0
