B_mean,G_mean,R_mean,B_std,G_std,R_std,B_median,G_median,R_median,B_mode,G_mode,R_mode
2.5009389820797656,8.751790431931756,64.11251870006684,1.0742166341135568,0.8470064008119534,4.739936622464254,2.0,9.0,65.0,2.0,9.0,67.0
