B_mean,G_mean,R_mean,B_std,G_std,R_std,B_median,G_median,R_median,B_mode,G_mode,R_mode
2.7098704523028934,8.444727376897857,60.287742305121434,1.333498078050414,1.022385507208315,8.950904502739736,3.0,8.0,64.0,2.0,9.0,66.0
