B_mean,G_mean,R_mean,B_std,G_std,R_std,B_median,G_median,R_median,B_mode,G_mode,R_mode
2.4135340739090303,10.292134831460674,73.12569627908458,1.079671957834736,0.8122123497563308,8.816828224334254,2.0,10.0,76.0,2.0,11.0,78.0
