B_mean,G_mean,R_mean,B_std,G_std,R_std,B_median,G_median,R_median,B_mode,G_mode,R_mode
3.1599134226692556,8.167011490594264,56.43457363847598,1.2618750292312744,1.0729189934189514,9.318962718471665,3.0,8.0,59.0,3.0,8.0,62.0
