B_mean,G_mean,R_mean,B_std,G_std,R_std,B_median,G_median,R_median,B_mode,G_mode,R_mode
3.057580290925295,10.449310882643156,79.43119966896903,1.037476352869825,0.943149876870551,11.778310359405337,3.0,11.0,83.0,3.0,11.0,84.0
