B_mean,G_mean,R_mean,B_std,G_std,R_std,B_median,G_median,R_median,B_mode,G_mode,R_mode
3.0621319667695834,10.79689340166152,83.57316102746921,1.085923990991733,1.1146548051903615,11.197176141566903,3.0,11.0,85.0,3.0,11.0,84.0
