B_mean,G_mean,R_mean,B_std,G_std,R_std,B_median,G_median,R_median,B_mode,G_mode,R_mode
5.400611134099373,15.571824171626826,73.29414011522424,1.3676422263522716,1.1898392451214133,5.482560410315907,5.0,16.0,74.0,5.0,16.0,74.0
