B_mean,G_mean,R_mean,B_std,G_std,R_std,B_median,G_median,R_median,B_mode,G_mode,R_mode
3.218257631218767,8.165069866632715,56.11331444759207,1.2488906131631226,1.0412296919713078,9.216579278995823,3.0,8.0,59.0,3.0,8.0,59.0
