B_mean,G_mean,R_mean,B_std,G_std,R_std,B_median,G_median,R_median,B_mode,G_mode,R_mode
1.7429098895502435,9.731642104593055,73.85001750644555,0.9335661788797539,0.8458032110396256,4.013922812678538,2.0,10.0,74.0,2.0,10.0,77.0
