B_mean,G_mean,R_mean,B_std,G_std,R_std,B_median,G_median,R_median,B_mode,G_mode,R_mode
2.569659738358214,8.466244389979947,59.869242766655,1.3561416529228445,1.1812781252328914,9.859547861012695,2.0,8.0,63.0,2.0,9.0,66.0
