B_mean,G_mean,R_mean,B_std,G_std,R_std,B_median,G_median,R_median,B_mode,G_mode,R_mode
8.250342171435847,19.491390011777064,63.08046598975077,2.378041649393648,1.6681485740428015,4.094233858802212,8.0,19.0,63.0,8.0,18.0,67.0
