B_mean,G_mean,R_mean,B_std,G_std,R_std,B_median,G_median,R_median,B_mode,G_mode,R_mode
2.8930515326097335,9.238978896775631,62.68507495941687,1.3677207153160627,1.1083942858429243,6.782072160478016,3.0,9.0,65.0,3.0,9.0,67.0
