B_mean,G_mean,R_mean,B_std,G_std,R_std,B_median,G_median,R_median,B_mode,G_mode,R_mode
8.342235095648853,19.729477671324442,63.25374797084381,2.5830013766748627,1.7544899540892438,4.362195224043126,8.0,19.0,63.0,7.0,19.0,61.0
