B_mean,G_mean,R_mean,B_std,G_std,R_std,B_median,G_median,R_median,B_mode,G_mode,R_mode
4.23388611261419,13.322214087914187,74.75064455549543,1.183014239344757,1.181638806719551,5.174945977729021,4.0,13.0,75.0,4.0,13.0,70.0
