B_mean,G_mean,R_mean,B_std,G_std,R_std,B_median,G_median,R_median,B_mode,G_mode,R_mode
3.421364229557246,9.704682178438425,52.333513702772386,0.9449782221680151,0.9418414036079978,3.2006644183780844,3.0,10.0,52.0,3.0,9.0,50.0
