B_mean,G_mean,R_mean,B_std,G_std,R_std,B_median,G_median,R_median,B_mode,G_mode,R_mode
5.0800840309386635,9.642613871470859,46.38835662221091,1.6936619648265183,1.667302545003404,7.458305846706591,5.0,9.0,48.0,5.0,9.0,50.0
