B_mean,G_mean,R_mean,B_std,G_std,R_std,B_median,G_median,R_median,B_mode,G_mode,R_mode
5.261991915205144,9.513575452780342,44.39640958716618,1.564590028662622,1.4648767501805984,6.417537075657452,5.0,9.0,47.0,5.0,9.0,50.0
