B_mean,G_mean,R_mean,B_std,G_std,R_std,B_median,G_median,R_median,B_mode,G_mode,R_mode
5.912817901136328,9.745710920839036,40.85164083139701,1.382990455378978,1.5241820867078248,4.666567186889216,6.0,9.0,42.0,6.0,9.0,44.0
