B_mean,G_mean,R_mean,B_std,G_std,R_std,B_median,G_median,R_median,B_mode,G_mode,R_mode
3.6778177419868223,10.30088805423815,54.00865773307445,1.1080944970189197,1.8818445670438793,4.483600699466621,3.0,10.0,54.0,3.0,10.0,50.0
