B_mean,G_mean,R_mean,B_std,G_std,R_std,B_median,G_median,R_median,B_mode,G_mode,R_mode
5.540758188242035,9.690072253875291,43.524047490212304,1.6963244161124933,1.6536533615860025,6.047100172002487,6.0,9.0,44.0,6.0,9.0,50.0
