B_mean,G_mean,R_mean,B_std,G_std,R_std,B_median,G_median,R_median,B_mode,G_mode,R_mode
3.368080975268167,9.999140592672756,57.57271540885508,0.9648044922355026,0.8902925673550905,4.514407416301867,3.0,10.0,58.0,3.0,10.0,59.0
