B_mean,G_mean,R_mean,B_std,G_std,R_std,B_median,G_median,R_median,B_mode,G_mode,R_mode
2.5118566381258556,9.679409237037273,81.67839068020498,0.7729148041313775,0.9460391784585294,4.3941605760477636,2.0,10.0,83.0,2.0,10.0,83.0
