B_mean,G_mean,R_mean,B_std,G_std,R_std,B_median,G_median,R_median,B_mode,G_mode,R_mode
1.3364102237642042,13.114078365216285,117.12738326383806,0.8520836880501705,1.0309252882396647,10.517050878725717,1.0,13.0,121.0,1.0,14.0,125.0
