B_mean,G_mean,R_mean,B_std,G_std,R_std,B_median,G_median,R_median,B_mode,G_mode,R_mode
1.2948722029474489,13.162396154947958,117.26638444154439,0.8645227231428724,1.016596659478393,10.17342555966533,1.0,13.0,121.0,1.0,14.0,124.0
