B_mean,G_mean,R_mean,B_std,G_std,R_std,B_median,G_median,R_median,B_mode,G_mode,R_mode
2.7075786994302447,10.66476748257313,87.74306903905529,0.9352020774315796,0.5864127437105439,5.9802803154185105,3.0,11.0,89.0,3.0,11.0,89.0
