B_mean,G_mean,R_mean,B_std,G_std,R_std,B_median,G_median,R_median,B_mode,G_mode,R_mode
2.036286087150269,11.705828054874749,104.5275806092243,1.0553897505118097,0.8529383984105064,7.516504951324506,2.0,12.0,106.0,2.0,12.0,109.0
