B_mean,G_mean,R_mean,B_std,G_std,R_std,B_median,G_median,R_median,B_mode,G_mode,R_mode
3.1924117515994523,10.476143489193749,84.46723111691122,0.9326005531570482,0.9554697178628694,3.856174604868585,3.0,11.0,84.0,4.0,11.0,84.0
