B_mean,G_mean,R_mean,B_std,G_std,R_std,B_median,G_median,R_median,B_mode,G_mode,R_mode
2.7819970079893053,10.582487188464844,87.60925613521341,0.8764361691884861,0.6309964303645795,5.40106289559857,3.0,11.0,89.0,3.0,11.0,89.0
