B_mean,G_mean,R_mean,B_std,G_std,R_std,B_median,G_median,R_median,B_mode,G_mode,R_mode
4.183117420504822,11.987268039596398,92.05719833211319,1.167850977881685,0.7227545774788077,4.027977874977233,4.0,12.0,92.0,4.0,12.0,92.0
