B_mean,G_mean,R_mean,B_std,G_std,R_std,B_median,G_median,R_median,B_mode,G_mode,R_mode
2.587866441735366,9.948531050068434,83.0766782315307,0.8242121402519523,0.8395952919496931,3.6491654207187385,2.0,10.0,84.0,2.0,10.0,84.0
