B_mean,G_mean,R_mean,B_std,G_std,R_std,B_median,G_median,R_median,B_mode,G_mode,R_mode
2.408918738262724,11.051723589139637,92.77257535729063,0.9263291637869817,0.9935965908617254,10.842760072077668,2.0,11.0,95.0,2.0,11.0,100.0
