B_mean,G_mean,R_mean,B_std,G_std,R_std,B_median,G_median,R_median,B_mode,G_mode,R_mode
3.8074927586975202,11.863386064869339,91.94945411719769,1.118485384699748,0.7375926650925078,5.025925064181463,4.0,12.0,92.0,4.0,12.0,91.0
