B_mean,G_mean,R_mean,B_std,G_std,R_std,B_median,G_median,R_median,B_mode,G_mode,R_mode
2.4441226087786867,11.1286246299774,93.11614730878188,0.9690288816683844,1.063989528269686,11.197894042757072,2.0,11.0,96.0,2.0,11.0,100.0
