B_mean,G_mean,R_mean,B_std,G_std,R_std,B_median,G_median,R_median,B_mode,G_mode,R_mode
0.9520959989814431,12.99586211286883,116.28987490848904,0.6800502272917178,0.9471228541612163,4.586662017436788,1.0,13.0,116.0,1.0,14.0,115.0
