B_mean,G_mean,R_mean,B_std,G_std,R_std,B_median,G_median,R_median,B_mode,G_mode,R_mode
3.80236814463507,11.828627812967502,91.38129038418691,1.1378153979760408,0.7519038763691731,5.297471188776781,4.0,12.0,91.0,4.0,12.0,91.0
