B_mean,G_mean,R_mean,B_std,G_std,R_std,B_median,G_median,R_median,B_mode,G_mode,R_mode
4.687748671101633,11.75328643727918,84.70550975586465,0.8168632371700747,0.7582145669221629,1.9830849531506838,5.0,12.0,85.0,5.0,12.0,85.0
