B_mean,G_mean,R_mean,B_std,G_std,R_std,B_median,G_median,R_median,B_mode,G_mode,R_mode
3.8414552630741317,14.636247891269058,101.66288951841359,1.5612167627472646,0.9863958920167835,6.272864119204724,4.0,15.0,103.0,4.0,15.0,101.0
