B_mean,G_mean,R_mean,B_std,G_std,R_std,B_median,G_median,R_median,B_mode,G_mode,R_mode
2.3423305853518794,11.082598593118375,92.67065601425979,0.9197012279501641,1.0516132950721986,11.315980548250506,2.0,11.0,95.0,2.0,11.0,100.0
