B_mean,G_mean,R_mean,B_std,G_std,R_std,B_median,G_median,R_median,B_mode,G_mode,R_mode
3.7498806378712164,11.091797434509978,82.88655823280389,0.9571371901941823,0.5550098301845795,4.340977128191306,4.0,11.0,84.0,4.0,11.0,84.0
