B_mean,G_mean,R_mean,B_std,G_std,R_std,B_median,G_median,R_median,B_mode,G_mode,R_mode
4.235095648852532,13.264729286691919,95.08912372282522,1.1334664096959666,0.9034996631345054,3.6569212121641836,4.0,13.0,96.0,4.0,13.0,97.0
