B_mean,G_mean,R_mean,B_std,G_std,R_std,B_median,G_median,R_median,B_mode,G_mode,R_mode
1.31985867523952,13.1219085208645,116.92074354648757,0.8892150857328448,1.0110021571496133,10.274288723177518,1.0,13.0,121.0,1.0,14.0,125.0
