B_mean,G_mean,R_mean,B_std,G_std,R_std,B_median,G_median,R_median,B_mode,G_mode,R_mode
2.4983289301970273,12.3275615112837,98.25129706846612,1.1022952514601063,0.9434626314431178,7.44190001172118,2.0,12.0,100.0,2.0,13.0,105.0
