B_mean,G_mean,R_mean,B_std,G_std,R_std,B_median,G_median,R_median,B_mode,G_mode,R_mode
3.0679886685552407,14.44116242798485,105.09915014164307,1.355284390578974,0.7206503467073221,3.6286434554265683,3.0,14.0,106.0,4.0,14.0,107.0
