B_mean,G_mean,R_mean,B_std,G_std,R_std,B_median,G_median,R_median,B_mode,G_mode,R_mode
2.4671356272081995,9.792596365025306,82.16577012445491,0.7835590470478155,1.0016944822810074,3.767517734199736,2.0,10.0,83.0,2.0,10.0,83.0
