B_mean,G_mean,R_mean,B_std,G_std,R_std,B_median,G_median,R_median,B_mode,G_mode,R_mode
2.4399210618454976,11.18321291020785,93.286246299774,0.9823831963489856,1.0496253361782,11.31970635970038,2.0,11.0,96.0,2.0,11.0,100.0
