B_mean,G_mean,R_mean,B_std,G_std,R_std,B_median,G_median,R_median,B_mode,G_mode,R_mode
2.0256549002132602,11.711780246363434,104.1491230862272,1.0616249021431243,0.8887573070821588,7.9830287708142205,2.0,12.0,106.0,2.0,12.0,109.0
