B_mean,G_mean,R_mean,B_std,G_std,R_std,B_median,G_median,R_median,B_mode,G_mode,R_mode
0.9603399433427762,12.949135818187605,116.0974949867906,0.6690477492683374,0.8973392295083338,4.393392340600808,1.0,13.0,116.0,1.0,13.0,115.0
