B_mean,G_mean,R_mean,B_std,G_std,R_std,B_median,G_median,R_median,B_mode,G_mode,R_mode
3.5859248177738166,11.071776426775314,83.71805073686221,1.0215449628397402,0.6971134452252402,4.640687948921393,4.0,11.0,84.0,4.0,11.0,84.0
