B_mean,G_mean,R_mean,B_std,G_std,R_std,B_median,G_median,R_median,B_mode,G_mode,R_mode
2.8204156985071775,10.64742018652322,86.52987236209695,0.9747706332590605,0.6442502301069025,6.765714937225455,3.0,11.0,87.0,2.0,11.0,87.0
