B_mean,G_mean,R_mean,B_std,G_std,R_std,B_median,G_median,R_median,B_mode,G_mode,R_mode
3.0720628958843936,14.310850813253971,105.30066524493108,1.2937388350353063,0.7601329527536852,4.993285267453837,3.0,14.0,106.0,4.0,14.0,107.0
