B_mean,G_mean,R_mean,B_std,G_std,R_std,B_median,G_median,R_median,B_mode,G_mode,R_mode
4.44017570105357,11.661425342967183,86.38355030715854,0.8565608743045794,0.7186620125425044,3.956401605220108,4.0,12.0,86.0,5.0,12.0,85.0
