B_mean,G_mean,R_mean,B_std,G_std,R_std,B_median,G_median,R_median,B_mode,G_mode,R_mode
4.527707928828342,11.879269185472833,86.74637934876023,0.8925627519144007,0.8045790619396678,3.6912754015358287,5.0,12.0,86.0,5.0,12.0,85.0
