B_mean,G_mean,R_mean,B_std,G_std,R_std,B_median,G_median,R_median,B_mode,G_mode,R_mode
2.6636216061368048,10.639653690677022,87.52025973199224,0.8991541935285257,0.6631444891200546,6.284819875671797,3.0,11.0,88.0,2.0,11.0,89.0
