B_mean,G_mean,R_mean,B_std,G_std,R_std,B_median,G_median,R_median,B_mode,G_mode,R_mode
3.9244358150046152,14.672915937231435,101.378107394086,1.5435348073754216,0.935378346568041,6.104293320275151,4.0,15.0,102.0,4.0,15.0,102.0
