B_mean,G_mean,R_mean,B_std,G_std,R_std,B_median,G_median,R_median,B_mode,G_mode,R_mode
1.5107425915905401,12.203552216952605,107.68513861921889,1.0636812907016666,0.944359967948553,10.68619901923277,1.0,12.0,113.0,1.0,12.0,116.0
