B_mean,G_mean,R_mean,B_std,G_std,R_std,B_median,G_median,R_median,B_mode,G_mode,R_mode
3.7627399178788554,11.062259286373619,83.42251010599357,0.984561617384713,0.6436260922273005,4.153072811558691,4.0,11.0,84.0,4.0,11.0,84.0
