B_mean,G_mean,R_mean,B_std,G_std,R_std,B_median,G_median,R_median,B_mode,G_mode,R_mode
4.642359232262788,11.855460419518096,86.21743005379253,0.7855720127687223,0.7629003802783935,2.9908065957028875,5.0,12.0,85.0,5.0,12.0,85.0
