B_mean,G_mean,R_mean,B_std,G_std,R_std,B_median,G_median,R_median,B_mode,G_mode,R_mode
4.544132157748989,11.704650348537417,84.80606041315211,0.8014871260944676,0.7521391821854639,2.677748606903591,5.0,12.0,85.0,5.0,12.0,85.0
