B_mean,G_mean,R_mean,B_std,G_std,R_std,B_median,G_median,R_median,B_mode,G_mode,R_mode
4.425215647579336,11.617468249673744,85.41655791450489,0.8691173193649293,0.7272290930823719,3.453903152656729,4.0,12.0,85.0,4.0,12.0,85.0
