B_mean,G_mean,R_mean,B_std,G_std,R_std,B_median,G_median,R_median,B_mode,G_mode,R_mode
2.4680905242384696,9.664608333068085,81.47639812840183,0.763100939593053,0.9905489536683796,4.210455224042403,2.0,10.0,83.0,2.0,10.0,83.0
