B_mean,G_mean,R_mean,B_std,G_std,R_std,B_median,G_median,R_median,B_mode,G_mode,R_mode
4.450743228188561,13.240188433013973,93.53369195021803,1.2673801292247873,0.8019730349616467,3.798448123194275,5.0,13.0,94.0,5.0,13.0,97.0
