B_mean,G_mean,R_mean,B_std,G_std,R_std,B_median,G_median,R_median,B_mode,G_mode,R_mode
3.6408950568163734,11.046917274087278,82.60632778432058,0.9328515054463216,0.6400211457723545,5.0711799409025495,4.0,11.0,84.0,4.0,11.0,84.0
