B_mean,G_mean,R_mean,B_std,G_std,R_std,B_median,G_median,R_median,B_mode,G_mode,R_mode
2.9937295095012253,10.57071012509151,82.28490944393162,0.9872139793848196,0.7340348865707899,4.2207696087473225,3.0,11.0,82.0,2.0,11.0,84.0
