B_mean,G_mean,R_mean,B_std,G_std,R_std,B_median,G_median,R_median,B_mode,G_mode,R_mode
3.76932870738772,14.542031384282394,101.3741923162619,1.5155518091354996,0.9487562314501709,5.682015516417932,4.0,15.0,103.0,4.0,14.0,104.0
