B_mean,G_mean,R_mean,B_std,G_std,R_std,B_median,G_median,R_median,B_mode,G_mode,R_mode
3.1956584015023712,14.49597351752236,104.93382563580228,1.3637776493584428,0.8058573421086138,4.422483413873969,3.0,14.0,106.0,4.0,14.0,108.0
