H_mean,S_mean,V_mean,H_std,S_std,V_std,H_median,S_median,V_median,H_mode,S_mode,V_mode
2.858866218926059,240.59910239679155,60.34646847248305,0.5499095005850112,5.92899398340009,4.882231894285309,3.0,241.0,61.0,3.0,247.0,63.0
