H_mean,S_mean,V_mean,H_std,S_std,V_std,H_median,S_median,V_median,H_mode,S_mode,V_mode
3.0024827322787027,242.75150396282268,60.09147913549989,0.583214355801455,5.693320393635743,5.608018290090015,3.0,243.0,61.0,3.0,247.0,63.0
