H_mean,S_mean,V_mean,H_std,S_std,V_std,H_median,S_median,V_median,H_mode,S_mode,V_mode
3.0759461438074926,242.4410032784798,61.80325938186332,0.5899698650894193,5.932974079054756,5.7440776351617595,3.0,243.0,63.0,3.0,247.0,67.0
