H_mean,S_mean,V_mean,H_std,S_std,V_std,H_median,S_median,V_median,H_mode,S_mode,V_mode
3.0349492313078907,242.69567431645288,59.652449310882645,0.5459420917164792,5.77848824068271,5.462322312942435,3.0,243.0,61.0,3.0,247.0,62.0
