H_mean,S_mean,V_mean,H_std,S_std,V_std,H_median,S_median,V_median,H_mode,S_mode,V_mode
3.493713594550721,248.2672120189706,76.07171276697329,0.5390000206376456,2.967782586875635,4.121265628103534,4.0,248.0,77.0,4.0,248.0,77.0
