H_mean,S_mean,V_mean,H_std,S_std,V_std,H_median,S_median,V_median,H_mode,S_mode,V_mode
3.48155457236528,247.61151605818506,74.4989336983162,0.5428998872557487,4.21408548467927,5.5483332846037134,4.0,248.0,76.0,4.0,248.0,77.0
