H_mean,S_mean,V_mean,H_std,S_std,V_std,H_median,S_median,V_median,H_mode,S_mode,V_mode
2.8914918674602923,241.01502371327626,60.53245058407868,0.5454599925930519,5.853793583026795,4.929252363071587,3.0,242.0,61.0,3.0,247.0,62.0
