H_mean,S_mean,V_mean,H_std,S_std,V_std,H_median,S_median,V_median,H_mode,S_mode,V_mode
3.5611293248877995,248.53588821338766,75.30811344176719,0.5025036354114891,3.1374068001815996,3.677747894239533,4.0,248.0,76.0,4.0,248.0,77.0
