H_mean,S_mean,V_mean,H_std,S_std,V_std,H_median,S_median,V_median,H_mode,S_mode,V_mode
2.8572747238756087,240.6435369386001,60.32533341821307,0.5460701752480737,5.622874977533056,4.879780103217402,3.0,241.0,61.0,3.0,247.0,62.0
