H_mean,S_mean,V_mean,H_std,S_std,V_std,H_median,S_median,V_median,H_mode,S_mode,V_mode
3.0471719132953496,242.5374797084381,61.8713753700226,0.5966038770934896,6.223702295143342,6.022000524682175,3.0,243.0,63.0,3.0,247.0,67.0
