H_mean,S_mean,V_mean,H_std,S_std,V_std,H_median,S_median,V_median,H_mode,S_mode,V_mode
3.121749371359455,243.97431326988573,62.136741254734694,0.6017891120867996,5.681862230258789,5.499781692225232,3.0,244.0,63.0,3.0,247.0,67.0
