H_mean,S_mean,V_mean,H_std,S_std,V_std,H_median,S_median,V_median,H_mode,S_mode,V_mode
3.032530158831206,243.8314606741573,61.42470636916319,0.6060438053624174,6.350884497622442,5.866887045262338,3.0,244.0,63.0,3.0,247.0,67.0
