H_mean,S_mean,V_mean,H_std,S_std,V_std,H_median,S_median,V_median,H_mode,S_mode,V_mode
4.963554763344686,224.94891300888054,57.991183117420505,0.500104082750613,5.748304422722316,1.8894564731832697,5.0,225.0,58.0,5.0,225.0,59.0
