H_mean,S_mean,V_mean,H_std,S_std,V_std,H_median,S_median,V_median,H_mode,S_mode,V_mode
5.565490021326034,219.21529745042494,55.44323137155043,0.7131023109037008,7.82230746117991,3.279801578475032,6.0,220.0,56.0,6.0,225.0,59.0
