H_mean,S_mean,V_mean,H_std,S_std,V_std,H_median,S_median,V_median,H_mode,S_mode,V_mode
4.606582423528663,225.71951491230863,55.011426934462236,0.6353418310320641,9.362514800568285,2.84296863213782,5.0,227.0,54.0,5.0,227.0,54.0
