H_mean,S_mean,V_mean,H_std,S_std,V_std,H_median,S_median,V_median,H_mode,S_mode,V_mode
4.790240952350638,226.3423624152529,54.94700321482,0.6033310860663615,7.120608604899886,4.042769973841141,5.0,227.0,54.0,5.0,230.0,53.0
