H_mean,S_mean,V_mean,H_std,S_std,V_std,H_median,S_median,V_median,H_mode,S_mode,V_mode
4.84056402584588,227.2413661393513,53.5738612852914,0.6019233561531286,5.501616543014134,3.755985185847567,5.0,228.0,53.0,5.0,230.0,53.0
