H_mean,S_mean,V_mean,H_std,S_std,V_std,H_median,S_median,V_median,H_mode,S_mode,V_mode
5.7092975140847315,220.9254225419359,55.9816341471178,0.7310115178261871,8.674393723765913,3.198789016901963,6.0,223.0,57.0,6.0,225.0,59.0
