H_mean,S_mean,V_mean,H_std,S_std,V_std,H_median,S_median,V_median,H_mode,S_mode,V_mode
4.739726899449343,238.06875258617947,67.34755068911736,0.5040814717386022,5.801084494241411,4.145226583169964,5.0,240.0,68.0,5.0,240.0,70.0
