H_mean,S_mean,V_mean,H_std,S_std,V_std,H_median,S_median,V_median,H_mode,S_mode,V_mode
5.149696024445364,216.04392526339242,44.53366012031702,0.76399137687822,7.27006715708786,3.519293897902388,5.0,217.0,44.0,5.0,213.0,42.0
