H_mean,S_mean,V_mean,H_std,S_std,V_std,H_median,S_median,V_median,H_mode,S_mode,V_mode
8.053092274883024,211.24614062450266,63.14339370404558,0.7086231320213694,11.358544764605826,3.3895548908578474,8.0,213.0,63.0,8.0,213.0,60.0
