H_mean,S_mean,V_mean,H_std,S_std,V_std,H_median,S_median,V_median,H_mode,S_mode,V_mode
5.720406149536875,222.24257567558965,55.88582614508069,0.7085019635745344,7.439828079366659,3.0433140156850094,6.0,224.0,56.0,6.0,225.0,59.0
