H_mean,S_mean,V_mean,H_std,S_std,V_std,H_median,S_median,V_median,H_mode,S_mode,V_mode
4.778845847789413,227.39930610815802,54.778113760066205,0.5980248490597804,5.511082500818121,3.665292895332641,5.0,228.0,54.0,5.0,230.0,53.0
