H_mean,S_mean,V_mean,H_std,S_std,V_std,H_median,S_median,V_median,H_mode,S_mode,V_mode
8.047649361810485,210.75767896361842,63.064964827959386,0.7001325155901623,11.858722690758736,3.274446784403857,8.0,213.0,62.0,8.0,213.0,61.0
