H_mean,S_mean,V_mean,H_std,S_std,V_std,H_median,S_median,V_median,H_mode,S_mode,V_mode
6.187096158130948,201.6307413183945,46.11901199987268,0.8389595302563871,13.042507083562828,2.134469301017199,6.0,204.0,46.0,6.0,210.0,45.0
