H_mean,S_mean,V_mean,H_std,S_std,V_std,H_median,S_median,V_median,H_mode,S_mode,V_mode
6.3488875449597355,206.21122322309577,46.63939905146895,0.7636968396312478,9.949942068673682,2.3941810974772904,6.0,208.0,47.0,6.0,210.0,45.0
