H_mean,S_mean,V_mean,H_std,S_std,V_std,H_median,S_median,V_median,H_mode,S_mode,V_mode
4.78505267848617,227.07269949390457,53.243817041729,0.5968004394343852,5.750820499125563,3.753193875692664,5.0,228.0,53.0,5.0,230.0,53.0
