H_mean,S_mean,V_mean,H_std,S_std,V_std,H_median,S_median,V_median,H_mode,S_mode,V_mode
4.000381958812108,211.26266034312633,35.35152942674348,0.9415026034455911,14.819416903365628,4.481896744449208,4.0,215.0,34.0,4.0,218.0,34.0
