H_mean,S_mean,V_mean,H_std,S_std,V_std,H_median,S_median,V_median,H_mode,S_mode,V_mode
2.8762135149759684,215.0540790018143,31.687939650507687,1.513158421042829,9.252796602302615,2.823417844086557,3.0,215.0,32.0,1.0,209.0,33.0
