H_mean,S_mean,V_mean,H_std,S_std,V_std,H_median,S_median,V_median,H_mode,S_mode,V_mode
3.4530986408632267,214.89266957379763,32.46229748225483,2.7660977600971672,11.694276982326981,3.8894252735768777,4.0,216.0,32.0,4.0,209.0,33.0
