H_mean,S_mean,V_mean,H_std,S_std,V_std,H_median,S_median,V_median,H_mode,S_mode,V_mode
4.8686698284368335,207.09163828500493,31.86052137377853,0.952596396209259,11.916641299908544,4.332099604471565,5.0,209.0,31.0,5.0,209.0,30.0
