H_mean,S_mean,V_mean,H_std,S_std,V_std,H_median,S_median,V_median,H_mode,S_mode,V_mode
5.427189101441894,213.49027596524175,26.11073622561034,1.5627492932735818,11.140274653553828,3.4238215128632103,5.0,216.0,26.0,5.0,224.0,25.0
