H_mean,S_mean,V_mean,H_std,S_std,V_std,H_median,S_median,V_median,H_mode,S_mode,V_mode
3.088455294904033,218.54858834389026,39.394372473501605,1.0309876497700066,8.19216321043283,5.438019532689076,3.0,219.0,40.0,3.0,219.0,42.0
