H_mean,S_mean,V_mean,H_std,S_std,V_std,H_median,S_median,V_median,H_mode,S_mode,V_mode
4.492440398510361,208.47111436483434,36.75309545787312,0.896447282135868,9.668288869300483,3.429664334783289,4.0,210.0,36.0,4.0,211.0,35.0
