H_mean,S_mean,V_mean,H_std,S_std,V_std,H_median,S_median,V_median,H_mode,S_mode,V_mode
4.067001941623961,217.6095744342235,29.311964859789285,1.0992271185885276,10.776627323087986,3.0692159159082704,4.0,219.0,29.0,4.0,226.0,27.0
