H_mean,S_mean,V_mean,H_std,S_std,V_std,H_median,S_median,V_median,H_mode,S_mode,V_mode
2.8928923831046887,217.17831110545245,33.38059012636471,1.2692192317619362,8.619907813167949,3.7903431463247896,3.0,218.0,33.0,3.0,209.0,33.0
