H_mean,S_mean,V_mean,H_std,S_std,V_std,H_median,S_median,V_median,H_mode,S_mode,V_mode
3.397109844988382,215.08358532004965,33.06143170894739,1.3203667180426615,10.822467918449117,3.640209882107743,4.0,216.0,33.0,4.0,209.0,33.0
