H_mean,S_mean,V_mean,H_std,S_std,V_std,H_median,S_median,V_median,H_mode,S_mode,V_mode
4.029601807938377,208.30060158512907,32.29515867205653,1.1772295071090604,10.379317741470027,3.0215674619698896,4.0,209.0,32.0,4.0,204.0,31.0
