H_mean,S_mean,V_mean,H_std,S_std,V_std,H_median,S_median,V_median,H_mode,S_mode,V_mode
4.213801445077506,218.5459782920075,29.17547824426266,1.0730110329210305,11.16872337339208,3.7190604160367604,4.0,221.0,28.0,5.0,226.0,26.0
