H_mean,S_mean,V_mean,H_std,S_std,V_std,H_median,S_median,V_median,H_mode,S_mode,V_mode
5.096603749562339,217.74217780182704,25.880128592800077,1.1801371511699938,10.29735769550272,2.097785858783033,5.0,223.0,26.0,5.0,224.0,25.0
