H_mean,S_mean,V_mean,H_std,S_std,V_std,H_median,S_median,V_median,H_mode,S_mode,V_mode
3.4202501830219307,220.5763121876691,32.270554158576566,1.804632482471214,7.428993494720768,4.201886882786741,3.0,221.0,33.0,3.0,226.0,32.0
