H_mean,S_mean,V_mean,H_std,S_std,V_std,H_median,S_median,V_median,H_mode,S_mode,V_mode
5.340548110895375,215.49737403316675,25.72511697488621,1.4519890092778724,12.383714304561847,2.887468590268742,5.0,220.0,25.0,5.0,224.0,25.0
