H_mean,S_mean,V_mean,H_std,S_std,V_std,H_median,S_median,V_median,H_mode,S_mode,V_mode
5.024413534073909,221.1437438329567,26.08880542381513,1.5767871742325303,7.4778998147537905,2.16017493965466,5.0,224.0,26.0,5.0,226.0,26.0
