H_mean,S_mean,V_mean,H_std,S_std,V_std,H_median,S_median,V_median,H_mode,S_mode,V_mode
3.71798707706019,212.47219658146864,35.90438297736894,0.9939555914682974,13.12181177850283,3.9653081091267164,4.0,216.0,35.0,4.0,218.0,34.0
