H_mean,S_mean,V_mean,H_std,S_std,V_std,H_median,S_median,V_median,H_mode,S_mode,V_mode
4.438934334914219,212.6021580672884,31.831842632969412,1.0537970125550173,11.09233357771172,3.758686673593429,4.0,214.0,31.0,4.0,211.0,30.0
