H_mean,S_mean,V_mean,H_std,S_std,V_std,H_median,S_median,V_median,H_mode,S_mode,V_mode
3.968806697011172,210.9562338861126,35.086259031734414,1.4372255283528357,11.36193124940091,5.307684291868171,4.0,211.0,34.0,4.0,218.0,34.0
