H_mean,S_mean,V_mean,H_std,S_std,V_std,H_median,S_median,V_median,H_mode,S_mode,V_mode
3.8673011426934463,212.81430435751344,33.79918515453417,0.9673130318835127,11.178606831275513,3.473177713670081,4.0,215.0,33.0,4.0,218.0,33.0
