H_mean,S_mean,V_mean,H_std,S_std,V_std,H_median,S_median,V_median,H_mode,S_mode,V_mode
3.1939077569468757,218.18260814208867,34.72409841805392,1.3141692453679952,7.698203073891437,5.104336912719806,3.0,219.0,35.0,3.0,209.0,33.0
