H_mean,S_mean,V_mean,H_std,S_std,V_std,H_median,S_median,V_median,H_mode,S_mode,V_mode
3.5865614157939967,218.8894229238947,36.24423083044212,2.81656789245771,10.147577104215307,4.721014172462399,4.0,221.0,36.0,4.0,221.0,36.0
