H_mean,S_mean,V_mean,H_std,S_std,V_std,H_median,S_median,V_median,H_mode,S_mode,V_mode
3.4960690072253877,215.65747843524207,40.91686029856447,0.814931100194634,12.252566505181365,4.401088913324734,4.0,218.0,40.0,4.0,221.0,40.0
