H_mean,S_mean,V_mean,H_std,S_std,V_std,H_median,S_median,V_median,H_mode,S_mode,V_mode
3.291179934430404,221.40557659865678,35.778559378680335,2.215907471977194,7.894493312956771,4.597604714544372,3.0,222.0,37.0,3.0,221.0,38.0
