H_mean,S_mean,V_mean,H_std,S_std,V_std,H_median,S_median,V_median,H_mode,S_mode,V_mode
2.9173059171785978,215.64882070216763,33.11363274660216,2.784414730704687,9.038212244872636,3.7193374673501776,3.0,216.0,33.0,3.0,209.0,33.0
