H_mean,S_mean,V_mean,H_std,S_std,V_std,H_median,S_median,V_median,H_mode,S_mode,V_mode
5.530572619919152,214.99732628831524,24.584651621733457,1.504035876468153,11.03260985651157,2.4174367577758225,5.0,219.0,25.0,5.0,224.0,25.0
