H_mean,S_mean,V_mean,H_std,S_std,V_std,H_median,S_median,V_median,H_mode,S_mode,V_mode
5.163542031384282,216.72463952637108,25.235955056179776,1.1341701920495,10.757005487862793,2.187757516353433,5.0,222.0,25.0,5.0,224.0,25.0
