H_mean,S_mean,V_mean,H_std,S_std,V_std,H_median,S_median,V_median,H_mode,S_mode,V_mode
3.308590890282331,218.8102937899863,36.22385969379635,1.0631512866108626,7.04398254271096,5.429158661853336,3.0,219.0,38.0,3.0,217.0,40.0
