H_mean,S_mean,V_mean,H_std,S_std,V_std,H_median,S_median,V_median,H_mode,S_mode,V_mode
4.591017601935258,214.7081516376484,28.149314065633256,1.0301970047416302,12.187876837743062,3.197396404092009,5.0,217.0,27.0,5.0,226.0,26.0
