H_mean,S_mean,V_mean,H_std,S_std,V_std,H_median,S_median,V_median,H_mode,S_mode,V_mode
3.1713403571314895,220.45055224878251,39.04583505745297,1.1926248574989997,8.800727727549377,7.018768713785639,3.0,221.0,39.0,3.0,222.0,39.0
