H_mean,S_mean,V_mean,H_std,S_std,V_std,H_median,S_median,V_median,H_mode,S_mode,V_mode
2.922303211637012,217.2536524811408,33.23404526211923,2.173038236864965,8.617907127311067,3.9318587401050182,3.0,218.0,33.0,4.0,209.0,33.0
