H_mean,S_mean,V_mean,H_std,S_std,V_std,H_median,S_median,V_median,H_mode,S_mode,V_mode
3.688353439220804,227.30298882770475,49.21466085240475,0.8010224821534628,12.245357457572304,4.616211314628535,4.0,230.0,50.0,4.0,240.0,50.0
