H_mean,S_mean,V_mean,H_std,S_std,V_std,H_median,S_median,V_median,H_mode,S_mode,V_mode
4.976923321768469,207.81048476939236,31.284431995416494,1.0148858540117214,11.948138327609938,4.398714116948053,5.0,209.0,31.0,5.0,209.0,27.0
