H_mean,S_mean,V_mean,H_std,S_std,V_std,H_median,S_median,V_median,H_mode,S_mode,V_mode
4.637712066715473,217.98994175128115,27.226724384887163,1.1404495250358202,11.47626122073799,3.3224454959094585,5.0,221.0,27.0,5.0,226.0,26.0
