H_mean,S_mean,V_mean,H_std,S_std,V_std,H_median,S_median,V_median,H_mode,S_mode,V_mode
3.4516981252188303,218.03163892160296,38.24852786707833,0.9260083510917625,10.017168466465918,5.1596287642036955,3.0,220.0,38.0,4.0,221.0,38.0
