H_mean,S_mean,V_mean,H_std,S_std,V_std,H_median,S_median,V_median,H_mode,S_mode,V_mode
3.725244294490244,214.00792564535124,31.318649139001177,1.164504372622373,11.89625629156473,3.0103642984685197,4.0,216.0,31.0,4.0,223.0,32.0
