H_mean,S_mean,V_mean,H_std,S_std,V_std,H_median,S_median,V_median,H_mode,S_mode,V_mode
2.924085686093516,224.96189960849222,41.685552407932015,0.9898251196799536,8.649362868518201,6.624285741217305,3.0,225.0,42.0,3.0,227.0,43.0
