H_mean,S_mean,V_mean,H_std,S_std,V_std,H_median,S_median,V_median,H_mode,S_mode,V_mode
3.5039309927746123,218.176624120699,44.93232963045485,0.9820415176940983,13.354442299482077,5.310417967196532,4.0,221.0,45.0,4.0,222.0,44.0
