H_mean,S_mean,V_mean,H_std,S_std,V_std,H_median,S_median,V_median,H_mode,S_mode,V_mode
3.1826081420886783,220.4536715790814,37.4589871725499,1.4685110173656972,9.020537249925324,6.439146804232495,3.0,221.0,38.0,3.0,227.0,43.0
