H_mean,S_mean,V_mean,H_std,S_std,V_std,H_median,S_median,V_median,H_mode,S_mode,V_mode
4.456408950568163,210.86386351338447,38.38590571983321,0.8244217683675236,11.12210389574276,4.089538034394291,4.0,212.0,38.0,4.0,211.0,36.0
