H_mean,S_mean,V_mean,H_std,S_std,V_std,H_median,S_median,V_median,H_mode,S_mode,V_mode
3.6131393831365184,218.41280198618583,36.469554699684885,0.9786376263589756,10.15634304982335,4.2307365719665615,4.0,221.0,37.0,4.0,221.0,38.0
