H_mean,S_mean,V_mean,H_std,S_std,V_std,H_median,S_median,V_median,H_mode,S_mode,V_mode
3.0995002705541586,221.28007129897827,38.427380080847946,0.8964207850705688,7.368179155271699,4.34365592774588,3.0,222.0,39.0,3.0,221.0,39.0
