H_mean,S_mean,V_mean,H_std,S_std,V_std,H_median,S_median,V_median,H_mode,S_mode,V_mode
4.518668236941783,208.51252506604703,36.42728459114492,0.8862849727575669,10.240215975116902,3.434507345590619,4.0,210.0,36.0,4.0,211.0,35.0
