H_mean,S_mean,V_mean,H_std,S_std,V_std,H_median,S_median,V_median,H_mode,S_mode,V_mode
2.9744087595887576,223.53773434764616,43.8918738262724,0.9260508494639415,10.128948842690697,6.072171447427782,3.0,223.0,45.0,3.0,240.0,50.0
