H_mean,S_mean,V_mean,H_std,S_std,V_std,H_median,S_median,V_median,H_mode,S_mode,V_mode
3.076105293312538,222.09899099213803,39.13769615176497,0.9055369714354122,8.047656425153068,4.963298988473,3.0,222.0,39.0,3.0,219.0,42.0
