H_mean,S_mean,V_mean,H_std,S_std,V_std,H_median,S_median,V_median,H_mode,S_mode,V_mode
4.227360982907343,216.03568131903108,28.629977400770283,1.0426199177758204,11.692966193600238,2.9934435574563083,4.0,219.0,28.0,5.0,226.0,27.0
