H_mean,S_mean,V_mean,H_std,S_std,V_std,H_median,S_median,V_median,H_mode,S_mode,V_mode
3.9743450997867398,212.40331667568515,33.52299710347901,0.9942430760745884,9.913781255034637,3.181343402188987,4.0,214.0,33.0,4.0,216.0,32.0
