H_mean,S_mean,V_mean,H_std,S_std,V_std,H_median,S_median,V_median,H_mode,S_mode,V_mode
4.296495527898908,205.63163255562276,31.958493809084253,1.112856669486302,15.139622534018766,3.7821782806601556,4.0,208.0,31.0,4.0,204.0,32.0
