H_mean,S_mean,V_mean,H_std,S_std,V_std,H_median,S_median,V_median,H_mode,S_mode,V_mode
3.4991883375242705,215.36792182576312,41.918069834802814,0.9341413064134421,11.253268477492856,5.227298255410536,4.0,217.0,43.0,4.0,211.0,44.0
