H_mean,S_mean,V_mean,H_std,S_std,V_std,H_median,S_median,V_median,H_mode,S_mode,V_mode
3.6526084603876883,216.6087786866983,35.36639399051469,1.4200375054749126,9.520377570746804,3.602917000271795,4.0,219.0,36.0,4.0,221.0,38.0
