H_mean,S_mean,V_mean,H_std,S_std,V_std,H_median,S_median,V_median,H_mode,S_mode,V_mode
3.125091510965401,221.51892287614984,38.53763885794315,0.8939215263365319,7.9026113963378855,4.601304820317884,3.0,222.0,39.0,3.0,221.0,39.0
