H_mean,S_mean,V_mean,H_std,S_std,V_std,H_median,S_median,V_median,H_mode,S_mode,V_mode
3.5847471114364833,215.6424547219658,35.686093516249166,2.057554623643826,10.656527721319138,4.415009061373282,4.0,218.0,36.0,4.0,221.0,33.0
