H_mean,S_mean,V_mean,H_std,S_std,V_std,H_median,S_median,V_median,H_mode,S_mode,V_mode
4.627876627303689,210.88783142884427,33.05805773944043,0.983187315434321,11.291393471365087,4.449838205469156,5.0,212.0,33.0,4.0,211.0,34.0
