H_mean,S_mean,V_mean,H_std,S_std,V_std,H_median,S_median,V_median,H_mode,S_mode,V_mode
3.5148486488207022,214.73052805805773,33.1215583919534,3.557591773651317,11.048738949315188,3.3369414924026115,4.0,216.0,33.0,4.0,209.0,33.0
