H_mean,S_mean,V_mean,H_std,S_std,V_std,H_median,S_median,V_median,H_mode,S_mode,V_mode
3.7380080847948562,215.0399146958653,31.82716363752109,1.3931759245228348,11.76287220705759,3.9787901300071202,4.0,216.0,32.0,4.0,224.0,33.0
