H_mean,S_mean,V_mean,H_std,S_std,V_std,H_median,S_median,V_median,H_mode,S_mode,V_mode
4.2613234872839545,212.1579081389057,32.24270299519368,1.0691422409775684,11.672382486644723,4.004185126215806,4.0,214.0,32.0,4.0,211.0,32.0
