H_mean,S_mean,V_mean,H_std,S_std,V_std,H_median,S_median,V_median,H_mode,S_mode,V_mode
3.918770092625012,213.63239647324696,34.20091033516886,1.3709988347277686,10.927530493142376,3.6025124125525654,4.0,215.0,34.0,4.0,218.0,33.0
