H_mean,S_mean,V_mean,H_std,S_std,V_std,H_median,S_median,V_median,H_mode,S_mode,V_mode
3.076932870738772,222.08008403093865,37.02705541585766,0.9330302069363992,8.148104079772024,5.212815625320614,3.0,222.0,37.0,3.0,227.0,42.0
