H_mean,S_mean,V_mean,H_std,S_std,V_std,H_median,S_median,V_median,H_mode,S_mode,V_mode
5.157462520291562,206.50132094089187,31.85307317694242,0.9029496572500948,12.165462520139025,4.5261026952690955,5.0,209.0,31.0,5.0,209.0,28.0
