H_mean,S_mean,V_mean,H_std,S_std,V_std,H_median,S_median,V_median,H_mode,S_mode,V_mode
2.951491230862272,217.10163287392177,33.35897762357959,3.9210199597420456,8.689041519109209,3.537655536650157,3.0,219.0,33.0,3.0,209.0,33.0
