H_mean,S_mean,V_mean,H_std,S_std,V_std,H_median,S_median,V_median,H_mode,S_mode,V_mode
3.314352102364962,221.7974663398797,34.213228506859345,1.0903519673432023,7.141081377255701,4.242905454636856,3.0,222.0,35.0,3.0,227.0,36.0
