H_mean,S_mean,V_mean,H_std,S_std,V_std,H_median,S_median,V_median,H_mode,S_mode,V_mode
3.9411465130343446,217.12639653690678,29.88703568131903,1.1993252588869685,10.942314482015396,3.2661232042536588,4.0,219.0,30.0,4.0,226.0,31.0
