H_mean,S_mean,V_mean,H_std,S_std,V_std,H_median,S_median,V_median,H_mode,S_mode,V_mode
4.8725530763599325,218.16803004742656,26.435592195308274,0.9216799708177492,11.183863928394562,2.658892096585272,5.0,224.0,26.0,5.0,226.0,26.0
