H_mean,S_mean,V_mean,H_std,S_std,V_std,H_median,S_median,V_median,H_mode,S_mode,V_mode
3.4674539262182895,215.62488461660885,36.1240411242321,1.0745240097141602,11.902108283911131,4.740703351047464,4.0,218.0,36.0,4.0,221.0,33.0
