H_mean,S_mean,V_mean,H_std,S_std,V_std,H_median,S_median,V_median,H_mode,S_mode,V_mode
2.881911067256581,224.48877995989432,41.18069834802814,0.9657670256896362,8.143015755470032,6.370138128375337,3.0,225.0,42.0,3.0,227.0,42.0
