H_mean,S_mean,V_mean,H_std,S_std,V_std,H_median,S_median,V_median,H_mode,S_mode,V_mode
3.6585924817773816,215.48957570741956,39.68548874812999,0.8489508601860896,11.628155228461411,4.579564673907796,4.0,217.0,39.0,4.0,221.0,39.0
