H_mean,S_mean,V_mean,H_std,S_std,V_std,H_median,S_median,V_median,H_mode,S_mode,V_mode
3.8520546201101316,213.16971703218002,33.15809911831174,1.0134433451723885,10.88613174756186,3.120549908522679,4.0,215.0,33.0,4.0,223.0,32.0
