H_mean,S_mean,V_mean,H_std,S_std,V_std,H_median,S_median,V_median,H_mode,S_mode,V_mode
3.04010567527135,222.5515803545851,38.6650221217812,1.0180361462873677,8.096318771089274,5.627497303236863,3.0,224.0,40.0,3.0,231.0,43.0
