H_mean,S_mean,V_mean,H_std,S_std,V_std,H_median,S_median,V_median,H_mode,S_mode,V_mode
3.11901199987268,222.26202374510615,34.4851513511793,2.039369436152306,7.2044363501648565,4.082589421689072,3.0,223.0,35.0,3.0,227.0,35.0
