H_mean,S_mean,V_mean,H_std,S_std,V_std,H_median,S_median,V_median,H_mode,S_mode,V_mode
4.285323232644746,212.6027628354076,32.100518827386445,1.0823955688714237,11.640983334886956,3.9517097218440305,4.0,214.0,32.0,4.0,211.0,32.0
