H_mean,S_mean,V_mean,H_std,S_std,V_std,H_median,S_median,V_median,H_mode,S_mode,V_mode
4.483241557118757,210.8907597797371,38.15975427316421,0.8466862464593583,10.416374715894536,4.081996319866608,4.0,211.0,38.0,4.0,211.0,35.0
