H_mean,S_mean,V_mean,H_std,S_std,V_std,H_median,S_median,V_median,H_mode,S_mode,V_mode
3.5082280294108283,215.98029729127543,33.4667854982971,1.2244345531687464,10.476076527010195,3.6045958848541884,4.0,218.0,33.0,4.0,221.0,33.0
