H_mean,S_mean,V_mean,H_std,S_std,V_std,H_median,S_median,V_median,H_mode,S_mode,V_mode
4.109844988382086,220.62539389502498,27.560301747461565,1.4772694701302242,8.563444265674955,2.810476464649215,4.0,223.0,27.0,5.0,226.0,27.0
