H_mean,S_mean,V_mean,H_std,S_std,V_std,H_median,S_median,V_median,H_mode,S_mode,V_mode
3.8722347773498424,212.3536938600121,35.42699812203584,1.0945432400727342,11.625448880917343,3.8744822312474727,4.0,215.0,35.0,4.0,218.0,34.0
