H_mean,S_mean,V_mean,H_std,S_std,V_std,H_median,S_median,V_median,H_mode,S_mode,V_mode
3.6284495655218514,216.48072699493903,35.6187414457141,1.023219910156604,9.243072169095296,3.8892030467150858,4.0,218.0,36.0,4.0,221.0,38.0
