H_mean,S_mean,V_mean,H_std,S_std,V_std,H_median,S_median,V_median,H_mode,S_mode,V_mode
5.389629818251265,215.34494063723463,25.642995830282967,1.210938461193898,11.006666380430815,2.8584721957057404,5.0,217.0,25.0,5.0,224.0,25.0
