H_mean,S_mean,V_mean,H_std,S_std,V_std,H_median,S_median,V_median,H_mode,S_mode,V_mode
3.639590030875004,216.55454053537895,38.984912626921734,0.9837953328443537,9.808263061336941,5.899530309651424,4.0,218.0,39.0,4.0,220.0,36.0
