H_mean,S_mean,V_mean,H_std,S_std,V_std,H_median,S_median,V_median,H_mode,S_mode,V_mode
3.723429990132731,214.56221154152212,30.808606805232834,1.2370269399342004,10.915457254616141,2.728739568144439,4.0,215.0,31.0,4.0,209.0,31.0
