H_mean,S_mean,V_mean,H_std,S_std,V_std,H_median,S_median,V_median,H_mode,S_mode,V_mode
3.599579845306681,217.23060763281026,35.90349174014069,1.0172736907242637,10.276214943905545,4.4191063559684975,4.0,220.0,36.0,4.0,221.0,36.0
