H_mean,S_mean,V_mean,H_std,S_std,V_std,H_median,S_median,V_median,H_mode,S_mode,V_mode
3.46197918324474,215.69191838813381,33.06416908043416,3.0888549284045146,11.298022420254227,4.074220048956139,4.0,216.0,33.0,4.0,209.0,33.0
