H_mean,S_mean,V_mean,H_std,S_std,V_std,H_median,S_median,V_median,H_mode,S_mode,V_mode
4.666709106534679,209.8483623515931,32.77674507432282,0.9444918766032819,11.198295436019004,4.315429741498542,5.0,211.0,33.0,5.0,211.0,35.0
