H_mean,S_mean,V_mean,H_std,S_std,V_std,H_median,S_median,V_median,H_mode,S_mode,V_mode
2.946207467294777,219.51360728268136,40.84336505713467,0.9605321088479232,8.675428776377183,5.545664884818678,3.0,220.0,42.0,3.0,219.0,44.0
