H_mean,S_mean,V_mean,H_std,S_std,V_std,H_median,S_median,V_median,H_mode,S_mode,V_mode
4.151987777318013,206.7021994461597,32.63096412770156,1.149357643853478,13.488384710232578,3.6951032215893544,4.0,209.0,32.0,4.0,211.0,32.0
