H_mean,S_mean,V_mean,H_std,S_std,V_std,H_median,S_median,V_median,H_mode,S_mode,V_mode
4.4341916796638765,212.54145844606424,31.63653436037814,1.07747073802234,11.198381636876881,3.9027790152564803,4.0,214.0,31.0,4.0,211.0,30.0
