H_mean,S_mean,V_mean,H_std,S_std,V_std,H_median,S_median,V_median,H_mode,S_mode,V_mode
2.902855142120508,222.9406054047172,39.75350924658624,0.8978852494848202,8.287712858098818,5.3736949239229075,3.0,224.0,42.0,3.0,231.0,43.0
