H_mean,S_mean,V_mean,H_std,S_std,V_std,H_median,S_median,V_median,H_mode,S_mode,V_mode
3.298341662157431,239.11296431868098,66.2943629245313,0.4727298424746221,4.3630597171331456,2.6824542112926446,3.0,240.0,67.0,3.0,240.0,68.0
