H_mean,S_mean,V_mean,H_std,S_std,V_std,H_median,S_median,V_median,H_mode,S_mode,V_mode
3.3290256867301142,239.37976254893846,66.36263806219563,0.5028522376798285,4.192239019677877,2.647828629779565,3.0,240.0,68.0,3.0,240.0,68.0
