H_mean,S_mean,V_mean,H_std,S_std,V_std,H_median,S_median,V_median,H_mode,S_mode,V_mode
3.2613234872839545,239.9176560460897,67.2247509310246,0.45961608938804016,3.1608881520595555,1.8107391359224536,3.0,240.0,68.0,3.0,240.0,68.0
