H_mean,S_mean,V_mean,H_std,S_std,V_std,H_median,S_median,V_median,H_mode,S_mode,V_mode
3.344113059808384,240.04077410319255,67.0395645669542,0.4990694712186687,3.3391633271936767,2.1283448281503903,3.0,240.0,68.0,3.0,240.0,68.0
