contrast_0,contrast_90,dissimilarity_0,dissimilarity_90,homogeneity_0,homogeneity_90,energy_0,energy_90,correlation_0,correlation_90
21.114504010559447,21.696542796222946,1.4747436287948021,1.5203827799776628,0.7229177990279683,0.7114089875790075,0.26324874591635655,0.26138705652128397,0.8847553041212592,0.8815379895372459
