contrast_0,contrast_90,dissimilarity_0,dissimilarity_90,homogeneity_0,homogeneity_90,energy_0,energy_90,correlation_0,correlation_90
29.688496294039997,30.21591024469489,1.4785765052289572,1.4881206213828824,0.7801112026944119,0.7795131734619898,0.3320895512687193,0.33094205743931643,0.8839945578962702,0.8819195044434602
