contrast_0,contrast_90,dissimilarity_0,dissimilarity_90,homogeneity_0,homogeneity_90,energy_0,energy_90,correlation_0,correlation_90
27.91344298913595,27.726165092902843,1.489339019189766,1.5021321961620469,0.7644095218756216,0.7576428323848813,0.281008929971133,0.2786543559228136,0.8680803635225461,0.8690261408595451
