contrast_0,contrast_90,dissimilarity_0,dissimilarity_90,homogeneity_0,homogeneity_90,energy_0,energy_90,correlation_0,correlation_90
35.84427353030765,35.826657528683114,1.6749670017260632,1.6799928926794603,0.7435855022224876,0.74206800577702,0.27871019747402426,0.27852144996282296,0.8726778675512178,0.8727934027330374
