contrast_0,contrast_90,dissimilarity_0,dissimilarity_90,homogeneity_0,homogeneity_90,energy_0,energy_90,correlation_0,correlation_90
28.106051375774197,28.58764849223271,1.4706061529089254,1.5436338714590323,0.7691074971892131,0.7459022282363931,0.28902490069238534,0.2814029253526986,0.8774020157206572,0.8752904383639435
