contrast_0,contrast_90,dissimilarity_0,dissimilarity_90,homogeneity_0,homogeneity_90,energy_0,energy_90,correlation_0,correlation_90
28.225251294547668,28.19090770636612,1.536907300233526,1.526627068737943,0.7470348774728934,0.7524881448401296,0.2739630688258744,0.27390290741804524,0.8677747565732419,0.8679690708197743
