contrast_0,contrast_90,dissimilarity_0,dissimilarity_90,homogeneity_0,homogeneity_90,energy_0,energy_90,correlation_0,correlation_90
10.746243273428748,11.143694791349361,1.183038887196671,1.1665905168037378,0.7671792020729928,0.7728962641942201,0.4379562363667174,0.44040709081983503,0.8105077482670515,0.8027970291812268
