contrast_0,contrast_90,dissimilarity_0,dissimilarity_90,homogeneity_0,homogeneity_90,energy_0,energy_90,correlation_0,correlation_90
10.802441872271288,10.82437303279521,1.3302619555284811,1.3589958371408284,0.6874323387256824,0.6729236075131605,0.2578709142378927,0.2553824566350027,0.8805247402718687,0.8803978773778212
