contrast_0,contrast_90,dissimilarity_0,dissimilarity_90,homogeneity_0,homogeneity_90,energy_0,energy_90,correlation_0,correlation_90
14.838816123464321,14.451238704437017,1.6899177581480378,1.6336937760178722,0.6559689372314593,0.6642235560514975,0.28481115402222734,0.2875979384430581,0.821803965086275,0.8264575447183232
