contrast_0,contrast_90,dissimilarity_0,dissimilarity_90,homogeneity_0,homogeneity_90,energy_0,energy_90,correlation_0,correlation_90
11.334323281551436,11.524291806274755,1.4255508173418656,1.4016905269570517,0.6618556167148308,0.6750442459479983,0.24401415573510227,0.24605285916529454,0.8817837904803337,0.8797972430159373
