contrast_0,contrast_90,dissimilarity_0,dissimilarity_90,homogeneity_0,homogeneity_90,energy_0,energy_90,correlation_0,correlation_90
32.74903543506959,32.981343283582106,2.2281703726266606,2.2676160016245337,0.6365129690867556,0.6238670224079125,0.24380701296441895,0.24357444131589076,0.7967805409272188,0.795068846780732
