contrast_0,contrast_90,dissimilarity_0,dissimilarity_90,homogeneity_0,homogeneity_90,energy_0,energy_90,correlation_0,correlation_90
25.45956442278401,25.306807797745943,2.289039496395576,2.2902071276271676,0.6039779997741792,0.5992566564250189,0.2425888940674098,0.24026755495422678,0.8370716828490748,0.8381836891898974
