contrast_0,contrast_90,dissimilarity_0,dissimilarity_90,homogeneity_0,homogeneity_90,energy_0,energy_90,correlation_0,correlation_90
26.145522388059714,25.61826073713069,2.2149202964767984,2.162935323383086,0.6305384452103984,0.6348308804069875,0.28955313573770874,0.29189154448419535,0.8435064209901818,0.8464723026973054
