contrast_0,contrast_90,dissimilarity_0,dissimilarity_90,homogeneity_0,homogeneity_90,energy_0,energy_90,correlation_0,correlation_90
11.891816428063764,11.51611838765358,1.4382678444512134,1.3333079500456897,0.6829688240887849,0.7090519967425298,0.3355344007142837,0.34685996656819973,0.810487102625274,0.816423208272341
