contrast_0,contrast_90,dissimilarity_0,dissimilarity_90,homogeneity_0,homogeneity_90,energy_0,energy_90,correlation_0,correlation_90
12.818027210884358,12.704868514570006,1.3463549598944073,1.3488425220834623,0.7257595104290393,0.7279016549916736,0.323775168112406,0.32476330318315527,0.7975942317233227,0.799350640359882
