contrast_0,contrast_90,dissimilarity_0,dissimilarity_90,homogeneity_0,homogeneity_90,energy_0,energy_90,correlation_0,correlation_90
13.985556909330892,13.921387958168339,1.5329221240735105,1.5374403492740394,0.6726750419580877,0.6729269465700578,0.2713382362153418,0.26992362985593404,0.8015060573087175,0.8021639998696171
