contrast_0,contrast_90,dissimilarity_0,dissimilarity_90,homogeneity_0,homogeneity_90,energy_0,energy_90,correlation_0,correlation_90
19.657224083663316,19.66623515077672,1.8985176160016266,1.9623058178495287,0.6337595105567485,0.6190888974072196,0.24841518082013034,0.2452877407685886,0.7840164789876669,0.7842658182659793
