contrast_0,contrast_90,dissimilarity_0,dissimilarity_90,homogeneity_0,homogeneity_90,energy_0,energy_90,correlation_0,correlation_90
16.20433546552949,17.033835922428704,1.6075743730327976,1.6520712762717067,0.6693460935757498,0.6610180549719686,0.23764623412228772,0.23695424775593144,0.8683164085011337,0.8613914372217514
