contrast_0,contrast_90,dissimilarity_0,dissimilarity_90,homogeneity_0,homogeneity_90,energy_0,energy_90,correlation_0,correlation_90
22.00373134328358,22.02038277997765,1.9503249060818388,1.9895167022032707,0.6462214972787262,0.6355860592383142,0.2404156565581577,0.23839426461777546,0.7851811490767313,0.7857957439079806
