contrast_0,contrast_90,dissimilarity_0,dissimilarity_90,homogeneity_0,homogeneity_90,energy_0,energy_90,correlation_0,correlation_90
15.5954665448269,15.751193014519252,1.7344654279622316,1.7569296375266548,0.6425360489594537,0.638224618912698,0.2539195963144711,0.2537661857765465,0.8438936073389347,0.842244926396639
