contrast_0,contrast_90,dissimilarity_0,dissimilarity_90,homogeneity_0,homogeneity_90,energy_0,energy_90,correlation_0,correlation_90
13.279546146816937,14.145446238196765,1.5050512742410418,1.4968017057569312,0.6586533517045859,0.6686407913639304,0.24529404753108158,0.24681945880016612,0.8860984010203486,0.8786385648393177
