contrast_0,contrast_90,dissimilarity_0,dissimilarity_90,homogeneity_0,homogeneity_90,energy_0,energy_90,correlation_0,correlation_90
13.305030967610923,14.02304802518023,1.454690831556503,1.5832571834704048,0.6985143907895103,0.6718941307603727,0.3491207269008908,0.3381154435763546,0.8025369579913806,0.7917418444026415
