contrast_0,contrast_90,dissimilarity_0,dissimilarity_90,homogeneity_0,homogeneity_90,energy_0,energy_90,correlation_0,correlation_90
11.551807290080225,11.404609605036045,1.423723220631537,1.4447151995126426,0.6692616659393611,0.6570634512347094,0.24153347549437867,0.23889742204917389,0.8879173858247587,0.8893498691787655
