contrast_0,contrast_90,dissimilarity_0,dissimilarity_90,homogeneity_0,homogeneity_90,energy_0,energy_90,correlation_0,correlation_90
13.702050969641592,13.657655599553273,1.6498121636714413,1.6357244390293448,0.6572582650652997,0.6599621394374818,0.2723999279217136,0.27267271778775287,0.838963952775947,0.8397090746883802
