contrast_0,contrast_90,dissimilarity_0,dissimilarity_90,homogeneity_0,homogeneity_90,energy_0,energy_90,correlation_0,correlation_90
14.477865773174955,14.385597522591118,1.5693471418418137,1.626231089450706,0.6756020302458203,0.6578630769117253,0.26184003365694697,0.25819500886117963,0.8280965069941236,0.8292228213179059
