contrast_0,contrast_90,dissimilarity_0,dissimilarity_90,homogeneity_0,homogeneity_90,energy_0,energy_90,correlation_0,correlation_90
15.816631130063978,15.944029850746269,1.8316580363488693,1.8383846075743746,0.6206680433924341,0.6158758375117384,0.23875327404770672,0.23781245784053034,0.8579179544849542,0.8568613740153023
