contrast_0,contrast_90,dissimilarity_0,dissimilarity_90,homogeneity_0,homogeneity_90,energy_0,energy_90,correlation_0,correlation_90
15.04926896131587,15.023378007919591,1.5729769519748198,1.5503858259721819,0.669466283223467,0.675640117987825,0.27064383825736354,0.2718420058588588,0.8564148033734945,0.8565499888138661
