contrast_0,contrast_90,dissimilarity_0,dissimilarity_90,homogeneity_0,homogeneity_90,energy_0,energy_90,correlation_0,correlation_90
16.906691034622806,16.529317697228137,1.516448370392933,1.5233780079195869,0.6950383387108783,0.6951782281246005,0.2825080251573046,0.28344625006718543,0.8762301811153004,0.879237074902971
