contrast_0,contrast_90,dissimilarity_0,dissimilarity_90,homogeneity_0,homogeneity_90,energy_0,energy_90,correlation_0,correlation_90
12.09323281551426,12.115367042339326,1.217458625241144,1.218677023048027,0.7529579160922434,0.7558705756908506,0.3590727980622239,0.36120289705315767,0.7965917181570672,0.7969660731663738
