contrast_0,contrast_90,dissimilarity_0,dissimilarity_90,homogeneity_0,homogeneity_90,energy_0,energy_90,correlation_0,correlation_90
14.500507665752878,14.154736521474263,1.5871662097674895,1.588587673875521,0.6513361158073429,0.6466207844217793,0.24485099507218888,0.24447520249269517,0.8600285936109657,0.8634135904021013
