contrast_0,contrast_90,dissimilarity_0,dissimilarity_90,homogeneity_0,homogeneity_90,energy_0,energy_90,correlation_0,correlation_90
24.009036450401076,24.00571123971976,2.2935323383084567,2.2600010153315067,0.590269383333691,0.5937009366767434,0.24128267223373595,0.24144711296679192,0.7811706952365881,0.7810514880438864
