contrast_0,contrast_90,dissimilarity_0,dissimilarity_90,homogeneity_0,homogeneity_90,energy_0,energy_90,correlation_0,correlation_90
18.385648289166408,18.2420550309676,1.8371154431922043,1.8418113514062369,0.6404193567645562,0.636056406191955,0.2506684080108051,0.24998814052507257,0.7941614324225647,0.7962480082412419
