contrast_0,contrast_90,dissimilarity_0,dissimilarity_90,homogeneity_0,homogeneity_90,energy_0,energy_90,correlation_0,correlation_90
30.77985074626866,30.922403289674072,1.3781348360239618,1.3797593664331407,0.8358712041748853,0.8362467817833957,0.4011343152387828,0.4026477575019165,0.8730649239774089,0.8725097519624019
