L_mean,A_mean,B_mean,L_std,A_std,B_std,L_median,A_median,B_median,L_mode,A_mode,B_mode
36.036731705764396,157.75118566381258,149.0130502594137,2.072944135820504,1.5734703965467487,1.5814070553029727,36.0,158.0,149.0,36.0,159.0,149.0
