L_mean,A_mean,B_mean,L_std,A_std,B_std,L_median,A_median,B_median,L_mode,A_mode,B_mode
27.567718114396666,153.03822771111183,143.62498010631188,3.4211914846922324,2.0970462004232973,2.311464295439941,27.0,153.0,144.0,27.0,154.0,146.0
