L_mean,A_mean,B_mean,L_std,A_std,B_std,L_median,A_median,B_median,L_mode,A_mode,B_mode
27.175287264856607,152.64191361364865,143.24467644905624,3.7773604751424514,2.1154717037722395,2.47273245314295,27.0,153.0,144.0,27.0,152.0,146.0
