L_mean,A_mean,B_mean,L_std,A_std,B_std,L_median,A_median,B_median,L_mode,A_mode,B_mode
35.74326001846134,157.60896966610434,148.79164146799502,2.0602023922479322,1.4470669688029394,1.5201105523829472,36.0,158.0,149.0,36.0,157.0,149.0
