L_mean,A_mean,B_mean,L_std,A_std,B_std,L_median,A_median,B_median,L_mode,A_mode,B_mode
26.263583410255595,152.3441767196104,142.7646497119394,3.6771368172143335,2.1683022841279227,2.4580373093949133,27.0,153.0,143.0,27.0,154.0,145.0
