L_mean,A_mean,B_mean,L_std,A_std,B_std,L_median,A_median,B_median,L_mode,A_mode,B_mode
35.88538052646656,157.62380239997452,148.86507304962282,1.7912643404096629,1.3562932820511937,1.3707706287601427,36.0,158.0,149.0,36.0,157.0,149.0
