L_mean,A_mean,B_mean,L_std,A_std,B_std,L_median,A_median,B_median,L_mode,A_mode,B_mode
26.00607951109272,152.07712385014483,142.67307508673647,3.322760665386225,2.111515235858455,2.3592621129480302,27.0,152.0,143.0,27.0,152.0,144.0
