L_mean,A_mean,B_mean,L_std,A_std,B_std,L_median,A_median,B_median,L_mode,A_mode,B_mode
27.0275646942738,152.53483782665435,143.12445491294523,4.157892961434718,2.3333159626753925,2.720767852740236,27.0,153.0,143.0,27.0,152.0,146.0
