L_mean,A_mean,B_mean,L_std,A_std,B_std,L_median,A_median,B_median,L_mode,A_mode,B_mode
25.994047808511315,152.19358945793678,142.6070598720438,3.8425361747843167,2.2371110967566787,2.579757504403218,27.0,152.0,143.0,27.0,154.0,145.0
