L_mean,A_mean,B_mean,L_std,A_std,B_std,L_median,A_median,B_median,L_mode,A_mode,B_mode
23.61052933125378,141.95772989146005,137.91883375242702,1.9899994825254106,1.2806201906984918,0.8475054031384675,24.0,142.0,138.0,23.0,143.0,138.0
