L_mean,A_mean,B_mean,L_std,A_std,B_std,L_median,A_median,B_median,L_mode,A_mode,B_mode
28.25533946589426,148.43406436005984,142.49139001177707,1.1390702867022775,0.9970299719767011,1.0415043825435646,28.0,149.0,143.0,29.0,149.0,143.0
