L_mean,A_mean,B_mean,L_std,A_std,B_std,L_median,A_median,B_median,L_mode,A_mode,B_mode
32.86045771397651,152.8034821911704,146.15981793296623,2.5737297359216615,1.8136080821919995,1.7487722980714735,33.0,153.0,147.0,33.0,153.0,147.0
