L_mean,A_mean,B_mean,L_std,A_std,B_std,L_median,A_median,B_median,L_mode,A_mode,B_mode
27.577649043511475,148.49772416207784,142.09138364579687,2.318005228986315,1.8430083099879493,1.6798495462747076,27.0,149.0,142.0,27.0,149.0,141.0
