L_mean,A_mean,B_mean,L_std,A_std,B_std,L_median,A_median,B_median,L_mode,A_mode,B_mode
32.93013336728523,152.87436738071744,146.21927618805105,2.436497031650748,1.7682002035638487,1.6899168301834377,33.0,153.0,147.0,33.0,155.0,147.0
