L_mean,A_mean,B_mean,L_std,A_std,B_std,L_median,A_median,B_median,L_mode,A_mode,B_mode
32.78766273036891,152.79724353057262,146.15844924722285,2.320816344530206,1.7862656253888298,1.6275382680082573,33.0,153.0,147.0,33.0,155.0,147.0
