L_mean,A_mean,B_mean,L_std,A_std,B_std,L_median,A_median,B_median,L_mode,A_mode,B_mode
32.49619632682943,152.5621160518191,145.91396377757266,2.504883157241397,1.877495203527563,1.7486438785942053,33.0,153.0,146.0,33.0,153.0,147.0
