L_mean,A_mean,B_mean,L_std,A_std,B_std,L_median,A_median,B_median,L_mode,A_mode,B_mode
36.66527676098927,145.31603908711844,145.05557500716174,2.6690015387276724,1.4425931038426687,1.1678978648130254,36.0,145.0,145.0,38.0,144.0,145.0
