L_mean,A_mean,B_mean,L_std,A_std,B_std,L_median,A_median,B_median,L_mode,A_mode,B_mode
27.95502434987427,147.0172836362479,141.89693478053283,1.6371538632757903,1.657060567931403,1.3560298663099535,28.0,147.0,142.0,27.0,147.0,143.0
