L_mean,A_mean,B_mean,L_std,A_std,B_std,L_median,A_median,B_median,L_mode,A_mode,B_mode
27.61823216729796,146.91806983480282,141.71152560715535,1.4802738733809624,1.752177805248064,1.4608305394841028,28.0,147.0,142.0,27.0,147.0,143.0
