L_mean,A_mean,B_mean,L_std,A_std,B_std,L_median,A_median,B_median,L_mode,A_mode,B_mode
32.575420950440844,152.7257535729064,146.01473724416718,2.0581186636649065,1.7604058984878048,1.497538263627928,33.0,153.0,146.0,33.0,155.0,147.0
