L_mean,A_mean,B_mean,L_std,A_std,B_std,L_median,A_median,B_median,L_mode,A_mode,B_mode
24.7989305153261,147.250883279753,140.38285004933635,2.4726981593923427,1.640485780270438,1.531864667161657,25.0,147.0,140.0,24.0,147.0,141.0
