L_mean,A_mean,B_mean,L_std,A_std,B_std,L_median,A_median,B_median,L_mode,A_mode,B_mode
27.79374224146163,146.80768373810358,141.66346245663175,1.6450674175074465,1.6446085371414945,1.3492821818378449,28.0,147.0,142.0,27.0,147.0,141.0
