L_mean,A_mean,B_mean,L_std,A_std,B_std,L_median,A_median,B_median,L_mode,A_mode,B_mode
28.10296972976414,148.22379603399435,142.2388515771716,1.5709383719147352,1.2474252842278355,1.3330109000843093,28.0,149.0,142.0,27.0,149.0,143.0
