L_mean,A_mean,B_mean,L_std,A_std,B_std,L_median,A_median,B_median,L_mode,A_mode,B_mode
21.16557914504886,144.11038609669924,137.94038259541014,2.8639057668929992,1.7879464875928943,1.438906712547024,21.0,144.0,138.0,18.0,146.0,138.0
