L_mean,A_mean,B_mean,L_std,A_std,B_std,L_median,A_median,B_median,L_mode,A_mode,B_mode
20.568322882515837,143.70019416239614,137.57889040965082,2.745123201616127,1.898989257242327,1.423822385204394,20.0,144.0,138.0,18.0,144.0,136.0
