L_mean,A_mean,B_mean,L_std,A_std,B_std,L_median,A_median,B_median,L_mode,A_mode,B_mode
27.872457586656907,147.0625775853837,141.8456568100073,1.4773126995503723,1.638665070488662,1.3906838102670778,28.0,147.0,142.0,27.0,147.0,143.0
