L_mean,A_mean,B_mean,L_std,A_std,B_std,L_median,A_median,B_median,L_mode,A_mode,B_mode
27.626380621956265,147.02746920457076,141.8147499761276,1.3924435900259888,1.6762516662106202,1.4276749702347475,28.0,147.0,142.0,27.0,147.0,143.0
