L_mean,A_mean,B_mean,L_std,A_std,B_std,L_median,A_median,B_median,L_mode,A_mode,B_mode
11.851386192188942,138.56243435082916,133.07795142757107,2.824694672251851,2.244350240705638,1.046081380172291,11.0,139.0,133.0,11.0,139.0,133.0
