L_mean,A_mean,B_mean,L_std,A_std,B_std,L_median,A_median,B_median,L_mode,A_mode,B_mode
15.820447528408186,142.55877391221313,135.29484037304644,3.750927839156997,3.266511230525045,1.8301639412108393,16.0,143.0,135.0,16.0,141.0,136.0
