L_mean,A_mean,B_mean,L_std,A_std,B_std,L_median,A_median,B_median,L_mode,A_mode,B_mode
8.669701117229526,135.30505777127033,131.5707419549925,0.9453740670943389,1.3327800726993184,0.6313631016208273,8.0,136.0,131.0,8.0,136.0,131.0
