L_mean,A_mean,B_mean,L_std,A_std,B_std,L_median,A_median,B_median,L_mode,A_mode,B_mode
12.357195149123086,138.3232963045485,133.10790336442054,2.837144241495411,2.08146169633562,0.938153177849948,11.0,138.0,133.0,11.0,139.0,133.0
