L_mean,A_mean,B_mean,L_std,A_std,B_std,L_median,A_median,B_median,L_mode,A_mode,B_mode
10.98297100296018,138.5533946589426,132.89979947162365,1.9956813690489972,2.490999078447097,1.073035848080851,11.0,139.0,133.0,11.0,141.0,133.0
