L_mean,A_mean,B_mean,L_std,A_std,B_std,L_median,A_median,B_median,L_mode,A_mode,B_mode
14.897348569245949,143.02425438456888,135.00203711366458,2.7731704908683104,3.5079102204970174,1.5172577980160826,15.0,144.0,135.0,16.0,146.0,136.0
