L_mean,A_mean,B_mean,L_std,A_std,B_std,L_median,A_median,B_median,L_mode,A_mode,B_mode
13.54925677181144,140.374574275074,134.0208485851609,3.3172966596905185,2.594471764843558,1.405717708887237,14.0,141.0,134.0,11.0,141.0,133.0
