L_mean,A_mean,B_mean,L_std,A_std,B_std,L_median,A_median,B_median,L_mode,A_mode,B_mode
8.469586529585893,134.84272845911448,131.35783174714328,1.346051080707395,1.5680181659729366,0.6315201157239766,8.0,136.0,131.0,8.0,136.0,131.0
