L_mean,A_mean,B_mean,L_std,A_std,B_std,L_median,A_median,B_median,L_mode,A_mode,B_mode
13.44335869115447,138.26947194194227,133.3614603558583,3.7876345826678772,1.7011456255648896,1.0524090526366612,12.0,138.0,133.0,14.0,138.0,133.0
