L_mean,A_mean,B_mean,L_std,A_std,B_std,L_median,A_median,B_median,L_mode,A_mode,B_mode
11.215138300919884,138.87551325715378,132.90762962727186,2.0660324171135045,2.3256503368033106,1.0266679209642562,11.0,139.0,133.0,11.0,139.0,133.0
