L_mean,A_mean,B_mean,L_std,A_std,B_std,L_median,A_median,B_median,L_mode,A_mode,B_mode
12.480981634147117,140.35165674634752,133.7424006111341,2.298146462295104,2.6107192226491094,1.2035916264324744,12.0,141.0,134.0,11.0,141.0,133.0
