L_mean,A_mean,B_mean,L_std,A_std,B_std,L_median,A_median,B_median,L_mode,A_mode,B_mode
11.58487443104052,138.16462424801858,132.97593659483718,2.742015820833646,2.1832767420158037,0.9533592261899371,11.0,138.0,133.0,11.0,139.0,133.0
