L_mean,A_mean,B_mean,L_std,A_std,B_std,L_median,A_median,B_median,L_mode,A_mode,B_mode
16.16010440207531,140.60505458828024,134.81354043988924,2.969792504800191,2.1941184469420207,1.4014357463093288,16.0,141.0,135.0,15.0,141.0,134.0
