L_mean,A_mean,B_mean,L_std,A_std,B_std,L_median,A_median,B_median,L_mode,A_mode,B_mode
11.788617627399178,138.01712448674286,132.97262628513226,2.6176007656357516,1.9486401583108544,0.8532592027258438,11.0,138.0,133.0,11.0,138.0,133.0
