L_mean,A_mean,B_mean,L_std,A_std,B_std,L_median,A_median,B_median,L_mode,A_mode,B_mode
15.42477002896521,139.66632714772257,134.23191265875164,2.7182927043911627,1.7215354624310475,1.158227567910766,15.0,139.0,134.0,14.0,139.0,134.0
