L_mean,A_mean,B_mean,L_std,A_std,B_std,L_median,A_median,B_median,L_mode,A_mode,B_mode
16.332017697424963,140.87376261259828,134.95219148868446,3.163685169463304,2.377822679787164,1.4485070378343323,16.0,141.0,135.0,15.0,141.0,134.0
