L_mean,A_mean,B_mean,L_std,A_std,B_std,L_median,A_median,B_median,L_mode,A_mode,B_mode
8.590381003915077,135.12782888245218,131.5345831874463,0.9239894296539718,1.356597390912672,0.6110631071505934,8.0,136.0,131.0,8.0,136.0,131.0
