L_mean,A_mean,B_mean,L_std,A_std,B_std,L_median,A_median,B_median,L_mode,A_mode,B_mode
12.461756373937677,139.15577553553808,133.40863226915366,3.1054298100130096,2.350560526540775,1.2142517343098307,11.0,139.0,133.0,11.0,139.0,133.0
