L_mean,A_mean,B_mean,L_std,A_std,B_std,L_median,A_median,B_median,L_mode,A_mode,B_mode
18.881369958939427,144.62351593086547,136.76474520164243,3.934564993517727,2.6969230646705262,1.762999950180368,18.0,145.0,136.0,17.0,146.0,136.0
