L_mean,A_mean,B_mean,L_std,A_std,B_std,L_median,A_median,B_median,L_mode,A_mode,B_mode
11.96441417067193,137.1812712862463,132.9695706146354,3.180135411845764,1.7025111026878819,1.0700406224304617,11.0,138.0,133.0,11.0,136.0,133.0
