L_mean,A_mean,B_mean,L_std,A_std,B_std,L_median,A_median,B_median,L_mode,A_mode,B_mode
10.589171467676735,136.60359041283382,132.480536015533,1.7118689102686047,1.749905550594601,0.6344140200918095,10.0,136.0,132.0,10.0,138.0,132.0
