L_mean,A_mean,B_mean,L_std,A_std,B_std,L_median,A_median,B_median,L_mode,A_mode,B_mode
13.991819715440686,140.67406181366775,134.18467708565427,2.9766882321230974,2.717074304006034,1.3590572669532652,14.0,141.0,134.0,15.0,141.0,133.0
