L_mean,A_mean,B_mean,L_std,A_std,B_std,L_median,A_median,B_median,L_mode,A_mode,B_mode
14.892701403698634,138.90823439539102,133.89273323359964,2.7078441004827725,2.7653801671500027,1.3437235733862876,14.0,139.0,133.0,14.0,139.0,133.0
