L_mean,A_mean,B_mean,L_std,A_std,B_std,L_median,A_median,B_median,L_mode,A_mode,B_mode
12.564726103701817,137.15275169494222,132.91848362351593,3.4147863993483187,1.6834772087407393,0.8512381925153205,11.0,138.0,133.0,11.0,138.0,133.0
