L_mean,A_mean,B_mean,L_std,A_std,B_std,L_median,A_median,B_median,L_mode,A_mode,B_mode
16.458223254925677,144.73269249132636,136.1699716713881,3.638950409766085,4.029190470164097,2.2573504928579258,17.0,146.0,136.0,20.0,149.0,139.0
