L_mean,A_mean,B_mean,L_std,A_std,B_std,L_median,A_median,B_median,L_mode,A_mode,B_mode
17.352388834070727,144.86994302447718,136.3703727281408,3.296011313485203,3.543216884763846,2.0934704450829367,18.0,146.0,136.0,20.0,146.0,139.0
