L_mean,A_mean,B_mean,L_std,A_std,B_std,L_median,A_median,B_median,L_mode,A_mode,B_mode
17.25444822866601,143.16370118088932,135.64850240315752,3.40056626628183,2.9479456232849017,1.693313330224477,17.0,144.0,136.0,17.0,146.0,136.0
