L_mean,A_mean,B_mean,L_std,A_std,B_std,L_median,A_median,B_median,L_mode,A_mode,B_mode
10.52166024763663,136.996498710889,132.52694401120414,2.1941619169389486,1.7544154241042205,0.7981915893419781,10.0,138.0,133.0,10.0,136.0,133.0
