L_mean,A_mean,B_mean,L_std,A_std,B_std,L_median,A_median,B_median,L_mode,A_mode,B_mode
16.003946907725116,142.53054079001814,135.32246872712227,3.565814644320379,3.8190253985345124,2.1347083039806445,16.0,143.0,135.0,15.0,143.0,136.0
