L_mean,A_mean,B_mean,L_std,A_std,B_std,L_median,A_median,B_median,L_mode,A_mode,B_mode
9.4077728618264,135.44020753095458,131.85412356367573,1.9487890851092857,1.4688421053143705,0.7764610641859466,9.0,136.0,132.0,8.0,136.0,132.0
