L_mean,A_mean,B_mean,L_std,A_std,B_std,L_median,A_median,B_median,L_mode,A_mode,B_mode
14.397078015087374,141.98526275583282,134.5851290702486,2.461826275284771,2.8197154164546756,1.3073679607899438,15.0,143.0,135.0,15.0,141.0,135.0
