L_mean,A_mean,B_mean,L_std,A_std,B_std,L_median,A_median,B_median,L_mode,A_mode,B_mode
11.218671419931884,137.56781360409968,132.8328293599007,2.9240760085412245,2.212568655637584,1.0491186686186198,11.0,138.0,133.0,11.0,139.0,133.0
