L_mean,A_mean,B_mean,L_std,A_std,B_std,L_median,A_median,B_median,L_mode,A_mode,B_mode
8.94448865264029,134.4078365216284,131.57583473915395,1.8435186105377204,1.5791787126316805,0.7106445778330341,8.0,134.0,131.0,8.0,134.0,131.0
