L_mean,A_mean,B_mean,L_std,A_std,B_std,L_median,A_median,B_median,L_mode,A_mode,B_mode
10.878505267848617,137.1446032402839,132.6600884871248,1.7861659503302723,1.7701338023892519,0.6603923526182525,11.0,138.0,133.0,11.0,138.0,133.0
