L_mean,A_mean,B_mean,L_std,A_std,B_std,L_median,A_median,B_median,L_mode,A_mode,B_mode
14.41388420282013,140.69570614635387,134.1516058185059,2.884165915604495,2.8224503242164314,1.3823538387197527,15.0,141.0,134.0,15.0,141.0,133.0
