L_mean,A_mean,B_mean,L_std,A_std,B_std,L_median,A_median,B_median,L_mode,A_mode,B_mode
16.034758251901838,142.80080847948562,135.4873157844479,3.6952093742417955,3.204183127874219,1.8638158105029388,16.0,143.0,135.0,16.0,141.0,136.0
