L_mean,A_mean,B_mean,L_std,A_std,B_std,L_median,A_median,B_median,L_mode,A_mode,B_mode
15.322691536429321,142.9688703568132,135.2186714199319,3.3510758698856025,4.204118247279364,2.0364463672049,16.0,144.0,135.0,16.0,141.0,135.0
