L_mean,A_mean,B_mean,L_std,A_std,B_std,L_median,A_median,B_median,L_mode,A_mode,B_mode
13.161791386828787,139.15606200464717,133.508896457332,2.2750362336508303,2.148514300568146,0.9186022017710055,12.0,139.0,133.0,12.0,141.0,133.0
