L_mean,A_mean,B_mean,L_std,A_std,B_std,L_median,A_median,B_median,L_mode,A_mode,B_mode
8.74109558519273,135.28214024254385,131.49266320781743,1.7818732568849873,1.322311390370858,0.6887394808574465,8.0,136.0,131.0,8.0,136.0,131.0
