L_mean,A_mean,B_mean,L_std,A_std,B_std,L_median,A_median,B_median,L_mode,A_mode,B_mode
17.221249641913612,144.74303720915427,136.3382245281217,3.2269490359812862,3.454101440581221,2.0779318275731122,17.0,146.0,136.0,20.0,146.0,139.0
