L_mean,A_mean,B_mean,L_std,A_std,B_std,L_median,A_median,B_median,L_mode,A_mode,B_mode
13.312028519591305,138.37409682655888,133.37543368240125,3.596562496452009,1.5205309139141172,1.0345255816783099,12.0,138.0,133.0,14.0,138.0,133.0
