L_mean,A_mean,B_mean,L_std,A_std,B_std,L_median,A_median,B_median,L_mode,A_mode,B_mode
15.197791004869975,142.32278702613235,134.8465480472356,2.9137663925783035,3.386137729508077,1.5659795927114535,16.0,143.0,135.0,17.0,143.0,136.0
