L_mean,A_mean,B_mean,L_std,A_std,B_std,L_median,A_median,B_median,L_mode,A_mode,B_mode
13.046821784384251,140.95133208135724,134.00862590317345,2.6852318314043484,2.9427122215321404,1.4265242472325694,14.0,141.0,134.0,11.0,141.0,133.0
