L_mean,A_mean,B_mean,L_std,A_std,B_std,L_median,A_median,B_median,L_mode,A_mode,B_mode
14.7522997103479,142.38027182735462,134.84336505713466,2.818779539263481,3.0948829745868665,1.4945597748137947,15.0,143.0,135.0,16.0,141.0,135.0
