L_mean,A_mean,B_mean,L_std,A_std,B_std,L_median,A_median,B_median,L_mode,A_mode,B_mode
15.3452271063437,142.84724830505778,135.15685775217239,3.1086024685548987,3.1789126893768356,1.5975515726935985,15.0,143.0,135.0,15.0,141.0,135.0
