L_mean,A_mean,B_mean,L_std,A_std,B_std,L_median,A_median,B_median,L_mode,A_mode,B_mode
14.405512938854761,139.35764076773722,133.94353375561002,4.024078301163134,1.9552508126035077,1.2850364660981681,14.0,139.0,134.0,14.0,138.0,133.0
