L_mean,A_mean,B_mean,L_std,A_std,B_std,L_median,A_median,B_median,L_mode,A_mode,B_mode
13.447019129770506,140.66339879682974,133.99920425247478,2.666698875427202,3.4772050557722043,1.36142633615537,14.0,141.0,134.0,15.0,141.0,135.0
