L_mean,A_mean,B_mean,L_std,A_std,B_std,L_median,A_median,B_median,L_mode,A_mode,B_mode
13.812012604640799,141.59413693223414,134.43043575134482,3.3449302331549946,3.45735893242077,1.7656519059895845,14.0,141.0,134.0,16.0,141.0,133.0
