L_mean,A_mean,B_mean,L_std,A_std,B_std,L_median,A_median,B_median,L_mode,A_mode,B_mode
10.375147213292166,136.80800203711365,132.42305121431073,2.273243934388667,1.7035877550363165,0.8492163419427307,10.0,136.0,132.0,10.0,136.0,133.0
