L_mean,A_mean,B_mean,L_std,A_std,B_std,L_median,A_median,B_median,L_mode,A_mode,B_mode
10.44402711907566,136.38921602953815,132.49091256326193,1.7350237866928724,1.8224321106071624,0.6695012837619145,10.0,136.0,133.0,10.0,138.0,133.0
