L_mean,A_mean,B_mean,L_std,A_std,B_std,L_median,A_median,B_median,L_mode,A_mode,B_mode
12.045707737848936,138.75570550975587,133.16736161950536,2.5773022229499483,2.089907171890765,1.0061880826907776,11.0,139.0,133.0,11.0,139.0,133.0
