L_mean,A_mean,B_mean,L_std,A_std,B_std,L_median,A_median,B_median,L_mode,A_mode,B_mode
14.451252506604705,142.05853518795556,134.65241748098163,2.602920885401449,2.9479902656700783,1.3837059605516226,15.0,143.0,135.0,15.0,141.0,135.0
