L_mean,A_mean,B_mean,L_std,A_std,B_std,L_median,A_median,B_median,L_mode,A_mode,B_mode
11.989973581182163,136.91262692173026,132.89171467676735,3.0933395764295644,1.6604144337499356,0.9661249502415964,11.0,136.0,133.0,11.0,136.0,133.0
