L_mean,A_mean,B_mean,L_std,A_std,B_std,L_median,A_median,B_median,L_mode,A_mode,B_mode
14.038386860616864,139.70684661170705,133.8392589999045,3.260092873893707,2.099586894852617,1.1565220381707244,14.0,139.0,134.0,14.0,139.0,133.0
