L_mean,A_mean,B_mean,L_std,A_std,B_std,L_median,A_median,B_median,L_mode,A_mode,B_mode
14.945125250660471,140.3946907725117,134.2275201324124,3.0620305668193146,1.9800526330100185,1.1281195056236548,15.0,141.0,134.0,15.0,141.0,134.0
