L_mean,A_mean,B_mean,L_std,A_std,B_std,L_median,A_median,B_median,L_mode,A_mode,B_mode
10.54890664290034,137.25766304866792,132.5843969825254,1.7782166697417612,2.13918550922776,0.683727877758097,10.0,138.0,133.0,11.0,139.0,133.0
