L_mean,A_mean,B_mean,L_std,A_std,B_std,L_median,A_median,B_median,L_mode,A_mode,B_mode
8.750549065792406,135.22513288983671,131.4978833115829,1.3073859865372435,1.3290288344978418,0.6365118639492806,8.0,136.0,131.0,8.0,136.0,131.0
