L_mean,A_mean,B_mean,L_std,A_std,B_std,L_median,A_median,B_median,L_mode,A_mode,B_mode
12.073686220835853,137.2664799312474,133.01792023426808,3.0609545642448173,1.6770465228987508,1.032495186940405,11.0,138.0,133.0,11.0,138.0,133.0
