L_mean,A_mean,B_mean,L_std,A_std,B_std,L_median,A_median,B_median,L_mode,A_mode,B_mode
14.180093579908966,141.6770219944616,134.49266320781743,2.4554149539913896,2.831788600860891,1.3298659260914147,15.0,141.0,135.0,15.0,141.0,135.0
