L_mean,A_mean,B_mean,L_std,A_std,B_std,L_median,A_median,B_median,L_mode,A_mode,B_mode
8.963809402552759,135.01114046535315,131.5444822866601,1.9332660313798102,1.6274097804460368,0.7149430449782608,8.0,136.0,131.0,8.0,136.0,131.0
