L_mean,A_mean,B_mean,L_std,A_std,B_std,L_median,A_median,B_median,L_mode,A_mode,B_mode
14.875704236559825,142.26686189005952,134.91087627717476,3.4634933786753552,4.254884660984722,2.074424191494349,15.0,143.0,135.0,15.0,141.0,135.0
