L_mean,A_mean,B_mean,L_std,A_std,B_std,L_median,A_median,B_median,L_mode,A_mode,B_mode
10.201228634178948,136.60658242352866,132.3225960467263,2.156986804154746,1.6184195546707325,0.8326612211878762,10.0,136.0,132.0,9.0,136.0,132.0
