L_mean,A_mean,B_mean,L_std,A_std,B_std,L_median,A_median,B_median,L_mode,A_mode,B_mode
10.48957570741955,136.8688289779419,132.4802177165229,2.2712289410928563,1.7389877259460935,0.8008294677887622,10.0,136.0,133.0,10.0,136.0,133.0
