L_mean,A_mean,B_mean,L_std,A_std,B_std,L_median,A_median,B_median,L_mode,A_mode,B_mode
11.796161313938313,136.8865582328039,132.89343349142183,2.8225950496507854,1.6136562053450765,0.9263565564135658,11.0,136.0,133.0,11.0,136.0,133.0
