L_mean,A_mean,B_mean,L_std,A_std,B_std,L_median,A_median,B_median,L_mode,A_mode,B_mode
16.821211446032404,142.55594105102332,135.3624789126906,3.4035172974479466,3.0139515882485424,1.6505210779696953,16.0,143.0,136.0,17.0,143.0,136.0
