L_mean,A_mean,B_mean,L_std,A_std,B_std,L_median,A_median,B_median,L_mode,A_mode,B_mode
13.618454976605022,138.43734283986376,133.45911449215393,3.9515117992047073,1.8046013728043286,1.1048561201603513,14.0,138.0,133.0,14.0,138.0,133.0
