L_mean,A_mean,B_mean,L_std,A_std,B_std,L_median,A_median,B_median,L_mode,A_mode,B_mode
9.382945539039374,135.4067543049941,131.87923735557183,1.9232453352805567,1.5559660223833018,0.7955229185890835,9.0,136.0,132.0,9.0,136.0,132.0
