L_mean,A_mean,B_mean,L_std,A_std,B_std,L_median,A_median,B_median,L_mode,A_mode,B_mode
11.860139414966419,138.469936658497,133.09001496005348,2.5529125042906107,2.1816234786234845,0.9234695198364681,11.0,139.0,133.0,11.0,139.0,133.0
