L_mean,A_mean,B_mean,L_std,A_std,B_std,L_median,A_median,B_median,L_mode,A_mode,B_mode
12.860075755164402,136.88044689181018,133.1914886844702,3.6242140996283183,1.9588892811006755,1.1830761125890712,12.0,136.0,133.0,11.0,136.0,133.0
