L_mean,A_mean,B_mean,L_std,A_std,B_std,L_median,A_median,B_median,L_mode,A_mode,B_mode
12.079415603017475,140.03093866378074,133.48919374860745,2.1905709959305364,2.484942735838165,1.1721910016116681,12.0,141.0,133.0,11.0,141.0,133.0
