L_mean,A_mean,B_mean,L_std,A_std,B_std,L_median,A_median,B_median,L_mode,A_mode,B_mode
9.098609033325907,135.78081930165197,131.8893910939937,1.182517766829732,1.7065639850483645,0.7515926992391951,9.0,136.0,132.0,9.0,136.0,132.0
