L_mean,A_mean,B_mean,L_std,A_std,B_std,L_median,A_median,B_median,L_mode,A_mode,B_mode
14.34681860139415,141.6703377152497,134.55291721042747,3.4504803112951374,4.112448447012641,2.019026154796664,15.0,141.0,135.0,11.0,141.0,135.0
