L_mean,A_mean,B_mean,L_std,A_std,B_std,L_median,A_median,B_median,L_mode,A_mode,B_mode
14.715408855078461,141.2707133080816,134.5495432409205,2.3736767759391366,2.4974559459115016,1.2270445790925104,15.0,141.0,135.0,15.0,141.0,135.0
