L_mean,A_mean,B_mean,L_std,A_std,B_std,L_median,A_median,B_median,L_mode,A_mode,B_mode
9.617627399178788,135.399210618455,131.84482923258108,2.3480805430482303,1.6081175820211668,0.844184680801692,9.0,136.0,132.0,8.0,136.0,132.0
