L_mean,A_mean,B_mean,L_std,A_std,B_std,L_median,A_median,B_median,L_mode,A_mode,B_mode
11.884107330426202,139.9070248591527,133.36442053665212,2.1825365023522236,2.5212959757687283,1.165111589685986,11.0,141.0,133.0,11.0,141.0,133.0
