L_mean,A_mean,B_mean,L_std,A_std,B_std,L_median,A_median,B_median,L_mode,A_mode,B_mode
9.42664799312474,136.5702963363784,132.0749275869752,1.2775511022356019,1.6692461628340258,0.756846781426584,9.0,136.0,132.0,10.0,136.0,132.0
