L_mean,A_mean,B_mean,L_std,A_std,B_std,L_median,A_median,B_median,L_mode,A_mode,B_mode
16.028965209918198,140.49310882643155,134.73823089410192,2.902331948245746,2.1865560683840797,1.3970394466393767,15.0,141.0,135.0,15.0,141.0,134.0
