L_mean,A_mean,B_mean,L_std,A_std,B_std,L_median,A_median,B_median,L_mode,A_mode,B_mode
14.668873539803291,142.60069389184198,134.90944393162937,3.278118704877861,3.7691270330916904,1.7582553653450426,15.0,143.0,135.0,16.0,141.0,136.0
