L_mean,A_mean,B_mean,L_std,A_std,B_std,L_median,A_median,B_median,L_mode,A_mode,B_mode
30.829550880096765,153.60339943342777,145.3155298087023,1.7569774770736017,1.3051722358393711,1.1550471750190212,31.0,154.0,146.0,32.0,154.0,146.0
