L_mean,A_mean,B_mean,L_std,A_std,B_std,L_median,A_median,B_median,L_mode,A_mode,B_mode
31.517872489416558,154.02447719387592,145.76967883629882,1.4523697366581791,1.052332238285433,0.9229171358147018,32.0,154.0,146.0,32.0,155.0,146.0
