L_mean,A_mean,B_mean,L_std,A_std,B_std,L_median,A_median,B_median,L_mode,A_mode,B_mode
31.604959098577204,154.04975013527707,145.81592768246492,1.3536789718155962,0.9210501346160543,0.7945757225909591,32.0,154.0,146.0,32.0,154.0,146.0
