L_mean,A_mean,B_mean,L_std,A_std,B_std,L_median,A_median,B_median,L_mode,A_mode,B_mode
31.053665213101187,153.67473024158895,145.4285896170863,1.7398942490993894,1.3105353150162269,1.211418080772539,32.0,154.0,146.0,32.0,154.0,146.0
