L_mean,A_mean,B_mean,L_std,A_std,B_std,L_median,A_median,B_median,L_mode,A_mode,B_mode
31.138428239488174,153.7402998376675,145.49918833752426,1.7105532284665765,1.2225351244929876,1.1488447783016555,32.0,154.0,146.0,32.0,154.0,146.0
