L_mean,A_mean,B_mean,L_std,A_std,B_std,L_median,A_median,B_median,L_mode,A_mode,B_mode
31.07861985549225,153.71862367508038,145.48489671197123,1.7519661274823124,1.2796848710637274,1.1631474554475152,32.0,154.0,146.0,32.0,154.0,146.0
