contrast_0,contrast_90,dissimilarity_0,dissimilarity_90,homogeneity_0,homogeneity_90,energy_0,energy_90,correlation_0,correlation_90
20.816326530612248,21.366027007818047,1.5732054015636106,1.5777743933394253,0.7040751827272789,0.7064183719169889,0.3125251399509391,0.31273326850554517,0.9103809762859444,0.9080091543611661
