contrast_0,contrast_90,dissimilarity_0,dissimilarity_90,homogeneity_0,homogeneity_90,energy_0,energy_90,correlation_0,correlation_90
35.10396994618744,35.61140724946696,1.608031272210377,1.6126764138491225,0.7689603446282615,0.7707332747188732,0.3440774497234503,0.34659614736886046,0.8848554728109285,0.8831606165596636
