contrast_0,contrast_90,dissimilarity_0,dissimilarity_90,homogeneity_0,homogeneity_90,energy_0,energy_90,correlation_0,correlation_90
53.78368362270281,54.495811757538846,1.9572545436084883,1.971037668798863,0.7416496004231391,0.740243968668153,0.27811523649981107,0.27777882800319764,0.8770380317379222,0.8754014658074771
