contrast_0,contrast_90,dissimilarity_0,dissimilarity_90,homogeneity_0,homogeneity_90,energy_0,energy_90,correlation_0,correlation_90
44.46139201949439,45.57688597827189,2.024088739973601,2.000279216164078,0.6777562786582204,0.6863321390639614,0.23383596260238843,0.23608146118956586,0.9166240310408756,0.9144915804312586
