contrast_0,contrast_90,dissimilarity_0,dissimilarity_90,homogeneity_0,homogeneity_90,energy_0,energy_90,correlation_0,correlation_90
62.26416387450502,62.258427251497594,2.0973956746877844,2.104858361254949,0.7355661859687866,0.7352933843538119,0.2777182519844807,0.27894048778440855,0.8980839120066636,0.8980873272364273
