contrast_0,contrast_90,dissimilarity_0,dissimilarity_90,homogeneity_0,homogeneity_90,energy_0,energy_90,correlation_0,correlation_90
36.97626662605341,38.000533049040534,1.939714691846889,1.986876840288355,0.6762664156380185,0.670024244318006,0.23351432138786563,0.2325123086734479,0.8965809275480869,0.8936803658746212
