contrast_0,contrast_90,dissimilarity_0,dissimilarity_90,homogeneity_0,homogeneity_90,energy_0,energy_90,correlation_0,correlation_90
36.98746065590415,35.83742004264392,2.046959082140319,1.94976647375368,0.6236318122984951,0.6493203160039072,0.2306977717123514,0.23472109039368477,0.9005637134540792,0.9036524619645676
