contrast_0,contrast_90,dissimilarity_0,dissimilarity_90,homogeneity_0,homogeneity_90,energy_0,energy_90,correlation_0,correlation_90
38.628490202050976,39.69093308965375,2.0032490608183564,1.9703015534572046,0.6570641827002891,0.6753387663222201,0.24285814602501152,0.24639247050083746,0.9197617298363008,0.917549570665776
