contrast_0,contrast_90,dissimilarity_0,dissimilarity_90,homogeneity_0,homogeneity_90,energy_0,energy_90,correlation_0,correlation_90
59.3592242867296,59.45159407046395,2.1308254645141647,2.1005939689308555,0.7126518369717288,0.7206200680954203,0.24966370232667986,0.25339813008518547,0.9019479555329021,0.901793210424398
