contrast_0,contrast_90,dissimilarity_0,dissimilarity_90,homogeneity_0,homogeneity_90,energy_0,energy_90,correlation_0,correlation_90
40.096050360442696,38.4926388465834,2.0493451111787997,1.9839577622093607,0.6384848377107095,0.6563742772790873,0.23704390524489333,0.24032174748597163,0.8930981189590098,0.8974237749870219
