contrast_0,contrast_90,dissimilarity_0,dissimilarity_90,homogeneity_0,homogeneity_90,energy_0,energy_90,correlation_0,correlation_90
22.50129454766982,22.83122652045894,1.7523860290384812,1.7315717331708806,0.6549778299316901,0.6853255092154282,0.29068331467038294,0.3007896023106964,0.9009631407442679,0.8994961772456113
