contrast_0,contrast_90,dissimilarity_0,dissimilarity_90,homogeneity_0,homogeneity_90,energy_0,energy_90,correlation_0,correlation_90
38.577469793887644,38.72438826276782,1.9762412427657647,2.0646766169154245,0.6574185396920764,0.6306153787448344,0.2447336361927032,0.23985856501560476,0.8973712691078591,0.8969714841400123
