contrast_0,contrast_90,dissimilarity_0,dissimilarity_90,homogeneity_0,homogeneity_90,energy_0,energy_90,correlation_0,correlation_90
39.45743222662196,39.89493857244389,1.9843385115240129,1.955401563610519,0.665685451045084,0.6770974813690174,0.2427113543074625,0.24667592291837545,0.9178621743853529,0.9169495958200751
