contrast_0,contrast_90,dissimilarity_0,dissimilarity_90,homogeneity_0,homogeneity_90,energy_0,energy_90,correlation_0,correlation_90
46.26033099807085,48.073560767590614,1.988019088232308,1.9927403797339842,0.6931238240737572,0.6957987971146838,0.23599984428419352,0.23376791364243993,0.9123570442980383,0.908906828000301
