contrast_0,contrast_90,dissimilarity_0,dissimilarity_90,homogeneity_0,homogeneity_90,energy_0,energy_90,correlation_0,correlation_90
48.947837343892786,49.376992588079986,1.8356939790841713,1.8380038582597222,0.7722771416819982,0.775114235591321,0.32668144458859677,0.32872181317691157,0.8938715050121087,0.8929646462271407
