contrast_0,contrast_90,dissimilarity_0,dissimilarity_90,homogeneity_0,homogeneity_90,energy_0,energy_90,correlation_0,correlation_90
49.692786069651696,49.7596710325921,1.9846938775510206,1.9641080312722112,0.7106215142208613,0.714796196786383,0.257607581789818,0.2622632062392377,0.8999574758620003,0.8998069036752369
