contrast_0,contrast_90,dissimilarity_0,dissimilarity_90,homogeneity_0,homogeneity_90,energy_0,energy_90,correlation_0,correlation_90
50.257843435881796,51.28997867803834,1.967357092090568,2.0103563813585135,0.7211311190464211,0.7050744833466822,0.2662575380761957,0.2602374620681031,0.8994097543595593,0.8973077734269297
