contrast_0,contrast_90,dissimilarity_0,dissimilarity_90,homogeneity_0,homogeneity_90,energy_0,energy_90,correlation_0,correlation_90
37.213981114834,37.71700172606355,1.90100517819068,1.9249416184384198,0.6700128792262828,0.6666586175677699,0.22655391211058104,0.2261243050334178,0.907180857663672,0.9059146474183416
