contrast_0,contrast_90,dissimilarity_0,dissimilarity_90,homogeneity_0,homogeneity_90,energy_0,energy_90,correlation_0,correlation_90
44.55741699664938,45.65509188750125,2.017159102446948,2.0391917961214343,0.6868207301245769,0.6714034483538011,0.2402571419171385,0.23695027234287525,0.9164279300739001,0.914379843573325
