contrast_0,contrast_90,dissimilarity_0,dissimilarity_90,homogeneity_0,homogeneity_90,energy_0,energy_90,correlation_0,correlation_90
35.9768504416692,37.31838257691136,1.9710122855112198,1.9840339120722912,0.64590459412155,0.6452550837391108,0.24042330512482035,0.23958952954587617,0.9038535016473889,0.9002416066876632
