contrast_0,contrast_90,dissimilarity_0,dissimilarity_90,homogeneity_0,homogeneity_90,energy_0,energy_90,correlation_0,correlation_90
36.162986089958345,36.78129759366435,1.699893390191899,1.7028124682708907,0.7486880010665871,0.7496863658593103,0.3083811949019702,0.31069885864233593,0.8890153858261588,0.8870981509996883
