contrast_0,contrast_90,dissimilarity_0,dissimilarity_90,homogeneity_0,homogeneity_90,energy_0,energy_90,correlation_0,correlation_90
67.15138592750534,68.54980201035639,2.6512843943547555,2.800182759671033,0.5903177230446336,0.5642243426092138,0.23005995688345085,0.22842556929717797,0.8610383017224171,0.8581195137549735
