contrast_0,contrast_90,dissimilarity_0,dissimilarity_90,homogeneity_0,homogeneity_90,energy_0,energy_90,correlation_0,correlation_90
39.048862828713574,39.99578637425122,1.9021981927099196,1.8763326226012786,0.6861642900566411,0.6971266095747148,0.23759389367317937,0.23948756990786885,0.9044816568747289,0.9021567041131937
