contrast_0,contrast_90,dissimilarity_0,dissimilarity_90,homogeneity_0,homogeneity_90,energy_0,energy_90,correlation_0,correlation_90
34.090313737435295,33.12739872068227,2.096304193319119,1.9216925576200634,0.6097521033679342,0.6463717434789931,0.22033990874362006,0.22699761955012557,0.9016278446710108,0.9043724155288096
