contrast_0,contrast_90,dissimilarity_0,dissimilarity_90,homogeneity_0,homogeneity_90,energy_0,energy_90,correlation_0,correlation_90
67.03012996243271,67.57617524621784,2.119885267539853,2.201517920601076,0.7506424946085832,0.7238825271304871,0.28884691760302184,0.28232023286968244,0.8758258822643231,0.8748086183253296
