contrast_0,contrast_90,dissimilarity_0,dissimilarity_90,homogeneity_0,homogeneity_90,energy_0,energy_90,correlation_0,correlation_90
34.02149964463398,33.941745354858355,1.7519798964361861,1.7744187227129664,0.7071122026851191,0.7025961281093754,0.2633064084898795,0.26519932211673475,0.8930443852752701,0.8932739745915074
