contrast_0,contrast_90,dissimilarity_0,dissimilarity_90,homogeneity_0,homogeneity_90,energy_0,energy_90,correlation_0,correlation_90
46.83901918976546,47.731495583307954,1.9495380241648905,1.9091785968118589,0.7108935064313597,0.7247469530788377,0.24362453159899275,0.2471493513587084,0.8872363971269575,0.8850331759432849
