contrast_0,contrast_90,dissimilarity_0,dissimilarity_90,homogeneity_0,homogeneity_90,energy_0,energy_90,correlation_0,correlation_90
48.08262260127934,49.238602903848054,2.055056350898568,2.002589095339629,0.6853122685000642,0.7024025435548662,0.23038248024740438,0.23244814643965997,0.9126455339915183,0.910524369762736
