contrast_0,contrast_90,dissimilarity_0,dissimilarity_90,homogeneity_0,homogeneity_90,energy_0,energy_90,correlation_0,correlation_90
32.56175753883644,33.37211899685248,1.6034368971469184,1.6416895116255459,0.7544452031261569,0.7413528724010168,0.30772977547053565,0.303368718812716,0.8825986336616254,0.8795875998585433
