contrast_0,contrast_90,dissimilarity_0,dissimilarity_90,homogeneity_0,homogeneity_90,energy_0,energy_90,correlation_0,correlation_90
55.86496090973702,56.13582597217991,1.939029343080516,1.9289014113107927,0.7668111734200219,0.7687462471756664,0.2953269650086164,0.2970593366888016,0.8814825675968966,0.8809130992013134
