contrast_0,contrast_90,dissimilarity_0,dissimilarity_90,homogeneity_0,homogeneity_90,energy_0,energy_90,correlation_0,correlation_90
36.19090770636612,36.16268149050662,1.731825566047315,1.7346684942633777,0.7308324609907322,0.7284304314979378,0.26573943375977926,0.2671418521071399,0.8922673740643583,0.8923547847602605
