contrast_0,contrast_90,dissimilarity_0,dissimilarity_90,homogeneity_0,homogeneity_90,energy_0,energy_90,correlation_0,correlation_90
39.15598030256879,40.28264290790943,1.9349934003452143,1.892552543405422,0.6847349129753976,0.6952548995164246,0.23078030611543773,0.23236670909330537,0.9127927358098579,0.9102597649846189
