contrast_0,contrast_90,dissimilarity_0,dissimilarity_90,homogeneity_0,homogeneity_90,energy_0,energy_90,correlation_0,correlation_90
39.63623210478222,40.57977967306326,1.8245253325210682,1.8521423494771039,0.7143290170764559,0.7078757368749602,0.2432956540269826,0.24244861244233207,0.9015160045244278,0.8991558485378242
