contrast_0,contrast_90,dissimilarity_0,dissimilarity_90,homogeneity_0,homogeneity_90,energy_0,energy_90,correlation_0,correlation_90
68.0912275357905,68.00243679561375,2.137628185602599,2.116813889734999,0.7514305137691646,0.7565622077343096,0.2869946732146062,0.28896687172000923,0.8739839638830534,0.8741516591153942
