contrast_0,contrast_90,dissimilarity_0,dissimilarity_90,homogeneity_0,homogeneity_90,energy_0,energy_90,correlation_0,correlation_90
22.93687176363083,22.193623718143986,1.8933140420347263,1.8113514062341398,0.6212912069663052,0.6446442440650795,0.2384496583943033,0.2469983224641933,0.911207105066257,0.9140926437561838
