contrast_0,contrast_90,dissimilarity_0,dissimilarity_90,homogeneity_0,homogeneity_90,energy_0,energy_90,correlation_0,correlation_90
44.03807493146516,44.56955020814294,2.0737130673164805,1.972636815920398,0.6621823179943855,0.6908326698616764,0.2371826322952186,0.24308267210190204,0.8985112012888236,0.8972718997200366
