contrast_0,contrast_90,dissimilarity_0,dissimilarity_90,homogeneity_0,homogeneity_90,energy_0,energy_90,correlation_0,correlation_90
60.557772362676424,60.21558026195554,1.9829931972789119,1.988450604122247,0.7694414243750347,0.7641018508616394,0.27703463865296163,0.2780145434871552,0.8751252292322709,0.8758438441609235
