contrast_0,contrast_90,dissimilarity_0,dissimilarity_90,homogeneity_0,homogeneity_90,energy_0,energy_90,correlation_0,correlation_90
39.973474464412625,40.76939283175959,1.8521931160523908,1.8728043456188446,0.7068799848603019,0.7034138745811469,0.24211514643866727,0.2410347836718598,0.9008992507527852,0.8989148987566615
