contrast_0,contrast_90,dissimilarity_0,dissimilarity_90,homogeneity_0,homogeneity_90,energy_0,energy_90,correlation_0,correlation_90
39.277693166818956,39.54152705858461,1.815666565133517,1.8135343689714682,0.7131138459296013,0.7152248767298928,0.24755991856511833,0.2484604495067324,0.9012254454165762,0.9005450260668496
