contrast_0,contrast_90,dissimilarity_0,dissimilarity_90,homogeneity_0,homogeneity_90,energy_0,energy_90,correlation_0,correlation_90
33.98124175043152,33.925170068027214,1.7102497715504115,1.6855010660980814,0.7239710580457153,0.7312027675393369,0.3260291064858111,0.3285810671140759,0.8911692574009146,0.8913549067360975
