contrast_0,contrast_90,dissimilarity_0,dissimilarity_90,homogeneity_0,homogeneity_90,energy_0,energy_90,correlation_0,correlation_90
32.554421768707485,34.7991674281653,1.9022743425728508,2.149050665042136,0.6524273365318711,0.5914549277591574,0.23253853828135476,0.22266802988005852,0.9049780070127542,0.8984077074456157
