contrast_0,contrast_90,dissimilarity_0,dissimilarity_90,homogeneity_0,homogeneity_90,energy_0,energy_90,correlation_0,correlation_90
60.85711747385521,60.659483196263565,1.992004264392325,1.9958625241141228,0.7678158849192427,0.7640826224909221,0.26507678202512674,0.26536493074751283,0.8754072657090889,0.875826044719517
