contrast_0,contrast_90,dissimilarity_0,dissimilarity_90,homogeneity_0,homogeneity_90,energy_0,energy_90,correlation_0,correlation_90
40.22113920194943,41.12112904863441,1.8627779469996952,1.8570920905675692,0.7078243209110306,0.7109929665829549,0.23723050612330066,0.23859367117368557,0.8988736296673129,0.8965873853478781
