contrast_0,contrast_90,dissimilarity_0,dissimilarity_90,homogeneity_0,homogeneity_90,energy_0,energy_90,correlation_0,correlation_90
33.050563508985725,33.160396994618765,2.052594171997157,1.9995684841100623,0.6072831089146712,0.625838986028383,0.21904923364654622,0.22286851789987575,0.90337473345649,0.902986407509151
