contrast_0,contrast_90,dissimilarity_0,dissimilarity_90,homogeneity_0,homogeneity_90,energy_0,energy_90,correlation_0,correlation_90
44.29236470707686,44.80338105391407,1.9112600263986201,1.909432429688293,0.7107573801330055,0.7114536369040825,0.2519451304146631,0.24944858691613647,0.8896062313863988,0.8883270843755348
