contrast_0,contrast_90,dissimilarity_0,dissimilarity_90,homogeneity_0,homogeneity_90,energy_0,energy_90,correlation_0,correlation_90
34.20966595593462,34.12176363082544,1.6366128540968634,1.657960199004976,0.7558949655128795,0.7501342024622522,0.32722837674967475,0.3271764856586047,0.8934351138844265,0.8937305533141299
