contrast_0,contrast_90,dissimilarity_0,dissimilarity_90,homogeneity_0,homogeneity_90,energy_0,energy_90,correlation_0,correlation_90
32.979414153721244,35.024266422987075,1.9014874606559031,2.1140724946695073,0.6538136782611883,0.6001357665322486,0.2328846687488571,0.22404685337550215,0.9036691271662143,0.8976735515220454
