contrast_0,contrast_90,dissimilarity_0,dissimilarity_90,homogeneity_0,homogeneity_90,energy_0,energy_90,correlation_0,correlation_90
30.41544826885977,30.717382475378198,1.576733678546045,1.5869123768910551,0.7486925465152403,0.7442228593357164,0.3080263597545413,0.30518893487425186,0.8907539534341851,0.889650145601468
