contrast_0,contrast_90,dissimilarity_0,dissimilarity_90,homogeneity_0,homogeneity_90,energy_0,energy_90,correlation_0,correlation_90
34.61536704233934,34.505254340542216,1.6598893288658765,1.6907554066402677,0.7473596747483223,0.7375724911539028,0.3027831908793767,0.3015816061269045,0.8939468245359959,0.8943008222285087
