contrast_0,contrast_90,dissimilarity_0,dissimilarity_90,homogeneity_0,homogeneity_90,energy_0,energy_90,correlation_0,correlation_90
68.51091481368664,69.10968118590719,2.102700781805259,2.150446745862524,0.7662713562274464,0.7494790534053898,0.28436224775262675,0.2789651767016724,0.8814737907898982,0.8804126620165527
