contrast_0,contrast_90,dissimilarity_0,dissimilarity_90,homogeneity_0,homogeneity_90,energy_0,energy_90,correlation_0,correlation_90
22.598233323180047,24.102116966189488,1.835414762920095,1.9094578129759394,0.6287753911553802,0.611154494800075,0.23088620022490688,0.22643020569472813,0.9053089823512005,0.898981555650708
