contrast_0,contrast_90,dissimilarity_0,dissimilarity_90,homogeneity_0,homogeneity_90,energy_0,energy_90,correlation_0,correlation_90
34.78804954817746,34.948116560056874,1.6234135445222861,1.622195146715403,0.7603901933481233,0.7610737708756751,0.33351648648836624,0.33560603966540087,0.8840380441141031,0.8834951453106308
