contrast_0,contrast_90,dissimilarity_0,dissimilarity_90,homogeneity_0,homogeneity_90,energy_0,energy_90,correlation_0,correlation_90
22.46197583511015,23.80000507665757,1.7755609706569206,1.9007767286018906,0.6547798236321151,0.6195983621670141,0.2381334019757438,0.23090636701854803,0.9123240681712533,0.9070720684603976
