contrast_0,contrast_90,dissimilarity_0,dissimilarity_90,homogeneity_0,homogeneity_90,energy_0,energy_90,correlation_0,correlation_90
34.9018935932582,34.49083663316071,2.0886638237384494,1.9579906589501497,0.6131193901293249,0.6473535076393686,0.22025020619858854,0.22764340609689776,0.8974269606008779,0.8986047991223292
