contrast_0,contrast_90,dissimilarity_0,dissimilarity_90,homogeneity_0,homogeneity_90,energy_0,energy_90,correlation_0,correlation_90
33.743400345212706,34.335414762920095,1.8003096761092499,1.809879175550817,0.6917845616752956,0.6904216356735443,0.2660535850721882,0.2659167363772917,0.892509696081908,0.8906191681488845
