contrast_0,contrast_90,dissimilarity_0,dissimilarity_90,homogeneity_0,homogeneity_90,energy_0,energy_90,correlation_0,correlation_90
22.550538125698015,22.792415473652127,1.74101431617423,1.8697329678139922,0.6504946931369452,0.6100511879832091,0.24464558535469932,0.23880497996155392,0.9026102210282991,0.9015601243801374
