contrast_0,contrast_90,dissimilarity_0,dissimilarity_90,homogeneity_0,homogeneity_90,energy_0,energy_90,correlation_0,correlation_90
54.72469286221949,55.327469793887694,1.9512640877246419,1.9383439943141434,0.7566222563658109,0.7589399677024842,0.27999831376968215,0.2796909954730543,0.8836690384980184,0.8823883430195796
