contrast_0,contrast_90,dissimilarity_0,dissimilarity_90,homogeneity_0,homogeneity_90,energy_0,energy_90,correlation_0,correlation_90
35.48215554878671,35.2115697025079,1.6398872982028634,1.6673012488577525,0.7601918802653248,0.7494496354687473,0.30832143207157287,0.3065845096764373,0.8920392823913887,0.8928985542986286
