contrast_0,contrast_90,dissimilarity_0,dissimilarity_90,homogeneity_0,homogeneity_90,energy_0,energy_90,correlation_0,correlation_90
35.25388364300943,35.54030866077775,1.6151385927505335,1.6382373845060418,0.7666073571212629,0.7601632196513612,0.28085061223936664,0.28472078580514876,0.8830749839942068,0.8820874213017994
