contrast_0,contrast_90,dissimilarity_0,dissimilarity_90,homogeneity_0,homogeneity_90,energy_0,energy_90,correlation_0,correlation_90
25.582292618539974,27.117905371103667,1.9554269468981633,1.9630673164788297,0.6299477942672073,0.6208672160898414,0.22629587445812244,0.22412539463868383,0.9313003754164672,0.9271948206580276
