contrast_0,contrast_90,dissimilarity_0,dissimilarity_90,homogeneity_0,homogeneity_90,energy_0,energy_90,correlation_0,correlation_90
47.32279926896131,48.11524012590112,1.9826632145395482,2.0424916235150765,0.6949218471618398,0.6795103158600838,0.24690319063045307,0.24496156699855873,0.8839921877345902,0.8819972165465445
