contrast_0,contrast_90,dissimilarity_0,dissimilarity_90,homogeneity_0,homogeneity_90,energy_0,energy_90,correlation_0,correlation_90
18.60018783632855,18.881409280129976,1.6340491420448782,1.6683419636511316,0.6716343151437633,0.6644987942514594,0.2804456932736565,0.27742848371024775,0.9152866085337019,0.9140120556562069
