contrast_0,contrast_90,dissimilarity_0,dissimilarity_90,homogeneity_0,homogeneity_90,energy_0,energy_90,correlation_0,correlation_90
16.952558635394436,17.63351609300436,1.6510559447659665,1.7222560666057465,0.6428016819600574,0.6260517647743966,0.2509806783208081,0.250015423047957,0.913005323604873,0.9094989397884672
