contrast_0,contrast_90,dissimilarity_0,dissimilarity_90,homogeneity_0,homogeneity_90,energy_0,energy_90,correlation_0,correlation_90
29.520306630114725,32.08000812265206,2.0608691237689096,2.105289877144886,0.609447782297333,0.6034273012602551,0.22313672737871612,0.22257629846390362,0.9180152831295024,0.9108968074823993
