contrast_0,contrast_90,dissimilarity_0,dissimilarity_90,homogeneity_0,homogeneity_90,energy_0,energy_90,correlation_0,correlation_90
19.69705046197581,19.613361762615487,1.5618083054117193,1.5745253325210686,0.691794777149036,0.6898047953043086,0.25883459015798493,0.2589113008327144,0.9050685585790175,0.9054687459063161
