contrast_0,contrast_90,dissimilarity_0,dissimilarity_90,homogeneity_0,homogeneity_90,energy_0,energy_90,correlation_0,correlation_90
28.73860290384812,29.097801807290075,1.5130977764240032,1.497740887399737,0.7643372301346679,0.7699869558174466,0.3150745013238225,0.32004925465485323,0.8875690901162432,0.8861219908369458
