contrast_0,contrast_90,dissimilarity_0,dissimilarity_90,homogeneity_0,homogeneity_90,energy_0,energy_90,correlation_0,correlation_90
19.278936947913458,20.012031678343,1.5451061021423502,1.4998477002741393,0.6953309909204644,0.7035420564517724,0.3056256468277625,0.3077388036171664,0.9286412515208718,0.9259390461722473
