contrast_0,contrast_90,dissimilarity_0,dissimilarity_90,homogeneity_0,homogeneity_90,energy_0,energy_90,correlation_0,correlation_90
20.51439232409382,20.484693877551035,1.4376332622601276,1.4275307137780489,0.7260002756302076,0.7294863304067688,0.2836623291046493,0.2859757046368686,0.8968253619169587,0.896953433770843
