contrast_0,contrast_90,dissimilarity_0,dissimilarity_90,homogeneity_0,homogeneity_90,energy_0,energy_90,correlation_0,correlation_90
17.27538328764342,16.88399837546958,1.6543557721596112,1.660067011879379,0.6454990472682468,0.6360611569050139,0.2501026550826727,0.246473997307819,0.9095899513978787,0.9116441870977272
