contrast_0,contrast_90,dissimilarity_0,dissimilarity_90,homogeneity_0,homogeneity_90,energy_0,energy_90,correlation_0,correlation_90
30.22085998578537,30.620748299319725,1.5670880292415466,1.5694740582800288,0.7539740597227704,0.7558222266686855,0.3054317769119179,0.30570070749092576,0.8834952862372917,0.8819378122544034
