contrast_0,contrast_90,dissimilarity_0,dissimilarity_90,homogeneity_0,homogeneity_90,energy_0,energy_90,correlation_0,correlation_90
24.695222865265528,24.96626561072191,1.891486445324399,1.9026550918875011,0.612682928975925,0.6073131362080427,0.220647235195605,0.22024801801793475,0.925373257357562,0.9245559253106348
