contrast_0,contrast_90,dissimilarity_0,dissimilarity_90,homogeneity_0,homogeneity_90,energy_0,energy_90,correlation_0,correlation_90
37.84168443496801,37.7745456391512,1.7745710224388267,1.7750533049040507,0.7168477947983848,0.7161919152434574,0.2525942288284521,0.25382801041127323,0.8875281247844999,0.8877446593735144
