contrast_0,contrast_90,dissimilarity_0,dissimilarity_90,homogeneity_0,homogeneity_90,energy_0,energy_90,correlation_0,correlation_90
33.437988628287115,33.90877246420957,1.6679612143364817,1.7844958879074027,0.7340141919457912,0.6992510581239957,0.2825009138977541,0.2743796964495949,0.8738874407008878,0.8721114898090002
