contrast_0,contrast_90,dissimilarity_0,dissimilarity_90,homogeneity_0,homogeneity_90,energy_0,energy_90,correlation_0,correlation_90
18.158036348867885,18.361381866179297,1.7454563915118295,1.7792415473652152,0.6300889897195774,0.6131223488286198,0.234135670876441,0.23013765266038214,0.8968878604839144,0.895753565054551
