contrast_0,contrast_90,dissimilarity_0,dissimilarity_90,homogeneity_0,homogeneity_90,energy_0,energy_90,correlation_0,correlation_90
40.18354655294953,40.44441060006096,1.8672200223372937,1.959995938673977,0.6990559630365638,0.6663590910873396,0.25741340553943126,0.24989740072328814,0.8763849717415564,0.8755932408305663
