contrast_0,contrast_90,dissimilarity_0,dissimilarity_90,homogeneity_0,homogeneity_90,energy_0,energy_90,correlation_0,correlation_90
21.730886384404524,22.021398111483407,1.4360341151385934,1.4574829931972788,0.7359328894677267,0.724965526124259,0.27343962085169404,0.2710337596521396,0.8929384516053926,0.8914987539327544
