contrast_0,contrast_90,dissimilarity_0,dissimilarity_90,homogeneity_0,homogeneity_90,energy_0,energy_90,correlation_0,correlation_90
41.43740481267131,39.933698852675356,1.9225302061122962,1.8373946593562804,0.6850859690076893,0.7077764411064442,0.23824047658668562,0.24198654549536186,0.872606665584438,0.8773126720089693
