contrast_0,contrast_90,dissimilarity_0,dissimilarity_90,homogeneity_0,homogeneity_90,energy_0,energy_90,correlation_0,correlation_90
20.73700375672659,20.974337496192504,1.6507005787389593,1.685526449385725,0.6804519227205023,0.673626963462351,0.2633000780197694,0.26304709925234754,0.9037007387050632,0.9025914466414862
