contrast_0,contrast_90,dissimilarity_0,dissimilarity_90,homogeneity_0,homogeneity_90,energy_0,energy_90,correlation_0,correlation_90
21.84945172098691,22.03216062544421,1.4549446644329367,1.4751497613970976,0.7269038988640323,0.7193246230323223,0.28552995838039114,0.2833495867489148,0.8929393740302831,0.8920273636805394
