contrast_0,contrast_90,dissimilarity_0,dissimilarity_90,homogeneity_0,homogeneity_90,energy_0,energy_90,correlation_0,correlation_90
41.73969438521676,41.492664229871046,1.7110112701797138,1.698268859782719,0.7715887252362281,0.7758969771943126,0.3060878554551098,0.3096684213470412,0.8611802294297665,0.8620580600000072
