contrast_0,contrast_90,dissimilarity_0,dissimilarity_90,homogeneity_0,homogeneity_90,energy_0,energy_90,correlation_0,correlation_90
45.85968118590723,46.4794903035841,1.9471519951264085,1.946085897045386,0.7015370231406654,0.7056693659446936,0.24571143061591316,0.2473014317775962,0.8846695099785269,0.883073186374146
