contrast_0,contrast_90,dissimilarity_0,dissimilarity_90,homogeneity_0,homogeneity_90,energy_0,energy_90,correlation_0,correlation_90
29.31145293938471,29.555462483500875,1.5028429282160625,1.4845923444004487,0.7738074798618749,0.7825639872178357,0.3407861356645182,0.3460332649822332,0.8845871499096142,0.8836214906001096
