contrast_0,contrast_90,dissimilarity_0,dissimilarity_90,homogeneity_0,homogeneity_90,energy_0,energy_90,correlation_0,correlation_90
29.4842115950858,29.5215250279216,2.025941719971572,2.0634582191085378,0.6115213916709105,0.6135110699195893,0.22421642332304198,0.225787238605632,0.9182228376315148,0.9181166803995364
