contrast_0,contrast_90,dissimilarity_0,dissimilarity_90,homogeneity_0,homogeneity_90,energy_0,energy_90,correlation_0,correlation_90
18.128363285612767,18.503274444106,1.7678190679256782,1.810666057467765,0.6223501870230227,0.6044070222950387,0.23339953830288762,0.22912324103780266,0.8957763367391014,0.8935926083938219
