contrast_0,contrast_90,dissimilarity_0,dissimilarity_90,homogeneity_0,homogeneity_90,energy_0,energy_90,correlation_0,correlation_90
38.545029952279414,39.10521372728197,1.7729718753172907,1.8092953599350192,0.7233529745457664,0.7122911666025364,0.26278421433436977,0.25980379071690873,0.8857371532977534,0.8840665470384912
