contrast_0,contrast_90,dissimilarity_0,dissimilarity_90,homogeneity_0,homogeneity_90,energy_0,energy_90,correlation_0,correlation_90
18.542745456391497,18.852776931668217,1.6128540968626248,1.6738755203573974,0.6895678206578404,0.6727734356892121,0.30512184027016925,0.29880842669118424,0.9164985506915766,0.9150982618772904
