contrast_0,contrast_90,dissimilarity_0,dissimilarity_90,homogeneity_0,homogeneity_90,energy_0,energy_90,correlation_0,correlation_90
37.818509493349566,37.719438521677326,1.7935323383084587,1.7237029140014222,0.7101322614854878,0.7358039886847516,0.2547680306579049,0.2621712787450278,0.8862281058488858,0.8865266912454673
