contrast_0,contrast_90,dissimilarity_0,dissimilarity_90,homogeneity_0,homogeneity_90,energy_0,energy_90,correlation_0,correlation_90
15.672784038988723,15.862346431109762,1.528657731749417,1.5101279317697258,0.6835543773412195,0.6925667377625911,0.25359880567167575,0.2547705824177769,0.8916877066061385,0.8903029449059379
