contrast_0,contrast_90,dissimilarity_0,dissimilarity_90,homogeneity_0,homogeneity_90,energy_0,energy_90,correlation_0,correlation_90
21.847852573865378,21.705630013199297,1.4755305107117487,1.4499187734795422,0.7285455207050361,0.7348331462305463,0.27687702707553974,0.27803565320562995,0.8772984926206117,0.8781093912848654
