contrast_0,contrast_90,dissimilarity_0,dissimilarity_90,homogeneity_0,homogeneity_90,energy_0,energy_90,correlation_0,correlation_90
15.237079906589507,14.869656817951055,1.4882729211087438,1.4735252309879197,0.6998498620411137,0.700000720310992,0.28508746576294336,0.2845671709570807,0.8855491729726974,0.8883194599535453
