contrast_0,contrast_90,dissimilarity_0,dissimilarity_90,homogeneity_0,homogeneity_90,energy_0,energy_90,correlation_0,correlation_90
14.487663722205296,14.331201137171277,1.4356787491115846,1.4108538937963258,0.707978388491154,0.7176007203620616,0.30374904980510253,0.3086662989771024,0.8916608071032709,0.8928535514997237
