contrast_0,contrast_90,dissimilarity_0,dissimilarity_90,homogeneity_0,homogeneity_90,energy_0,energy_90,correlation_0,correlation_90
44.59874098893289,44.77320032490608,1.7454563915118295,1.7720326936744852,0.7720850670715612,0.7619979671139615,0.32782027484839327,0.3269963290502293,0.8738855882047681,0.8734040221622017
