contrast_0,contrast_90,dissimilarity_0,dissimilarity_90,homogeneity_0,homogeneity_90,energy_0,energy_90,correlation_0,correlation_90
58.80203573966899,59.89123261244797,1.9860138085084784,1.9973347547974418,0.755865790006025,0.7571922229708798,0.2660437671771544,0.2671703106516789,0.8869898782648895,0.8848653229427347
