contrast_0,contrast_90,dissimilarity_0,dissimilarity_90,homogeneity_0,homogeneity_90,energy_0,energy_90,correlation_0,correlation_90
58.43001827596708,59.188851660067016,1.9867245405624931,1.9835516296070663,0.7537695697525152,0.7579072299070277,0.2663505468583447,0.2675720413247399,0.8865454860113132,0.8850565553385764
