contrast_0,contrast_90,dissimilarity_0,dissimilarity_90,homogeneity_0,homogeneity_90,energy_0,energy_90,correlation_0,correlation_90
48.23994821809319,48.842014417707354,2.4520509696415878,2.4019189765458426,0.5814458803016956,0.5788044810702397,0.21030791094536724,0.20823824182530223,0.8834969196052402,0.8819994537202762
