contrast_0,contrast_90,dissimilarity_0,dissimilarity_90,homogeneity_0,homogeneity_90,energy_0,energy_90,correlation_0,correlation_90
46.80762006295054,47.09389278099299,1.802746471723018,1.8140674180119811,0.7624244146530963,0.7584161379937326,0.26020970373117797,0.2610132772754623,0.8843062595164706,0.8835912055126074
