contrast_0,contrast_90,dissimilarity_0,dissimilarity_90,homogeneity_0,homogeneity_90,energy_0,energy_90,correlation_0,correlation_90
72.50203066301144,72.87841405218805,2.1047822113920187,2.0985886892070256,0.780242170681234,0.7843157794556597,0.3006943316735046,0.3027858614606025,0.8788325577886211,0.8781830976195767
