contrast_0,contrast_90,dissimilarity_0,dissimilarity_90,homogeneity_0,homogeneity_90,energy_0,energy_90,correlation_0,correlation_90
51.00261447862726,50.24563407452537,2.43550106609808,2.3471672250989943,0.5803767464736064,0.607848421244249,0.2108888602351457,0.2142708662618951,0.8785162101162048,0.8803590307586308
