contrast_0,contrast_90,dissimilarity_0,dissimilarity_90,homogeneity_0,homogeneity_90,energy_0,energy_90,correlation_0,correlation_90
37.37006295055335,37.76000101533152,1.634049142044877,1.6392780992994216,0.772235288729101,0.7725205199920356,0.27990233808156084,0.27979832746052435,0.8930843257235916,0.8919452065388942
