contrast_0,contrast_90,dissimilarity_0,dissimilarity_90,homogeneity_0,homogeneity_90,energy_0,energy_90,correlation_0,correlation_90
58.87993704944662,59.68479033404408,1.953447050461976,1.9594375063458223,0.7714493562327068,0.7737565616922712,0.2999886433260339,0.30085924996148394,0.8846602073175941,0.8830807983081419
