contrast_0,contrast_90,dissimilarity_0,dissimilarity_90,homogeneity_0,homogeneity_90,energy_0,energy_90,correlation_0,correlation_90
71.26515382272314,70.87310894507056,2.050106609808102,2.0444461366636206,0.8000329590843871,0.8002426930396636,0.3001502206795433,0.3023220272657746,0.8811695546489186,0.8818241424317356
