contrast_0,contrast_90,dissimilarity_0,dissimilarity_90,homogeneity_0,homogeneity_90,energy_0,energy_90,correlation_0,correlation_90
39.90422885572137,41.38552137272819,1.6654228855721398,1.65620875215758,0.7783355862570804,0.7895625640600822,0.2735867240517114,0.2776490581134082,0.8895242546888054,0.8853694164259927
