contrast_0,contrast_90,dissimilarity_0,dissimilarity_90,homogeneity_0,homogeneity_90,energy_0,energy_90,correlation_0,correlation_90
56.03738958269875,56.10790435577214,1.9843385115240129,1.9968778556198599,0.7421245893489233,0.738488210962133,0.289175746478094,0.2891424612660953,0.8749188246466495,0.874776996584199
