contrast_0,contrast_90,dissimilarity_0,dissimilarity_90,homogeneity_0,homogeneity_90,energy_0,energy_90,correlation_0,correlation_90
56.788252614478594,56.288049548177504,2.106152908924765,2.1113818661793067,0.7105337366979612,0.7051350495217905,0.26554152741881354,0.2665444949460088,0.9098968970360867,0.9106958720220188
