contrast_0,contrast_90,dissimilarity_0,dissimilarity_90,homogeneity_0,homogeneity_90,energy_0,energy_90,correlation_0,correlation_90
52.99497410904662,53.08142958676008,2.194791349375571,2.2763224692862223,0.6622150016857469,0.6415527423449324,0.25232737873671884,0.24648114680774208,0.891850500381443,0.8916712796396146
