contrast_0,contrast_90,dissimilarity_0,dissimilarity_90,homogeneity_0,homogeneity_90,energy_0,energy_90,correlation_0,correlation_90
58.7418265813788,59.09412123058176,1.9689562392121032,1.9506548888212005,0.7637410637182173,0.7719111540655403,0.28087537182666494,0.28431357395284473,0.8849286707571079,0.8842271622657633
