contrast_0,contrast_90,dissimilarity_0,dissimilarity_90,homogeneity_0,homogeneity_90,energy_0,energy_90,correlation_0,correlation_90
74.61833688699357,74.9116153924256,2.0826479845669614,2.099705553863337,0.8014566164143767,0.7962698025772932,0.29912232021746227,0.29872632625853285,0.8787102315774534,0.878234516089969
