contrast_0,contrast_90,dissimilarity_0,dissimilarity_90,homogeneity_0,homogeneity_90,energy_0,energy_90,correlation_0,correlation_90
33.59528886181337,33.54556300131991,1.6098081023454158,1.622017463701899,0.754939244874898,0.7482963405388807,0.33715442562394954,0.3338843265810604,0.8893771131062512,0.8895561579397284
