contrast_0,contrast_90,dissimilarity_0,dissimilarity_90,homogeneity_0,homogeneity_90,energy_0,energy_90,correlation_0,correlation_90
38.71819474058281,38.88399837546961,1.683368869936034,1.6869732967814,0.7602132350315394,0.7580005789055041,0.27559959702996717,0.2740132731894918,0.8915679615990858,0.8910989625591348
