contrast_0,contrast_90,dissimilarity_0,dissimilarity_90,homogeneity_0,homogeneity_90,energy_0,energy_90,correlation_0,correlation_90
64.83653162757643,64.95859985785357,1.990506650421363,1.9890090364504012,0.7872881216493344,0.7889456232786171,0.301674020812034,0.3037491007138046,0.8786363638039987,0.878418858185049
