contrast_0,contrast_90,dissimilarity_0,dissimilarity_90,homogeneity_0,homogeneity_90,energy_0,energy_90,correlation_0,correlation_90
54.20575692963752,54.50979794903037,1.9823839983754699,1.9203472433749622,0.7361661895934426,0.7601134337813705,0.2800319196925462,0.28480718602497124,0.8768791860573183,0.8761807583569655
