contrast_0,contrast_90,dissimilarity_0,dissimilarity_90,homogeneity_0,homogeneity_90,energy_0,energy_90,correlation_0,correlation_90
48.278403898873,47.81246827089041,2.4065895014722307,2.3346532642907905,0.5750286613358564,0.6013360312260035,0.20862311478977802,0.21158019512321657,0.8829302355516512,0.8840406102419129
