contrast_0,contrast_90,dissimilarity_0,dissimilarity_90,homogeneity_0,homogeneity_90,energy_0,energy_90,correlation_0,correlation_90
43.79685754898973,44.978068839476116,1.9534216671743327,1.9213118083054117,0.714382223041573,0.7197989803024537,0.27000218219429956,0.27123891119712523,0.9170353464718013,0.9147857286399164
