contrast_0,contrast_90,dissimilarity_0,dissimilarity_90,homogeneity_0,homogeneity_90,energy_0,energy_90,correlation_0,correlation_90
21.46019900497512,21.43321657021017,1.7001218397806903,1.6319169458828306,0.6457859936132305,0.6722430769810682,0.2517823614762591,0.2566527698896187,0.8852536145256674,0.8853969524654436
