contrast_0,contrast_90,dissimilarity_0,dissimilarity_90,homogeneity_0,homogeneity_90,energy_0,energy_90,correlation_0,correlation_90
22.90222357599755,23.43154127322569,1.5341659051680383,1.5513503909026305,0.7196762152423513,0.7122660233867205,0.2545561479486524,0.2538786612175488,0.884404947805655,0.8816678795684656
