contrast_0,contrast_90,dissimilarity_0,dissimilarity_90,homogeneity_0,homogeneity_90,energy_0,energy_90,correlation_0,correlation_90
22.654305005584316,22.191973804447144,1.56916945882831,1.5776474769012103,0.699831388705976,0.6881367489141151,0.2441687377917795,0.24180669782977499,0.8842425765484371,0.8866203710211052
