contrast_0,contrast_90,dissimilarity_0,dissimilarity_90,homogeneity_0,homogeneity_90,energy_0,energy_90,correlation_0,correlation_90
20.681465123362774,21.2189562392121,1.4240785866585444,1.4682708904457313,0.7298508280045727,0.7185678654652232,0.25467691178038354,0.2533930039830241,0.891905681772045,0.8890467491354382
