contrast_0,contrast_90,dissimilarity_0,dissimilarity_90,homogeneity_0,homogeneity_90,energy_0,energy_90,correlation_0,correlation_90
32.211392019494326,32.8621941313839,1.5085795512234745,1.5093156665651333,0.7877599895822963,0.7923988266581165,0.3248023209944784,0.32737839165528443,0.8831165059613291,0.8807305781826137
