contrast_0,contrast_90,dissimilarity_0,dissimilarity_90,homogeneity_0,homogeneity_90,energy_0,energy_90,correlation_0,correlation_90
22.101431617423092,22.212991166615893,1.7222053000304602,1.6638491217382485,0.6469791344899873,0.6724521187642101,0.2511360777845936,0.2554934236535862,0.8827090080739274,0.882065599046264
