contrast_0,contrast_90,dissimilarity_0,dissimilarity_90,homogeneity_0,homogeneity_90,energy_0,energy_90,correlation_0,correlation_90
18.433368869936018,18.829805056350878,1.561656005685856,1.449563407452534,0.6687341912395791,0.7057610457883509,0.24771573430165228,0.2536498350086767,0.8998182446459282,0.8976069609582361
