contrast_0,contrast_90,dissimilarity_0,dissimilarity_90,homogeneity_0,homogeneity_90,energy_0,energy_90,correlation_0,correlation_90
23.323687684028833,23.440323890750335,1.5280739161336185,1.5417555081734187,0.7224601602961572,0.7155350785023236,0.24773315265835194,0.24751224908270644,0.8813334814288272,0.880692645167702
