contrast_0,contrast_90,dissimilarity_0,dissimilarity_90,homogeneity_0,homogeneity_90,energy_0,energy_90,correlation_0,correlation_90
22.061478322672343,22.201924053203385,1.7137272819575597,1.6584678647578446,0.6475210464043457,0.6715188954315134,0.25082268315673334,0.25535522270900674,0.882375275035528,0.8815867167529172
