contrast_0,contrast_90,dissimilarity_0,dissimilarity_90,homogeneity_0,homogeneity_90,energy_0,energy_90,correlation_0,correlation_90
31.115519342065177,30.627221037668807,1.561503705959996,1.54533455173114,0.7570445797998342,0.7600477813140237,0.3128723956406501,0.31363822555940013,0.8733549353023321,0.8753469677804261
