contrast_0,contrast_90,dissimilarity_0,dissimilarity_90,homogeneity_0,homogeneity_90,energy_0,energy_90,correlation_0,correlation_90
28.50383287643415,29.084653264290786,1.4750989948218096,1.5419585744745665,0.7708617391705627,0.7512959321228555,0.29175109355919465,0.28530737625586666,0.8775690663235428,0.8750676193163677
