contrast_0,contrast_90,dissimilarity_0,dissimilarity_90,homogeneity_0,homogeneity_90,energy_0,energy_90,correlation_0,correlation_90
35.751599147121524,35.6716164077571,1.6401665143669417,1.6546096050360448,0.7595226439293729,0.7514497020803405,0.28971360993716355,0.2864125103098838,0.8731072415048823,0.8734435354556352
