contrast_0,contrast_90,dissimilarity_0,dissimilarity_90,homogeneity_0,homogeneity_90,energy_0,energy_90,correlation_0,correlation_90
28.757970352320026,28.95969133922226,1.5204843131282368,1.538633363793279,0.7551566042144068,0.7494684398011198,0.28116112481734346,0.27854597940603143,0.8755285082076845,0.8746488237045249
