contrast_0,contrast_90,dissimilarity_0,dissimilarity_90,homogeneity_0,homogeneity_90,energy_0,energy_90,correlation_0,correlation_90
22.270078180525946,22.37029140014215,1.310031475276678,1.317037262666261,0.7840906783738019,0.7828943535856178,0.2824324628614208,0.28030784887104493,0.866927586892742,0.8663906964521455
