contrast_0,contrast_90,dissimilarity_0,dissimilarity_90,homogeneity_0,homogeneity_90,energy_0,energy_90,correlation_0,correlation_90
31.717052492638842,31.571987003756718,1.4899228348055642,1.4837039293329275,0.7928983273736131,0.7944243078587806,0.37993004896717303,0.3786464248757439,0.8715155164868574,0.8721055519587755
