contrast_0,contrast_90,dissimilarity_0,dissimilarity_90,homogeneity_0,homogeneity_90,energy_0,energy_90,correlation_0,correlation_90
31.309599959386752,30.788125698040417,1.5643974007513457,1.5414509087216983,0.7572496390601026,0.7635960754104786,0.31989953493276635,0.32066794583207725,0.8724586706273084,0.8746064055702355
