contrast_0,contrast_90,dissimilarity_0,dissimilarity_90,homogeneity_0,homogeneity_90,energy_0,energy_90,correlation_0,correlation_90
26.073890750329994,26.02804853284597,1.4767235252309878,1.474794395370089,0.7545916511304416,0.7568996045638472,0.2679288411991904,0.26659879832737277,0.8644701007695089,0.8647601460366617
