contrast_0,contrast_90,dissimilarity_0,dissimilarity_90,homogeneity_0,homogeneity_90,energy_0,energy_90,correlation_0,correlation_90
28.88212001218398,28.968042440856927,1.6731140217280946,1.6570971672250998,0.7019009563035905,0.7085513238064927,0.244779656801993,0.24590781991173166,0.8675777225491774,0.8672110916207627
