contrast_0,contrast_90,dissimilarity_0,dissimilarity_90,homogeneity_0,homogeneity_90,energy_0,energy_90,correlation_0,correlation_90
28.08368869936036,27.877754086709285,1.5850593968930873,1.5979794903035849,0.7312673509873017,0.7277184451231195,0.2676728377336367,0.26593298923946584,0.868643306849606,0.8696890838260093
