contrast_0,contrast_90,dissimilarity_0,dissimilarity_90,homogeneity_0,homogeneity_90,energy_0,energy_90,correlation_0,correlation_90
27.942303787186514,27.46954005482791,1.522921108742005,1.45755914306021,0.7466373992641783,0.7706294951459904,0.27194353438778734,0.28029128708006734,0.8765940097625474,0.8787310086920778
