contrast_0,contrast_90,dissimilarity_0,dissimilarity_90,homogeneity_0,homogeneity_90,energy_0,energy_90,correlation_0,correlation_90
20.242714996446317,20.583587166209757,1.9543608488171402,1.9776880901614384,0.6232587170135997,0.615263197523931,0.26231915241975035,0.2598927923007394,0.8258167430846026,0.8229069782760653
