contrast_0,contrast_90,dissimilarity_0,dissimilarity_90,homogeneity_0,homogeneity_90,energy_0,energy_90,correlation_0,correlation_90
9.397883033810537,9.30685856432125,1.2330439638542001,1.242841912884558,0.6885717468475496,0.6816468060470521,0.25333494668909556,0.2519153227643259,0.8940217592406398,0.8950592882593913
