contrast_0,contrast_90,dissimilarity_0,dissimilarity_90,homogeneity_0,homogeneity_90,energy_0,energy_90,correlation_0,correlation_90
14.510990963549576,14.846558026195543,1.5469844654279616,1.6072951568687173,0.676496549506089,0.6638214263391373,0.2820070074293093,0.27795672862633874,0.8336649025074901,0.8299727253379439
