contrast_0,contrast_90,dissimilarity_0,dissimilarity_90,homogeneity_0,homogeneity_90,energy_0,energy_90,correlation_0,correlation_90
11.332064168951158,11.409381663113008,1.376129556300132,1.3920194943649116,0.677036524282716,0.6762051375108411,0.27184296577530553,0.27264584029927647,0.8919190730599625,0.8911849355092206
