contrast_0,contrast_90,dissimilarity_0,dissimilarity_90,homogeneity_0,homogeneity_90,energy_0,energy_90,correlation_0,correlation_90
13.857726672758652,13.912046908315569,1.6068890242664235,1.5916590516803752,0.6527893048661245,0.6585249796106852,0.2670906842186296,0.26777565347577065,0.8106725821760439,0.810232572027699
