contrast_0,contrast_90,dissimilarity_0,dissimilarity_90,homogeneity_0,homogeneity_90,energy_0,energy_90,correlation_0,correlation_90
7.8891511828612,7.860468067824145,0.9196618946085896,0.9024520255863538,0.802289081924444,0.8078327568452225,0.4806772721594972,0.48360928287559446,0.8453645041377075,0.845937023733703
