contrast_0,contrast_90,dissimilarity_0,dissimilarity_90,homogeneity_0,homogeneity_90,energy_0,energy_90,correlation_0,correlation_90
23.17169255762005,22.576987511422455,2.042948522692658,1.9825616813889766,0.6334378599294318,0.6429872581610236,0.2664596109115359,0.26870142603993297,0.8277884494670421,0.8322514318456768
