contrast_0,contrast_90,dissimilarity_0,dissimilarity_90,homogeneity_0,homogeneity_90,energy_0,energy_90,correlation_0,correlation_90
8.652908924763938,8.577266727586554,1.0172606355975222,1.0104071479338008,0.7750846804346326,0.7778008984301864,0.3730938734930872,0.37178468591416663,0.8451681899196256,0.8466739485880406
