contrast_0,contrast_90,dissimilarity_0,dissimilarity_90,homogeneity_0,homogeneity_90,energy_0,energy_90,correlation_0,correlation_90
11.919204995431015,11.661361559549192,1.505254340542189,1.4232155548786685,0.6412857522279878,0.6613004812434703,0.23510131192704103,0.23789622355197995,0.8878472165896591,0.8901988506014439
