contrast_0,contrast_90,dissimilarity_0,dissimilarity_90,homogeneity_0,homogeneity_90,energy_0,energy_90,correlation_0,correlation_90
15.643034825870656,15.118666869732978,1.7765509188750144,1.7454817747994742,0.6381054704339888,0.640137600241286,0.25408382356180026,0.2551412947554053,0.8375653199320117,0.8428947601861625
