contrast_0,contrast_90,dissimilarity_0,dissimilarity_90,homogeneity_0,homogeneity_90,energy_0,energy_90,correlation_0,correlation_90
14.321555487866776,14.251852979997977,1.4752766778353141,1.4981724032896753,0.6869660241149955,0.6792251011604468,0.28736911078081256,0.2854339939468854,0.8467765192039279,0.8476758457439817
