contrast_0,contrast_90,dissimilarity_0,dissimilarity_90,homogeneity_0,homogeneity_90,energy_0,energy_90,correlation_0,correlation_90
10.016854502995233,10.076200629505536,1.149862930246726,1.1405726469692363,0.7253680314707457,0.7325527283722867,0.26148431108048936,0.2639114197981076,0.8820584737288127,0.8813703121003695
