contrast_0,contrast_90,dissimilarity_0,dissimilarity_90,homogeneity_0,homogeneity_90,energy_0,energy_90,correlation_0,correlation_90
24.976495075642184,24.719260838663853,2.248147020002031,2.1979896436186417,0.6060639750272658,0.6115768914177728,0.24777095280781553,0.24925389915892543,0.8455709615670072,0.8469173454051504
