contrast_0,contrast_90,dissimilarity_0,dissimilarity_90,homogeneity_0,homogeneity_90,energy_0,energy_90,correlation_0,correlation_90
13.312823636917464,13.117676921514883,1.657782515991473,1.6281856025992503,0.6475163173237076,0.6501457115724504,0.2663958466933686,0.2671533878300032,0.8402528122758165,0.842947596529891
