contrast_0,contrast_90,dissimilarity_0,dissimilarity_90,homogeneity_0,homogeneity_90,energy_0,energy_90,correlation_0,correlation_90
20.68760787897247,20.079881206213855,2.104502995227944,2.042567773378007,0.6077799913741486,0.61087348538184,0.24592078923004296,0.24548890201661516,0.845085521256776,0.8497326211336598
