contrast_0,contrast_90,dissimilarity_0,dissimilarity_90,homogeneity_0,homogeneity_90,energy_0,energy_90,correlation_0,correlation_90
21.963625748806987,21.256599654787305,2.0509442583003334,2.0344451213321153,0.6199010094674248,0.6191720651070606,0.24949250598261305,0.2493888027197991,0.8318558408786086,0.8374458768119962
