contrast_0,contrast_90,dissimilarity_0,dissimilarity_90,homogeneity_0,homogeneity_90,energy_0,energy_90,correlation_0,correlation_90
11.815336582394162,11.692963752665246,1.3975784343588173,1.4256777337800814,0.6766837679275739,0.6674669084454836,0.24969129898610706,0.24818824364837241,0.8755617534202834,0.8773632340644782
