contrast_0,contrast_90,dissimilarity_0,dissimilarity_90,homogeneity_0,homogeneity_90,energy_0,energy_90,correlation_0,correlation_90
14.171311808305408,14.296679865976259,1.5599299421261084,1.6114326327545976,0.6777301921718267,0.6628178922856742,0.27418361586376905,0.2704318216084332,0.830661261705627,0.8297960192556062
