contrast_0,contrast_90,dissimilarity_0,dissimilarity_90,homogeneity_0,homogeneity_90,energy_0,energy_90,correlation_0,correlation_90
20.771474261346306,22.190526957051468,1.881028530815313,2.039191796121435,0.6372609011682254,0.614576031088529,0.23474624429999427,0.23097640273934855,0.7939752989606305,0.7803145238952116
