contrast_0,contrast_90,dissimilarity_0,dissimilarity_90,homogeneity_0,homogeneity_90,energy_0,energy_90,correlation_0,correlation_90
15.681795106102145,15.385292923139412,1.7136257488069888,1.699538024164892,0.6538940564190202,0.6518560512861775,0.2638078771311771,0.2621767320955744,0.8360945073989366,0.839231160476768
