contrast_0,contrast_90,dissimilarity_0,dissimilarity_90,homogeneity_0,homogeneity_90,energy_0,energy_90,correlation_0,correlation_90
15.05256878870953,15.193547568281062,1.5902375875723445,1.6404457305310187,0.6790375274918514,0.6699149069430673,0.27991655204359545,0.27915779025951243,0.8230570031701723,0.821663073054436
