contrast_0,contrast_90,dissimilarity_0,dissimilarity_90,homogeneity_0,homogeneity_90,energy_0,energy_90,correlation_0,correlation_90
10.871205198497323,11.074195349781704,1.2538328764341578,1.249289267945985,0.7065266131039104,0.710233468729578,0.24193440633899144,0.24237627998678746,0.9020780389649755,0.9002495598245999
