contrast_0,contrast_90,dissimilarity_0,dissimilarity_90,homogeneity_0,homogeneity_90,energy_0,energy_90,correlation_0,correlation_90
12.031246827089035,11.884252208346016,1.4108792770839682,1.4162859173520168,0.6727960658895447,0.6707968409273036,0.24297389160770044,0.24328352467231776,0.9005834756215414,0.9018052126919244
