contrast_0,contrast_90,dissimilarity_0,dissimilarity_90,homogeneity_0,homogeneity_90,energy_0,energy_90,correlation_0,correlation_90
13.120799065895014,12.778200832571851,1.3929586760077166,1.3929840592953608,0.6988065761450148,0.6976090029838988,0.2792008021508112,0.27781186748504255,0.8339799145094456,0.8385391296793031
