contrast_0,contrast_90,dissimilarity_0,dissimilarity_90,homogeneity_0,homogeneity_90,energy_0,energy_90,correlation_0,correlation_90
9.25703117067722,9.337166209767501,1.2371814397400744,1.2588333840999089,0.6895633201149584,0.6781409958580096,0.2479258406810815,0.24571461922396848,0.8972035143717986,0.8963015708623145
