contrast_0,contrast_90,dissimilarity_0,dissimilarity_90,homogeneity_0,homogeneity_90,energy_0,energy_90,correlation_0,correlation_90
11.751497613970946,11.532135242156563,1.3346532642907931,1.3148542999289285,0.7278254866270704,0.7279390971402394,0.3773033317947347,0.3773863617484872,0.8029468511880342,0.806182702105857
