contrast_0,contrast_90,dissimilarity_0,dissimilarity_90,homogeneity_0,homogeneity_90,energy_0,energy_90,correlation_0,correlation_90
23.588892273327208,24.181668189663917,2.2704335465529466,2.283962838866889,0.5818441593901665,0.5798675325121415,0.2310463224159767,0.2311216376178661,0.8146556450557456,0.8104420161926368
