contrast_0,contrast_90,dissimilarity_0,dissimilarity_90,homogeneity_0,homogeneity_90,energy_0,energy_90,correlation_0,correlation_90
17.30546248350085,16.84917250482283,1.6991065082749515,1.7276880901614395,0.663135155227941,0.651589670196169,0.2673975760054884,0.2649548685896572,0.809520967977765,0.8147510923001577
