contrast_0,contrast_90,dissimilarity_0,dissimilarity_90,homogeneity_0,homogeneity_90,energy_0,energy_90,correlation_0,correlation_90
24.08005888922735,24.265788404914222,2.0878769418215053,2.129327850543201,0.6211979090900831,0.6142063864252826,0.23316810043833444,0.23172745429063504,0.7713380245752992,0.7702087985068641
