contrast_0,contrast_90,dissimilarity_0,dissimilarity_90,homogeneity_0,homogeneity_90,energy_0,energy_90,correlation_0,correlation_90
12.763503909026307,12.707635292923138,1.3742258097268751,1.37024063356686,0.7271594840588648,0.7296486327024002,0.3952768488393563,0.39625788959068237,0.7910670319916708,0.7917034900273034
