contrast_0,contrast_90,dissimilarity_0,dissimilarity_90,homogeneity_0,homogeneity_90,energy_0,energy_90,correlation_0,correlation_90
9.96842319017159,9.321377804853286,1.1299116661590016,0.9813940501573764,0.7643489236910019,0.7997556324347078,0.4378419742424858,0.4561289917676729,0.8190059154248618,0.8305601957634761
