contrast_0,contrast_90,dissimilarity_0,dissimilarity_90,homogeneity_0,homogeneity_90,energy_0,energy_90,correlation_0,correlation_90
15.79713676515383,18.573992283480575,1.7907909432429705,2.1185653365823947,0.6208702934483419,0.5738289371411732,0.25806655135488654,0.24890350974332642,0.8500510842059948,0.8238748193477533
