contrast_0,contrast_90,dissimilarity_0,dissimilarity_90,homogeneity_0,homogeneity_90,energy_0,energy_90,correlation_0,correlation_90
23.02523098791754,22.42263173926285,2.051528073916133,2.0476190476190474,0.6219282972094182,0.6151129437705798,0.2382859449996255,0.23640866089453969,0.7778883436514358,0.7836437236639986
