contrast_0,contrast_90,dissimilarity_0,dissimilarity_90,homogeneity_0,homogeneity_90,energy_0,energy_90,correlation_0,correlation_90
18.722687582495656,18.170118793786205,1.996167123565843,1.9673063255152852,0.6105987096606661,0.6121812883247678,0.2318208147963674,0.23222754944797064,0.8469781434434831,0.8514385486868342
