contrast_0,contrast_90,dissimilarity_0,dissimilarity_90,homogeneity_0,homogeneity_90,energy_0,energy_90,correlation_0,correlation_90
14.036780383795326,13.934104985277703,1.5904406538734903,1.567976444309068,0.653046072785527,0.6618463433945435,0.24649468715702694,0.2479392787454191,0.8743873791592496,0.8751184188720708
