contrast_0,contrast_90,dissimilarity_0,dissimilarity_90,homogeneity_0,homogeneity_90,energy_0,energy_90,correlation_0,correlation_90
15.519773581074219,15.88607980505634,1.70390394963956,1.6703726266626064,0.6541850069301374,0.6609140980932502,0.2678630863051427,0.26941042823932165,0.8247483807792577,0.8205208648145118
