contrast_0,contrast_90,dissimilarity_0,dissimilarity_90,homogeneity_0,homogeneity_90,energy_0,energy_90,correlation_0,correlation_90
11.737942938369383,11.677505330490403,1.3366331607269784,1.3316326530612266,0.7043398098431234,0.7053787948254204,0.3053694767371,0.3059784038700711,0.8430345085934114,0.8439597106303159
