contrast_0,contrast_90,dissimilarity_0,dissimilarity_90,homogeneity_0,homogeneity_90,energy_0,energy_90,correlation_0,correlation_90
10.87963244999491,11.136815920397998,1.350340136054422,1.3588689207026108,0.6748826762253014,0.6752863538965492,0.2515911494149905,0.2514289047223802,0.8789700211532508,0.8761381508315385
