contrast_0,contrast_90,dissimilarity_0,dissimilarity_90,homogeneity_0,homogeneity_90,energy_0,energy_90,correlation_0,correlation_90
11.396512336277802,11.656386435171079,1.3053355670626465,1.3409737029140012,0.7085451827487107,0.6990729741844104,0.2981752056633741,0.2939593949383657,0.8394528332056468,0.8356076400756931
