contrast_0,contrast_90,dissimilarity_0,dissimilarity_90,homogeneity_0,homogeneity_90,energy_0,energy_90,correlation_0,correlation_90
19.40313737435271,19.003832876434142,1.807543913087625,1.8189917758148053,0.6463758107351825,0.6426360112743162,0.2666397233966553,0.2660734595094063,0.7930047491555661,0.7971556500075497
