contrast_0,contrast_90,dissimilarity_0,dissimilarity_90,homogeneity_0,homogeneity_90,energy_0,energy_90,correlation_0,correlation_90
9.795055335567065,9.827266727586565,1.062950553355671,1.0394202457102244,0.7832775201680601,0.7938397356048488,0.44104269059852647,0.44635909898253917,0.8143666051924476,0.8138120563667013
