contrast_0,contrast_90,dissimilarity_0,dissimilarity_90,homogeneity_0,homogeneity_90,energy_0,energy_90,correlation_0,correlation_90
15.20639151182862,15.468905472636795,1.7093867397705353,1.7663468372423614,0.6339219918368457,0.6247419542325251,0.24891546619336036,0.2464120323869165,0.8475452455491618,0.8449153232191547
