contrast_0,contrast_90,dissimilarity_0,dissimilarity_90,homogeneity_0,homogeneity_90,energy_0,energy_90,correlation_0,correlation_90
9.751243781094539,9.703269367448478,1.1646360036551935,1.1718448573459237,0.714490621313938,0.7108801459421356,0.24838609350817215,0.24801215281189143,0.9036991355326748,0.9041542719550778
