contrast_0,contrast_90,dissimilarity_0,dissimilarity_90,homogeneity_0,homogeneity_90,energy_0,energy_90,correlation_0,correlation_90
10.12029140014214,10.720656919484217,1.2572088536907307,1.3178749111584949,0.6904919908589277,0.6709134648387408,0.2509978547001486,0.24652307242506505,0.8816509444219804,0.8746795610259193
