contrast_0,contrast_90,dissimilarity_0,dissimilarity_90,homogeneity_0,homogeneity_90,energy_0,energy_90,correlation_0,correlation_90
16.962229667986602,17.09216671743323,1.9050665042136286,1.9234186211798157,0.6104368315892519,0.6047066361139457,0.2325060182261802,0.2317145970395343,0.8568195763835229,0.8555034523214708
