B_mean,G_mean,R_mean,B_std,G_std,R_std,B_median,G_median,R_median,B_mode,G_mode,R_mode
0.5244294490244136,21.48419645414903,199.4774485151351,0.7820379033884421,0.6506642787766921,4.183651169827924,0.0,21.0,201.0,0.0,21.0,203.0
