B_mean,G_mean,R_mean,B_std,G_std,R_std,B_median,G_median,R_median,B_mode,G_mode,R_mode
0.833943406436006,19.62214724512207,185.42279657510264,0.8604701020471046,0.8769374480782499,5.456045260026122,1.0,19.0,186.0,0.0,19.0,186.0
