B_mean,G_mean,R_mean,B_std,G_std,R_std,B_median,G_median,R_median,B_mode,G_mode,R_mode
0.9722443263201451,20.685361428525958,177.61263010472038,0.7849284775951735,1.4769340809187346,10.485325863008619,1.0,21.0,181.0,1.0,21.0,183.0
