B_mean,G_mean,R_mean,B_std,G_std,R_std,B_median,G_median,R_median,B_mode,G_mode,R_mode
1.2394245153897572,21.01346404812681,186.47445650444027,0.7982236293265653,0.9867550522256102,4.8872562312978305,1.0,21.0,188.0,1.0,20.0,191.0
