B_mean,G_mean,R_mean,B_std,G_std,R_std,B_median,G_median,R_median,B_mode,G_mode,R_mode
0.5669860266734571,17.819174332367826,166.63621606136806,0.6276783179967038,0.9233021876176083,5.8751853975628,0.0,18.0,168.0,0.0,18.0,169.0
