B_mean,G_mean,R_mean,B_std,G_std,R_std,B_median,G_median,R_median,B_mode,G_mode,R_mode
1.8842983098322563,16.138491899290194,145.89976764172263,0.9968505337505034,0.6226668124495537,4.676147315342851,2.0,16.0,147.0,2.0,16.0,148.0
