B_mean,G_mean,R_mean,B_std,G_std,R_std,B_median,G_median,R_median,B_mode,G_mode,R_mode
0.4542763472005602,18.425915905401535,170.62523474551995,0.6988788352275775,1.1150380061749492,8.522572811236126,0.0,19.0,173.0,0.0,19.0,178.0
