B_mean,G_mean,R_mean,B_std,G_std,R_std,B_median,G_median,R_median,B_mode,G_mode,R_mode
0.5863704363879428,18.575962058757998,175.18454976605022,0.7837939433679079,1.0017963008795805,8.418326400965306,0.0,19.0,176.0,0.0,19.0,178.0
