B_mean,G_mean,R_mean,B_std,G_std,R_std,B_median,G_median,R_median,B_mode,G_mode,R_mode
0.5420950440844129,18.68946748575612,175.3578954069453,0.724067397684996,0.9190643594918175,7.760163464880427,0.0,19.0,176.0,0.0,19.0,175.0
