B_mean,G_mean,R_mean,B_std,G_std,R_std,B_median,G_median,R_median,B_mode,G_mode,R_mode
0.6973294713053443,18.213260336760353,169.97198968711209,0.6960112707653665,0.8719805069921469,7.221281800290804,1.0,18.0,172.0,1.0,19.0,174.0
