B_mean,G_mean,R_mean,B_std,G_std,R_std,B_median,G_median,R_median,B_mode,G_mode,R_mode
0.8361396696056276,17.772893656300727,167.51077442149156,0.756737983185142,1.1547363222627685,7.086582568304713,1.0,18.0,169.0,1.0,18.0,169.0
