B_mean,G_mean,R_mean,B_std,G_std,R_std,B_median,G_median,R_median,B_mode,G_mode,R_mode
1.3063309673106918,15.41420250183022,153.18391316803005,0.8412257548634562,0.7134030703497292,6.2630544838669975,1.0,15.0,154.0,1.0,15.0,153.0
