B_mean,G_mean,R_mean,B_std,G_std,R_std,B_median,G_median,R_median,B_mode,G_mode,R_mode
0.6008848712480505,21.35162491644651,198.643059490085,0.823300222084473,0.6689053848861575,5.020651485564655,0.0,21.0,201.0,0.0,21.0,203.0
