B_mean,G_mean,R_mean,B_std,G_std,R_std,B_median,G_median,R_median,B_mode,G_mode,R_mode
0.789254225419359,23.695801636056913,190.99379316930325,0.9007546461706925,2.2579386042097265,9.65441133312001,1.0,24.0,193.0,0.0,24.0,193.0
