B_mean,G_mean,R_mean,B_std,G_std,R_std,B_median,G_median,R_median,B_mode,G_mode,R_mode
0.8033230416653404,17.855142120508006,168.53187764586053,0.7421547295228684,1.0630695539079935,6.694448870174292,1.0,18.0,169.0,1.0,18.0,169.0
