B_mean,G_mean,R_mean,B_std,G_std,R_std,B_median,G_median,R_median,B_mode,G_mode,R_mode
0.7078333386383169,17.631919024731832,166.2127192284432,0.7462494759437729,1.1999266752754743,7.995019691738463,1.0,18.0,169.0,0.0,18.0,169.0
