B_mean,G_mean,R_mean,B_std,G_std,R_std,B_median,G_median,R_median,B_mode,G_mode,R_mode
0.4947639812840182,25.95279625680364,205.46248846166088,0.631170549763701,1.5071871451238323,5.371309804642205,0.0,26.0,206.0,0.0,27.0,212.0
