B_mean,G_mean,R_mean,B_std,G_std,R_std,B_median,G_median,R_median,B_mode,G_mode,R_mode
0.4541808574975332,25.745742750740046,204.84100964446,0.6057164801311843,1.5176471591152694,5.549493845809755,0.0,26.0,206.0,0.0,24.0,212.0
