B_mean,G_mean,R_mean,B_std,G_std,R_std,B_median,G_median,R_median,B_mode,G_mode,R_mode
0.7239392685488748,19.943661075214056,181.4975650125728,0.7934575646689408,0.7906354461325458,5.1736403144934275,1.0,20.0,182.0,0.0,20.0,175.0
