B_mean,G_mean,R_mean,B_std,G_std,R_std,B_median,G_median,R_median,B_mode,G_mode,R_mode
0.8493172486233568,20.28459114492154,177.72957316102747,0.7557324399027628,1.1055867597963498,8.417620191664367,1.0,20.0,179.0,1.0,20.0,183.0
