B_mean,G_mean,R_mean,B_std,G_std,R_std,B_median,G_median,R_median,B_mode,G_mode,R_mode
0.7052551166565872,19.963968552057803,181.35875481427252,0.7919303980899425,0.7929456531121488,5.184013552658169,1.0,20.0,182.0,0.0,20.0,175.0
