B_mean,G_mean,R_mean,B_std,G_std,R_std,B_median,G_median,R_median,B_mode,G_mode,R_mode
1.097240347582519,21.434223509564884,185.12846548047236,0.813879057045678,1.327419437558133,6.495291024387992,1.0,21.0,186.0,1.0,20.0,192.0
