B_mean,G_mean,R_mean,B_std,G_std,R_std,B_median,G_median,R_median,B_mode,G_mode,R_mode
0.8198745901900245,17.705955374478787,167.63764840691346,0.7571001308663188,1.137727438868336,7.67786502404712,1.0,18.0,169.0,1.0,18.0,169.0
