B_mean,G_mean,R_mean,B_std,G_std,R_std,B_median,G_median,R_median,B_mode,G_mode,R_mode
0.7216156857752173,19.84409714485788,178.83368876722793,0.6747956803393708,0.7774430802607916,6.373477298858678,1.0,20.0,180.0,1.0,20.0,183.0
