B_mean,G_mean,R_mean,B_std,G_std,R_std,B_median,G_median,R_median,B_mode,G_mode,R_mode
0.7172231594359741,20.00324664990292,174.34567272495784,0.6956202462596075,0.9777520828547484,8.434135674898755,1.0,20.0,176.0,1.0,20.0,176.0
