B_mean,G_mean,R_mean,B_std,G_std,R_std,B_median,G_median,R_median,B_mode,G_mode,R_mode
0.7281726453830729,16.657573924945094,157.62946812235413,0.7335452906201452,0.7111059283588224,5.158802465979861,1.0,17.0,158.0,1.0,17.0,153.0
