B_mean,G_mean,R_mean,B_std,G_std,R_std,B_median,G_median,R_median,B_mode,G_mode,R_mode
0.47098704523028934,18.298850940573576,174.27154088550785,0.6984969833644743,0.8397718269759747,6.2034938566580555,0.0,18.0,175.0,0.0,18.0,179.0
