B_mean,G_mean,R_mean,B_std,G_std,R_std,B_median,G_median,R_median,B_mode,G_mode,R_mode
0.24792309895916223,18.702549575070822,181.08635452143744,0.4768623771135258,0.6038488981695895,3.754365594788579,0.0,19.0,181.0,0.0,19.0,185.0
