B_mean,G_mean,R_mean,B_std,G_std,R_std,B_median,G_median,R_median,B_mode,G_mode,R_mode
0.5358245535856383,19.10844447273769,183.18773275615112,0.6938360764050587,0.6925411498609926,4.645987889534797,0.0,19.0,184.0,0.0,19.0,186.0
