B_mean,G_mean,R_mean,B_std,G_std,R_std,B_median,G_median,R_median,B_mode,G_mode,R_mode
0.5483018747811694,21.463029569978037,199.57128306330966,0.7736787513692007,0.6462687179818558,4.523383110720571,0.0,21.0,201.0,0.0,21.0,203.0
