B_mean,G_mean,R_mean,B_std,G_std,R_std,B_median,G_median,R_median,B_mode,G_mode,R_mode
0.6675048540599039,17.550975586465928,162.77130216125028,0.6135085851943191,0.7083349270853747,4.539571525960423,1.0,18.0,163.0,1.0,18.0,163.0
