B_mean,G_mean,R_mean,B_std,G_std,R_std,B_median,G_median,R_median,B_mode,G_mode,R_mode
0.6561097494986791,17.811153197313555,161.6003119330299,0.6094966586479131,0.820125247404641,6.097068651954545,1.0,18.0,163.0,1.0,18.0,168.0
