B_mean,G_mean,R_mean,B_std,G_std,R_std,B_median,G_median,R_median,B_mode,G_mode,R_mode
0.623515930865455,17.561956902314034,162.77932329630454,0.5818794797897595,0.7079986751863501,4.369981200101859,1.0,18.0,163.0,1.0,18.0,163.0
