B_mean,G_mean,R_mean,B_std,G_std,R_std,B_median,G_median,R_median,B_mode,G_mode,R_mode
1.0038514180220899,19.539484992201675,178.25129706846613,0.9002400080768457,1.431275900173798,10.933665490152977,1.0,20.0,181.0,1.0,20.0,186.0
