B_mean,G_mean,R_mean,B_std,G_std,R_std,B_median,G_median,R_median,B_mode,G_mode,R_mode
0.7065283126969475,21.516567463475187,197.91686029856447,0.8234103188517581,0.6975352820276921,4.717202584794798,0.0,22.0,199.0,0.0,22.0,201.0
