B_mean,G_mean,R_mean,B_std,G_std,R_std,B_median,G_median,R_median,B_mode,G_mode,R_mode
0.6212878377948244,17.541331126460197,162.68567972753604,0.6106829151092269,0.7293237187399618,4.479884188363046,1.0,18.0,163.0,1.0,18.0,163.0
