B_mean,G_mean,R_mean,B_std,G_std,R_std,B_median,G_median,R_median,B_mode,G_mode,R_mode
0.651526243753382,17.513702772384377,162.5392940127956,0.612577963020488,0.693203182180628,4.699127283067861,1.0,18.0,163.0,1.0,18.0,163.0
