B_mean,G_mean,R_mean,B_std,G_std,R_std,B_median,G_median,R_median,B_mode,G_mode,R_mode
0.7385491931120094,16.674889391093995,157.41674889391095,0.7558119404569801,0.6929039415295825,5.101997924526721,1.0,17.0,158.0,0.0,17.0,153.0
