B_mean,G_mean,R_mean,B_std,G_std,R_std,B_median,G_median,R_median,B_mode,G_mode,R_mode
0.9524779577935513,21.873476143489192,188.45252570264506,0.7905502815205548,1.2386236538364617,6.038533429930382,1.0,22.0,191.0,1.0,23.0,191.0
