B_mean,G_mean,R_mean,B_std,G_std,R_std,B_median,G_median,R_median,B_mode,G_mode,R_mode
0.48285959830664926,19.05197822834771,183.17041729000223,0.5824829160756511,0.6133364079439031,3.4778006826369805,0.0,19.0,184.0,0.0,19.0,186.0
