B_mean,G_mean,R_mean,B_std,G_std,R_std,B_median,G_median,R_median,B_mode,G_mode,R_mode
0.46879078206066777,18.593914122927078,167.66406722475094,0.6010571643800932,0.9139365387304385,5.840902085723322,0.0,19.0,169.0,0.0,18.0,171.0
