B_mean,G_mean,R_mean,B_std,G_std,R_std,B_median,G_median,R_median,B_mode,G_mode,R_mode
0.5145621797116211,25.9021230543973,205.19756819556292,0.6201867834640086,1.5093084867692743,5.321820081317466,0.0,26.0,206.0,0.0,27.0,211.0
