B_mean,G_mean,R_mean,B_std,G_std,R_std,B_median,G_median,R_median,B_mode,G_mode,R_mode
0.8317789731673935,19.43762930897285,184.5692459496451,0.8124702864870955,0.7489920786700622,5.060883475564193,1.0,19.0,185.0,0.0,19.0,186.0
