B_mean,G_mean,R_mean,B_std,G_std,R_std,B_median,G_median,R_median,B_mode,G_mode,R_mode
0.9654645574052265,20.676162587134353,177.130693573543,0.7693586219884266,1.5130499109917208,10.721055412741359,1.0,21.0,181.0,1.0,21.0,183.0
