B_mean,G_mean,R_mean,B_std,G_std,R_std,B_median,G_median,R_median,B_mode,G_mode,R_mode
0.39672788617627397,18.30792246236114,175.5116656587198,0.7115758546552028,1.0923892045777555,9.306531830534958,0.0,18.0,179.0,0.0,19.0,179.0
