B_mean,G_mean,R_mean,B_std,G_std,R_std,B_median,G_median,R_median,B_mode,G_mode,R_mode
0.9685520578031003,20.68466117070376,177.29515867205652,0.7539668760634222,1.5220238089419174,10.916290268560301,1.0,21.0,181.0,1.0,21.0,183.0
