B_mean,G_mean,R_mean,B_std,G_std,R_std,B_median,G_median,R_median,B_mode,G_mode,R_mode
0.979883502562307,20.57748989400643,187.2558169144094,0.8496109441864499,1.1685332051107662,7.845093138971949,1.0,21.0,189.0,1.0,21.0,193.0
