B_mean,G_mean,R_mean,B_std,G_std,R_std,B_median,G_median,R_median,B_mode,G_mode,R_mode
0.7798325747206927,23.739344940637235,191.1706719292103,0.8707557752006566,2.2585920584049113,9.41946966365134,1.0,24.0,193.0,0.0,24.0,193.0
