B_mean,G_mean,R_mean,B_std,G_std,R_std,B_median,G_median,R_median,B_mode,G_mode,R_mode
0.5231880828850622,25.788458477894135,204.6947194194226,0.6338370034016243,1.4846435629185017,5.54209030017825,0.0,26.0,205.0,0.0,24.0,211.0
