B_mean,G_mean,R_mean,B_std,G_std,R_std,B_median,G_median,R_median,B_mode,G_mode,R_mode
0.5648215934048445,19.673902664162714,177.94184677085653,0.6246527129106182,0.7589994149305243,6.4713447278191785,0.0,20.0,179.0,0.0,20.0,183.0
