B_mean,G_mean,R_mean,B_std,G_std,R_std,B_median,G_median,R_median,B_mode,G_mode,R_mode
1.0742909889550243,20.75366839609129,188.12521883056942,0.8452786239573727,1.228878591846465,6.286172100258521,1.0,21.0,188.0,1.0,20.0,185.0
