B_mean,G_mean,R_mean,B_std,G_std,R_std,B_median,G_median,R_median,B_mode,G_mode,R_mode
0.7835566731387466,16.688035140210715,157.4081866505395,0.7962100147674451,0.6975764826231602,5.267667999416022,1.0,17.0,158.0,1.0,17.0,153.0
