B_mean,G_mean,R_mean,B_std,G_std,R_std,B_median,G_median,R_median,B_mode,G_mode,R_mode
1.0942483368876723,20.687398542190532,188.08498583569406,0.8561914195782221,1.2367832088601973,6.295041641521055,1.0,21.0,188.0,1.0,20.0,192.0
