B_mean,G_mean,R_mean,B_std,G_std,R_std,B_median,G_median,R_median,B_mode,G_mode,R_mode
0.9495177769997135,17.65518668236942,167.23229461756375,0.8054660949235235,1.2102297885698021,8.005486392768683,1.0,18.0,169.0,1.0,18.0,169.0
