B_mean,G_mean,R_mean,B_std,G_std,R_std,B_median,G_median,R_median,B_mode,G_mode,R_mode
0.7089155552726231,19.910271509055608,181.38829296240888,0.7860071602417924,0.7736191643238183,5.066423491970094,1.0,20.0,182.0,0.0,20.0,175.0
