B_mean,G_mean,R_mean,B_std,G_std,R_std,B_median,G_median,R_median,B_mode,G_mode,R_mode
1.8896457332017698,16.17869306426457,145.69955756437597,0.9885775212726883,0.6277173456201818,4.764972528639927,2.0,16.0,147.0,2.0,16.0,148.0
