B_mean,G_mean,R_mean,B_std,G_std,R_std,B_median,G_median,R_median,B_mode,G_mode,R_mode
0.955597288092434,20.710825349333163,177.3537256899131,0.7528711323783828,1.493000478792857,10.420503820494039,1.0,21.0,181.0,1.0,21.0,183.0
