B_mean,G_mean,R_mean,B_std,G_std,R_std,B_median,G_median,R_median,B_mode,G_mode,R_mode
0.68816245981475,20.011968042779387,174.24228920648056,0.6856677756289415,1.0036142353929693,8.307121421723771,1.0,20.0,176.0,1.0,20.0,175.0
