B_mean,G_mean,R_mean,B_std,G_std,R_std,B_median,G_median,R_median,B_mode,G_mode,R_mode
0.7177324378521183,21.436419772734506,198.34968329248497,0.8633906674881576,0.7485502603262124,5.037415329368719,0.0,21.0,199.0,0.0,21.0,203.0
