B_mean,G_mean,R_mean,B_std,G_std,R_std,B_median,G_median,R_median,B_mode,G_mode,R_mode
1.8760861953719323,16.171849635547634,145.98968711207309,0.9952555447696182,0.6267116571433274,4.617494834924823,2.0,16.0,147.0,2.0,16.0,148.0
