B_mean,G_mean,R_mean,B_std,G_std,R_std,B_median,G_median,R_median,B_mode,G_mode,R_mode
0.8469618359486902,19.470859725626255,184.20864500111404,0.8358795930139119,0.737849805230043,5.431101113763454,1.0,19.0,185.0,0.0,19.0,191.0
