B_mean,G_mean,R_mean,B_std,G_std,R_std,B_median,G_median,R_median,B_mode,G_mode,R_mode
0.5023394977241621,25.797434509978675,204.81284018206702,0.6279014153399868,1.5114670047387953,5.425624804192549,0.0,26.0,205.0,0.0,24.0,211.0
