B_mean,G_mean,R_mean,B_std,G_std,R_std,B_median,G_median,R_median,B_mode,G_mode,R_mode
1.0111086354521437,19.51195212782888,177.8844256294363,0.9019107106113992,1.4280530219182113,11.653345576383979,1.0,20.0,181.0,1.0,20.0,188.0
