B_mean,G_mean,R_mean,B_std,G_std,R_std,B_median,G_median,R_median,B_mode,G_mode,R_mode
0.5698188878632587,20.702008466753668,165.36273355189866,0.6975233176253066,1.367599110028063,6.397888188779112,0.0,21.0,167.0,0.0,21.0,170.0
