B_mean,G_mean,R_mean,B_std,G_std,R_std,B_median,G_median,R_median,B_mode,G_mode,R_mode
0.6271763694814909,17.9583028296782,162.0254639208072,0.5988412122983895,0.7928686619745288,5.625372773951769,1.0,18.0,164.0,1.0,18.0,168.0
