B_mean,G_mean,R_mean,B_std,G_std,R_std,B_median,G_median,R_median,B_mode,G_mode,R_mode
0.4231148741127415,18.36731705764395,175.4706369163192,0.6813976161588444,1.050197350625423,9.591943734133402,0.0,19.0,179.0,0.0,19.0,180.0
