B_mean,G_mean,R_mean,B_std,G_std,R_std,B_median,G_median,R_median,B_mode,G_mode,R_mode
0.7173504790400101,19.941432982143425,181.46729477671323,0.8007920435761421,0.7890225304615889,5.150221839335492,1.0,20.0,182.0,0.0,20.0,175.0
