B_mean,G_mean,R_mean,B_std,G_std,R_std,B_median,G_median,R_median,B_mode,G_mode,R_mode
0.7848616990801158,17.79396505076869,168.95356017442785,0.6990225683476983,1.1018789623621377,6.934915250980098,1.0,18.0,170.0,1.0,18.0,169.0
