B_mean,G_mean,R_mean,B_std,G_std,R_std,B_median,G_median,R_median,B_mode,G_mode,R_mode
0.9440112041251552,17.6388579431518,167.19432154566,0.7888264231913658,1.193102607448727,7.226902625683237,1.0,18.0,169.0,1.0,18.0,169.0
