B_mean,G_mean,R_mean,B_std,G_std,R_std,B_median,G_median,R_median,B_mode,G_mode,R_mode
0.5719196613298533,18.63105961740459,174.78432059076297,0.7542374041314662,0.9799461722076964,8.460991686914978,0.0,19.0,176.0,0.0,19.0,175.0
