B_mean,G_mean,R_mean,B_std,G_std,R_std,B_median,G_median,R_median,B_mode,G_mode,R_mode
0.3948499220167425,18.7745488111532,168.55985612884743,0.5856945930005901,0.926269169519054,6.640059483633884,0.0,19.0,170.0,0.0,19.0,175.0
