B_mean,G_mean,R_mean,B_std,G_std,R_std,B_median,G_median,R_median,B_mode,G_mode,R_mode
0.5240474902123055,18.285768851258872,171.67759493267977,0.7017766868767562,1.2600293757185694,10.049032070421783,0.0,19.0,175.0,0.0,19.0,178.0
