B_mean,G_mean,R_mean,B_std,G_std,R_std,B_median,G_median,R_median,B_mode,G_mode,R_mode
0.47496578285641533,18.60063023203998,167.50549065792404,0.587205506168782,0.8917417342738364,5.892140467732577,0.0,19.0,169.0,0.0,18.0,171.0
