B_mean,G_mean,R_mean,B_std,G_std,R_std,B_median,G_median,R_median,B_mode,G_mode,R_mode
0.5194639844670083,18.863226915364294,183.32520609860904,0.608182779076145,0.6084689542407042,4.110798234417883,0.0,19.0,184.0,0.0,19.0,186.0
