B_mean,G_mean,R_mean,B_std,G_std,R_std,B_median,G_median,R_median,B_mode,G_mode,R_mode
0.5058726167361619,18.30760416335105,171.44657351115637,0.70973904843762,1.0860499527135636,8.649368719592701,0.0,19.0,174.0,0.0,19.0,178.0
