B_mean,G_mean,R_mean,B_std,G_std,R_std,B_median,G_median,R_median,B_mode,G_mode,R_mode
0.6851386192188942,20.021071394467963,174.53757519814113,0.6654892651065306,0.953430051059462,8.229093186847894,1.0,20.0,176.0,1.0,20.0,176.0
