B_mean,G_mean,R_mean,B_std,G_std,R_std,B_median,G_median,R_median,B_mode,G_mode,R_mode
0.28659642868510676,19.020944074863927,172.98526275583282,0.5233133065239746,0.7095832334012169,3.8411785869172035,0.0,19.0,174.0,0.0,19.0,175.0
