B_mean,G_mean,R_mean,B_std,G_std,R_std,B_median,G_median,R_median,B_mode,G_mode,R_mode
0.9420377502625967,20.558710252411114,188.25454371836904,0.8626271665354633,1.1463724595431883,6.829682083056387,1.0,21.0,190.0,1.0,21.0,193.0
