B_mean,G_mean,R_mean,B_std,G_std,R_std,B_median,G_median,R_median,B_mode,G_mode,R_mode
0.6492663207817424,18.189738039914698,171.00388324792308,0.6716992121276408,0.9764213413565489,6.622947251643851,1.0,18.0,173.0,0.0,19.0,174.0
