B_mean,G_mean,R_mean,B_std,G_std,R_std,B_median,G_median,R_median,B_mode,G_mode,R_mode
1.0137186873348825,20.582837317375944,187.96069007225387,0.8771838266170852,1.1576280416256857,7.092912721939789,1.0,21.0,190.0,1.0,21.0,193.0
