B_mean,G_mean,R_mean,B_std,G_std,R_std,B_median,G_median,R_median,B_mode,G_mode,R_mode
0.9905783493013337,19.631823535028808,178.62666709106534,0.9182113843788313,1.5325421603712737,11.540790494935692,1.0,20.0,181.0,1.0,20.0,176.0
