B_mean,G_mean,R_mean,B_std,G_std,R_std,B_median,G_median,R_median,B_mode,G_mode,R_mode
0.5245249387274405,18.30254320909062,174.2303848235032,0.7296460053053206,0.8332695442403953,6.414767215897802,0.0,18.0,175.0,0.0,18.0,179.0
