B_mean,G_mean,R_mean,B_std,G_std,R_std,B_median,G_median,R_median,B_mode,G_mode,R_mode
0.9738676512716046,20.844160804659897,186.99796288633542,0.8428073378521302,1.3144634694394988,7.722804353340977,1.0,21.0,189.0,1.0,22.0,191.0
