B_mean,G_mean,R_mean,B_std,G_std,R_std,B_median,G_median,R_median,B_mode,G_mode,R_mode
0.5687048413279435,20.730464398255723,165.4974376929688,0.6950741277268154,1.3292077022613409,6.484639456733598,0.0,21.0,167.0,0.0,21.0,170.0
