B_mean,G_mean,R_mean,B_std,G_std,R_std,B_median,G_median,R_median,B_mode,G_mode,R_mode
1.0174427857529362,19.554763344686,178.38603303943725,0.9086146812345198,1.3766444395548685,10.537427370209139,1.0,20.0,181.0,1.0,20.0,187.0
