B_mean,G_mean,R_mean,B_std,G_std,R_std,B_median,G_median,R_median,B_mode,G_mode,R_mode
0.6552821720724449,17.917465066683643,162.08511315529807,0.6049911747106207,0.7719083275834808,5.747499781441748,1.0,18.0,164.0,1.0,18.0,168.0
