B_mean,G_mean,R_mean,B_std,G_std,R_std,B_median,G_median,R_median,B_mode,G_mode,R_mode
1.1693350733679218,21.304039214438042,188.5215647579336,0.7995402575419099,1.000760746787113,4.172266315740563,1.0,21.0,190.0,1.0,22.0,191.0
