B_mean,G_mean,R_mean,B_std,G_std,R_std,B_median,G_median,R_median,B_mode,G_mode,R_mode
1.8745583601235,16.195944870611452,146.0109176560461,0.951568379834765,0.61036176786069,4.534090010065735,2.0,16.0,147.0,2.0,16.0,148.0
