B_mean,G_mean,R_mean,B_std,G_std,R_std,B_median,G_median,R_median,B_mode,G_mode,R_mode
0.45481745551771335,18.247923098959163,176.16198236623484,0.6911282856111015,1.0416572749595527,9.21553979217362,0.0,18.0,179.0,0.0,19.0,179.0
