B_mean,G_mean,R_mean,B_std,G_std,R_std,B_median,G_median,R_median,B_mode,G_mode,R_mode
0.7381672342999013,17.665499570296337,166.06690645192094,0.7620553838897296,1.194425861251596,8.137359578765226,1.0,18.0,169.0,0.0,18.0,169.0
