B_mean,G_mean,R_mean,B_std,G_std,R_std,B_median,G_median,R_median,B_mode,G_mode,R_mode
0.8606168634815545,17.852181939714168,168.46758124582232,0.7423886176388681,1.046650789530039,6.47217711692827,1.0,18.0,169.0,1.0,18.0,169.0
