B_mean,G_mean,R_mean,B_std,G_std,R_std,B_median,G_median,R_median,B_mode,G_mode,R_mode
1.1439029824617246,21.51418022089951,185.3480281376325,0.8205878114259557,1.338043144795227,6.4379238417861355,1.0,21.0,186.0,1.0,21.0,192.0
