B_mean,G_mean,R_mean,B_std,G_std,R_std,B_median,G_median,R_median,B_mode,G_mode,R_mode
0.5758665690549702,21.464079956711334,199.00824394436134,0.7938725991060879,0.6683606461877041,4.217276787754517,0.0,21.0,201.0,0.0,21.0,203.0
