B_mean,G_mean,R_mean,B_std,G_std,R_std,B_median,G_median,R_median,B_mode,G_mode,R_mode
0.2654613744151256,19.078874494700322,173.42075946143808,0.5148066152208808,0.671089598424052,3.6349312764471318,0.0,19.0,175.0,0.0,19.0,176.0
