B_mean,G_mean,R_mean,B_std,G_std,R_std,B_median,G_median,R_median,B_mode,G_mode,R_mode
0.2824585415539358,18.704172900022282,180.9685520578031,0.5093805219228669,0.5830717955515705,4.209155389835674,0.0,19.0,181.0,0.0,19.0,185.0
