B_mean,G_mean,R_mean,B_std,G_std,R_std,B_median,G_median,R_median,B_mode,G_mode,R_mode
0.6532132285068594,17.525702645064772,162.53260973358374,0.6302967085532278,0.7166197725871728,4.717526477369112,1.0,18.0,163.0,1.0,18.0,163.0
