B_mean,G_mean,R_mean,B_std,G_std,R_std,B_median,G_median,R_median,B_mode,G_mode,R_mode
0.45042492917847027,18.742241461629053,168.46589426106885,0.6215056844988495,0.9049680270628979,6.479457916753637,0.0,19.0,170.0,0.0,19.0,175.0
