B_mean,G_mean,R_mean,B_std,G_std,R_std,B_median,G_median,R_median,B_mode,G_mode,R_mode
0.47795779355126206,25.771047522042206,205.12423210363815,0.6181148841919752,1.4785640994196845,5.493091599936782,0.0,26.0,206.0,0.0,25.0,211.0
