B_mean,G_mean,R_mean,B_std,G_std,R_std,B_median,G_median,R_median,B_mode,G_mode,R_mode
0.2598593118375402,19.088073336091924,173.24158894865838,0.5224922090791947,0.6786538741855717,3.643421554336334,0.0,19.0,175.0,0.0,19.0,175.0
