B_mean,G_mean,R_mean,B_std,G_std,R_std,B_median,G_median,R_median,B_mode,G_mode,R_mode
0.4603558582932807,18.613489512047618,167.9332845274851,0.5860202194926365,0.8792953276697472,5.700620737071534,0.0,19.0,169.0,0.0,18.0,171.0
