B_mean,G_mean,R_mean,B_std,G_std,R_std,B_median,G_median,R_median,B_mode,G_mode,R_mode
0.8114078365216284,19.91813349460483,184.1699398414871,0.8739574426958392,1.0922184560429145,6.250163458993892,1.0,20.0,185.0,0.0,19.0,178.0
