B_mean,G_mean,R_mean,B_std,G_std,R_std,B_median,G_median,R_median,B_mode,G_mode,R_mode
0.5895852563898526,18.187223477734985,171.00022280930708,0.6779690076218333,0.9285108512094449,6.88297769292656,0.0,18.0,173.0,0.0,19.0,174.0
