B_mean,G_mean,R_mean,B_std,G_std,R_std,B_median,G_median,R_median,B_mode,G_mode,R_mode
0.7849253588821339,17.809020593945952,169.0200528376357,0.678335787124014,1.0897776568384954,6.755646721648109,1.0,18.0,170.0,1.0,18.0,169.0
