B_mean,G_mean,R_mean,B_std,G_std,R_std,B_median,G_median,R_median,B_mode,G_mode,R_mode
1.0917337747079607,20.821020466626347,188.6576375847471,0.858042570700941,1.2255580582880532,5.953371008455798,1.0,21.0,189.0,1.0,20.0,191.0
