B_mean,G_mean,R_mean,B_std,G_std,R_std,B_median,G_median,R_median,B_mode,G_mode,R_mode
0.49571887831428846,25.828436833561447,205.0109494859471,0.612441933480075,1.5173564487178026,5.365920842353428,0.0,26.0,206.0,0.0,27.0,211.0
