B_mean,G_mean,R_mean,B_std,G_std,R_std,B_median,G_median,R_median,B_mode,G_mode,R_mode
0.902568673011427,20.332813444950187,177.98144316771175,0.8091492573247736,1.160723283225408,8.505458524902135,1.0,20.0,179.0,1.0,20.0,175.0
