B_mean,G_mean,R_mean,B_std,G_std,R_std,B_median,G_median,R_median,B_mode,G_mode,R_mode
0.6825922271381736,20.03211637011809,174.31753509246587,0.6642784849431552,0.967589672372388,8.148630979792994,1.0,20.0,176.0,1.0,20.0,176.0
