B_mean,G_mean,R_mean,B_std,G_std,R_std,B_median,G_median,R_median,B_mode,G_mode,R_mode
0.9951936849476398,19.60502275837922,178.60995639303562,0.9035529959565229,1.5637066505409531,11.694359080440218,1.0,20.0,181.0,1.0,20.0,176.0
