B_mean,G_mean,R_mean,B_std,G_std,R_std,B_median,G_median,R_median,B_mode,G_mode,R_mode
1.0575802909252952,20.775026259668333,188.26059139956075,0.8486278648776107,1.2668005873628454,6.375543382255011,1.0,21.0,188.0,1.0,20.0,191.0
