B_mean,G_mean,R_mean,B_std,G_std,R_std,B_median,G_median,R_median,B_mode,G_mode,R_mode
0.5085144985199096,18.27621988095617,171.44033485055863,0.7473740714411533,1.2310049478362588,9.784214366335437,0.0,19.0,175.0,0.0,19.0,178.0
