B_mean,G_mean,R_mean,B_std,G_std,R_std,B_median,G_median,R_median,B_mode,G_mode,R_mode
0.22121781201260465,18.696342744374064,181.0682114778623,0.46313471875286827,0.5986549567456002,3.594945339852688,0.0,19.0,181.0,0.0,19.0,185.0
