B_mean,G_mean,R_mean,B_std,G_std,R_std,B_median,G_median,R_median,B_mode,G_mode,R_mode
0.7455517713339912,19.963204634433588,181.56739981538658,0.8054662068743004,0.8171486242548739,5.20396783451384,1.0,20.0,182.0,0.0,20.0,175.0
