B_mean,G_mean,R_mean,B_std,G_std,R_std,B_median,G_median,R_median,B_mode,G_mode,R_mode
0.4193907756946876,25.849762867237484,203.3550625457555,0.5994784662373317,1.7182390186177867,5.878778948976566,0.0,26.0,204.0,0.0,24.0,210.0
