B_mean,G_mean,R_mean,B_std,G_std,R_std,B_median,G_median,R_median,B_mode,G_mode,R_mode
0.473788076519082,18.29862813126651,174.23770570073526,0.7158013311956414,0.8306093282276772,6.467182275320245,0.0,18.0,175.0,0.0,18.0,179.0
