B_mean,G_mean,R_mean,B_std,G_std,R_std,B_median,G_median,R_median,B_mode,G_mode,R_mode
0.8698157048731578,20.264729286691917,178.14600375592832,0.7845583309523703,1.0907866832325757,8.080003424130206,1.0,20.0,179.0,1.0,20.0,175.0
