B_mean,G_mean,R_mean,B_std,G_std,R_std,B_median,G_median,R_median,B_mode,G_mode,R_mode
0.5533946589426106,19.689976764172265,177.99493904573956,0.6224177739022316,0.7493391894702413,6.519031987407946,0.0,20.0,179.0,0.0,20.0,183.0
