B_mean,G_mean,R_mean,B_std,G_std,R_std,B_median,G_median,R_median,B_mode,G_mode,R_mode
0.6670274055447688,17.846197918324474,168.13082089314702,0.6382513893849469,0.9463052597774411,5.8588577034730625,1.0,18.0,169.0,1.0,18.0,169.0
