B_mean,G_mean,R_mean,B_std,G_std,R_std,B_median,G_median,R_median,B_mode,G_mode,R_mode
0.4704141070121272,18.41996371391285,174.76372664481013,0.7371846697715476,1.0991552703482848,9.467431647314694,0.0,19.0,178.0,0.0,19.0,179.0
