B_mean,G_mean,R_mean,B_std,G_std,R_std,B_median,G_median,R_median,B_mode,G_mode,R_mode
0.8306330967310692,17.426457013718686,161.07158544736924,0.7916316259056411,1.223683102435348,9.965042674941063,1.0,18.0,165.0,1.0,18.0,168.0
