B_mean,G_mean,R_mean,B_std,G_std,R_std,B_median,G_median,R_median,B_mode,G_mode,R_mode
0.37791641467995035,19.23258108667282,174.55326733933856,0.6417385114296774,0.7098368904126019,4.322405617299405,0.0,19.0,175.0,0.0,19.0,175.0
