B_mean,G_mean,R_mean,B_std,G_std,R_std,B_median,G_median,R_median,B_mode,G_mode,R_mode
0.3100550657287456,19.086481841041476,175.18254448228666,0.5589957437730753,0.6645472303179217,4.531733550172977,0.0,19.0,175.0,0.0,19.0,178.0
