B_mean,G_mean,R_mean,B_std,G_std,R_std,B_median,G_median,R_median,B_mode,G_mode,R_mode
0.6618709615813095,16.797752808988765,160.62065123977465,0.6600541495156201,0.7074425490156142,4.592473309521155,1.0,17.0,161.0,1.0,17.0,163.0
