B_mean,G_mean,R_mean,B_std,G_std,R_std,B_median,G_median,R_median,B_mode,G_mode,R_mode
0.858293280707897,16.807301779291468,159.17780182703632,0.7629937502207816,0.9257754884548901,6.421091619777572,1.0,17.0,161.0,1.0,17.0,163.0
