B_mean,G_mean,R_mean,B_std,G_std,R_std,B_median,G_median,R_median,B_mode,G_mode,R_mode
0.38033548715663495,19.019129770506414,174.19941432982142,0.6057185274981591,0.6945599438914131,5.655767210397898,0.0,19.0,175.0,0.0,19.0,178.0
