B_mean,G_mean,R_mean,B_std,G_std,R_std,B_median,G_median,R_median,B_mode,G_mode,R_mode
0.7319922335041538,17.006175000795746,157.73947226024126,0.741331678426764,1.087653264928032,7.169295374662133,1.0,17.0,159.0,1.0,17.0,159.0
