B_mean,G_mean,R_mean,B_std,G_std,R_std,B_median,G_median,R_median,B_mode,G_mode,R_mode
1.8127446923640067,15.277779546105611,146.4707642359232,0.8577040624592784,0.7355002312585084,5.777976076651516,2.0,15.0,148.0,2.0,15.0,152.0
