B_mean,G_mean,R_mean,B_std,G_std,R_std,B_median,G_median,R_median,B_mode,G_mode,R_mode
0.30464398255721425,18.927968934016615,174.21071394467964,0.5410701925246235,0.7219853530828694,5.74171127233028,0.0,19.0,175.0,0.0,19.0,175.0
