B_mean,G_mean,R_mean,B_std,G_std,R_std,B_median,G_median,R_median,B_mode,G_mode,R_mode
0.35646306139987904,19.236496164496927,174.45001114046536,0.6301505416158615,0.7346778286419211,4.287589881935329,0.0,19.0,175.0,0.0,19.0,175.0
