B_mean,G_mean,R_mean,B_std,G_std,R_std,B_median,G_median,R_median,B_mode,G_mode,R_mode
0.7868351529426744,17.451602635515805,161.42702995193685,0.7906184344480013,1.194118376758106,9.94657386978219,1.0,18.0,165.0,1.0,18.0,168.0
