B_mean,G_mean,R_mean,B_std,G_std,R_std,B_median,G_median,R_median,B_mode,G_mode,R_mode
0.6029856447146449,16.014196135850018,156.48874812999333,0.6301017887212045,0.6011106275988342,2.8009822233152892,1.0,16.0,157.0,0.0,16.0,153.0
