B_mean,G_mean,R_mean,B_std,G_std,R_std,B_median,G_median,R_median,B_mode,G_mode,R_mode
0.9724671356272082,16.787885539675973,158.62482095680681,0.7669065526941589,0.7947751866333194,6.520507805889076,1.0,17.0,160.0,1.0,17.0,163.0
