B_mean,G_mean,R_mean,B_std,G_std,R_std,B_median,G_median,R_median,B_mode,G_mode,R_mode
0.2890473310628004,18.897253079542924,174.2894292898749,0.518629304581804,0.7192542075823555,5.695121023446968,0.0,19.0,175.0,0.0,19.0,178.0
