B_mean,G_mean,R_mean,B_std,G_std,R_std,B_median,G_median,R_median,B_mode,G_mode,R_mode
0.5849380908425375,18.195785721106407,166.39602762835406,0.8993743529002726,1.421204352470326,8.278035187935746,0.0,18.0,170.0,0.0,18.0,171.0
