B_mean,G_mean,R_mean,B_std,G_std,R_std,B_median,G_median,R_median,B_mode,G_mode,R_mode
0.5267212018970621,18.403666804596238,169.5791132189579,0.6279455051128039,0.7532861879666741,3.8917325598947707,0.0,18.0,170.0,0.0,18.0,169.0
