B_mean,G_mean,R_mean,B_std,G_std,R_std,B_median,G_median,R_median,B_mode,G_mode,R_mode
0.43215456599929974,18.179297832383742,167.42362415252887,0.7654203200899025,1.357938576269938,8.799218563662626,0.0,18.0,170.0,0.0,19.0,176.0
