B_mean,G_mean,R_mean,B_std,G_std,R_std,B_median,G_median,R_median,B_mode,G_mode,R_mode
0.5248114078365216,18.420791291339086,169.6204602603686,0.6183703515164379,0.7463760832977643,3.7964941683047315,0.0,18.0,170.0,0.0,18.0,169.0
