B_mean,G_mean,R_mean,B_std,G_std,R_std,B_median,G_median,R_median,B_mode,G_mode,R_mode
0.7806601521469269,17.397650953305536,161.5292994238788,0.7733614217207556,1.232919289550835,9.798331398161348,1.0,18.0,165.0,1.0,18.0,168.0
