B_mean,G_mean,R_mean,B_std,G_std,R_std,B_median,G_median,R_median,B_mode,G_mode,R_mode
0.8526593882293027,16.765540949167647,159.31645287583154,0.7559912702816669,0.9525770641469442,6.511507280660626,1.0,17.0,161.0,1.0,17.0,163.0
