B_mean,G_mean,R_mean,B_std,G_std,R_std,B_median,G_median,R_median,B_mode,G_mode,R_mode
0.8386860616863482,16.788713117102205,160.77193875927045,0.7870478148219248,0.7763591725395133,5.92215367613906,1.0,17.0,162.0,1.0,17.0,164.0
