B_mean,G_mean,R_mean,B_std,G_std,R_std,B_median,G_median,R_median,B_mode,G_mode,R_mode
0.8519909603081134,16.84788490307795,157.48200019097942,0.7658385734410212,0.9936140949538241,6.3824458235242,1.0,17.0,159.0,1.0,17.0,160.0
