B_mean,G_mean,R_mean,B_std,G_std,R_std,B_median,G_median,R_median,B_mode,G_mode,R_mode
0.4045262119234809,18.680395963968554,171.0331985867524,0.5939780447480741,1.127275107678762,9.02032826792792,0.0,19.0,175.0,0.0,19.0,175.0
