B_mean,G_mean,R_mean,B_std,G_std,R_std,B_median,G_median,R_median,B_mode,G_mode,R_mode
0.514339370404558,18.394722602412706,169.68965846516218,0.6299186418427355,0.7429330283257612,3.7946231797433567,0.0,18.0,170.0,0.0,18.0,169.0
