B_mean,G_mean,R_mean,B_std,G_std,R_std,B_median,G_median,R_median,B_mode,G_mode,R_mode
0.8899958621128689,16.870547792596366,161.47827609256134,0.668506160776297,0.6995605470703455,4.488219248964483,1.0,17.0,162.0,1.0,17.0,163.0
