B_mean,G_mean,R_mean,B_std,G_std,R_std,B_median,G_median,R_median,B_mode,G_mode,R_mode
0.8452430212942038,16.723843778845847,158.74450138460068,0.7949974809401504,1.010545186150238,8.28305839026905,1.0,17.0,160.0,1.0,17.0,163.0
