B_mean,G_mean,R_mean,B_std,G_std,R_std,B_median,G_median,R_median,B_mode,G_mode,R_mode
0.4015342012286342,18.25368431104179,168.773848553331,0.5538153325534839,0.5873566022732039,3.0720602078505554,0.0,18.0,169.0,0.0,18.0,171.0
