B_mean,G_mean,R_mean,B_std,G_std,R_std,B_median,G_median,R_median,B_mode,G_mode,R_mode
0.41878600757551643,18.723843778845847,171.65034853741605,0.6068384304281841,1.132883332165329,9.27523858925245,0.0,19.0,175.0,0.0,19.0,178.0
