B_mean,G_mean,R_mean,B_std,G_std,R_std,B_median,G_median,R_median,B_mode,G_mode,R_mode
0.3715504344781488,18.848648820702167,170.39453162300666,0.5696322448700916,1.112344287899079,8.800393791201332,0.0,19.0,174.0,0.0,19.0,176.0
