B_mean,G_mean,R_mean,B_std,G_std,R_std,B_median,G_median,R_median,B_mode,G_mode,R_mode
0.4279848489671197,19.70767418913327,167.0416653404208,0.551155571266266,1.1313821002955236,4.446103907509608,0.0,20.0,168.0,0.0,19.0,172.0
