B_mean,G_mean,R_mean,B_std,G_std,R_std,B_median,G_median,R_median,B_mode,G_mode,R_mode
0.781169430563071,17.511060890600632,160.97424961008372,0.7402825150134694,0.9622093868497231,8.163040062927752,1.0,18.0,163.0,1.0,18.0,168.0
