B_mean,G_mean,R_mean,B_std,G_std,R_std,B_median,G_median,R_median,B_mode,G_mode,R_mode
0.3498424419900054,19.89664831142375,165.91176751440304,0.5682892664406597,1.127833514899726,7.882192612973657,0.0,20.0,170.0,0.0,21.0,172.0
