B_mean,G_mean,R_mean,B_std,G_std,R_std,B_median,G_median,R_median,B_mode,G_mode,R_mode
0.915045994206958,23.156252984053218,178.4837826654359,0.7492942473186056,1.3981411376755908,7.593811031444268,1.0,23.0,179.0,1.0,23.0,179.0
