B_mean,G_mean,R_mean,B_std,G_std,R_std,B_median,G_median,R_median,B_mode,G_mode,R_mode
0.15291084444727376,20.364006747939015,171.56733615558457,0.3928884755135292,0.7419721196829804,3.079716081837859,0.0,20.0,172.0,0.0,21.0,172.0
