B_mean,G_mean,R_mean,B_std,G_std,R_std,B_median,G_median,R_median,B_mode,G_mode,R_mode
0.7068784416080466,17.547792596365024,161.39449979310564,0.7136854652002598,0.9566037317164976,7.216019498764701,1.0,18.0,164.0,1.0,18.0,168.0
