B_mean,G_mean,R_mean,B_std,G_std,R_std,B_median,G_median,R_median,B_mode,G_mode,R_mode
0.7560874685679727,20.487825062864054,173.1541203806856,0.7589525577822596,1.052837500809754,7.039205365822415,1.0,20.0,173.0,0.0,20.0,172.0
