B_mean,G_mean,R_mean,B_std,G_std,R_std,B_median,G_median,R_median,B_mode,G_mode,R_mode
0.9406690645192094,21.747684374701596,172.28981124868702,0.7553688478254064,1.4355797316675407,10.252665327287628,1.0,22.0,175.0,1.0,22.0,177.0
