B_mean,G_mean,R_mean,B_std,G_std,R_std,B_median,G_median,R_median,B_mode,G_mode,R_mode
1.0331667568513863,23.23156252984053,178.76967883629882,0.7663305742297272,1.471034121429045,8.148223008668186,1.0,23.0,181.0,1.0,23.0,184.0
