B_mean,G_mean,R_mean,B_std,G_std,R_std,B_median,G_median,R_median,B_mode,G_mode,R_mode
0.4884934907852437,21.410860362224273,162.53346914091097,0.6105788600482995,0.9327497546504051,2.8890497824065267,0.0,21.0,163.0,0.0,21.0,163.0
