B_mean,G_mean,R_mean,B_std,G_std,R_std,B_median,G_median,R_median,B_mode,G_mode,R_mode
0.7483209727217749,20.54632842091861,173.4004201546933,0.7495642977550565,1.1459400519789833,7.488461360923721,1.0,21.0,175.0,1.0,21.0,172.0
