B_mean,G_mean,R_mean,B_std,G_std,R_std,B_median,G_median,R_median,B_mode,G_mode,R_mode
1.647770315434319,14.741445714103829,138.22742464270937,0.8547085375685949,0.6265993932185968,6.251121750436297,2.0,15.0,140.0,1.0,15.0,141.0
