B_mean,G_mean,R_mean,B_std,G_std,R_std,B_median,G_median,R_median,B_mode,G_mode,R_mode
0.35582646337969887,19.801285928000762,166.5777445332145,0.5604306421346366,1.1317076867623341,7.691346469237724,0.0,20.0,170.0,0.0,20.0,172.0
