B_mean,G_mean,R_mean,B_std,G_std,R_std,B_median,G_median,R_median,B_mode,G_mode,R_mode
0.43014928223573223,19.38877041092402,164.80972085176816,0.5371648225602669,0.8019337424648812,5.961665884958816,0.0,19.0,167.0,0.0,19.0,169.0
