B_mean,G_mean,R_mean,B_std,G_std,R_std,B_median,G_median,R_median,B_mode,G_mode,R_mode
0.38208613171213035,19.860966992392655,165.1642741191075,0.6192069974329779,1.1669945311629766,8.16049143671173,0.0,20.0,168.0,0.0,21.0,172.0
