B_mean,G_mean,R_mean,B_std,G_std,R_std,B_median,G_median,R_median,B_mode,G_mode,R_mode
0.6928096253620651,19.255912404112422,157.96466880988,0.710302555496841,1.1596856912268143,6.701245903818982,1.0,20.0,161.0,0.0,20.0,162.0
