B_mean,G_mean,R_mean,B_std,G_std,R_std,B_median,G_median,R_median,B_mode,G_mode,R_mode
0.25884075500525194,19.86236750803705,170.29687748671103,0.4706535212724026,0.8425302993638105,3.453841023436384,0.0,20.0,171.0,0.0,20.0,172.0
