B_mean,G_mean,R_mean,B_std,G_std,R_std,B_median,G_median,R_median,B_mode,G_mode,R_mode
0.6018397682783206,20.21723907438648,172.51602635515803,0.6840058069158653,0.9006961790713018,7.204385894152221,1.0,20.0,173.0,0.0,20.0,172.0
