B_mean,G_mean,R_mean,B_std,G_std,R_std,B_median,G_median,R_median,B_mode,G_mode,R_mode
0.9118311742050482,22.878632587452653,178.82566763217366,0.7480509508888201,1.3307233421880027,6.791236970776823,1.0,23.0,179.0,1.0,23.0,185.0
