B_mean,G_mean,R_mean,B_std,G_std,R_std,B_median,G_median,R_median,B_mode,G_mode,R_mode
0.4214597192602731,19.384632523792853,165.74431040519465,0.5494531582854169,0.7943271256761278,5.525443628753186,0.0,19.0,168.0,0.0,19.0,169.0
