B_mean,G_mean,R_mean,B_std,G_std,R_std,B_median,G_median,R_median,B_mode,G_mode,R_mode
0.6857433873380654,18.404940000636596,158.3148295508801,0.7706982699143295,1.0217327966814649,5.046205593037112,1.0,18.0,159.0,1.0,18.0,159.0
