B_mean,G_mean,R_mean,B_std,G_std,R_std,B_median,G_median,R_median,B_mode,G_mode,R_mode
0.534328548238215,19.184677085654265,162.7363847598434,0.5866812506703423,0.8305754635303169,5.825295688247955,0.0,19.0,165.0,0.0,19.0,169.0
