B_mean,G_mean,R_mean,B_std,G_std,R_std,B_median,G_median,R_median,B_mode,G_mode,R_mode
0.36187414457141037,19.804532577903682,164.65108062513926,0.5737791051409035,1.2084004120836522,8.506923485780277,0.0,20.0,168.0,0.0,21.0,172.0
