B_mean,G_mean,R_mean,B_std,G_std,R_std,B_median,G_median,R_median,B_mode,G_mode,R_mode
0.5193048349619632,19.445841423433173,166.6565553681128,0.5707110951369468,0.6943902685881086,4.116515985466967,0.0,19.0,167.0,0.0,19.0,166.0
