B_mean,G_mean,R_mean,B_std,G_std,R_std,B_median,G_median,R_median,B_mode,G_mode,R_mode
0.7661775471878283,19.10519782283477,157.87086609160644,0.7767867404302689,1.1207257767750927,7.809139226169977,1.0,19.0,160.0,0.0,20.0,162.0
