B_mean,G_mean,R_mean,B_std,G_std,R_std,B_median,G_median,R_median,B_mode,G_mode,R_mode
0.5857656682687716,16.58961708629086,155.80475538721075,0.7564162857620037,0.6072291002679723,4.240165487289221,0.0,17.0,157.0,0.0,17.0,153.0
