B_mean,G_mean,R_mean,B_std,G_std,R_std,B_median,G_median,R_median,B_mode,G_mode,R_mode
0.7694560269917561,17.00579304198364,159.39195340102492,0.8006150949658368,0.88749886872606,6.038185629459957,1.0,17.0,160.0,0.0,17.0,163.0
