B_mean,G_mean,R_mean,B_std,G_std,R_std,B_median,G_median,R_median,B_mode,G_mode,R_mode
0.5046312505968107,19.540726358341026,166.5243021294204,0.5688965143021814,0.662583160539271,3.377073419840843,0.0,20.0,167.0,0.0,20.0,169.0
