B_mean,G_mean,R_mean,B_std,G_std,R_std,B_median,G_median,R_median,B_mode,G_mode,R_mode
0.5856701785657447,19.309131998599483,165.76971066619984,0.5524348469014173,0.6823586906155555,2.962549843407519,1.0,19.0,166.0,1.0,19.0,166.0
