B_mean,G_mean,R_mean,B_std,G_std,R_std,B_median,G_median,R_median,B_mode,G_mode,R_mode
0.8369672470318618,16.864245472196583,158.77795461056115,0.7683529489210333,0.8459073068162877,5.7245606786180865,1.0,17.0,160.0,1.0,17.0,163.0
