B_mean,G_mean,R_mean,B_std,G_std,R_std,B_median,G_median,R_median,B_mode,G_mode,R_mode
0.6267307508673648,20.686984753477418,170.42346500302384,0.6820778443453531,1.0627110264784392,7.729969353315786,1.0,21.0,172.0,0.0,21.0,172.0
