B_mean,G_mean,R_mean,B_std,G_std,R_std,B_median,G_median,R_median,B_mode,G_mode,R_mode
0.44151255689594804,18.196772448037688,167.0314161122959,0.5673053401579645,0.7312626895690857,5.456835716041666,0.0,18.0,169.0,0.0,18.0,171.0
