B_mean,G_mean,R_mean,B_std,G_std,R_std,B_median,G_median,R_median,B_mode,G_mode,R_mode
0.728650093898208,18.3445268485215,159.04214278893593,0.8924845016961541,1.1613365645814613,6.712132183881013,1.0,18.0,160.0,1.0,18.0,166.0
