B_mean,G_mean,R_mean,B_std,G_std,R_std,B_median,G_median,R_median,B_mode,G_mode,R_mode
0.8242034567272496,17.036317917051278,158.3187764586052,0.787161346124615,0.8920175038450301,5.483911852708053,1.0,17.0,159.0,1.0,17.0,163.0
