B_mean,G_mean,R_mean,B_std,G_std,R_std,B_median,G_median,R_median,B_mode,G_mode,R_mode
0.4599102396791546,19.34389025050132,165.10226947194195,0.555597398438738,0.7985736929906575,5.847394040708328,0.0,19.0,166.0,0.0,19.0,171.0
