B_mean,G_mean,R_mean,B_std,G_std,R_std,B_median,G_median,R_median,B_mode,G_mode,R_mode
0.5905083235191139,16.497214883661712,157.4742018652322,0.6313092441842643,0.566946886433986,3.1513945957720213,1.0,17.0,158.0,0.0,17.0,158.0
