B_mean,G_mean,R_mean,B_std,G_std,R_std,B_median,G_median,R_median,B_mode,G_mode,R_mode
0.9368813062991375,21.713148932106822,172.8950886462743,0.7394068906812995,1.513066951492594,10.553008983465782,1.0,22.0,175.0,1.0,22.0,177.0
