B_mean,G_mean,R_mean,B_std,G_std,R_std,B_median,G_median,R_median,B_mode,G_mode,R_mode
0.6286723748289142,20.594964509660375,170.6282585861158,0.6671779597648538,0.9677266594918995,7.261186920793513,1.0,21.0,172.0,0.0,21.0,172.0
