B_mean,G_mean,R_mean,B_std,G_std,R_std,B_median,G_median,R_median,B_mode,G_mode,R_mode
0.8063468822611962,17.006206830696758,157.88499856765446,0.7559671464075527,1.1008450707290056,8.32127501625404,1.0,17.0,160.0,1.0,18.0,165.0
