B_mean,G_mean,R_mean,B_std,G_std,R_std,B_median,G_median,R_median,B_mode,G_mode,R_mode
0.5850335805455645,19.228825158353757,163.85144985199096,0.6140356779337379,0.876764399128935,6.957695560782172,1.0,19.0,166.0,0.0,19.0,166.0
