B_mean,G_mean,R_mean,B_std,G_std,R_std,B_median,G_median,R_median,B_mode,G_mode,R_mode
0.9854855651398924,16.68790782060668,149.4113059808384,0.9404435610245937,0.9448595761799857,8.072573763327425,1.0,17.0,153.0,0.0,17.0,153.0
