B_mean,G_mean,R_mean,B_std,G_std,R_std,B_median,G_median,R_median,B_mode,G_mode,R_mode
0.3676035267530318,19.91310437024541,167.53483782665435,0.5398420386652476,0.7745797165509455,3.962960833624472,0.0,20.0,169.0,0.0,20.0,172.0
