B_mean,G_mean,R_mean,B_std,G_std,R_std,B_median,G_median,R_median,B_mode,G_mode,R_mode
0.49568704841327943,19.955278989082345,168.5077824107967,0.6592485554412791,1.1416731533656028,8.403007079954032,0.0,20.0,171.0,0.0,20.0,172.0
