B_mean,G_mean,R_mean,B_std,G_std,R_std,B_median,G_median,R_median,B_mode,G_mode,R_mode
0.5056498074290989,19.478785370977498,166.10522965273577,0.5587819830060093,0.8181733563268844,4.08327075237245,0.0,19.0,166.0,0.0,19.0,166.0
