B_mean,G_mean,R_mean,B_std,G_std,R_std,B_median,G_median,R_median,B_mode,G_mode,R_mode
0.5407581882420346,18.218735079733904,166.87634083458,0.6292681899842286,0.7423931472302173,5.838558313704626,0.0,18.0,169.0,0.0,18.0,171.0
