B_mean,G_mean,R_mean,B_std,G_std,R_std,B_median,G_median,R_median,B_mode,G_mode,R_mode
0.6839927427825699,20.30995957602572,173.19183881338128,0.6981066821023258,1.0267558521152877,7.610941596961092,1.0,20.0,173.0,0.0,20.0,172.0
