B_mean,G_mean,R_mean,B_std,G_std,R_std,B_median,G_median,R_median,B_mode,G_mode,R_mode
0.43030843174077726,18.212655568641182,166.48101346404812,0.5676665945741207,0.6445657380273879,5.471884886253245,0.0,18.0,169.0,0.0,18.0,171.0
