B_mean,G_mean,R_mean,B_std,G_std,R_std,B_median,G_median,R_median,B_mode,G_mode,R_mode
1.068720756278448,15.908680014005157,149.68949931565712,0.9482173356273609,0.8651612804897245,8.775523119268401,1.0,16.0,153.0,1.0,16.0,153.0
