B_mean,G_mean,R_mean,B_std,G_std,R_std,B_median,G_median,R_median,B_mode,G_mode,R_mode
0.6784861699080116,16.33879746633988,153.61371232135468,0.816133723863887,0.5282278801932871,2.7763026266764426,1.0,16.0,153.0,0.0,16.0,153.0
