B_mean,G_mean,R_mean,B_std,G_std,R_std,B_median,G_median,R_median,B_mode,G_mode,R_mode
0.5245249387274405,16.90027692013878,157.59868860807842,0.6483351564822326,1.0168332318791862,4.763279274725307,0.0,17.0,158.0,0.0,16.0,153.0
