B_mean,G_mean,R_mean,B_std,G_std,R_std,B_median,G_median,R_median,B_mode,G_mode,R_mode
1.0837762994557087,15.904637616577013,149.9360218989719,0.9982079177090813,0.8558263277003997,8.453959034186152,1.0,16.0,153.0,0.0,16.0,153.0
