B_mean,G_mean,R_mean,B_std,G_std,R_std,B_median,G_median,R_median,B_mode,G_mode,R_mode
0.5828691472769519,20.501225451188848,170.74602921984913,0.6800875709208131,0.973094286845554,7.529761354708459,0.0,21.0,172.0,0.0,21.0,172.0
