B_mean,G_mean,R_mean,B_std,G_std,R_std,B_median,G_median,R_median,B_mode,G_mode,R_mode
1.8520864500111405,15.878155138937517,142.77477162046026,1.0130867289172136,0.8004641564718441,8.632515112225132,2.0,16.0,146.0,2.0,16.0,148.0
