B_mean,G_mean,R_mean,B_std,G_std,R_std,B_median,G_median,R_median,B_mode,G_mode,R_mode
0.48149091256326193,18.059840213896933,167.19689976764172,0.5824410296496448,0.6468642014121327,3.958821568152874,0.0,18.0,168.0,0.0,18.0,169.0
