B_mean,G_mean,R_mean,B_std,G_std,R_std,B_median,G_median,R_median,B_mode,G_mode,R_mode
0.3719642231912659,19.651335264347328,167.49902918801922,0.5711204550906119,1.0851910549984423,8.531980873087843,0.0,20.0,171.0,0.0,20.0,172.0
