B_mean,G_mean,R_mean,B_std,G_std,R_std,B_median,G_median,R_median,B_mode,G_mode,R_mode
0.3704682178438425,19.807365439093484,165.4979151414839,0.5552352985096384,1.1018910932246377,7.980799057627174,0.0,20.0,168.0,0.0,20.0,172.0
