B_mean,G_mean,R_mean,B_std,G_std,R_std,B_median,G_median,R_median,B_mode,G_mode,R_mode
0.5224878250628641,19.168889454753796,162.87401725180635,0.5594399719702998,0.7826557709504373,6.011663606810452,0.0,19.0,165.0,0.0,19.0,166.0
