B_mean,G_mean,R_mean,B_std,G_std,R_std,B_median,G_median,R_median,B_mode,G_mode,R_mode
0.6523219912786071,19.200401056752714,162.91851545341694,0.7064608057703152,1.0378051667482016,8.048422256961567,1.0,19.0,166.0,0.0,19.0,166.0
