B_mean,G_mean,R_mean,B_std,G_std,R_std,B_median,G_median,R_median,B_mode,G_mode,R_mode
0.23611420568482033,20.248400547474297,170.7554508705478,0.4699563294186704,0.7339549763390119,3.9724434719343535,0.0,20.0,172.0,0.0,20.0,172.0
