B_mean,G_mean,R_mean,B_std,G_std,R_std,B_median,G_median,R_median,B_mode,G_mode,R_mode
0.4680268644364516,19.878632587452653,164.79246904542126,0.6514399288834486,1.307655881921722,9.518502377745996,0.0,20.0,169.0,0.0,21.0,172.0
