B_mean,G_mean,R_mean,B_std,G_std,R_std,B_median,G_median,R_median,B_mode,G_mode,R_mode
0.5243339593213865,18.086004392526338,167.30384823503198,0.5762920373851609,0.6795518259049216,4.233738737314341,0.0,18.0,168.0,0.0,18.0,169.0
