B_mean,G_mean,R_mean,B_std,G_std,R_std,B_median,G_median,R_median,B_mode,G_mode,R_mode
0.6420727631537065,20.795938504631252,170.44460005729383,0.7037249517154435,1.1018995589115321,7.326756923985126,1.0,21.0,172.0,0.0,21.0,172.0
