B_mean,G_mean,R_mean,B_std,G_std,R_std,B_median,G_median,R_median,B_mode,G_mode,R_mode
0.692554986153993,17.201260464079958,159.809179743451,0.6470090588883551,0.7271786826088514,3.7968658442762733,1.0,17.0,160.0,1.0,17.0,163.0
