B_mean,G_mean,R_mean,B_std,G_std,R_std,B_median,G_median,R_median,B_mode,G_mode,R_mode
0.3485374160486361,19.742400611134098,168.69831619823663,0.5072530745453486,0.847039966244339,2.773851589331811,0.0,20.0,169.0,0.0,20.0,172.0
