B_mean,G_mean,R_mean,B_std,G_std,R_std,B_median,G_median,R_median,B_mode,G_mode,R_mode
0.6569691568259223,20.796415953146386,170.9412738326384,0.6772184259020407,1.0695789464191054,7.395379828009013,1.0,21.0,173.0,0.0,21.0,172.0
