B_mean,G_mean,R_mean,B_std,G_std,R_std,B_median,G_median,R_median,B_mode,G_mode,R_mode
0.7474615653945316,18.260082121144602,157.5133844733743,0.7616416750155253,0.9754085578503833,5.877079468871177,1.0,18.0,158.0,1.0,18.0,159.0
