B_mean,G_mean,R_mean,B_std,G_std,R_std,B_median,G_median,R_median,B_mode,G_mode,R_mode
0.7758220071935577,17.522774294171946,161.0908743673807,0.7407891750559455,0.9655043864007837,7.959243236189568,1.0,18.0,163.0,1.0,18.0,169.0
