B_mean,G_mean,R_mean,B_std,G_std,R_std,B_median,G_median,R_median,B_mode,G_mode,R_mode
0.8875131298341662,23.01699716713881,178.13543622879334,0.7555176756796532,1.3659073681619687,9.193514723747402,1.0,23.0,179.0,1.0,23.0,178.0
