B_mean,G_mean,R_mean,B_std,G_std,R_std,B_median,G_median,R_median,B_mode,G_mode,R_mode
0.493936403857784,16.487856892765063,156.75357290638826,0.6111261215112601,0.5673849554701342,3.232059853073905,0.0,16.0,158.0,0.0,16.0,158.0
