B_mean,G_mean,R_mean,B_std,G_std,R_std,B_median,G_median,R_median,B_mode,G_mode,R_mode
1.6623802399974537,14.780150873730783,137.37505172358914,0.8837415252491033,0.6491974165184959,5.765297974216478,1.0,15.0,139.0,1.0,15.0,141.0
