B_mean,G_mean,R_mean,B_std,G_std,R_std,B_median,G_median,R_median,B_mode,G_mode,R_mode
0.9160327211382373,16.977114301174524,157.4791991596906,0.8223717756316621,1.0373798245515333,8.280611150701423,1.0,17.0,160.0,1.0,17.0,163.0
