B_mean,G_mean,R_mean,B_std,G_std,R_std,B_median,G_median,R_median,B_mode,G_mode,R_mode
0.7259763822134513,17.529713212591908,161.4897348569246,0.7242729175215089,0.995733717024371,7.128800969921928,1.0,18.0,164.0,1.0,18.0,168.0
