B_mean,G_mean,R_mean,B_std,G_std,R_std,B_median,G_median,R_median,B_mode,G_mode,R_mode
0.8455294904032848,17.124996021262373,157.57551644014387,0.7552413117947667,1.1017750312663581,8.320941424159487,1.0,17.0,160.0,1.0,18.0,165.0
