B_mean,G_mean,R_mean,B_std,G_std,R_std,B_median,G_median,R_median,B_mode,G_mode,R_mode
0.6910589808065697,16.333736512079447,153.99003724098418,0.7885217606147384,0.5290688265604611,2.642271364681843,1.0,16.0,154.0,0.0,16.0,153.0
