B_mean,G_mean,R_mean,B_std,G_std,R_std,B_median,G_median,R_median,B_mode,G_mode,R_mode
0.5393576725976382,19.13253970780151,162.94401120412516,0.6032228252146767,0.8054299239448897,6.52997075572827,0.0,19.0,165.0,0.0,19.0,166.0
