B_mean,G_mean,R_mean,B_std,G_std,R_std,B_median,G_median,R_median,B_mode,G_mode,R_mode
0.16207785593786803,20.711780246363436,170.7445968743037,0.37503499359535947,0.6721469931726386,2.5717278682628844,0.0,21.0,172.0,0.0,21.0,172.0
