B_mean,G_mean,R_mean,B_std,G_std,R_std,B_median,G_median,R_median,B_mode,G_mode,R_mode
0.5906993029251679,16.48282776840564,157.08976032084541,0.6649727573565068,0.5571200815251302,3.4473876576413707,0.0,16.0,158.0,0.0,16.0,153.0
