B_mean,G_mean,R_mean,B_std,G_std,R_std,B_median,G_median,R_median,B_mode,G_mode,R_mode
0.7157271540885508,16.35130661743642,153.21784384250566,0.8494024775051299,0.5483855063642215,2.875632129783952,1.0,16.0,153.0,0.0,16.0,153.0
