B_mean,G_mean,R_mean,B_std,G_std,R_std,B_median,G_median,R_median,B_mode,G_mode,R_mode
0.8383359327752491,16.88172008785053,159.09412101728364,0.8178970414982831,0.8193855388459187,6.277515657600548,1.0,17.0,160.0,1.0,17.0,153.0
