B_mean,G_mean,R_mean,B_std,G_std,R_std,B_median,G_median,R_median,B_mode,G_mode,R_mode
0.7762039660056658,19.23550943756565,158.26278766273037,0.7544851477683391,1.123663590566512,7.343552093826227,1.0,19.0,161.0,1.0,20.0,162.0
