B_mean,G_mean,R_mean,B_std,G_std,R_std,B_median,G_median,R_median,B_mode,G_mode,R_mode
0.4198682242098227,18.161950536333833,166.3522933443677,0.5606947520644566,0.5743652642784884,5.476733949980237,0.0,18.0,169.0,0.0,18.0,171.0
