B_mean,G_mean,R_mean,B_std,G_std,R_std,B_median,G_median,R_median,B_mode,G_mode,R_mode
0.44921539294012797,19.623738740172517,166.8134131202852,0.6364897078404198,1.147777378060229,8.906869371015402,0.0,20.0,170.0,0.0,20.0,172.0
