B_mean,G_mean,R_mean,B_std,G_std,R_std,B_median,G_median,R_median,B_mode,G_mode,R_mode
0.9313429035235701,21.779068657096477,173.13330362542573,0.7472235904046252,1.4584203533523536,10.55557781255898,1.0,22.0,175.0,1.0,22.0,173.0
