B_mean,G_mean,R_mean,B_std,G_std,R_std,B_median,G_median,R_median,B_mode,G_mode,R_mode
1.570869274596556,15.43727918006175,145.19801381417705,0.7975735810999595,0.7502367554398244,4.168356505036653,2.0,15.0,145.0,1.0,16.0,142.0
