B_mean,G_mean,R_mean,B_std,G_std,R_std,B_median,G_median,R_median,B_mode,G_mode,R_mode
0.5633574179584302,17.454658306012668,163.6741891332718,0.7158785379454846,0.8734486548968523,6.708918027831028,0.0,18.0,166.0,0.0,18.0,169.0
