B_mean,G_mean,R_mean,B_std,G_std,R_std,B_median,G_median,R_median,B_mode,G_mode,R_mode
0.3472642200082758,18.748702931533884,170.43759747907183,0.5486094698284593,0.8407552665745572,4.208319598206099,0.0,19.0,171.0,0.0,18.0,171.0
