B_mean,G_mean,R_mean,B_std,G_std,R_std,B_median,G_median,R_median,B_mode,G_mode,R_mode
0.3347868988127447,18.79495177769997,170.65811503326225,0.5561973287391337,0.9488624418403563,6.700614198205201,0.0,19.0,173.0,0.0,19.0,175.0
