B_mean,G_mean,R_mean,B_std,G_std,R_std,B_median,G_median,R_median,B_mode,G_mode,R_mode
0.2397109844988382,19.259922971639558,173.40465353152752,0.46283222383743844,0.7243506661996424,3.843690571342599,0.0,19.0,174.0,0.0,19.0,175.0
