B_mean,G_mean,R_mean,B_std,G_std,R_std,B_median,G_median,R_median,B_mode,G_mode,R_mode
0.9116401947989942,16.106280039469077,152.94655759620588,0.9066555184189383,0.665889482408626,6.4739917423161915,1.0,16.0,156.0,1.0,16.0,156.0
