B_mean,G_mean,R_mean,B_std,G_std,R_std,B_median,G_median,R_median,B_mode,G_mode,R_mode
0.5033580545564503,17.676512716045455,164.66101155425406,0.5853414739399718,0.7869049915077759,5.823740993778652,0.0,18.0,167.0,0.0,18.0,169.0
