B_mean,G_mean,R_mean,B_std,G_std,R_std,B_median,G_median,R_median,B_mode,G_mode,R_mode
0.17009899099213802,19.195180952987236,173.74647483846326,0.41539751932600427,0.6928081568728167,3.9130952572413453,0.0,19.0,175.0,0.0,19.0,176.0
