B_mean,G_mean,R_mean,B_std,G_std,R_std,B_median,G_median,R_median,B_mode,G_mode,R_mode
0.611356908680014,17.492217589203296,163.92526339243085,0.6627399281343221,0.8672071437776577,6.198879343869907,1.0,18.0,167.0,0.0,18.0,169.0
