B_mean,G_mean,R_mean,B_std,G_std,R_std,B_median,G_median,R_median,B_mode,G_mode,R_mode
0.19467167457109208,19.405067320240633,172.96033994334277,0.451329559720008,0.778726108465557,2.8617594521998284,0.0,19.0,173.0,0.0,19.0,175.0
