B_mean,G_mean,R_mean,B_std,G_std,R_std,B_median,G_median,R_median,B_mode,G_mode,R_mode
0.15526625712194034,19.3904573956775,173.30165197186236,0.4172943272668711,0.7644970003775043,2.8474958969819237,0.0,19.0,174.0,0.0,19.0,175.0
