B_mean,G_mean,R_mean,B_std,G_std,R_std,B_median,G_median,R_median,B_mode,G_mode,R_mode
0.24789126905815323,19.096412770156284,173.02899703981922,0.47530774868954206,0.7236801364398925,4.6301132056291925,0.0,19.0,174.0,0.0,19.0,175.0
