B_mean,G_mean,R_mean,B_std,G_std,R_std,B_median,G_median,R_median,B_mode,G_mode,R_mode
0.3539484992201674,18.89184199637139,169.53900754368655,0.51027426781006,0.7881393973730524,4.62175923890616,0.0,19.0,170.0,0.0,19.0,171.0
