B_mean,G_mean,R_mean,B_std,G_std,R_std,B_median,G_median,R_median,B_mode,G_mode,R_mode
1.020275646942738,15.84279211891651,149.4392526339243,1.0419957628277583,0.8560170327038557,8.176295325352731,1.0,16.0,153.0,0.0,16.0,153.0
