B_mean,G_mean,R_mean,B_std,G_std,R_std,B_median,G_median,R_median,B_mode,G_mode,R_mode
0.37428780596492345,18.69296877486711,169.74609287965114,0.6367528698537203,0.9643567715111264,8.051807324279698,0.0,19.0,172.0,0.0,19.0,175.0
