B_mean,G_mean,R_mean,B_std,G_std,R_std,B_median,G_median,R_median,B_mode,G_mode,R_mode
0.7722252283795398,16.220772193398478,153.7265174905306,0.8485004473261526,0.6554001859157313,5.531538617478544,1.0,16.0,156.0,0.0,16.0,158.0
