B_mean,G_mean,R_mean,B_std,G_std,R_std,B_median,G_median,R_median,B_mode,G_mode,R_mode
1.9782283477098386,15.489130088805425,145.16207785593787,0.7790529407715993,0.7161541817131283,4.073134181909423,2.0,16.0,146.0,2.0,16.0,146.0
