B_mean,G_mean,R_mean,B_std,G_std,R_std,B_median,G_median,R_median,B_mode,G_mode,R_mode
1.3874653849826526,15.462870420472992,145.713817360028,0.9342461591090299,0.70915065442475,5.219159027447037,1.0,16.0,146.0,1.0,16.0,153.0
