B_mean,G_mean,R_mean,B_std,G_std,R_std,B_median,G_median,R_median,B_mode,G_mode,R_mode
1.1242002737371486,15.849380908425374,149.0618454976605,1.020501746064942,0.7401262129776557,7.403175257257895,1.0,16.0,153.0,1.0,16.0,153.0
