B_mean,G_mean,R_mean,B_std,G_std,R_std,B_median,G_median,R_median,B_mode,G_mode,R_mode
1.9452207403634976,15.354171308527231,141.06375529172104,1.2052364962570759,1.448176762742637,5.50366019998068,2.0,15.0,142.0,2.0,15.0,142.0
