B_mean,G_mean,R_mean,B_std,G_std,R_std,B_median,G_median,R_median,B_mode,G_mode,R_mode
0.5094375656491709,17.765540949167647,165.14578094662124,0.5972267353532575,0.7583877510137734,6.257194288876159,0.0,18.0,168.0,0.0,18.0,169.0
