B_mean,G_mean,R_mean,B_std,G_std,R_std,B_median,G_median,R_median,B_mode,G_mode,R_mode
0.8831206034949232,16.82095680682433,154.47518859216348,1.4611166337493178,2.0390562169467525,4.420825823838612,1.0,16.0,156.0,0.0,16.0,157.0
