B_mean,G_mean,R_mean,B_std,G_std,R_std,B_median,G_median,R_median,B_mode,G_mode,R_mode
0.29624088869083615,18.699971353089094,170.1911385555591,0.5046853952050293,0.9713873537788845,7.461528553719154,0.0,19.0,172.0,0.0,19.0,175.0
