B_mean,G_mean,R_mean,B_std,G_std,R_std,B_median,G_median,R_median,B_mode,G_mode,R_mode
0.3849508228029411,18.92067988668555,174.23792851004234,0.5615424466918167,0.9405273762797066,8.89221254750039,0.0,19.0,178.0,0.0,19.0,178.0
