B_mean,G_mean,R_mean,B_std,G_std,R_std,B_median,G_median,R_median,B_mode,G_mode,R_mode
1.015978610306522,15.995384664353693,151.49594168762135,1.0283413607432335,0.7475520438904438,6.859153920557126,1.0,16.0,153.0,0.0,16.0,153.0
