B_mean,G_mean,R_mean,B_std,G_std,R_std,B_median,G_median,R_median,B_mode,G_mode,R_mode
0.9974854378202884,16.072667664003564,151.89146003755928,0.972809635219543,0.8207174601050963,8.013377452252026,1.0,16.0,153.0,0.0,16.0,153.0
