B_mean,G_mean,R_mean,B_std,G_std,R_std,B_median,G_median,R_median,B_mode,G_mode,R_mode
0.3509883184263297,18.864054492790526,174.36305185090873,0.5757672169420527,0.8625704493378672,8.735843855604921,0.0,19.0,178.0,0.0,19.0,178.0
