B_mean,G_mean,R_mean,B_std,G_std,R_std,B_median,G_median,R_median,B_mode,G_mode,R_mode
0.4399210618454977,18.572874558360123,168.39838304102875,0.6647584816630796,1.0920722099857223,8.54577288531365,0.0,19.0,170.0,0.0,19.0,175.0
