B_mean,G_mean,R_mean,B_std,G_std,R_std,B_median,G_median,R_median,B_mode,G_mode,R_mode
0.7271540885507846,17.47999490721584,159.93863195085464,0.7343816625226944,0.87257388197242,6.57211974227789,1.0,18.0,161.0,1.0,18.0,159.0
