B_mean,G_mean,R_mean,B_std,G_std,R_std,B_median,G_median,R_median,B_mode,G_mode,R_mode
0.3902345863704364,18.553872107457746,168.9685520578031,0.6450957958221767,1.0052236792595073,8.134350077221765,0.0,19.0,171.0,0.0,19.0,176.0
