B_mean,G_mean,R_mean,B_std,G_std,R_std,B_median,G_median,R_median,B_mode,G_mode,R_mode
0.9933475506891174,16.02622783843142,152.04211095903491,0.9293479433927863,0.7735848662966918,7.323939991234212,1.0,16.0,153.0,1.0,16.0,153.0
