B_mean,G_mean,R_mean,B_std,G_std,R_std,B_median,G_median,R_median,B_mode,G_mode,R_mode
0.9665467740395327,16.00773466594519,151.73848553330998,0.9472300338678183,0.7806858194850707,7.3958462702484065,1.0,16.0,153.0,0.0,16.0,153.0
