B_mean,G_mean,R_mean,B_std,G_std,R_std,B_median,G_median,R_median,B_mode,G_mode,R_mode
0.6906133621924436,17.55597288092434,159.04545309864088,0.7117453334409884,0.8764711102527393,5.87638202507136,1.0,18.0,160.0,1.0,18.0,159.0
