B_mean,G_mean,R_mean,B_std,G_std,R_std,B_median,G_median,R_median,B_mode,G_mode,R_mode
0.405003660438616,18.806092243053126,168.2988827704746,0.5981662151955511,1.1617732776818654,6.833018489113222,0.0,19.0,171.0,0.0,18.0,172.0
