B_mean,G_mean,R_mean,B_std,G_std,R_std,B_median,G_median,R_median,B_mode,G_mode,R_mode
1.834038896139033,14.63230098354394,141.78950886462744,0.8769223636219888,0.6142755976468444,7.013031773693123,2.0,15.0,142.0,2.0,15.0,142.0
