B_mean,G_mean,R_mean,B_std,G_std,R_std,B_median,G_median,R_median,B_mode,G_mode,R_mode
0.33274978514816816,18.76837381035745,168.76121208263044,0.5356953405631815,1.1051690051678988,6.637626013961537,0.0,19.0,171.0,0.0,18.0,175.0
