B_mean,G_mean,R_mean,B_std,G_std,R_std,B_median,G_median,R_median,B_mode,G_mode,R_mode
0.5176815100105039,17.865359518731896,165.25247477480346,0.606350294752282,0.5773632463097456,5.147806939604612,0.0,18.0,167.0,0.0,18.0,169.0
