B_mean,G_mean,R_mean,B_std,G_std,R_std,B_median,G_median,R_median,B_mode,G_mode,R_mode
0.22408250310341535,18.84409714485788,175.87436738071744,0.46134163945346074,0.6597486377950167,3.976051654592165,0.0,19.0,176.0,0.0,19.0,178.0
