B_mean,G_mean,R_mean,B_std,G_std,R_std,B_median,G_median,R_median,B_mode,G_mode,R_mode
0.8606805232835726,16.058248718846485,154.6774039532737,0.8524892521057523,0.7264116952504659,5.044491031973263,1.0,16.0,156.0,0.0,16.0,158.0
