B_mean,G_mean,R_mean,B_std,G_std,R_std,B_median,G_median,R_median,B_mode,G_mode,R_mode
0.37836203329407647,18.598179329662283,171.7402998376675,0.5669863042955829,0.8642854275538356,7.859469857229885,0.0,19.0,175.0,0.0,19.0,178.0
