B_mean,G_mean,R_mean,B_std,G_std,R_std,B_median,G_median,R_median,B_mode,G_mode,R_mode
0.5932456950058885,17.980774739790558,166.16551548524683,0.6303050061915725,0.5749300491887647,5.011716980038224,1.0,18.0,168.0,0.0,18.0,169.0
