B_mean,G_mean,R_mean,B_std,G_std,R_std,B_median,G_median,R_median,B_mode,G_mode,R_mode
0.3837094566635898,19.11939395868479,177.6957379762549,0.5614567823838822,0.7495256385659893,5.231642573017572,0.0,19.0,178.0,0.0,19.0,171.0
