B_mean,G_mean,R_mean,B_std,G_std,R_std,B_median,G_median,R_median,B_mode,G_mode,R_mode
0.4617882038386861,18.98615399306108,173.0536652131012,0.6370184345474494,0.7159861314338261,2.9141191926189554,0.0,19.0,174.0,0.0,19.0,175.0
