B_mean,G_mean,R_mean,B_std,G_std,R_std,B_median,G_median,R_median,B_mode,G_mode,R_mode
0.8740809116083649,16.107967024222553,154.6685870706942,0.8927363009751376,0.6904293128482755,5.787405124755962,1.0,16.0,157.0,0.0,16.0,158.0
