B_mean,G_mean,R_mean,B_std,G_std,R_std,B_median,G_median,R_median,B_mode,G_mode,R_mode
0.3021294203775026,18.76834198045644,175.39106216379668,0.5512384932361716,0.6528032277559904,4.638756426797256,0.0,19.0,176.0,0.0,19.0,178.0
