B_mean,G_mean,R_mean,B_std,G_std,R_std,B_median,G_median,R_median,B_mode,G_mode,R_mode
0.5501480090396919,17.93614921857593,166.20374319635866,0.5794207012063334,0.5999510667929027,3.9095924868905043,1.0,18.0,168.0,0.0,18.0,169.0
