B_mean,G_mean,R_mean,B_std,G_std,R_std,B_median,G_median,R_median,B_mode,G_mode,R_mode
0.23022567399815386,18.707928828341345,173.8487761403062,0.4633835032358763,0.6328468437194612,3.8200903964043675,0.0,19.0,175.0,0.0,19.0,178.0
