B_mean,G_mean,R_mean,B_std,G_std,R_std,B_median,G_median,R_median,B_mode,G_mode,R_mode
0.33816086831969955,19.08180284559315,177.21386510487952,0.5107508233799082,0.6559109768385927,6.374920522980354,0.0,19.0,178.0,0.0,19.0,182.0
