B_mean,G_mean,R_mean,B_std,G_std,R_std,B_median,G_median,R_median,B_mode,G_mode,R_mode
0.24836871757328835,18.7883311582901,175.85272304803132,0.510738357676189,0.6683294025443078,4.255508980449376,0.0,19.0,176.0,0.0,19.0,178.0
