B_mean,G_mean,R_mean,B_std,G_std,R_std,B_median,G_median,R_median,B_mode,G_mode,R_mode
0.6499029188019225,16.813667759493267,159.4466690008594,0.6812982998930621,0.7109947021716975,4.367401342222947,1.0,17.0,159.0,0.0,17.0,159.0
