B_mean,G_mean,R_mean,B_std,G_std,R_std,B_median,G_median,R_median,B_mode,G_mode,R_mode
0.13941496641945444,18.98214342553395,177.9900690708852,0.37633399291847264,0.6385308305177303,2.7946601695275044,0.0,19.0,178.0,0.0,19.0,179.0
