B_mean,G_mean,R_mean,B_std,G_std,R_std,B_median,G_median,R_median,B_mode,G_mode,R_mode
0.49696024445363973,17.904001018556833,166.69662921348313,0.5683474592697739,0.6196445385972312,3.9908523688939517,0.0,18.0,168.0,0.0,18.0,169.0
