B_mean,G_mean,R_mean,B_std,G_std,R_std,B_median,G_median,R_median,B_mode,G_mode,R_mode
0.40815482063850783,18.58169144093962,171.5806092243053,0.5881444456427568,0.8373709592546151,7.61006603221185,0.0,19.0,175.0,0.0,19.0,178.0
