B_mean,G_mean,R_mean,B_std,G_std,R_std,B_median,G_median,R_median,B_mode,G_mode,R_mode
0.34306267307508675,19.05108699111946,176.9406372346182,0.5319697395952798,0.6692956196897941,6.51929587886065,0.0,19.0,178.0,0.0,19.0,182.0
