B_mean,G_mean,R_mean,B_std,G_std,R_std,B_median,G_median,R_median,B_mode,G_mode,R_mode
0.7067511220040106,16.870547792596366,160.1841041474361,0.6378404209254085,0.6663765731323027,3.729989227017327,1.0,17.0,160.0,1.0,17.0,163.0
