B_mean,G_mean,R_mean,B_std,G_std,R_std,B_median,G_median,R_median,B_mode,G_mode,R_mode
0.6632396473246969,24.071458127765222,184.3578954069453,0.7549403424771348,1.8707315092371302,9.147654585575188,1.0,24.0,186.0,0.0,25.0,194.0
