B_mean,G_mean,R_mean,B_std,G_std,R_std,B_median,G_median,R_median,B_mode,G_mode,R_mode
0.3975236337014992,19.786739663239647,167.13082089314702,0.5830102238771969,0.8464555539595265,4.864880164878305,0.0,20.0,169.0,0.0,20.0,172.0
