B_mean,G_mean,R_mean,B_std,G_std,R_std,B_median,G_median,R_median,B_mode,G_mode,R_mode
0.9989496132667027,22.494191043065857,178.45679090938026,0.8317714929225979,1.5404650359253746,7.406095762646405,1.0,23.0,180.0,1.0,21.0,185.0
