B_mean,G_mean,R_mean,B_std,G_std,R_std,B_median,G_median,R_median,B_mode,G_mode,R_mode
0.6754304994111469,24.102746920457076,184.35461692714136,0.7468498652611679,1.871256835262893,9.267352585140804,1.0,24.0,186.0,0.0,25.0,194.0
