B_mean,G_mean,R_mean,B_std,G_std,R_std,B_median,G_median,R_median,B_mode,G_mode,R_mode
0.24139796925231563,20.35579463347869,169.93828182194355,0.48825125268879593,0.7349397783581071,5.2739302927244704,0.0,20.0,172.0,0.0,21.0,172.0
