B_mean,G_mean,R_mean,B_std,G_std,R_std,B_median,G_median,R_median,B_mode,G_mode,R_mode
0.38571474042715725,26.304039214438042,190.69239583664896,0.5961186309699172,1.5725172773982683,4.496728408419426,0.0,26.0,191.0,0.0,26.0,195.0
