B_mean,G_mean,R_mean,B_std,G_std,R_std,B_median,G_median,R_median,B_mode,G_mode,R_mode
0.29732310532514244,20.473246968201927,171.06843428716937,0.5079488125954676,0.738026485881207,5.152669415927563,0.0,21.0,172.0,0.0,21.0,172.0
