B_mean,G_mean,R_mean,B_std,G_std,R_std,B_median,G_median,R_median,B_mode,G_mode,R_mode
0.7059553744787854,17.95992615462966,158.70149918833752,0.7253638951673637,0.8542302319478219,6.172661710369502,1.0,18.0,159.0,1.0,18.0,159.0
