B_mean,G_mean,R_mean,B_std,G_std,R_std,B_median,G_median,R_median,B_mode,G_mode,R_mode
0.7478753541076487,21.168793965050767,171.3141929528599,0.7582816818211048,1.2420857890309749,7.9741984320774,1.0,21.0,172.0,0.0,21.0,172.0
