B_mean,G_mean,R_mean,B_std,G_std,R_std,B_median,G_median,R_median,B_mode,G_mode,R_mode
0.34077092020243815,24.98879587484483,192.7014673584365,0.5844111290184968,1.2315878003331742,4.6025959170939235,0.0,25.0,194.0,0.0,25.0,192.0
