B_mean,G_mean,R_mean,B_std,G_std,R_std,B_median,G_median,R_median,B_mode,G_mode,R_mode
0.7061781837858484,18.113378107394087,159.63933539166692,0.7089664290060389,0.901928782001718,5.9533944255346745,1.0,18.0,160.0,1.0,18.0,159.0
