B_mean,G_mean,R_mean,B_std,G_std,R_std,B_median,G_median,R_median,B_mode,G_mode,R_mode
0.2531113728236305,24.94837190056339,192.9147913549989,0.520745409842949,1.2504933992196985,3.8924084326364716,0.0,25.0,194.0,0.0,25.0,194.0
