B_mean,G_mean,R_mean,B_std,G_std,R_std,B_median,G_median,R_median,B_mode,G_mode,R_mode
0.5290766145717287,20.111213674125473,173.50507686921094,0.6487850909494188,0.7228979656641171,6.453604769624178,0.0,20.0,175.0,0.0,20.0,176.0
