B_mean,G_mean,R_mean,B_std,G_std,R_std,B_median,G_median,R_median,B_mode,G_mode,R_mode
0.2351911385555591,20.39866951013782,170.9074386478658,0.48419023063011346,0.6913481933650946,4.765786465923814,0.0,20.0,172.0,0.0,21.0,172.0
