B_mean,G_mean,R_mean,B_std,G_std,R_std,B_median,G_median,R_median,B_mode,G_mode,R_mode
0.7765222650157558,25.945730018779642,184.1297068466117,0.7676279697765764,2.2922633527572236,9.96024764367087,1.0,26.0,186.0,1.0,26.0,186.0
