B_mean,G_mean,R_mean,B_std,G_std,R_std,B_median,G_median,R_median,B_mode,G_mode,R_mode
0.3821179616131394,19.77935512620556,167.85816596110385,0.5783328325924999,0.8726981388035195,4.228165905141288,0.0,20.0,169.0,0.0,20.0,172.0
