B_mean,G_mean,R_mean,B_std,G_std,R_std,B_median,G_median,R_median,B_mode,G_mode,R_mode
0.5802272654932044,25.67444377247987,188.43648343253653,0.7287005515321756,1.295181798353311,4.819743841141389,0.0,26.0,188.0,0.0,25.0,187.0
