B_mean,G_mean,R_mean,B_std,G_std,R_std,B_median,G_median,R_median,B_mode,G_mode,R_mode
0.692395836648948,24.54667854982971,185.0066842792119,0.7510987064206955,1.584012987629666,7.08380163591038,1.0,25.0,186.0,0.0,25.0,191.0
