B_mean,G_mean,R_mean,B_std,G_std,R_std,B_median,G_median,R_median,B_mode,G_mode,R_mode
0.562816309641277,19.033898844574594,162.4540535378935,0.5517029800129539,0.8629490031285227,5.418898561598307,1.0,19.0,164.0,1.0,19.0,166.0
