B_mean,G_mean,R_mean,B_std,G_std,R_std,B_median,G_median,R_median,B_mode,G_mode,R_mode
0.5621160518190789,25.434541808574977,189.19623133972053,0.7212142125007377,1.237692597145378,4.899334343705815,0.0,25.0,190.0,0.0,25.0,194.0
