B_mean,G_mean,R_mean,B_std,G_std,R_std,B_median,G_median,R_median,B_mode,G_mode,R_mode
1.0029601807938378,22.43727918006175,179.38078110577075,0.8126812877454228,1.3681628938506347,7.151173542067377,1.0,23.0,180.0,1.0,23.0,184.0
