B_mean,G_mean,R_mean,B_std,G_std,R_std,B_median,G_median,R_median,B_mode,G_mode,R_mode
0.3384473374287806,20.311296431868097,171.86790591081262,0.5607450259433305,0.7035759568657203,5.39554551750165,0.0,20.0,173.0,0.0,20.0,175.0
