B_mean,G_mean,R_mean,B_std,G_std,R_std,B_median,G_median,R_median,B_mode,G_mode,R_mode
0.3089410191934303,26.247191011235955,190.69089983130152,0.5408397088280102,1.1431519431484995,3.9434155385505574,0.0,26.0,191.0,0.0,26.0,195.0
