B_mean,G_mean,R_mean,B_std,G_std,R_std,B_median,G_median,R_median,B_mode,G_mode,R_mode
0.4408759588757679,20.263233281344494,168.63249196294998,0.6226158267431806,0.9280360872419554,7.076973100285633,0.0,20.0,171.0,0.0,21.0,172.0
