B_mean,G_mean,R_mean,B_std,G_std,R_std,B_median,G_median,R_median,B_mode,G_mode,R_mode
0.42314670401375054,20.288506222745646,171.5604927268676,0.6016139833200276,0.791172723228271,6.806960488280945,0.0,20.0,173.0,0.0,20.0,175.0
