B_mean,G_mean,R_mean,B_std,G_std,R_std,B_median,G_median,R_median,B_mode,G_mode,R_mode
0.4150937390584715,20.43635611293249,171.34188496673775,0.6023826553044076,0.7806424678341645,6.130999303250972,0.0,20.0,172.0,0.0,20.0,172.0
