B_mean,G_mean,R_mean,B_std,G_std,R_std,B_median,G_median,R_median,B_mode,G_mode,R_mode
0.39730082439443615,20.25187000668428,173.5946462106503,0.6004542437932938,0.7174290032809992,5.023755699005961,0.0,20.0,175.0,0.0,20.0,172.0
