B_mean,G_mean,R_mean,B_std,G_std,R_std,B_median,G_median,R_median,B_mode,G_mode,R_mode
0.35270713308081614,19.882165706464654,174.93143839322659,0.5612092541236645,0.6864530351446202,3.7599300589537776,0.0,20.0,175.0,0.0,20.0,175.0
