B_mean,G_mean,R_mean,B_std,G_std,R_std,B_median,G_median,R_median,B_mode,G_mode,R_mode
0.8760543654709234,21.180698348028137,170.59490084985836,0.8064814887817559,1.43294185747046,9.161044129160128,1.0,21.0,172.0,1.0,21.0,172.0
