B_mean,G_mean,R_mean,B_std,G_std,R_std,B_median,G_median,R_median,B_mode,G_mode,R_mode
0.5840786835152942,19.102810580259096,163.27462838590571,0.5427414213907018,0.7939227130591984,4.920168998181343,1.0,19.0,165.0,1.0,19.0,166.0
