B_mean,G_mean,R_mean,B_std,G_std,R_std,B_median,G_median,R_median,B_mode,G_mode,R_mode
0.3253334182130694,20.330871820988637,170.96549638730625,0.5219210200770322,0.7349973760198195,5.875963579784589,0.0,20.0,172.0,0.0,20.0,172.0
