B_mean,G_mean,R_mean,B_std,G_std,R_std,B_median,G_median,R_median,B_mode,G_mode,R_mode
0.48034503612693763,20.043097685966195,168.59779737085017,0.661957674970244,1.0437288586564104,7.616804912389715,0.0,20.0,172.0,0.0,20.0,172.0
