B_mean,G_mean,R_mean,B_std,G_std,R_std,B_median,G_median,R_median,B_mode,G_mode,R_mode
0.3808447655727791,26.46322054938409,190.5550816436961,0.5741489971399275,1.5777505816548811,4.5840929222723545,0.0,26.0,191.0,0.0,26.0,195.0
