B_mean,G_mean,R_mean,B_std,G_std,R_std,B_median,G_median,R_median,B_mode,G_mode,R_mode
0.2003373969506955,24.798102937899863,192.68892637743897,0.4569956899064627,0.9962427335405022,3.553184969002704,0.0,25.0,194.0,0.0,25.0,194.0
