B_mean,G_mean,R_mean,B_std,G_std,R_std,B_median,G_median,R_median,B_mode,G_mode,R_mode
0.6055320367953656,25.407231753509247,188.73065537766178,0.7554731654519629,1.2430591221688188,5.083861299813631,0.0,25.0,190.0,0.0,25.0,194.0
