B_mean,G_mean,R_mean,B_std,G_std,R_std,B_median,G_median,R_median,B_mode,G_mode,R_mode
0.3912213133017156,19.805073686220837,175.11016328739217,0.5750438374751089,0.7198279345516176,4.386937041375114,0.0,20.0,175.0,0.0,20.0,172.0
