B_mean,G_mean,R_mean,B_std,G_std,R_std,B_median,G_median,R_median,B_mode,G_mode,R_mode
0.5880892510424293,18.922907979756182,161.91705127797053,0.5556749096591718,0.9082439943456164,5.604806893567661,1.0,19.0,164.0,1.0,19.0,165.0
