B_mean,G_mean,R_mean,B_std,G_std,R_std,B_median,G_median,R_median,B_mode,G_mode,R_mode
0.38482350319890507,20.60982907343158,168.3544259477353,0.5789327220952966,1.2733093413738992,6.524479542752296,0.0,21.0,172.0,0.0,21.0,172.0
