B_mean,G_mean,R_mean,B_std,G_std,R_std,B_median,G_median,R_median,B_mode,G_mode,R_mode
0.3341503007925645,26.252188305694368,191.09033325906356,0.5508313201985499,1.2529429584907124,3.883684253487421,0.0,26.0,192.0,0.0,26.0,195.0
