B_mean,G_mean,R_mean,B_std,G_std,R_std,B_median,G_median,R_median,B_mode,G_mode,R_mode
0.8765636438870675,21.466117070375912,170.9625362065124,0.8155470193449788,1.4161949096335713,8.71202499192872,1.0,21.0,172.0,1.0,21.0,172.0
