B_mean,G_mean,R_mean,B_std,G_std,R_std,B_median,G_median,R_median,B_mode,G_mode,R_mode
0.7445013846006939,24.327370531877644,184.89496132667028,0.8185234671983438,1.829764746418444,9.128258376037143,1.0,25.0,187.0,0.0,25.0,194.0
