B_mean,G_mean,R_mean,B_std,G_std,R_std,B_median,G_median,R_median,B_mode,G_mode,R_mode
0.7907184008657733,25.903332590635642,183.6141261100678,0.7805197131336017,2.4541078181846,10.652130501717894,1.0,26.0,186.0,1.0,26.0,187.0
