B_mean,G_mean,R_mean,B_std,G_std,R_std,B_median,G_median,R_median,B_mode,G_mode,R_mode
0.4525893624470828,20.044848330521692,168.45920998185696,0.6550335906028668,1.040921817255073,7.621889542853218,0.0,20.0,171.0,0.0,20.0,172.0
