B_mean,G_mean,R_mean,B_std,G_std,R_std,B_median,G_median,R_median,B_mode,G_mode,R_mode
0.3517522360505459,19.751249323614605,168.1897698698157,0.5451298966844038,0.9469136445410332,4.1628296263134805,0.0,20.0,169.0,0.0,20.0,172.0
