B_mean,G_mean,R_mean,B_std,G_std,R_std,B_median,G_median,R_median,B_mode,G_mode,R_mode
0.7113027978482986,21.092879651144283,170.94432950313524,0.7462561761098534,1.3298709322798292,8.638676923932522,1.0,21.0,172.0,0.0,21.0,172.0
