B_mean,G_mean,R_mean,B_std,G_std,R_std,B_median,G_median,R_median,B_mode,G_mode,R_mode
0.6893083362510742,18.052105547951747,159.5000477448515,0.6997384526781708,0.9270175695710674,6.104509165112596,1.0,18.0,160.0,1.0,18.0,159.0
