B_mean,G_mean,R_mean,B_std,G_std,R_std,B_median,G_median,R_median,B_mode,G_mode,R_mode
0.7304007384537035,24.955247159181337,185.2198172963682,0.781488101067752,2.194521426269408,7.486895311500999,1.0,25.0,186.0,0.0,25.0,191.0
