B_mean,G_mean,R_mean,B_std,G_std,R_std,B_median,G_median,R_median,B_mode,G_mode,R_mode
0.3545850972403476,20.170449119903235,166.92001145876435,0.5938184781988292,1.156439287604034,7.700354159960241,0.0,21.0,170.0,0.0,21.0,172.0
