B_mean,G_mean,R_mean,B_std,G_std,R_std,B_median,G_median,R_median,B_mode,G_mode,R_mode
0.3202406340516281,24.91151287519496,193.13269885730656,0.5759995624575742,1.2077334126200245,4.257020514252787,0.0,25.0,194.0,0.0,25.0,194.0
