B_mean,G_mean,R_mean,B_std,G_std,R_std,B_median,G_median,R_median,B_mode,G_mode,R_mode
0.5022121781201261,28.071330808161186,192.83989559792468,0.6555791845011203,1.8985535524139725,5.40157986389387,0.0,28.0,193.0,0.0,28.0,195.0
