B_mean,G_mean,R_mean,B_std,G_std,R_std,B_median,G_median,R_median,B_mode,G_mode,R_mode
0.700639781010281,24.198045644078046,184.12954769710666,0.7342159033658545,1.8008832680177538,8.634256197779667,1.0,24.0,185.0,0.0,23.0,194.0
