B_mean,G_mean,R_mean,B_std,G_std,R_std,B_median,G_median,R_median,B_mode,G_mode,R_mode
1.0913836457968615,22.412801986185823,178.26867619441703,0.8662576203776805,1.6193241460964565,9.55931036077179,1.0,23.0,181.0,1.0,23.0,184.0
