B_mean,G_mean,R_mean,B_std,G_std,R_std,B_median,G_median,R_median,B_mode,G_mode,R_mode
0.3296622847502944,24.92523156252984,193.00728904733106,0.5866123702950966,1.2318890280479657,4.281496372999656,0.0,25.0,194.0,0.0,25.0,195.0
