B_mean,G_mean,R_mean,B_std,G_std,R_std,B_median,G_median,R_median,B_mode,G_mode,R_mode
0.36448419645414903,24.850081166247573,192.98258904414809,0.6267143908964193,1.199241684538345,4.385266978137427,0.0,25.0,194.0,0.0,25.0,192.0
