B_mean,G_mean,R_mean,B_std,G_std,R_std,B_median,G_median,R_median,B_mode,G_mode,R_mode
0.918770092625012,26.32504694910399,184.0364134067543,0.9554086127958428,3.3236360434610805,12.343623772776736,1.0,26.0,187.0,0.0,25.0,195.0
