H_mean,S_mean,V_mean,H_std,S_std,V_std,H_median,S_median,V_median,H_mode,S_mode,V_mode
2.5900308750039787,247.9445523124423,92.73931311073622,0.5766219931935311,2.4787575369376,8.385318450722036,3.0,247.0,94.0,3.0,247.0,94.0
