H_mean,S_mean,V_mean,H_std,S_std,V_std,H_median,S_median,V_median,H_mode,S_mode,V_mode
2.667727663366967,247.7958430149282,92.59069930292517,0.5683040353829424,2.5390039701590656,7.89959956971642,3.0,247.0,94.0,3.0,247.0,100.0
