H_mean,S_mean,V_mean,H_std,S_std,V_std,H_median,S_median,V_median,H_mode,S_mode,V_mode
2.9849762867237484,252.84848967119711,122.16427411910749,0.15190296256938857,1.3776473557896654,5.574972212174392,3.0,253.0,124.0,3.0,253.0,125.0
