H_mean,S_mean,V_mean,H_std,S_std,V_std,H_median,S_median,V_median,H_mode,S_mode,V_mode
3.012859280007639,251.8112486870166,129.6508259859312,0.11266908619656184,1.3127877922320197,3.040907964086106,3.0,251.0,131.0,3.0,251.0,131.0
