H_mean,S_mean,V_mean,H_std,S_std,V_std,H_median,S_median,V_median,H_mode,S_mode,V_mode
2.9536556641308844,250.0003182990101,104.20450711398287,0.28969453933348255,3.0339937886691986,5.511860264120902,3.0,250.0,105.0,3.0,250.0,106.0
