H_mean,S_mean,V_mean,H_std,S_std,V_std,H_median,S_median,V_median,H_mode,S_mode,V_mode
3.0023872425756757,252.4243880701531,121.0745456281631,0.1876995548556541,1.5979264027282531,7.427155399140593,3.0,253.0,123.0,3.0,253.0,124.0
