H_mean,S_mean,V_mean,H_std,S_std,V_std,H_median,S_median,V_median,H_mode,S_mode,V_mode
2.8083521660247635,246.3689403825954,84.68708024318045,0.6979335880598455,2.592253867361626,4.441405744178902,3.0,246.0,85.0,3.0,246.0,85.0
