H_mean,S_mean,V_mean,H_std,S_std,V_std,H_median,S_median,V_median,H_mode,S_mode,V_mode
2.951332081357227,251.63459273641658,110.98911417385492,0.288817714184639,2.716316999814826,11.86763358568581,3.0,253.0,115.0,3.0,253.0,115.0
