H_mean,S_mean,V_mean,H_std,S_std,V_std,H_median,S_median,V_median,H_mode,S_mode,V_mode
3.000827577426234,250.59190883916352,132.09195658401504,0.13888430108986197,1.473460827482666,3.260286347646829,3.0,251.0,132.0,3.0,251.0,132.0
