H_mean,S_mean,V_mean,H_std,S_std,V_std,H_median,S_median,V_median,H_mode,S_mode,V_mode
2.9399688066970113,249.43931629372634,101.88038323200814,0.31090757597603214,3.315350764425407,8.13322604715413,3.0,250.0,104.0,3.0,250.0,106.0
