H_mean,S_mean,V_mean,H_std,S_std,V_std,H_median,S_median,V_median,H_mode,S_mode,V_mode
2.8606168634815545,250.7304325683547,137.6021262373874,0.34836741565383855,1.8604212825404054,3.9955434891067023,3.0,251.0,137.0,3.0,251.0,135.0
