H_mean,S_mean,V_mean,H_std,S_std,V_std,H_median,S_median,V_median,H_mode,S_mode,V_mode
2.9289874908489035,250.93942769837986,106.44256294362924,0.30490071793941625,2.7753377651481497,5.038515409922407,3.0,250.0,108.0,3.0,250.0,109.0
