H_mean,S_mean,V_mean,H_std,S_std,V_std,H_median,S_median,V_median,H_mode,S_mode,V_mode
2.606391444122609,247.47222841136963,94.28917465066684,0.5349581123880726,2.5213755088466927,5.947771173267209,3.0,247.0,95.0,3.0,247.0,100.0
