H_mean,S_mean,V_mean,H_std,S_std,V_std,H_median,S_median,V_median,H_mode,S_mode,V_mode
2.9399688066970113,252.7753127287774,115.59655600471082,0.24687898874753694,1.6601630099240203,3.639151282585138,3.0,253.0,116.0,3.0,253.0,116.0
