H_mean,S_mean,V_mean,H_std,S_std,V_std,H_median,S_median,V_median,H_mode,S_mode,V_mode
2.7322787026132347,248.049495496069,94.42496100837127,0.5535724478734113,2.6309360260268564,8.55429368578923,3.0,248.0,96.0,3.0,250.0,100.0
