H_mean,S_mean,V_mean,H_std,S_std,V_std,H_median,S_median,V_median,H_mode,S_mode,V_mode
2.752681669160009,246.3168984944457,86.34334914218417,0.6342631999149891,2.4558292866193185,4.465680225092264,3.0,246.0,88.0,3.0,246.0,88.0
