H_mean,S_mean,V_mean,H_std,S_std,V_std,H_median,S_median,V_median,H_mode,S_mode,V_mode
2.954483241557119,251.65092147563422,111.08705477925963,0.2831593915190398,2.6298869882850515,12.16779452562629,3.0,253.0,115.0,3.0,253.0,115.0
