H_mean,S_mean,V_mean,H_std,S_std,V_std,H_median,S_median,V_median,H_mode,S_mode,V_mode
2.855746888627176,250.7148359168603,131.67399815386574,0.3791519534719127,2.0259349055450833,7.611201523186487,3.0,251.0,135.0,3.0,249.0,135.0
