H_mean,S_mean,V_mean,H_std,S_std,V_std,H_median,S_median,V_median,H_mode,S_mode,V_mode
3.0281058025909537,252.69535601744278,117.88665372250692,0.17825000400115817,1.7210559999222501,6.827491122201551,3.0,253.0,120.0,3.0,253.0,124.0
