H_mean,S_mean,V_mean,H_std,S_std,V_std,H_median,S_median,V_median,H_mode,S_mode,V_mode
2.8526593882293025,247.98968711207309,96.94945411719769,0.38493069778443484,2.3025175451213813,5.953681599164344,3.0,248.0,99.0,3.0,250.0,100.0
