H_mean,S_mean,V_mean,H_std,S_std,V_std,H_median,S_median,V_median,H_mode,S_mode,V_mode
2.707515039628227,248.4501702899704,98.02941082853232,0.4643982836149816,2.3258563785657405,6.205121081960349,3.0,248.0,99.0,3.0,250.0,100.0
