H_mean,S_mean,V_mean,H_std,S_std,V_std,H_median,S_median,V_median,H_mode,S_mode,V_mode
3.0099627590158193,252.6540726358341,117.60467262946813,0.14883060601865578,1.7552937630193655,6.463665153456233,3.0,253.0,119.0,3.0,253.0,124.0
