H_mean,S_mean,V_mean,H_std,S_std,V_std,H_median,S_median,V_median,H_mode,S_mode,V_mode
2.626826240570392,247.53493331635738,89.65289492949677,0.6057327049900417,2.8579937098864483,6.675596783187718,3.0,247.0,91.0,3.0,244.0,93.0
