H_mean,S_mean,V_mean,H_std,S_std,V_std,H_median,S_median,V_median,H_mode,S_mode,V_mode
2.6936372027882993,247.83053760702805,94.5466785498297,0.5231542936595779,2.4195206461691745,7.837572732858077,3.0,248.0,96.0,3.0,247.0,100.0
