H_mean,S_mean,V_mean,H_std,S_std,V_std,H_median,S_median,V_median,H_mode,S_mode,V_mode
2.67180189069612,248.07807874717508,97.42858961708629,0.48194249326248506,2.317872351836058,6.103371790395926,3.0,248.0,99.0,3.0,250.0,100.0
