H_mean,S_mean,V_mean,H_std,S_std,V_std,H_median,S_median,V_median,H_mode,S_mode,V_mode
2.853964414170672,252.22487825062865,112.85561956902313,0.3535078647242804,2.2981973535497104,4.060479445475513,3.0,253.0,114.0,3.0,253.0,116.0
