H_mean,S_mean,V_mean,H_std,S_std,V_std,H_median,S_median,V_median,H_mode,S_mode,V_mode
3.0070662380239996,251.7791004869975,132.88990037240984,0.2368539619916389,1.7648110673685653,9.756877402749527,3.0,252.0,136.0,3.0,253.0,141.0
