H_mean,S_mean,V_mean,H_std,S_std,V_std,H_median,S_median,V_median,H_mode,S_mode,V_mode
2.9576662316580196,251.2879651144285,124.79746633987968,0.24053882886720207,2.1150973944083815,10.275192754623172,3.0,251.0,128.0,3.0,253.0,135.0
