H_mean,S_mean,V_mean,H_std,S_std,V_std,H_median,S_median,V_median,H_mode,S_mode,V_mode
2.6467835885030397,247.61399879046377,93.22834770983862,0.5283941022317601,2.4600316866425773,6.085806921453026,3.0,247.0,94.0,3.0,247.0,100.0
