H_mean,S_mean,V_mean,H_std,S_std,V_std,H_median,S_median,V_median,H_mode,S_mode,V_mode
3.000031829901009,252.75716968520229,121.11258235986887,0.1176709252823408,1.394681952699392,5.207927678197453,3.0,253.0,123.0,3.0,253.0,124.0
