H_mean,S_mean,V_mean,H_std,S_std,V_std,H_median,S_median,V_median,H_mode,S_mode,V_mode
2.9460483177897316,252.03068402457268,113.89499315657129,0.23639124736619782,2.308025246523312,7.388998160293398,3.0,253.0,116.0,3.0,253.0,116.0
