H_mean,S_mean,V_mean,H_std,S_std,V_std,H_median,S_median,V_median,H_mode,S_mode,V_mode
2.9693159754273166,250.16949422287297,105.12079447432919,0.2797387623414948,2.771898958656376,5.533288688292043,3.0,250.0,105.0,3.0,250.0,106.0
