H_mean,S_mean,V_mean,H_std,S_std,V_std,H_median,S_median,V_median,H_mode,S_mode,V_mode
2.885985294585734,251.09428016678868,108.86736480249546,0.3424212814769883,2.930627445862785,10.964100256463896,3.0,252.0,113.0,3.0,253.0,116.0
