H_mean,S_mean,V_mean,H_std,S_std,V_std,H_median,S_median,V_median,H_mode,S_mode,V_mode
2.9644460005729383,252.25132889836712,116.76226246936372,0.19797213141091297,2.1242406559708966,7.793700441015691,3.0,253.0,119.0,3.0,253.0,124.0
