H_mean,S_mean,V_mean,H_std,S_std,V_std,H_median,S_median,V_median,H_mode,S_mode,V_mode
2.995957602571856,252.66378075564185,114.67893178852214,0.22879141665571018,1.8357524735620276,4.767240784824833,3.0,253.0,115.0,3.0,253.0,115.0
