H_mean,S_mean,V_mean,H_std,S_std,V_std,H_median,S_median,V_median,H_mode,S_mode,V_mode
2.9904510296972977,251.12989782601775,137.80497819651782,0.1190338767666262,2.0656472636071594,3.5738333576012975,3.0,251.0,138.0,3.0,253.0,141.0
