H_mean,S_mean,V_mean,H_std,S_std,V_std,H_median,S_median,V_median,H_mode,S_mode,V_mode
2.935862749466849,248.83862240188432,99.91778336569374,0.3221199315843431,3.082784324608766,7.6119742243792965,3.0,250.0,102.0,3.0,250.0,106.0
