H_mean,S_mean,V_mean,H_std,S_std,V_std,H_median,S_median,V_median,H_mode,S_mode,V_mode
2.952668937199605,250.52089633001242,132.5095330553522,0.2150306524373761,1.7122044610247433,3.035270316064357,3.0,251.0,133.0,3.0,249.0,135.0
