H_mean,S_mean,V_mean,H_std,S_std,V_std,H_median,S_median,V_median,H_mode,S_mode,V_mode
2.9207435464875706,252.6237387401725,114.94439316293726,0.2903601150214642,1.9885495976730776,5.747941291908521,3.0,253.0,115.0,3.0,253.0,114.0
