H_mean,S_mean,V_mean,H_std,S_std,V_std,H_median,S_median,V_median,H_mode,S_mode,V_mode
2.898558105484292,249.80545564503294,101.4208549511411,0.4149648726078178,2.901077577552282,10.449207571841269,3.0,250.0,105.0,3.0,250.0,109.0
