H_mean,S_mean,V_mean,H_std,S_std,V_std,H_median,S_median,V_median,H_mode,S_mode,V_mode
3.0038195881210807,252.5391666931916,120.14727695196868,0.1644435688571404,1.7594017464683274,7.57577700118002,3.0,253.0,122.0,3.0,253.0,124.0
