H_mean,S_mean,V_mean,H_std,S_std,V_std,H_median,S_median,V_median,H_mode,S_mode,V_mode
2.7883629881911065,250.74542445172995,136.7717159499634,0.41065146915791223,1.9618196819226723,3.953208408681565,3.0,251.0,137.0,3.0,251.0,135.0
