H_mean,S_mean,V_mean,H_std,S_std,V_std,H_median,S_median,V_median,H_mode,S_mode,V_mode
2.806346882261196,250.17967979119584,104.47191011235955,0.4087086135959359,3.026213396153211,8.683322948275991,3.0,250.0,108.0,3.0,250.0,109.0
