H_mean,S_mean,V_mean,H_std,S_std,V_std,H_median,S_median,V_median,H_mode,S_mode,V_mode
2.7957156953241875,250.45230289333801,107.79893051532609,0.4094512767037786,2.8071830716913384,5.60513346297892,3.0,250.0,108.0,3.0,250.0,114.0
