H_mean,S_mean,V_mean,H_std,S_std,V_std,H_median,S_median,V_median,H_mode,S_mode,V_mode
2.939427698379858,252.61969634274436,114.6279084572047,0.24655320056937602,1.8529817186849626,4.588275745256865,3.0,253.0,116.0,3.0,253.0,116.0
