H_mean,S_mean,V_mean,H_std,S_std,V_std,H_median,S_median,V_median,H_mode,S_mode,V_mode
2.8779004997294457,251.27679281917435,108.38447337428781,0.34353622097389674,2.859013160691421,10.638067461408117,3.0,253.0,112.0,3.0,253.0,116.0
