H_mean,S_mean,V_mean,H_std,S_std,V_std,H_median,S_median,V_median,H_mode,S_mode,V_mode
3.002928350892829,252.81745551771334,121.51262055575008,0.08880028831984108,1.3470311245804334,5.085834562966078,3.0,253.0,124.0,3.0,253.0,124.0
