H_mean,S_mean,V_mean,H_std,S_std,V_std,H_median,S_median,V_median,H_mode,S_mode,V_mode
2.9941114683133336,252.66012031702581,116.54419581755101,0.13749442908801182,1.8310583097008053,7.228713127828853,3.0,253.0,118.0,3.0,253.0,124.0
