H_mean,S_mean,V_mean,H_std,S_std,V_std,H_median,S_median,V_median,H_mode,S_mode,V_mode
2.979374224146163,251.31397014355287,124.55810548429194,0.2011105607393762,2.103622859488579,10.195748030323047,3.0,251.0,127.0,3.0,253.0,135.0
