H_mean,S_mean,V_mean,H_std,S_std,V_std,H_median,S_median,V_median,H_mode,S_mode,V_mode
2.7592704586688734,248.07117165865614,95.27265493204317,0.48000384883655717,2.3040529342798832,7.006218903120301,3.0,248.0,97.0,3.0,250.0,100.0
