H_mean,S_mean,V_mean,H_std,S_std,V_std,H_median,S_median,V_median,H_mode,S_mode,V_mode
2.886558232803896,249.83626698920966,101.0279466530859,0.4094042491776931,2.9604265239115373,10.624651858222691,3.0,250.0,105.0,3.0,250.0,109.0
