H_mean,S_mean,V_mean,H_std,S_std,V_std,H_median,S_median,V_median,H_mode,S_mode,V_mode
2.695992615462966,248.08651367094248,96.9572524429449,0.49040401687508006,2.283835480554632,6.694499426803106,3.0,248.0,99.0,3.0,250.0,100.0
