H_mean,S_mean,V_mean,H_std,S_std,V_std,H_median,S_median,V_median,H_mode,S_mode,V_mode
2.810548429194385,250.39558200973994,108.16487888722666,0.3955114958458531,2.869929329969529,5.420754448700323,3.0,250.0,109.0,3.0,250.0,114.0
