H_mean,S_mean,V_mean,H_std,S_std,V_std,H_median,S_median,V_median,H_mode,S_mode,V_mode
2.8521501098131585,251.88884998567656,111.19546742209631,0.3650366542950609,2.2937028652172304,4.1834699423896735,3.0,253.0,112.0,3.0,253.0,114.0
