H_mean,S_mean,V_mean,H_std,S_std,V_std,H_median,S_median,V_median,H_mode,S_mode,V_mode
2.6839290829805518,248.0682114778623,97.22481459082663,0.4714748231336376,2.390329535141932,6.1433027379584075,3.0,248.0,99.0,3.0,250.0,100.0
