H_mean,S_mean,V_mean,H_std,S_std,V_std,H_median,S_median,V_median,H_mode,S_mode,V_mode
2.992233504153802,252.48776140306202,114.56097017538275,0.1561596033405575,2.151635962260072,6.25293784181371,3.0,253.0,116.0,3.0,253.0,116.0
