H_mean,S_mean,V_mean,H_std,S_std,V_std,H_median,S_median,V_median,H_mode,S_mode,V_mode
2.8911735684502022,250.85737021357863,108.02810580259096,0.32630038130209543,2.7831381625425182,4.061345946152741,3.0,250.0,108.0,3.0,250.0,109.0
