H_mean,S_mean,V_mean,H_std,S_std,V_std,H_median,S_median,V_median,H_mode,S_mode,V_mode
2.8404048763408345,250.93264792946493,132.07941560301748,0.3697822662494086,1.9954707677031245,4.485003369286704,3.0,251.0,132.0,3.0,249.0,135.0
