H_mean,S_mean,V_mean,H_std,S_std,V_std,H_median,S_median,V_median,H_mode,S_mode,V_mode
2.9905465194003247,252.41811757965434,115.99621224177993,0.14779082763335943,1.977815009400559,7.643264045580266,3.0,253.0,117.0,3.0,253.0,124.0
