H_mean,S_mean,V_mean,H_std,S_std,V_std,H_median,S_median,V_median,H_mode,S_mode,V_mode
2.7092338542827132,248.68147818060285,99.08664099054651,0.4687473371072002,2.2040771777643204,5.607822676640406,3.0,248.0,99.0,3.0,250.0,100.0
