H_mean,S_mean,V_mean,H_std,S_std,V_std,H_median,S_median,V_median,H_mode,S_mode,V_mode
2.5730655377661775,247.6709424833689,91.43406436005984,0.576813248478549,2.5893026603516947,7.750070159785484,3.0,247.0,93.0,3.0,247.0,95.0
