H_mean,S_mean,V_mean,H_std,S_std,V_std,H_median,S_median,V_median,H_mode,S_mode,V_mode
2.8077155680045833,249.87026132348728,101.6664544673266,0.4386694870186636,3.022195212473228,11.174851969407422,3.0,250.0,105.0,3.0,250.0,109.0
