H_mean,S_mean,V_mean,H_std,S_std,V_std,H_median,S_median,V_median,H_mode,S_mode,V_mode
2.8521182799121494,250.62453448769773,107.15399306108158,0.3713778264200091,2.7947632876503237,5.492404475770836,3.0,250.0,108.0,3.0,250.0,106.0
