H_mean,S_mean,V_mean,H_std,S_std,V_std,H_median,S_median,V_median,H_mode,S_mode,V_mode
2.9292421300569753,249.01327306872076,100.692554986154,0.3171376780231184,3.2814726776047203,7.870282586731615,3.0,250.0,103.0,3.0,250.0,106.0
