H_mean,S_mean,V_mean,H_std,S_std,V_std,H_median,S_median,V_median,H_mode,S_mode,V_mode
2.6703377152497056,247.64067224750931,93.25104242925805,0.546730440749513,2.5680485975751433,6.031269391884082,3.0,247.0,94.0,3.0,247.0,100.0
