H_mean,S_mean,V_mean,H_std,S_std,V_std,H_median,S_median,V_median,H_mode,S_mode,V_mode
2.8970621001368686,251.87248941655793,112.0766782315307,0.31020638208408324,2.2697033094989174,4.872653438563831,3.0,253.0,113.0,3.0,253.0,106.0
