H_mean,S_mean,V_mean,H_std,S_std,V_std,H_median,S_median,V_median,H_mode,S_mode,V_mode
2.9259636502530477,252.812776522265,115.90501957538912,0.2668912655406082,1.7391735711149767,4.4332204341516235,3.0,253.0,116.0,3.0,253.0,116.0
