H_mean,S_mean,V_mean,H_std,S_std,V_std,H_median,S_median,V_median,H_mode,S_mode,V_mode
3.020371136645765,252.37661138873858,117.23668714390298,0.1837699796373862,2.0342428734690574,7.460305777021959,3.0,253.0,119.0,3.0,253.0,124.0
