H_mean,S_mean,V_mean,H_std,S_std,V_std,H_median,S_median,V_median,H_mode,S_mode,V_mode
2.984817137218703,252.24324410351085,115.76229429926472,0.17659724131364224,2.2087915565048015,8.222942399049192,3.0,253.0,118.0,3.0,253.0,124.0
