H_mean,S_mean,V_mean,H_std,S_std,V_std,H_median,S_median,V_median,H_mode,S_mode,V_mode
2.729095712512334,247.64118152592545,89.83935448960754,0.5809045879906848,2.8172752268865118,6.437245355954725,3.0,247.0,91.0,3.0,250.0,93.0
