H_mean,S_mean,V_mean,H_std,S_std,V_std,H_median,S_median,V_median,H_mode,S_mode,V_mode
3.0367953655664133,251.91253143202724,112.59671515421587,0.22507281433663442,2.3313883566873446,7.948407576115499,3.0,253.0,115.0,3.0,253.0,118.0
