H_mean,S_mean,V_mean,H_std,S_std,V_std,H_median,S_median,V_median,H_mode,S_mode,V_mode
2.675621478817201,248.2618645956011,98.15020530286151,0.4808948113035175,2.223410067695864,6.488025887763468,3.0,248.0,100.0,3.0,250.0,100.0
