H_mean,S_mean,V_mean,H_std,S_std,V_std,H_median,S_median,V_median,H_mode,S_mode,V_mode
2.82162523474552,250.43199541649426,137.05490657924054,0.38283400244076016,1.7727473018338742,3.782095845719826,3.0,251.0,136.0,3.0,249.0,135.0
