H_mean,S_mean,V_mean,H_std,S_std,V_std,H_median,S_median,V_median,H_mode,S_mode,V_mode
2.6379667059235445,247.5925772670847,89.27166820511188,0.675573144921962,2.539182311520213,7.219101663082313,3.0,247.0,90.0,2.0,246.0,90.0
