H_mean,S_mean,V_mean,H_std,S_std,V_std,H_median,S_median,V_median,H_mode,S_mode,V_mode
2.97529999681701,252.19518095298724,113.29942387879174,0.23417801547393144,2.230460458691985,5.127668271877937,3.0,253.0,114.0,3.0,253.0,115.0
