H_mean,S_mean,V_mean,H_std,S_std,V_std,H_median,S_median,V_median,H_mode,S_mode,V_mode
2.8003628608715028,250.17824744565044,106.24741382054302,0.4086331171437283,2.8842572439469003,5.61695298374918,3.0,250.0,107.0,3.0,250.0,109.0
