H_mean,S_mean,V_mean,H_std,S_std,V_std,H_median,S_median,V_median,H_mode,S_mode,V_mode
2.972117006716109,249.61387147085972,102.48419645414903,0.28898230862299357,3.1181271497050536,7.063930127561278,3.0,250.0,104.0,3.0,250.0,106.0
