H_mean,S_mean,V_mean,H_std,S_std,V_std,H_median,S_median,V_median,H_mode,S_mode,V_mode
2.9775599197886495,250.19422605595696,104.44568227392813,0.3016791425505023,2.958130456429297,5.9973934283841075,3.0,250.0,105.0,3.0,250.0,106.0
