H_mean,S_mean,V_mean,H_std,S_std,V_std,H_median,S_median,V_median,H_mode,S_mode,V_mode
2.5933730146099245,247.7926600248273,92.86297227615623,0.5748179886429603,2.395281916272086,8.231520451424645,3.0,247.0,95.0,3.0,247.0,95.0
