H_mean,S_mean,V_mean,H_std,S_std,V_std,H_median,S_median,V_median,H_mode,S_mode,V_mode
2.9857083744469555,251.40656332558805,137.74577458064104,0.1391824527756302,1.9226509470499968,3.193560999198482,3.0,251.0,138.0,3.0,253.0,141.0
