H_mean,S_mean,V_mean,H_std,S_std,V_std,H_median,S_median,V_median,H_mode,S_mode,V_mode
3.028360441799026,252.80762007830157,123.63888977305281,0.19752501963775684,2.861017863624912,3.197324908380532,3.0,253.0,124.0,3.0,253.0,125.0
