H_mean,S_mean,V_mean,H_std,S_std,V_std,H_median,S_median,V_median,H_mode,S_mode,V_mode
2.938249992042525,249.2420982270745,102.15380208167552,0.3110827927818223,2.46170440326152,4.250514237906788,3.0,250.0,102.0,3.0,250.0,106.0
