H_mean,S_mean,V_mean,H_std,S_std,V_std,H_median,S_median,V_median,H_mode,S_mode,V_mode
2.9131043702454087,251.95785721106407,112.01604227010854,0.28371326689392506,2.250245459175992,5.007264631781242,3.0,253.0,113.0,3.0,253.0,116.0
