H_mean,S_mean,V_mean,H_std,S_std,V_std,H_median,S_median,V_median,H_mode,S_mode,V_mode
2.8922239551834994,250.24359423242194,104.43263201451444,0.350572956411506,3.033022004051184,8.839736231676685,3.0,250.0,106.0,3.0,250.0,109.0
