H_mean,S_mean,V_mean,H_std,S_std,V_std,H_median,S_median,V_median,H_mode,S_mode,V_mode
2.854250883279753,249.67826336060094,101.43902982461725,0.40635762739714526,2.929884122583098,10.147482382454454,3.0,250.0,104.0,3.0,250.0,109.0
