H_mean,S_mean,V_mean,H_std,S_std,V_std,H_median,S_median,V_median,H_mode,S_mode,V_mode
3.0181430435751344,252.41226087786868,116.57109208390362,0.1780244903405323,1.9935469896344242,7.010209064303429,3.0,253.0,118.0,3.0,253.0,124.0
