H_mean,S_mean,V_mean,H_std,S_std,V_std,H_median,S_median,V_median,H_mode,S_mode,V_mode
2.644937454244517,247.48636088741765,92.82070216761626,0.5467184933452254,2.3768523772164047,6.290185339498257,3.0,247.0,94.0,3.0,247.0,100.0
