H_mean,S_mean,V_mean,H_std,S_std,V_std,H_median,S_median,V_median,H_mode,S_mode,V_mode
2.853868924467645,250.7721297386765,131.69853900754367,0.3793981634034438,1.944886775199746,4.605308903444324,3.0,251.0,132.0,3.0,249.0,135.0
