H_mean,S_mean,V_mean,H_std,S_std,V_std,H_median,S_median,V_median,H_mode,S_mode,V_mode
3.0014323455454055,252.3162300665245,121.64742018652322,0.17778089353331025,1.74201271464123,8.387441109577594,3.0,253.0,124.0,3.0,253.0,130.0
