H_mean,S_mean,V_mean,H_std,S_std,V_std,H_median,S_median,V_median,H_mode,S_mode,V_mode
2.632046344335869,247.51227042683897,93.26390170926568,0.5114694119890161,2.6754307521216454,4.810520362062944,3.0,247.0,94.0,3.0,247.0,94.0
