H_mean,S_mean,V_mean,H_std,S_std,V_std,H_median,S_median,V_median,H_mode,S_mode,V_mode
2.7558646592609097,246.48301874781168,86.97265811503327,0.6186424021297433,2.475659394056843,4.635276466493728,3.0,246.0,88.0,3.0,246.0,89.0
