H_mean,S_mean,V_mean,H_std,S_std,V_std,H_median,S_median,V_median,H_mode,S_mode,V_mode
3.005538402775567,252.88184740745456,120.4187541776745,0.0864952071834446,1.3549160880166395,4.763007300235517,3.0,253.0,121.0,3.0,253.0,125.0
