H_mean,S_mean,V_mean,H_std,S_std,V_std,H_median,S_median,V_median,H_mode,S_mode,V_mode
2.975204507113983,251.39313110736225,132.84607059872044,0.2660486881695845,2.0360220326030354,6.6853021245332584,3.0,251.0,135.0,3.0,253.0,135.0
