H_mean,S_mean,V_mean,H_std,S_std,V_std,H_median,S_median,V_median,H_mode,S_mode,V_mode
2.9362765381799663,252.10656650857817,114.1155743705637,0.2562203996975465,2.2782980926944028,7.493786895677678,3.0,253.0,116.0,3.0,253.0,116.0
