H_mean,S_mean,V_mean,H_std,S_std,V_std,H_median,S_median,V_median,H_mode,S_mode,V_mode
2.704777668141452,248.2957316102747,97.90842537479709,0.47165697575254484,2.419557320455859,5.991600148461205,3.0,248.0,99.0,3.0,250.0,100.0
