H_mean,S_mean,V_mean,H_std,S_std,V_std,H_median,S_median,V_median,H_mode,S_mode,V_mode
2.9887322150428113,252.08005220103766,115.23697361301207,0.21320155274315378,2.350371164621512,8.743826683750948,3.0,253.0,116.0,3.0,253.0,124.0
