H_mean,S_mean,V_mean,H_std,S_std,V_std,H_median,S_median,V_median,H_mode,S_mode,V_mode
2.732851640831397,248.03803673170577,91.08609988222936,0.6146507240094966,2.614207877618079,7.361950133808415,3.0,248.0,93.0,3.0,247.0,95.0
