H_mean,S_mean,V_mean,H_std,S_std,V_std,H_median,S_median,V_median,H_mode,S_mode,V_mode
2.9823662348410096,252.73772161568579,121.9208708660916,0.16662504835307815,1.421541435199082,6.079122656216493,3.0,253.0,124.0,3.0,253.0,125.0
