H_mean,S_mean,V_mean,H_std,S_std,V_std,H_median,S_median,V_median,H_mode,S_mode,V_mode
3.0011140465353154,252.81328580068117,121.53079542922622,0.11011964931319344,1.3426361056082463,4.869340869264481,3.0,253.0,123.0,3.0,253.0,124.0
