H_mean,S_mean,V_mean,H_std,S_std,V_std,H_median,S_median,V_median,H_mode,S_mode,V_mode
2.9911512875194957,252.79953528344527,121.89432472865009,0.1611191658291453,1.3622969032232939,5.812458077094894,3.0,253.0,124.0,3.0,253.0,125.0
