H_mean,S_mean,V_mean,H_std,S_std,V_std,H_median,S_median,V_median,H_mode,S_mode,V_mode
2.9847853073176944,252.03256198873223,119.50116179138683,0.16876015629283392,2.079139060996342,10.86430736036614,3.0,253.0,124.0,3.0,253.0,130.0
