H_mean,S_mean,V_mean,H_std,S_std,V_std,H_median,S_median,V_median,H_mode,S_mode,V_mode
2.9854855651398924,251.97437692968774,121.08164369608811,0.15526797129922218,2.003612517830426,10.948564817058617,3.0,253.0,125.0,3.0,253.0,130.0
