H_mean,S_mean,V_mean,H_std,S_std,V_std,H_median,S_median,V_median,H_mode,S_mode,V_mode
2.6060094853105005,247.61294840373046,91.21898971894197,0.584614768318028,2.637759424817051,8.277213665608398,3.0,247.0,94.0,3.0,247.0,95.0
