H_mean,S_mean,V_mean,H_std,S_std,V_std,H_median,S_median,V_median,H_mode,S_mode,V_mode
2.9418786007575517,251.58983989559792,132.93468504312952,0.2641386685373466,1.84723998080531,9.597379251305803,3.0,251.0,136.0,3.0,253.0,142.0
