H_mean,S_mean,V_mean,H_std,S_std,V_std,H_median,S_median,V_median,H_mode,S_mode,V_mode
2.840977814558997,250.28099436610754,104.36744437724799,0.4268313932292388,2.96031698095081,10.900907087984873,3.0,250.0,107.0,3.0,250.0,115.0
