H_mean,S_mean,V_mean,H_std,S_std,V_std,H_median,S_median,V_median,H_mode,S_mode,V_mode
2.570805614794538,247.74835280262278,94.75506891173569,0.5320377208655253,2.3634498086508424,6.310907084771107,3.0,247.0,95.0,3.0,247.0,95.0
