H_mean,S_mean,V_mean,H_std,S_std,V_std,H_median,S_median,V_median,H_mode,S_mode,V_mode
2.995862112868829,252.4353057261992,119.82337587930101,0.12276290428392742,1.8472234555666622,7.72172242591559,3.0,253.0,121.0,3.0,253.0,125.0
