H_mean,S_mean,V_mean,H_std,S_std,V_std,H_median,S_median,V_median,H_mode,S_mode,V_mode
2.9218575930228856,252.86274946684915,115.91549161282109,0.2773813709866525,1.6779681987284205,5.157108438914875,3.0,253.0,116.0,3.0,253.0,115.0
