H_mean,S_mean,V_mean,H_std,S_std,V_std,H_median,S_median,V_median,H_mode,S_mode,V_mode
2.914473055988796,248.816214151574,100.30375274532896,0.3135788787302139,3.295823555125273,7.395818059072431,3.0,249.0,102.0,3.0,250.0,106.0
