H_mean,S_mean,V_mean,H_std,S_std,V_std,H_median,S_median,V_median,H_mode,S_mode,V_mode
2.6407677372123373,247.72982780023554,93.47900818028457,0.5400235508903735,2.589539755175385,6.107741599403859,3.0,247.0,94.0,3.0,247.0,100.0
