H_mean,S_mean,V_mean,H_std,S_std,V_std,H_median,S_median,V_median,H_mode,S_mode,V_mode
3.043734283986377,252.5805455645033,117.06155902855141,0.23357074577901157,1.923085178376687,6.926390376875744,3.0,253.0,119.0,3.0,253.0,124.0
