H_mean,S_mean,V_mean,H_std,S_std,V_std,H_median,S_median,V_median,H_mode,S_mode,V_mode
2.9549288601712447,252.54075818824202,151.45574052264698,0.20761686830718082,1.5515919515234073,8.327265502618841,3.0,253.0,153.0,3.0,253.0,156.0
