H_mean,S_mean,V_mean,H_std,S_std,V_std,H_median,S_median,V_median,H_mode,S_mode,V_mode
3.2301301842951267,254.31638921602953,169.03052487506764,0.42092270319320896,0.9473182497615954,4.693026859370823,3.0,255.0,170.0,3.0,255.0,172.0
