H_mean,S_mean,V_mean,H_std,S_std,V_std,H_median,S_median,V_median,H_mode,S_mode,V_mode
2.987936467517586,253.35582646337969,164.85275487793234,0.11147949432228944,1.2427945619991076,6.704100192108746,3.0,253.0,167.0,3.0,253.0,169.0
