H_mean,S_mean,V_mean,H_std,S_std,V_std,H_median,S_median,V_median,H_mode,S_mode,V_mode
3.0268644364516026,254.35993252060987,169.97011172295254,0.16168973576886797,0.9276041988982091,7.733412584167807,3.0,255.0,171.0,3.0,255.0,175.0
