H_mean,S_mean,V_mean,H_std,S_std,V_std,H_median,S_median,V_median,H_mode,S_mode,V_mode
3.0008912372282524,254.1883693541713,171.7558646592609,0.05752930336828805,1.220386811636266,10.166404943160257,3.0,255.0,175.0,3.0,255.0,176.0
