H_mean,S_mean,V_mean,H_std,S_std,V_std,H_median,S_median,V_median,H_mode,S_mode,V_mode
3.0054747429735493,253.56167043320497,185.09571251233407,0.0737898602447161,1.3239912190581766,5.172148509919716,3.0,254.0,186.0,3.0,254.0,190.0
