H_mean,S_mean,V_mean,H_std,S_std,V_std,H_median,S_median,V_median,H_mode,S_mode,V_mode
3.0229811885285036,253.25075596014895,152.2264379157781,0.15005808885864153,1.7093206095789562,7.405290988732721,3.0,253.0,154.0,3.0,253.0,159.0
