H_mean,S_mean,V_mean,H_std,S_std,V_std,H_median,S_median,V_median,H_mode,S_mode,V_mode
3.1970589171467676,254.14800903969189,168.68214660852405,0.3977835301017759,1.016225602708111,4.188706350081633,3.0,255.0,169.0,3.0,255.0,166.0
