H_mean,S_mean,V_mean,H_std,S_std,V_std,H_median,S_median,V_median,H_mode,S_mode,V_mode
2.9980902059394596,254.0663653436038,171.90648375083555,0.062287431324299765,1.380783992520677,11.88706465558997,3.0,255.0,175.0,3.0,255.0,178.0
