H_mean,S_mean,V_mean,H_std,S_std,V_std,H_median,S_median,V_median,H_mode,S_mode,V_mode
2.9982493554445044,253.71397650953307,168.7381354043989,0.07111997259082233,1.5342598130723861,13.096049552341613,3.0,254.0,172.0,3.0,255.0,175.0
