H_mean,S_mean,V_mean,H_std,S_std,V_std,H_median,S_median,V_median,H_mode,S_mode,V_mode
3.007989305153261,253.51959130407104,184.8926377438966,0.08902656025917462,1.2810715712939098,4.612481223553039,3.0,254.0,186.0,3.0,254.0,186.0
