H_mean,S_mean,V_mean,H_std,S_std,V_std,H_median,S_median,V_median,H_mode,S_mode,V_mode
3.2174937135945507,254.30082439443612,169.10405194639844,0.4125477129387512,0.9652068630719876,4.708307347474178,3.0,255.0,170.0,3.0,255.0,172.0
