H_mean,S_mean,V_mean,H_std,S_std,V_std,H_median,S_median,V_median,H_mode,S_mode,V_mode
2.999904510296973,254.3279752999968,174.04640799567113,0.020341896809700225,1.0963650167543868,6.700356537472925,3.0,255.0,175.0,3.0,255.0,169.0
