H_mean,S_mean,V_mean,H_std,S_std,V_std,H_median,S_median,V_median,H_mode,S_mode,V_mode
3.867078333386383,254.24954642391063,197.14972785434637,0.34581233366011843,1.0393265954359787,8.82929471300033,4.0,255.0,199.0,4.0,255.0,203.0
