H_mean,S_mean,V_mean,H_std,S_std,V_std,H_median,S_median,V_median,H_mode,S_mode,V_mode
3.000190979406054,254.17162682624058,174.92987872807714,0.017840198080291702,1.0765604055876317,8.76344781812497,3.0,255.0,176.0,3.0,255.0,178.0
