H_mean,S_mean,V_mean,H_std,S_std,V_std,H_median,S_median,V_median,H_mode,S_mode,V_mode
3.000732087723207,254.2342680714263,173.50638189515232,0.039486438501270094,1.0501159035170382,7.616418765485744,3.0,255.0,175.0,3.0,255.0,180.0
