H_mean,S_mean,V_mean,H_std,S_std,V_std,H_median,S_median,V_median,H_mode,S_mode,V_mode
3.000031829901009,254.212018970621,173.9300060476812,0.005641799447783292,1.0515237715165295,8.040036775111036,3.0,255.0,175.0,3.0,255.0,178.0
