H_mean,S_mean,V_mean,H_std,S_std,V_std,H_median,S_median,V_median,H_mode,S_mode,V_mode
3.0021007734665943,254.19750453576088,173.441735366203,0.055812330182336244,1.0567287816490494,7.927212956925401,3.0,255.0,175.0,3.0,255.0,178.0
