H_mean,S_mean,V_mean,H_std,S_std,V_std,H_median,S_median,V_median,H_mode,S_mode,V_mode
3.870165833784257,254.3091319985995,197.16389216029538,0.33848544633015337,0.9817812960596914,8.37458047565344,4.0,255.0,198.0,4.0,255.0,205.0
