H_mean,S_mean,V_mean,H_std,S_std,V_std,H_median,S_median,V_median,H_mode,S_mode,V_mode
3.0018779641595317,254.15240156603113,174.42196899767643,0.04329546252441849,1.1120434374411314,6.542657807055202,3.0,255.0,175.0,3.0,255.0,175.0
