H_mean,S_mean,V_mean,H_std,S_std,V_std,H_median,S_median,V_median,H_mode,S_mode,V_mode
3.000286469109081,253.78333386383167,183.03685902536844,0.016923243202532162,1.2274986938440267,6.475068533804347,3.0,254.0,184.0,3.0,254.0,186.0
