H_mean,S_mean,V_mean,H_std,S_std,V_std,H_median,S_median,V_median,H_mode,S_mode,V_mode
3.0179202342680713,253.10386096699239,149.98077473979055,0.14171263519395363,1.8671508458485722,5.239035344428561,3.0,253.0,152.0,3.0,255.0,153.0
