H_mean,S_mean,V_mean,H_std,S_std,V_std,H_median,S_median,V_median,H_mode,S_mode,V_mode
3.025432090906197,254.3703727281408,169.87694560269918,0.15743598253602206,0.9099781961808867,7.752596909387588,3.0,255.0,171.0,3.0,255.0,175.0
