H_mean,S_mean,V_mean,H_std,S_std,V_std,H_median,S_median,V_median,H_mode,S_mode,V_mode
3.0066524493108826,253.16280994366107,150.06738390043606,0.09055357686532851,1.8064993428731986,5.2605114080129365,3.0,253.0,152.0,3.0,255.0,153.0
