H_mean,S_mean,V_mean,H_std,S_std,V_std,H_median,S_median,V_median,H_mode,S_mode,V_mode
2.9583983193812267,252.5416494254703,151.82032020880416,0.20047583161087848,1.5306451923371007,7.5817308606763705,3.0,253.0,153.0,3.0,253.0,156.0
