H_mean,S_mean,V_mean,H_std,S_std,V_std,H_median,S_median,V_median,H_mode,S_mode,V_mode
2.999936340197982,253.95801636056913,171.21459719260272,0.06432740311252902,1.4026833162644807,9.943248669134242,3.0,255.0,175.0,3.0,255.0,178.0
