H_mean,S_mean,V_mean,H_std,S_std,V_std,H_median,S_median,V_median,H_mode,S_mode,V_mode
3.0314479421968996,254.33220867683102,169.9112900658879,0.17452775901074497,0.9643462295081178,7.769911387091576,3.0,255.0,171.0,3.0,255.0,175.0
