H_mean,S_mean,V_mean,H_std,S_std,V_std,H_median,S_median,V_median,H_mode,S_mode,V_mode
3.2260559569659737,254.30620364770667,168.98449883820862,0.4182824766267182,0.94363563318051,4.729994698885355,3.0,255.0,170.0,3.0,255.0,172.0
