H_mean,S_mean,V_mean,H_std,S_std,V_std,H_median,S_median,V_median,H_mode,S_mode,V_mode
2.999936340197982,254.22850685934367,172.3187764586052,0.03090183445713654,1.1117034485183253,8.52947012638202,3.0,255.0,174.0,3.0,255.0,178.0
