H_mean,S_mean,V_mean,H_std,S_std,V_std,H_median,S_median,V_median,H_mode,S_mode,V_mode
2.954483241557119,252.48426011395105,150.9603717732438,0.2084379189045597,1.5317959594188706,8.623866538044718,3.0,253.0,153.0,3.0,253.0,156.0
