H_mean,S_mean,V_mean,H_std,S_std,V_std,H_median,S_median,V_median,H_mode,S_mode,V_mode
3.0044561861412613,253.96661043384154,169.33421396059458,0.08318221603846282,1.4502615864020876,13.853250615998808,3.0,255.0,174.0,3.0,255.0,176.0
