H_mean,S_mean,V_mean,H_std,S_std,V_std,H_median,S_median,V_median,H_mode,S_mode,V_mode
3.00031829901009,254.19979628863354,171.18489989496132,0.028766342334323455,1.1051894899824817,7.099431406517138,3.0,255.0,172.0,3.0,255.0,178.0
