H_mean,S_mean,V_mean,H_std,S_std,V_std,H_median,S_median,V_median,H_mode,S_mode,V_mode
3.0034057994079637,254.11296431868098,172.91364547856256,0.05934333690970652,1.1597628907899074,6.860061078388082,3.0,255.0,173.0,3.0,255.0,175.0
