H_mean,S_mean,V_mean,H_std,S_std,V_std,H_median,S_median,V_median,H_mode,S_mode,V_mode
2.9974536079192795,253.742050482223,167.0392144380431,0.05346305226530742,1.2748369916810005,8.034893519661907,3.0,254.0,169.0,3.0,255.0,169.0
