H_mean,S_mean,V_mean,H_std,S_std,V_std,H_median,S_median,V_median,H_mode,S_mode,V_mode
2.9939204889072797,253.77034726422002,167.5551134735971,0.0828875548335516,1.3679930093659685,9.356672852692308,3.0,254.0,170.0,3.0,255.0,169.0
