H_mean,S_mean,V_mean,H_std,S_std,V_std,H_median,S_median,V_median,H_mode,S_mode,V_mode
2.998440334850559,253.31186937008627,160.32921666613618,0.056678829378883154,1.4512306087779605,10.347680007556038,3.0,253.0,163.0,3.0,253.0,169.0
