H_mean,S_mean,V_mean,H_std,S_std,V_std,H_median,S_median,V_median,H_mode,S_mode,V_mode
3.000286469109081,253.80195435592196,167.31743960276285,0.0720302502064638,1.3070415161383233,7.976073477403247,3.0,254.0,169.0,3.0,255.0,169.0
