H_mean,S_mean,V_mean,H_std,S_std,V_std,H_median,S_median,V_median,H_mode,S_mode,V_mode
2.9937295095012253,253.44437724798675,165.79027278225163,0.07893902578296075,1.1855091401339994,6.454989767652983,3.0,253.0,167.0,3.0,253.0,169.0
