H_mean,S_mean,V_mean,H_std,S_std,V_std,H_median,S_median,V_median,H_mode,S_mode,V_mode
3.000286469109081,254.17576471337173,171.89346532132285,0.029314716710236985,1.162686842756953,7.229610362448387,3.0,255.0,174.0,3.0,255.0,178.0
