H_mean,S_mean,V_mean,H_std,S_std,V_std,H_median,S_median,V_median,H_mode,S_mode,V_mode
3.0343762930897284,253.28573702135787,152.3767068784416,0.18219665248418185,1.676998205313167,7.240614065481754,3.0,253.0,154.0,3.0,255.0,159.0
