H_mean,S_mean,V_mean,H_std,S_std,V_std,H_median,S_median,V_median,H_mode,S_mode,V_mode
3.000509278416144,253.99525734474966,171.28930197027088,0.07938678501893373,1.4023050858745436,10.271941452655396,3.0,255.0,175.0,3.0,255.0,176.0
