H_mean,S_mean,V_mean,H_std,S_std,V_std,H_median,S_median,V_median,H_mode,S_mode,V_mode
3.0051882738644684,253.65432727504216,155.06340516280994,0.07359461449668776,1.4437063677774047,4.0204931530092844,3.0,253.0,156.0,3.0,255.0,156.0
