H_mean,S_mean,V_mean,H_std,S_std,V_std,H_median,S_median,V_median,H_mode,S_mode,V_mode
3.0010185568322885,254.23659165419997,169.9551516694783,0.04144673539477327,1.1186376016624808,7.185046862622164,3.0,255.0,171.0,3.0,255.0,176.0
