H_mean,S_mean,V_mean,H_std,S_std,V_std,H_median,S_median,V_median,H_mode,S_mode,V_mode
3.008148454658306,253.68529776872393,183.79555654581915,0.08990169411229869,1.2229182307971858,4.5184941655654125,3.0,254.0,184.0,3.0,254.0,183.0
