H_mean,S_mean,V_mean,H_std,S_std,V_std,H_median,S_median,V_median,H_mode,S_mode,V_mode
3.007034408122991,253.13664576503166,150.01222268198745,0.08546026388763332,1.7969251575917728,5.528548573364724,3.0,253.0,152.0,3.0,255.0,153.0
