H_mean,S_mean,V_mean,H_std,S_std,V_std,H_median,S_median,V_median,H_mode,S_mode,V_mode
2.9985676544545945,254.0632141834039,172.1523697361301,0.06306197423103511,1.2789611225859532,9.406668321050333,3.0,255.0,175.0,3.0,255.0,178.0
