H_mean,S_mean,V_mean,H_std,S_std,V_std,H_median,S_median,V_median,H_mode,S_mode,V_mode
3.214247063691632,254.10376547728936,168.59050832351912,0.4103055178457276,1.0301311805038422,4.056996559553254,3.0,255.0,169.0,3.0,255.0,166.0
