H_mean,S_mean,V_mean,H_std,S_std,V_std,H_median,S_median,V_median,H_mode,S_mode,V_mode
2.9947162364325046,253.76124391253143,165.17197695515168,0.0729360989962449,1.3505708385298654,10.382415768239948,3.0,254.0,169.0,3.0,255.0,169.0
