H_mean,S_mean,V_mean,H_std,S_std,V_std,H_median,S_median,V_median,H_mode,S_mode,V_mode
3.000286469109081,254.33077633128562,181.37552917210428,0.01692324320253216,0.9405314051531974,4.584421266442988,3.0,255.0,181.0,3.0,255.0,182.0
