H_mean,S_mean,V_mean,H_std,S_std,V_std,H_median,S_median,V_median,H_mode,S_mode,V_mode
3.0257185600152785,253.25998663144156,152.11500143234554,0.1586985725633769,1.7465308952001115,7.441926723525202,3.0,253.0,154.0,3.0,255.0,159.0
