H_mean,S_mean,V_mean,H_std,S_std,V_std,H_median,S_median,V_median,H_mode,S_mode,V_mode
3.004010567527135,253.93551262055576,168.8165642804851,0.08008595071084504,1.5262467776105129,13.60152885111596,3.0,255.0,173.0,3.0,255.0,176.0
