H_mean,S_mean,V_mean,H_std,S_std,V_std,H_median,S_median,V_median,H_mode,S_mode,V_mode
2.995289174650667,253.8759270458669,168.4956870484133,0.06939817269990911,1.2692415614666805,7.416000331140779,3.0,254.0,170.0,3.0,255.0,169.0
