H_mean,S_mean,V_mean,H_std,S_std,V_std,H_median,S_median,V_median,H_mode,S_mode,V_mode
3.000413788713117,253.79533373651208,183.9091892924213,0.020337911835802917,1.1475108401541783,3.5984282577261384,3.0,254.0,185.0,3.0,254.0,186.0
