H_mean,S_mean,V_mean,H_std,S_std,V_std,H_median,S_median,V_median,H_mode,S_mode,V_mode
3.003342139605946,253.58360123500015,184.60830123818315,0.057715472246280236,1.2574285423929055,5.357132792308503,3.0,254.0,185.0,3.0,254.0,186.0
