H_mean,S_mean,V_mean,H_std,S_std,V_std,H_median,S_median,V_median,H_mode,S_mode,V_mode
3.0545882802304485,253.92564535124296,187.88932743419167,0.22857528501164714,1.1888774969336788,10.686244891416205,3.0,254.0,192.0,3.0,255.0,198.0
