H_mean,S_mean,V_mean,H_std,S_std,V_std,H_median,S_median,V_median,H_mode,S_mode,V_mode
2.999649871088901,253.91246777222523,169.65996116752078,0.10076675558185504,1.4739405820779936,14.821293892465125,3.0,254.0,174.0,3.0,255.0,176.0
