H_mean,S_mean,V_mean,H_std,S_std,V_std,H_median,S_median,V_median,H_mode,S_mode,V_mode
3.0273737148677466,253.23627335518987,152.1469586529586,0.16549677948926486,1.7148108441926277,7.398839224567496,3.0,253.0,154.0,3.0,253.0,159.0
