H_mean,S_mean,V_mean,H_std,S_std,V_std,H_median,S_median,V_median,H_mode,S_mode,V_mode
2.9935385300951713,253.30133367285228,164.64777031543431,0.08012442609486871,1.234945944500675,6.933728606110822,3.0,253.0,167.0,3.0,253.0,169.0
