H_mean,S_mean,V_mean,H_std,S_std,V_std,H_median,S_median,V_median,H_mode,S_mode,V_mode
2.948403730464398,252.50647738485534,151.54043988923195,0.2213578865794979,1.5349975867812227,8.02203419133004,3.0,253.0,153.0,3.0,253.0,156.0
