H_mean,S_mean,V_mean,H_std,S_std,V_std,H_median,S_median,V_median,H_mode,S_mode,V_mode
3.0790018143043576,253.88009676289906,187.53486965655537,0.27186164971490084,1.2257492850129372,10.650180508582698,3.0,254.0,192.0,3.0,255.0,198.0
