H_mean,S_mean,V_mean,H_std,S_std,V_std,H_median,S_median,V_median,H_mode,S_mode,V_mode
3.0837126396536907,253.79425151987778,186.4643345959194,0.2793638731056689,1.226199981120674,10.612215622273892,3.0,254.0,191.0,3.0,254.0,191.0
