H_mean,S_mean,V_mean,H_std,S_std,V_std,H_median,S_median,V_median,H_mode,S_mode,V_mode
3.2168889454753797,254.17671961040202,168.72744055765986,0.4121329120893324,0.9986439226943471,4.114941508423934,3.0,255.0,169.0,3.0,255.0,166.0
