H_mean,S_mean,V_mean,H_std,S_std,V_std,H_median,S_median,V_median,H_mode,S_mode,V_mode
3.000190979406054,254.1721042747557,171.83193812267243,0.026462117030772652,1.1406726984842546,7.264288172187107,3.0,255.0,174.0,3.0,255.0,176.0
