H_mean,S_mean,V_mean,H_std,S_std,V_std,H_median,S_median,V_median,H_mode,S_mode,V_mode
2.999809020593946,254.28401820670337,173.87936467517585,0.021109152618697537,1.1399507439689582,7.092971824524972,3.0,255.0,175.0,3.0,255.0,169.0
