H_mean,S_mean,V_mean,H_std,S_std,V_std,H_median,S_median,V_median,H_mode,S_mode,V_mode
2.9503453544259477,252.52003692268516,151.57131489321068,0.2176730330175181,1.4857316966635132,7.912408157940006,3.0,253.0,153.0,3.0,253.0,156.0
