H_mean,S_mean,V_mean,H_std,S_std,V_std,H_median,S_median,V_median,H_mode,S_mode,V_mode
2.99551198395773,253.26285132253238,162.08788235668587,0.0687216362163426,1.4226219639932252,8.66617760174685,3.0,253.0,164.0,3.0,253.0,169.0
