H_mean,S_mean,V_mean,H_std,S_std,V_std,H_median,S_median,V_median,H_mode,S_mode,V_mode
2.9934430403921444,253.34369927109526,164.805646624439,0.08071042828560486,1.2404041568496174,6.8758250154073455,3.0,253.0,167.0,3.0,253.0,169.0
