H_mean,S_mean,V_mean,H_std,S_std,V_std,H_median,S_median,V_median,H_mode,S_mode,V_mode
3.0022599229716396,254.43973008243944,180.0127319604036,0.047485655651443755,0.8276889744481725,4.164581502248068,3.0,255.0,180.0,3.0,255.0,182.0
