H_mean,S_mean,V_mean,H_std,S_std,V_std,H_median,S_median,V_median,H_mode,S_mode,V_mode
2.7830792246236116,251.69201387783684,141.44510933570996,0.4157687644769663,1.468516969409361,7.186503755757732,3.0,252.0,142.0,3.0,253.0,142.0
