H_mean,S_mean,V_mean,H_std,S_std,V_std,H_median,S_median,V_median,H_mode,S_mode,V_mode
2.959162237005443,252.763217366394,149.20982270745137,0.20393733450331192,1.6449912207260415,9.932261741287498,3.0,253.0,153.0,3.0,253.0,153.0
