H_mean,S_mean,V_mean,H_std,S_std,V_std,H_median,S_median,V_median,H_mode,S_mode,V_mode
2.983384791673298,253.34856924594965,155.26893083362512,0.14354443830905947,1.477742281121605,6.1772498898386825,3.0,253.0,157.0,3.0,253.0,153.0
