H_mean,S_mean,V_mean,H_std,S_std,V_std,H_median,S_median,V_median,H_mode,S_mode,V_mode
3.0437024540853677,251.39227170003502,136.43689722124964,0.21594485139333547,1.701323309915773,5.33532184391548,3.0,251.0,138.0,3.0,251.0,138.0
