H_mean,S_mean,V_mean,H_std,S_std,V_std,H_median,S_median,V_median,H_mode,S_mode,V_mode
2.947289683929083,251.9880001273196,140.15131934939683,0.22657027222026482,1.4776847445335317,6.3491451892141075,3.0,252.0,142.0,3.0,253.0,142.0
