H_mean,S_mean,V_mean,H_std,S_std,V_std,H_median,S_median,V_median,H_mode,S_mode,V_mode
2.9938886590062705,253.71076168953115,160.69440112041252,0.07915283526712849,1.372993958474206,7.6882886962782475,3.0,253.0,163.0,3.0,255.0,169.0
