H_mean,S_mean,V_mean,H_std,S_std,V_std,H_median,S_median,V_median,H_mode,S_mode,V_mode
3.275010344717828,253.42098227074513,150.2166024763663,0.44666914501612226,1.670857557075197,6.345610729718186,3.0,253.0,153.0,3.0,255.0,154.0
