H_mean,S_mean,V_mean,H_std,S_std,V_std,H_median,S_median,V_median,H_mode,S_mode,V_mode
3.004074227329153,253.63118693700864,160.82827768405642,0.14155167282348685,1.4629970685843823,8.597096230793523,3.0,253.0,163.0,3.0,253.0,168.0
