H_mean,S_mean,V_mean,H_std,S_std,V_std,H_median,S_median,V_median,H_mode,S_mode,V_mode
3.000031829901009,253.6081420886781,161.63140974631568,0.1326743928966595,1.774899593075334,8.643432730276752,3.0,253.0,164.0,3.0,255.0,169.0
