H_mean,S_mean,V_mean,H_std,S_std,V_std,H_median,S_median,V_median,H_mode,S_mode,V_mode
2.9158735716331923,251.51405290129549,139.00429703663622,0.28860090807667765,1.6945594953399221,6.7363316891544756,3.0,251.0,141.0,3.0,253.0,141.0
