H_mean,S_mean,V_mean,H_std,S_std,V_std,H_median,S_median,V_median,H_mode,S_mode,V_mode
2.9618677785912086,252.72505331508418,149.25467103797308,0.19350262152963782,1.6397334617421675,9.768760357505453,3.0,253.0,153.0,3.0,253.0,156.0
