H_mean,S_mean,V_mean,H_std,S_std,V_std,H_median,S_median,V_median,H_mode,S_mode,V_mode
2.845720469809339,252.113027978483,149.1989050514053,0.36122224456469426,1.4707447332204222,4.559156349449087,3.0,252.0,150.0,3.0,252.0,153.0
