H_mean,S_mean,V_mean,H_std,S_std,V_std,H_median,S_median,V_median,H_mode,S_mode,V_mode
2.9774962599866313,251.5469331890378,140.7025177451698,0.21103153587984935,1.3782044980888906,5.916617075274542,3.0,251.0,143.0,3.0,251.0,145.0
