H_mean,S_mean,V_mean,H_std,S_std,V_std,H_median,S_median,V_median,H_mode,S_mode,V_mode
2.9980265461374414,253.59814749976127,160.32160931979502,0.049145242230140884,1.335586794761356,8.045394309946577,3.0,253.0,163.0,3.0,253.0,167.0
