H_mean,S_mean,V_mean,H_std,S_std,V_std,H_median,S_median,V_median,H_mode,S_mode,V_mode
2.9169557882674986,251.48645637712067,137.19273005060955,0.28391305442389225,1.716622911165644,6.430466905291728,3.0,251.0,138.0,3.0,251.0,142.0
