H_mean,S_mean,V_mean,H_std,S_std,V_std,H_median,S_median,V_median,H_mode,S_mode,V_mode
2.9143139064837507,252.4866155266257,150.3671579081389,0.27990441342518596,1.6053392998170568,3.5570661263673027,3.0,253.0,151.0,3.0,253.0,153.0
