H_mean,S_mean,V_mean,H_std,S_std,V_std,H_median,S_median,V_median,H_mode,S_mode,V_mode
3.372887290320527,253.54222236368844,151.41897698698156,0.48358019237144645,1.577311623234824,5.6735866181216945,3.0,253.0,153.0,3.0,255.0,154.0
