H_mean,S_mean,V_mean,H_std,S_std,V_std,H_median,S_median,V_median,H_mode,S_mode,V_mode
2.9040328484578413,252.69946207467294,150.2911162746284,0.2945508766515953,1.5586153866532582,3.90784410656958,3.0,253.0,152.0,3.0,253.0,153.0
