H_mean,S_mean,V_mean,H_std,S_std,V_std,H_median,S_median,V_median,H_mode,S_mode,V_mode
2.9974217780182704,253.8173281981093,156.69917560556388,0.06149171771632626,1.1931047992148525,4.239037557579749,3.0,253.0,156.0,3.0,255.0,153.0
