H_mean,S_mean,V_mean,H_std,S_std,V_std,H_median,S_median,V_median,H_mode,S_mode,V_mode
2.9808065696915684,253.33376834198046,155.56902314033803,0.13720656602269718,1.4908696868472266,5.913837270916069,3.0,253.0,157.0,3.0,253.0,153.0
