H_mean,S_mean,V_mean,H_std,S_std,V_std,H_median,S_median,V_median,H_mode,S_mode,V_mode
2.9815704873157847,253.41136964064043,158.35175223605054,0.13497320185924863,1.4376465809652208,6.940243379395796,3.0,253.0,159.0,3.0,253.0,163.0
