H_mean,S_mean,V_mean,H_std,S_std,V_std,H_median,S_median,V_median,H_mode,S_mode,V_mode
2.8934016615208327,252.5197822834771,151.10472037431964,0.3086068115482626,1.5958864881880381,3.559891148986268,3.0,253.0,152.0,3.0,253.0,153.0
