H_mean,S_mean,V_mean,H_std,S_std,V_std,H_median,S_median,V_median,H_mode,S_mode,V_mode
2.922844319954165,251.3168984944457,137.9968488398001,0.26791398616765116,1.892372061801221,5.1273279819390805,3.0,251.0,139.0,3.0,253.0,142.0
