H_mean,S_mean,V_mean,H_std,S_std,V_std,H_median,S_median,V_median,H_mode,S_mode,V_mode
2.980615590285514,253.4993156571283,154.60063023203998,0.15214229616137018,1.5125549958394549,5.688032044645638,3.0,253.0,156.0,3.0,255.0,158.0
