H_mean,S_mean,V_mean,H_std,S_std,V_std,H_median,S_median,V_median,H_mode,S_mode,V_mode
2.9171149377725434,251.4035713148932,138.67727663366966,0.28412765373552723,1.749259722818011,7.089686348987333,3.0,251.0,139.0,3.0,251.0,138.0
