H_mean,S_mean,V_mean,H_std,S_std,V_std,H_median,S_median,V_median,H_mode,S_mode,V_mode
2.894197409046058,251.38921602953815,139.4194544354967,0.3132296517469993,1.6778021154450962,6.895303732823966,3.0,251.0,140.0,3.0,251.0,147.0
