H_mean,S_mean,V_mean,H_std,S_std,V_std,H_median,S_median,V_median,H_mode,S_mode,V_mode
2.932361460355858,251.19174332367825,137.40640417608302,0.26888015933362586,1.8442242393176462,6.742553427404827,3.0,251.0,138.0,3.0,251.0,137.0
