H_mean,S_mean,V_mean,H_std,S_std,V_std,H_median,S_median,V_median,H_mode,S_mode,V_mode
2.9540057930419836,252.2497374033167,146.62065123977465,0.21068799493959062,1.6151435158999643,5.507879514082408,3.0,252.0,148.0,3.0,253.0,153.0
