H_mean,S_mean,V_mean,H_std,S_std,V_std,H_median,S_median,V_median,H_mode,S_mode,V_mode
2.989114173854919,253.44851513511793,158.02107139446795,0.10437907512883583,1.337341662840216,6.262090548264173,3.0,253.0,159.0,3.0,253.0,163.0
