H_mean,S_mean,V_mean,H_std,S_std,V_std,H_median,S_median,V_median,H_mode,S_mode,V_mode
2.95925772670847,251.27262310214215,138.42766654995702,0.23013444563853214,1.7854416419200256,6.281193793758556,3.0,251.0,139.0,3.0,251.0,141.0
