H_mean,S_mean,V_mean,H_std,S_std,V_std,H_median,S_median,V_median,H_mode,S_mode,V_mode
3.5297132125919086,254.03822771111183,164.7660502275838,0.4991242877513532,1.0981425233067934,6.88102461721233,4.0,255.0,166.0,4.0,255.0,172.0
