H_mean,S_mean,V_mean,H_std,S_std,V_std,H_median,S_median,V_median,H_mode,S_mode,V_mode
2.8835662221090494,250.74784352420664,108.44507750580895,0.3578970689431189,3.051403766753589,11.008856253296175,3.0,251.0,111.0,3.0,253.0,115.0
