H_mean,S_mean,V_mean,H_std,S_std,V_std,H_median,S_median,V_median,H_mode,S_mode,V_mode
3.009835439411783,251.48788872266607,129.59429608173917,0.22326210024734397,1.9304797399411764,10.82933693185126,3.0,251.0,132.0,3.0,253.0,135.0
