H_mean,S_mean,V_mean,H_std,S_std,V_std,H_median,S_median,V_median,H_mode,S_mode,V_mode
2.9089346532132283,247.89578890409652,81.92440398510361,0.6849834905427388,2.5594087923157605,6.123203133281466,3.0,249.0,82.0,3.0,249.0,83.0
