H_mean,S_mean,V_mean,H_std,S_std,V_std,H_median,S_median,V_median,H_mode,S_mode,V_mode
2.987872807715568,253.04672629468124,149.85549224941911,0.11232596811818846,1.7400212588907933,5.723934885269355,3.0,253.0,153.0,3.0,255.0,153.0
