H_mean,S_mean,V_mean,H_std,S_std,V_std,H_median,S_median,V_median,H_mode,S_mode,V_mode
2.8048508769137728,250.40933252697585,105.86176273991788,0.39896338520418906,3.017044694192458,9.042719391152378,3.0,250.0,108.0,3.0,250.0,115.0
