H_mean,S_mean,V_mean,H_std,S_std,V_std,H_median,S_median,V_median,H_mode,S_mode,V_mode
2.9562975459146323,251.2752331540249,129.72836362478913,0.23823183992438068,2.016713483219764,9.69896365997946,3.0,251.0,132.0,3.0,253.0,135.0
