H_mean,S_mean,V_mean,H_std,S_std,V_std,H_median,S_median,V_median,H_mode,S_mode,V_mode
3.023681446350702,252.1416430594901,125.5130343444632,0.1759311691816773,1.7948098111646182,6.461357270579691,3.0,253.0,127.0,3.0,253.0,131.0
