H_mean,S_mean,V_mean,H_std,S_std,V_std,H_median,S_median,V_median,H_mode,S_mode,V_mode
3.6506031766241205,254.14043352325174,164.48155457236527,0.47678707926308256,1.06224065567773,6.847793090378945,4.0,255.0,166.0,4.0,255.0,170.0
