H_mean,S_mean,V_mean,H_std,S_std,V_std,H_median,S_median,V_median,H_mode,S_mode,V_mode
2.886653722506923,250.54123563675716,107.0766782315307,0.3403595135734907,2.9696968665185497,10.452726658303499,3.0,250.0,110.0,3.0,253.0,115.0
