H_mean,S_mean,V_mean,H_std,S_std,V_std,H_median,S_median,V_median,H_mode,S_mode,V_mode
2.9612948403730464,251.15899035554,110.2593818633224,0.28146946779882664,2.782400187125121,11.877498527169621,3.0,253.0,114.0,3.0,253.0,124.0
