H_mean,S_mean,V_mean,H_std,S_std,V_std,H_median,S_median,V_median,H_mode,S_mode,V_mode
2.8993538530095173,250.97574561543112,108.89715758983989,0.3332898916441512,2.9724646608303624,11.164554294975174,3.0,251.0,112.0,3.0,253.0,115.0
