H_mean,S_mean,V_mean,H_std,S_std,V_std,H_median,S_median,V_median,H_mode,S_mode,V_mode
3.3113600916701147,247.30801795206418,116.68758952159659,0.46689064286926024,4.833351916880787,8.972176900744339,3.0,249.0,119.0,3.0,251.0,123.0
