H_mean,S_mean,V_mean,H_std,S_std,V_std,H_median,S_median,V_median,H_mode,S_mode,V_mode
3.0013050259413694,253.8335932775249,158.208485851609,0.03610213753532365,1.0904770097069427,3.5955278863487297,3.0,253.0,158.0,3.0,253.0,153.0
