H_mean,S_mean,V_mean,H_std,S_std,V_std,H_median,S_median,V_median,H_mode,S_mode,V_mode
2.9890505140529013,252.18486806506033,144.48317789731675,0.18748001988734206,1.814464264330036,8.763078841755323,3.0,252.0,148.0,3.0,253.0,153.0
