H_mean,S_mean,V_mean,H_std,S_std,V_std,H_median,S_median,V_median,H_mode,S_mode,V_mode
2.9668650730496227,251.7477162046026,124.21657064646529,0.19036728712084566,1.916568945796193,9.269506327698993,3.0,253.0,126.0,3.0,253.0,132.0
