H_mean,S_mean,V_mean,H_std,S_std,V_std,H_median,S_median,V_median,H_mode,S_mode,V_mode
3.0047426552503422,252.97491803800492,146.96909316612025,0.09411870994922494,1.9183604473334581,6.769940294590439,3.0,253.0,150.0,3.0,255.0,150.0
