H_mean,S_mean,V_mean,H_std,S_std,V_std,H_median,S_median,V_median,H_mode,S_mode,V_mode
3.510392462679441,253.30655377661776,148.9519368494764,0.49989994099835533,1.7915337616957494,5.810810199272833,4.0,253.0,150.0,4.0,255.0,154.0
