H_mean,S_mean,V_mean,H_std,S_std,V_std,H_median,S_median,V_median,H_mode,S_mode,V_mode
2.9934112104911352,252.7286500938982,121.80682433077634,0.15302277681593987,1.3855604950660654,5.637782188780639,3.0,253.0,123.0,3.0,253.0,125.0
