H_mean,S_mean,V_mean,H_std,S_std,V_std,H_median,S_median,V_median,H_mode,S_mode,V_mode
3.2778113760066208,247.1905019575389,70.06502848776141,0.5724019123555943,4.108933534469015,8.257675679431303,3.0,248.0,70.0,3.0,248.0,70.0
