H_mean,S_mean,V_mean,H_std,S_std,V_std,H_median,S_median,V_median,H_mode,S_mode,V_mode
3.0232039978355667,252.49387274405578,125.08100709806793,0.15818274695903622,1.5572745753744508,6.146715562145101,3.0,253.0,127.0,3.0,253.0,131.0
