H_mean,S_mean,V_mean,H_std,S_std,V_std,H_median,S_median,V_median,H_mode,S_mode,V_mode
2.9443613330362544,251.41366139351305,111.27822516471974,0.2584664925063127,2.8266375021725128,12.228371657618274,3.0,253.0,115.0,3.0,253.0,124.0
