H_mean,S_mean,V_mean,H_std,S_std,V_std,H_median,S_median,V_median,H_mode,S_mode,V_mode
2.9536238342298757,251.97908775503709,147.0180793837731,0.21090631111351577,1.4217702001851638,3.970093393008675,3.0,252.0,147.0,3.0,252.0,146.0
