H_mean,S_mean,V_mean,H_std,S_std,V_std,H_median,S_median,V_median,H_mode,S_mode,V_mode
3.0065251297068465,251.41423433173122,115.47464748384633,0.22845557883917064,2.8255060910303773,13.927053647405499,3.0,253.0,120.0,3.0,253.0,124.0
