H_mean,S_mean,V_mean,H_std,S_std,V_std,H_median,S_median,V_median,H_mode,S_mode,V_mode
2.995893942769838,251.8038641499825,128.7304007384537,0.1311627398723758,1.7749944039567918,4.058101134569613,3.0,251.0,129.0,3.0,253.0,131.0
