H_mean,S_mean,V_mean,H_std,S_std,V_std,H_median,S_median,V_median,H_mode,S_mode,V_mode
2.8965528217207246,250.97791004869975,108.32307349524143,0.3445618054063083,3.1376344773980995,12.437338234271946,3.0,252.0,112.0,3.0,253.0,115.0
