H_mean,S_mean,V_mean,H_std,S_std,V_std,H_median,S_median,V_median,H_mode,S_mode,V_mode
2.8504631250596812,250.8247445650444,107.9130725403444,0.36439249029762716,2.8558719679725564,5.6426666407881045,3.0,250.0,109.0,3.0,250.0,109.0
