H_mean,S_mean,V_mean,H_std,S_std,V_std,H_median,S_median,V_median,H_mode,S_mode,V_mode
2.8882133876563643,250.80115860839672,107.7629308972849,0.3477622000627715,3.1278302071923036,11.706940983562195,3.0,251.0,110.0,3.0,253.0,115.0
