H_mean,S_mean,V_mean,H_std,S_std,V_std,H_median,S_median,V_median,H_mode,S_mode,V_mode
3.0477766814145206,251.49103988286598,129.4289715758984,0.21758150488504743,1.5247483869356224,4.514547088135042,3.0,251.0,131.0,3.0,251.0,132.0
