H_mean,S_mean,V_mean,H_std,S_std,V_std,H_median,S_median,V_median,H_mode,S_mode,V_mode
3.004010567527135,253.94779896234522,160.392176210332,0.06320292733162675,1.1030490865386127,4.367394429274306,3.0,255.0,161.0,3.0,255.0,163.0
