H_mean,S_mean,V_mean,H_std,S_std,V_std,H_median,S_median,V_median,H_mode,S_mode,V_mode
2.7903682719546743,250.02804214278893,104.46493936403857,0.4141840518383351,3.141789225313134,9.164206033685046,3.0,250.0,106.0,3.0,250.0,109.0
