H_mean,S_mean,V_mean,H_std,S_std,V_std,H_median,S_median,V_median,H_mode,S_mode,V_mode
2.761148422828405,247.8335296177229,95.50256230703123,0.5333796183951341,2.3219740591452793,8.647899242626217,3.0,248.0,99.0,3.0,250.0,100.0
