H_mean,S_mean,V_mean,H_std,S_std,V_std,H_median,S_median,V_median,H_mode,S_mode,V_mode
2.9389184199637137,250.94798994175127,129.47620714899577,0.26340943737978983,2.0045864742950315,8.731647902709389,3.0,251.0,132.0,3.0,251.0,135.0
