H_mean,S_mean,V_mean,H_std,S_std,V_std,H_median,S_median,V_median,H_mode,S_mode,V_mode
2.754114014705414,250.15329280325938,105.47611165929274,0.43165175246799065,3.1098211289634743,9.829479940020994,3.0,250.0,108.0,3.0,253.0,109.0
