H_mean,S_mean,V_mean,H_std,S_std,V_std,H_median,S_median,V_median,H_mode,S_mode,V_mode
2.798580386414998,247.2180666518127,81.92456313460865,0.6906515130780508,2.8502488586820105,5.315256204323853,3.0,248.0,83.0,3.0,249.0,83.0
