H_mean,S_mean,V_mean,H_std,S_std,V_std,H_median,S_median,V_median,H_mode,S_mode,V_mode
3.0182703631791705,252.5565139892415,125.62466180730178,0.1472860340262224,1.4848345215999466,5.576139222021555,3.0,253.0,127.0,3.0,253.0,131.0
