H_mean,S_mean,V_mean,H_std,S_std,V_std,H_median,S_median,V_median,H_mode,S_mode,V_mode
2.9829073431581627,251.38221345131618,116.07645542222363,0.23573520351247482,2.5541648313355543,13.276371618635812,3.0,251.0,120.0,3.0,253.0,124.0
