H_mean,S_mean,V_mean,H_std,S_std,V_std,H_median,S_median,V_median,H_mode,S_mode,V_mode
2.9951300251456217,251.40497183053762,116.06706560142598,0.24123644963451601,2.477814364455703,13.65937120051232,3.0,251.0,120.0,3.0,253.0,126.0
