H_mean,S_mean,V_mean,H_std,S_std,V_std,H_median,S_median,V_median,H_mode,S_mode,V_mode
2.999968170098991,254.240220262915,156.43527389629818,0.005641799447783291,1.0014640682409621,2.6021811522353637,3.0,255.0,157.0,3.0,255.0,153.0
