H_mean,S_mean,V_mean,H_std,S_std,V_std,H_median,S_median,V_median,H_mode,S_mode,V_mode
2.931120094216507,251.0197981984276,108.88277047458382,0.30627425270917835,2.7505334663287617,9.885496799429948,3.0,251.0,110.0,3.0,253.0,106.0
