H_mean,S_mean,V_mean,H_std,S_std,V_std,H_median,S_median,V_median,H_mode,S_mode,V_mode
3.0093579908966483,254.07085335964607,155.78457522997104,0.09628454698930203,1.0762897170600818,2.2047013592924043,3.0,255.0,156.0,3.0,255.0,157.0
