H_mean,S_mean,V_mean,H_std,S_std,V_std,H_median,S_median,V_median,H_mode,S_mode,V_mode
2.8777731801254096,250.4195180952987,132.81284018206702,0.3362797433926027,1.8255740565936527,4.395757716384153,3.0,251.0,135.0,3.0,249.0,135.0
