H_mean,S_mean,V_mean,H_std,S_std,V_std,H_median,S_median,V_median,H_mode,S_mode,V_mode
2.789477034726422,249.19174332367825,103.4321863959003,0.4187787483216575,2.8439763530365516,5.5870936443531285,3.0,250.0,104.0,3.0,250.0,109.0
