H_mean,S_mean,V_mean,H_std,S_std,V_std,H_median,S_median,V_median,H_mode,S_mode,V_mode
3.003119330298883,253.87092975140848,160.26275583282936,0.05576467572561012,1.089828720775769,4.133706985450013,3.0,253.0,160.0,3.0,255.0,163.0
