H_mean,S_mean,V_mean,H_std,S_std,V_std,H_median,S_median,V_median,H_mode,S_mode,V_mode
3.09367539866951,249.55240793201133,102.20011458764363,0.37624732298798985,3.6364064342637508,7.84341699824843,3.0,250.0,103.0,3.0,250.0,106.0
