H_mean,S_mean,V_mean,H_std,S_std,V_std,H_median,S_median,V_median,H_mode,S_mode,V_mode
2.9737721615685775,251.35531718496355,123.42591590540154,0.1857877005673115,2.146074064247652,11.190609893378122,3.0,251.0,126.0,3.0,253.0,135.0
