H_mean,S_mean,V_mean,H_std,S_std,V_std,H_median,S_median,V_median,H_mode,S_mode,V_mode
2.97593659483719,251.54457777636313,120.99980902059394,0.19213992559835605,2.188760868924638,12.219060905652038,3.0,251.0,124.0,3.0,253.0,135.0
