H_mean,S_mean,V_mean,H_std,S_std,V_std,H_median,S_median,V_median,H_mode,S_mode,V_mode
2.9241493458955343,250.97822834770983,109.04720374319636,0.3188664775559612,2.9362611203497924,10.516392246579032,3.0,251.0,112.0,3.0,253.0,115.0
