H_mean,S_mean,V_mean,H_std,S_std,V_std,H_median,S_median,V_median,H_mode,S_mode,V_mode
2.9857402043479646,247.43167711748416,85.20482541299296,1.832091028832372,4.9253324519577735,10.158250870512193,3.0,248.0,86.0,3.0,249.0,95.0
