H_mean,S_mean,V_mean,H_std,S_std,V_std,H_median,S_median,V_median,H_mode,S_mode,V_mode
3.028073972689945,252.16351020148326,125.50580895693415,0.18222854693568794,1.7784488518891914,6.430944985613566,3.0,253.0,126.0,3.0,253.0,131.0
