H_mean,S_mean,V_mean,H_std,S_std,V_std,H_median,S_median,V_median,H_mode,S_mode,V_mode
2.943979374224146,250.2844956552185,105.28793328452748,0.2894131740510688,3.0453514287309136,8.115083232428601,3.0,250.0,106.0,3.0,250.0,113.0
