H_mean,S_mean,V_mean,H_std,S_std,V_std,H_median,S_median,V_median,H_mode,S_mode,V_mode
2.95445141165611,251.94289715758984,114.68914918674604,0.22282391166541554,2.2486701888969396,8.873140800891886,3.0,253.0,117.0,3.0,253.0,124.0
