H_mean,S_mean,V_mean,H_std,S_std,V_std,H_median,S_median,V_median,H_mode,S_mode,V_mode
2.9439475443231373,250.98659961167522,129.5643441448897,0.25621207574012295,1.968132919116364,8.76310575552573,3.0,251.0,132.0,3.0,251.0,135.0
