H_mean,S_mean,V_mean,H_std,S_std,V_std,H_median,S_median,V_median,H_mode,S_mode,V_mode
2.9172422573765795,251.35219785466467,108.97832383741286,0.3039732364142808,2.937316929902849,10.869755581708166,3.0,253.0,113.0,3.0,253.0,116.0
