H_mean,S_mean,V_mean,H_std,S_std,V_std,H_median,S_median,V_median,H_mode,S_mode,V_mode
3.009007861985549,252.59111309163828,124.68389725307954,0.12821505489239413,1.4847866015272737,5.778103847496837,3.0,253.0,126.0,3.0,253.0,125.0
