H_mean,S_mean,V_mean,H_std,S_std,V_std,H_median,S_median,V_median,H_mode,S_mode,V_mode
2.8763726644810133,247.7589839895598,82.51860457713977,0.704893754147382,2.6723922337696586,6.447470885014522,3.0,248.0,83.0,3.0,249.0,83.0
