H_mean,S_mean,V_mean,H_std,S_std,V_std,H_median,S_median,V_median,H_mode,S_mode,V_mode
3.060285832511061,251.48330521692077,134.62708087977848,0.28722805659314005,1.8249876040953532,5.827678002519796,3.0,251.0,137.0,3.0,253.0,138.0
