H_mean,S_mean,V_mean,H_std,S_std,V_std,H_median,S_median,V_median,H_mode,S_mode,V_mode
2.699780373683038,247.64356876850113,92.00786198554923,0.5651001566597403,2.55128628780865,7.790472694121967,3.0,247.0,93.0,3.0,247.0,83.0
