H_mean,S_mean,V_mean,H_std,S_std,V_std,H_median,S_median,V_median,H_mode,S_mode,V_mode
3.003787758220072,253.61005188273865,159.84635706782953,0.0629644082316867,1.064386114311155,4.084631823885121,3.0,253.0,160.0,3.0,253.0,163.0
