H_mean,S_mean,V_mean,H_std,S_std,V_std,H_median,S_median,V_median,H_mode,S_mode,V_mode
2.8972849094439317,250.80895693414394,108.18276729159372,0.3382094210916333,2.8272979026022265,8.132701733009135,3.0,251.0,110.0,3.0,253.0,116.0
