H_mean,S_mean,V_mean,H_std,S_std,V_std,H_median,S_median,V_median,H_mode,S_mode,V_mode
2.9899735811821624,253.03625425724925,149.6689053697043,0.10026728953356043,1.9917044217764837,7.973799951411378,3.0,253.0,153.0,3.0,255.0,153.0
