H_mean,S_mean,V_mean,H_std,S_std,V_std,H_median,S_median,V_median,H_mode,S_mode,V_mode
2.806315052360187,248.1940350765509,95.66674093643569,0.5342969522474544,2.430843593996579,9.332593424424283,3.0,248.0,99.0,3.0,250.0,100.0
