H_mean,S_mean,V_mean,H_std,S_std,V_std,H_median,S_median,V_median,H_mode,S_mode,V_mode
3.3947862622147245,245.40293471687303,73.09552153292803,0.5876364436845544,9.984142394698889,9.269348170405058,3.0,248.0,72.0,3.0,248.0,70.0
