H_mean,S_mean,V_mean,H_std,S_std,V_std,H_median,S_median,V_median,H_mode,S_mode,V_mode
2.964509660374956,251.72432122736097,116.72365279943979,0.23906091949039573,2.431774336660154,9.50098629435217,3.0,253.0,118.0,3.0,253.0,124.0
