H_mean,S_mean,V_mean,H_std,S_std,V_std,H_median,S_median,V_median,H_mode,S_mode,V_mode
2.9940159786103067,253.4689499315657,154.9385364611516,0.07712588550386196,1.6034678075978392,4.88397438729099,3.0,253.0,156.0,3.0,255.0,153.0
