H_mean,S_mean,V_mean,H_std,S_std,V_std,H_median,S_median,V_median,H_mode,S_mode,V_mode
2.8643409618996083,248.09631728045326,93.08651367094248,0.49526087336321667,2.989842237512251,10.944079762073617,3.0,248.0,94.0,3.0,250.0,106.0
