H_mean,S_mean,V_mean,H_std,S_std,V_std,H_median,S_median,V_median,H_mode,S_mode,V_mode
2.636343380972085,247.80306840245726,95.12448674284623,0.519367181433012,2.418354767702132,6.272228443054489,3.0,247.0,97.0,3.0,247.0,100.0
