H_mean,S_mean,V_mean,H_std,S_std,V_std,H_median,S_median,V_median,H_mode,S_mode,V_mode
2.8079065474106377,250.22144062131966,104.01954355921953,0.43062497197579236,2.970605707312572,10.100819124731158,3.0,250.0,108.0,3.0,250.0,109.0
