H_mean,S_mean,V_mean,H_std,S_std,V_std,H_median,S_median,V_median,H_mode,S_mode,V_mode
3.218607760129866,251.69427380080847,126.59229079797562,0.4138471667723581,1.6883724706707308,6.352187667244668,3.0,251.0,129.0,3.0,251.0,131.0
