H_mean,S_mean,V_mean,H_std,S_std,V_std,H_median,S_median,V_median,H_mode,S_mode,V_mode
2.6953560174427857,247.20835853200498,87.96788362988191,0.61362522713016,2.783551061895673,7.151678459856837,3.0,247.0,88.0,3.0,246.0,88.0
