H_mean,S_mean,V_mean,H_std,S_std,V_std,H_median,S_median,V_median,H_mode,S_mode,V_mode
2.8518954706050863,249.94964509660375,106.31969952573448,0.3671075328705041,2.8021301474671696,5.950978915251538,3.0,250.0,106.0,3.0,250.0,106.0
