H_mean,S_mean,V_mean,H_std,S_std,V_std,H_median,S_median,V_median,H_mode,S_mode,V_mode
2.8146544864245473,248.77015628481396,101.74615653945317,0.40203095122309473,2.5648905808075324,6.256665908970812,3.0,249.0,103.0,3.0,250.0,106.0
