H_mean,S_mean,V_mean,H_std,S_std,V_std,H_median,S_median,V_median,H_mode,S_mode,V_mode
3.025113791896107,253.40732724321228,149.39001177706336,0.15789078969463777,1.9005416620698414,5.5798090206466355,3.0,255.0,152.0,3.0,255.0,153.0
