H_mean,S_mean,V_mean,H_std,S_std,V_std,H_median,S_median,V_median,H_mode,S_mode,V_mode
2.801699716713881,249.8977941878601,104.65467740395327,0.41675919147619495,2.939867257420555,8.811642332128839,3.0,250.0,106.0,3.0,250.0,109.0
