H_mean,S_mean,V_mean,H_std,S_std,V_std,H_median,S_median,V_median,H_mode,S_mode,V_mode
2.7919279371041155,249.98930515326097,104.12092179393322,0.4327308054539757,3.03717317340736,10.36552116860474,3.0,250.0,107.0,3.0,250.0,115.0
