H_mean,S_mean,V_mean,H_std,S_std,V_std,H_median,S_median,V_median,H_mode,S_mode,V_mode
3.0171881465448642,251.9395550179839,126.378075564185,0.16378185827225877,1.7720402160279127,6.18974961792388,3.0,253.0,127.0,3.0,253.0,132.0
