H_mean,S_mean,V_mean,H_std,S_std,V_std,H_median,S_median,V_median,H_mode,S_mode,V_mode
2.874462870420473,247.97692332176848,93.31890377820925,0.4956161768275974,3.475780499833671,10.865648707916218,3.0,248.0,94.0,3.0,250.0,95.0
