H_mean,S_mean,V_mean,H_std,S_std,V_std,H_median,S_median,V_median,H_mode,S_mode,V_mode
2.9491676480886144,251.8871948308241,146.53690677021996,0.22023761489685284,1.4973899123284238,4.551446910333988,3.0,252.0,147.0,3.0,252.0,148.0
