H_mean,S_mean,V_mean,H_std,S_std,V_std,H_median,S_median,V_median,H_mode,S_mode,V_mode
2.9890823439539105,252.72890473310628,121.41538020816755,0.17049853166218773,1.3882725920309684,5.713039803211631,3.0,253.0,122.0,3.0,253.0,125.0
