H_mean,S_mean,V_mean,H_std,S_std,V_std,H_median,S_median,V_median,H_mode,S_mode,V_mode
2.9604990928478214,251.13193493968234,110.2109367539867,0.2856813039561812,2.825601707380931,12.008044055711379,3.0,252.0,114.0,3.0,253.0,124.0
