H_mean,S_mean,V_mean,H_std,S_std,V_std,H_median,S_median,V_median,H_mode,S_mode,V_mode
2.9816341471178025,252.96415953146385,150.1183435719515,0.1368554065695856,1.7126051538669316,5.6644961276508985,3.0,253.0,153.0,3.0,253.0,153.0
