H_mean,S_mean,V_mean,H_std,S_std,V_std,H_median,S_median,V_median,H_mode,S_mode,V_mode
2.9258045007480025,247.01973453862558,83.65362701721997,0.63711020906024,3.5659675284370165,11.67624488935173,3.0,247.0,85.0,3.0,246.0,83.0
