H_mean,S_mean,V_mean,H_std,S_std,V_std,H_median,S_median,V_median,H_mode,S_mode,V_mode
2.935544450456759,251.0102492281249,109.95626571601362,0.29803263281395653,2.8821203373653126,11.961228199687632,3.0,251.0,113.0,3.0,253.0,125.0
