H_mean,S_mean,V_mean,H_std,S_std,V_std,H_median,S_median,V_median,H_mode,S_mode,V_mode
2.9670878823566857,250.94407486392717,132.57920870866093,0.2163110098105654,1.9175016134234515,4.94110056183592,3.0,251.0,134.0,3.0,251.0,135.0
