H_mean,S_mean,V_mean,H_std,S_std,V_std,H_median,S_median,V_median,H_mode,S_mode,V_mode
3.248400547474297,251.6734888754496,126.6911544705096,0.43881721303699583,1.8621708959630006,7.079297008644131,3.0,251.0,128.0,3.0,251.0,131.0
