H_mean,S_mean,V_mean,H_std,S_std,V_std,H_median,S_median,V_median,H_mode,S_mode,V_mode
2.9533055352197857,251.3243785211828,110.43123149887003,0.24917097201083857,2.444112121397643,9.162941708474765,3.0,252.0,111.0,3.0,253.0,115.0
