H_mean,S_mean,V_mean,H_std,S_std,V_std,H_median,S_median,V_median,H_mode,S_mode,V_mode
3.003787758220072,254.1526243753382,156.25603972371647,0.06142907470297241,1.1044733641095281,2.9227840634207083,3.0,255.0,157.0,3.0,255.0,158.0
