H_mean,S_mean,V_mean,H_std,S_std,V_std,H_median,S_median,V_median,H_mode,S_mode,V_mode
3.0182385332781614,252.06490116815738,125.57239710984499,0.18129255034131123,1.793860544854025,6.431460700709352,3.0,253.0,127.0,3.0,253.0,131.0
