H_mean,S_mean,V_mean,H_std,S_std,V_std,H_median,S_median,V_median,H_mode,S_mode,V_mode
3.0019097940605404,253.87716841200623,160.2812490053156,0.04366013538206595,1.1074928398452548,4.049331667737558,3.0,253.0,160.0,3.0,255.0,163.0
