H_mean,S_mean,V_mean,H_std,S_std,V_std,H_median,S_median,V_median,H_mode,S_mode,V_mode
2.991405926727568,253.43839322659707,152.69783874972148,0.09230648072187737,1.6983024719671536,6.12035666449543,3.0,253.0,154.0,3.0,255.0,153.0
