H_mean,S_mean,V_mean,H_std,S_std,V_std,H_median,S_median,V_median,H_mode,S_mode,V_mode
2.817328198109304,248.69268230575804,101.63793487602254,0.4005600917392213,2.4818916858211466,6.438936966371045,3.0,249.0,103.0,3.0,250.0,105.0
