H_mean,S_mean,V_mean,H_std,S_std,V_std,H_median,S_median,V_median,H_mode,S_mode,V_mode
3.194162396154948,245.18633224050674,65.90011777063373,0.6136344849446456,5.320691058902547,9.863791888727327,3.0,246.0,67.0,3.0,248.0,69.0
