H_mean,S_mean,V_mean,H_std,S_std,V_std,H_median,S_median,V_median,H_mode,S_mode,V_mode
3.000350128911099,253.98144316771175,157.36932234140752,0.020339107409952196,1.1216748580142766,2.37558881817181,3.0,255.0,158.0,3.0,255.0,158.0
