H_mean,S_mean,V_mean,H_std,S_std,V_std,H_median,S_median,V_median,H_mode,S_mode,V_mode
3.5310818983352963,254.55349014864564,169.78422510105995,0.4990409227438872,0.8268084215469469,3.5765584711896174,4.0,255.0,170.0,4.0,255.0,172.0
