H_mean,S_mean,V_mean,H_std,S_std,V_std,H_median,S_median,V_median,H_mode,S_mode,V_mode
3.0011140465353154,251.9689340166152,117.53623834229876,0.15604296911896146,2.0986893669217506,10.650032477416723,3.0,253.0,121.0,3.0,253.0,124.0
