H_mean,S_mean,V_mean,H_std,S_std,V_std,H_median,S_median,V_median,H_mode,S_mode,V_mode
2.8318426329694115,250.70369545150714,107.8190788426648,0.3784957019182073,2.840368785156492,5.302096234143387,3.0,250.0,109.0,3.0,250.0,109.0
