H_mean,S_mean,V_mean,H_std,S_std,V_std,H_median,S_median,V_median,H_mode,S_mode,V_mode
2.7953019066110705,248.32915300633414,99.83588503039755,0.4179031777801171,2.904752460877362,6.408520197240095,3.0,248.0,100.0,3.0,250.0,100.0
