H_mean,S_mean,V_mean,H_std,S_std,V_std,H_median,S_median,V_median,H_mode,S_mode,V_mode
3.0028965209918197,251.8830569436929,120.71213037527453,0.18042903067181817,2.1254603840111335,10.80592580204629,3.0,253.0,124.0,3.0,253.0,124.0
