H_mean,S_mean,V_mean,H_std,S_std,V_std,H_median,S_median,V_median,H_mode,S_mode,V_mode
2.9905465194003247,253.38456886399084,154.84530668109622,0.10282988433071664,1.6710056740200014,5.0616714535752285,3.0,253.0,156.0,3.0,255.0,153.0
