H_mean,S_mean,V_mean,H_std,S_std,V_std,H_median,S_median,V_median,H_mode,S_mode,V_mode
3.295095012254512,247.27577426234205,71.0714262978642,0.5727330213495815,3.8519301718570436,8.239391013840354,3.0,248.0,70.0,3.0,248.0,68.0
