H_mean,S_mean,V_mean,H_std,S_std,V_std,H_median,S_median,V_median,H_mode,S_mode,V_mode
2.9154597829200752,249.4214915491613,102.29932838908871,0.3366019956427867,2.5837426397243424,4.2657649451784945,3.0,250.0,102.0,3.0,250.0,100.0
