H_mean,S_mean,V_mean,H_std,S_std,V_std,H_median,S_median,V_median,H_mode,S_mode,V_mode
2.632491962949995,247.06518763726646,85.03759111309164,0.6453184971013863,2.6717696255905206,6.348398088636846,3.0,247.0,84.0,2.0,246.0,83.0
