H_mean,S_mean,V_mean,H_std,S_std,V_std,H_median,S_median,V_median,H_mode,S_mode,V_mode
2.5159945252570264,246.69105898080656,86.34812362733553,0.5871960784101015,2.457982910208366,5.334487790907073,2.0,246.0,85.0,2.0,246.0,83.0
