H_mean,S_mean,V_mean,H_std,S_std,V_std,H_median,S_median,V_median,H_mode,S_mode,V_mode
3.5187318967438013,253.3117102205812,149.0180157239711,0.49965694491717855,1.794798579785275,5.7176693817974416,4.0,253.0,150.0,4.0,255.0,154.0
