H_mean,S_mean,V_mean,H_std,S_std,V_std,H_median,S_median,V_median,H_mode,S_mode,V_mode
3.015883120603495,252.6932234140752,147.08119807747397,0.1945490239704968,1.9566970467732876,5.972183908537462,3.0,253.0,149.0,3.0,255.0,153.0
