H_mean,S_mean,V_mean,H_std,S_std,V_std,H_median,S_median,V_median,H_mode,S_mode,V_mode
3.0018143043575134,250.92032975777445,130.89387911003595,0.17065167644400137,1.7523819267949834,4.668363149359506,3.0,251.0,132.0,3.0,251.0,132.0
