H_mean,S_mean,V_mean,H_std,S_std,V_std,H_median,S_median,V_median,H_mode,S_mode,V_mode
2.8076837381035746,249.17920234268072,103.15151032880287,0.4057465817071408,2.691477384195427,5.883748845099387,3.0,250.0,104.0,3.0,250.0,109.0
