H_mean,S_mean,V_mean,H_std,S_std,V_std,H_median,S_median,V_median,H_mode,S_mode,V_mode
3.1286246299774008,253.56408950568164,150.0091988413916,0.3351694339786353,1.7657870055742684,5.414227893727684,3.0,255.0,153.0,3.0,255.0,153.0
