H_mean,S_mean,V_mean,H_std,S_std,V_std,H_median,S_median,V_median,H_mode,S_mode,V_mode
2.773148295508801,249.88716300092307,104.12840182067033,0.4214543337988363,3.173887366419065,9.935211607574068,3.0,250.0,106.0,3.0,250.0,114.0
