H_mean,S_mean,V_mean,H_std,S_std,V_std,H_median,S_median,V_median,H_mode,S_mode,V_mode
2.764999840850495,250.03768660279468,105.4872839545469,0.4255044574641362,3.2033282754713928,10.005599352180433,3.0,250.0,108.0,3.0,253.0,109.0
