H_mean,S_mean,V_mean,H_std,S_std,V_std,H_median,S_median,V_median,H_mode,S_mode,V_mode
2.946525766304867,251.08956934143936,109.89734856924595,0.2778974548228191,2.8539147022320366,12.334166005126207,3.0,252.0,114.0,3.0,253.0,125.0
