H_mean,S_mean,V_mean,H_std,S_std,V_std,H_median,S_median,V_median,H_mode,S_mode,V_mode
2.9967215201960724,252.272145653627,113.93325269758411,0.30165184381946913,2.32806497160535,6.679803942771571,3.0,253.0,115.0,3.0,253.0,116.0
