H_mean,S_mean,V_mean,H_std,S_std,V_std,H_median,S_median,V_median,H_mode,S_mode,V_mode
3.0001591495050453,254.16955788267498,156.48741127415093,0.012614643932671634,1.026727198790846,2.4211086243570406,3.0,255.0,157.0,3.0,255.0,158.0
