H_mean,S_mean,V_mean,H_std,S_std,V_std,H_median,S_median,V_median,H_mode,S_mode,V_mode
2.6724384887163,247.77152497055735,94.1265238565108,0.5977225388855884,2.614259382916983,8.791707445147873,3.0,248.0,95.0,3.0,250.0,100.0
