H_mean,S_mean,V_mean,H_std,S_std,V_std,H_median,S_median,V_median,H_mode,S_mode,V_mode
2.8034503612693764,250.39726899449343,105.8045962377057,0.40225150894228573,3.2074261183306327,9.037241893041024,3.0,250.0,109.0,3.0,253.0,109.0
