H_mean,S_mean,V_mean,H_std,S_std,V_std,H_median,S_median,V_median,H_mode,S_mode,V_mode
3.241811757965433,253.45115701690167,159.0816118661871,0.4281876545601441,1.3381069901593943,8.79694606644677,3.0,253.0,162.0,3.0,253.0,166.0
