H_mean,S_mean,V_mean,H_std,S_std,V_std,H_median,S_median,V_median,H_mode,S_mode,V_mode
2.5536174682496737,246.780851131553,87.6847884903078,0.5988362837957827,2.5460625345057113,5.617779185083322,2.0,246.0,87.0,2.0,246.0,83.0
