H_mean,S_mean,V_mean,H_std,S_std,V_std,H_median,S_median,V_median,H_mode,S_mode,V_mode
2.8436196963427443,249.76337651589904,105.6883216093198,0.37866717932891103,2.8551579774132554,6.203882682532922,3.0,250.0,106.0,3.0,250.0,106.0
