H_mean,S_mean,V_mean,H_std,S_std,V_std,H_median,S_median,V_median,H_mode,S_mode,V_mode
2.671738230894102,247.45421268739855,89.94585733838368,0.5966984427255934,2.739265835169197,7.084849228884186,3.0,247.0,90.0,3.0,246.0,100.0
