H_mean,S_mean,V_mean,H_std,S_std,V_std,H_median,S_median,V_median,H_mode,S_mode,V_mode
2.798389407008944,246.92758697520452,86.78989082343953,0.5756662226923691,3.275281972674732,6.0937472632277245,3.0,247.0,86.0,3.0,249.0,83.0
