H_mean,S_mean,V_mean,H_std,S_std,V_std,H_median,S_median,V_median,H_mode,S_mode,V_mode
2.8155457236527996,248.74571092083903,101.79590667473025,0.4014903904597524,2.5772597422550088,6.233129391538563,3.0,249.0,103.0,3.0,250.0,106.0
