H_mean,S_mean,V_mean,H_std,S_std,V_std,H_median,S_median,V_median,H_mode,S_mode,V_mode
2.9005633892478593,249.62103319858676,103.67272495782538,0.32942836318912033,2.7905517706302354,3.591030182601753,3.0,250.0,104.0,3.0,250.0,106.0
