H_mean,S_mean,V_mean,H_std,S_std,V_std,H_median,S_median,V_median,H_mode,S_mode,V_mode
2.8199064200910335,249.76487252124645,104.19021548842983,0.4142480295666389,3.22845305568304,9.81748917584772,3.0,250.0,105.0,3.0,250.0,115.0
