H_mean,S_mean,V_mean,H_std,S_std,V_std,H_median,S_median,V_median,H_mode,S_mode,V_mode
3.659865677817742,254.1558710252411,164.45453098640863,0.4737616587279238,1.0267261823858935,6.612099938326189,4.0,255.0,165.0,4.0,255.0,172.0
