H_mean,S_mean,V_mean,H_std,S_std,V_std,H_median,S_median,V_median,H_mode,S_mode,V_mode
2.789095075914314,249.01785657446607,102.5614794537989,0.41438299466298023,2.6339042684519467,6.028150746882384,3.0,250.0,103.0,3.0,250.0,100.0
