H_mean,S_mean,V_mean,H_std,S_std,V_std,H_median,S_median,V_median,H_mode,S_mode,V_mode
3.5981156698602668,254.06311869370086,164.68889454753796,0.49028661681739116,1.2110474680624235,9.286425015197523,4.0,255.0,168.0,4.0,255.0,172.0
