H_mean,S_mean,V_mean,H_std,S_std,V_std,H_median,S_median,V_median,H_mode,S_mode,V_mode
3.016838017633765,251.70347264220007,116.82983734920585,0.21454708638201256,2.4463530431177922,12.799657900721593,3.0,253.0,121.0,3.0,253.0,125.0
