H_mean,S_mean,V_mean,H_std,S_std,V_std,H_median,S_median,V_median,H_mode,S_mode,V_mode
3.015182862781297,251.07610529331254,130.99220167425278,0.14817429104359076,1.7949103998909453,3.5709330098453482,3.0,251.0,131.0,3.0,251.0,131.0
