H_mean,S_mean,V_mean,H_std,S_std,V_std,H_median,S_median,V_median,H_mode,S_mode,V_mode
2.9244358150046152,250.78845847789412,107.69322341407518,0.2815642254692067,2.8398050034248103,5.152510097277663,3.0,250.0,108.0,3.0,250.0,106.0
