H_mean,S_mean,V_mean,H_std,S_std,V_std,H_median,S_median,V_median,H_mode,S_mode,V_mode
3.028328611898017,251.64659260909698,129.25845879619314,0.1839279718676069,1.8012310617329432,4.524912348332019,3.0,251.0,131.0,3.0,251.0,132.0
