H_mean,S_mean,V_mean,H_std,S_std,V_std,H_median,S_median,V_median,H_mode,S_mode,V_mode
2.794601648788872,249.59486901995734,104.190820256549,0.40791929970103485,2.835235955981294,7.784541776645059,3.0,250.0,105.0,3.0,250.0,106.0
