H_mean,S_mean,V_mean,H_std,S_std,V_std,H_median,S_median,V_median,H_mode,S_mode,V_mode
2.9723079861221633,247.25603972371647,83.44234013432218,0.6686985511821758,3.509084650553106,8.962303632456766,3.0,248.0,84.0,3.0,249.0,89.0
