H_mean,S_mean,V_mean,H_std,S_std,V_std,H_median,S_median,V_median,H_mode,S_mode,V_mode
2.7904637616577013,249.18419963713913,102.80090396918865,0.4196148414866238,2.6269707257913293,5.87732056886818,3.0,250.0,103.0,3.0,250.0,100.0
