H_mean,S_mean,V_mean,H_std,S_std,V_std,H_median,S_median,V_median,H_mode,S_mode,V_mode
3.079956711334628,249.52805805773943,102.14683133335456,0.3682882836901957,3.768019759267379,7.911585828323005,3.0,250.0,103.0,3.0,250.0,106.0
