H_mean,S_mean,V_mean,H_std,S_std,V_std,H_median,S_median,V_median,H_mode,S_mode,V_mode
3.283126969475125,253.4685998026546,158.62711270967947,0.4505247487398512,1.371214418760489,8.74605048445921,3.0,253.0,161.0,3.0,253.0,166.0
