H_mean,S_mean,V_mean,H_std,S_std,V_std,H_median,S_median,V_median,H_mode,S_mode,V_mode
2.8326383804946365,249.95954419581756,106.12531432027247,0.3790582380626527,2.845132530282918,5.7392785905138295,3.0,250.0,106.0,3.0,250.0,100.0
