H_mean,S_mean,V_mean,H_std,S_std,V_std,H_median,S_median,V_median,H_mode,S_mode,V_mode
2.6582423528662824,247.74173218321292,93.07355890123182,0.5339727954014523,2.506246429518825,6.311983212789379,3.0,247.0,94.0,3.0,247.0,95.0
