H_mean,S_mean,V_mean,H_std,S_std,V_std,H_median,S_median,V_median,H_mode,S_mode,V_mode
2.7303689085526943,247.39771461310755,87.69207753763885,0.6104971273992229,2.9271867603007187,7.152618777497746,3.0,247.0,88.0,3.0,246.0,89.0
