H_mean,S_mean,V_mean,H_std,S_std,V_std,H_median,S_median,V_median,H_mode,S_mode,V_mode
2.9865677817741987,251.39351306617436,116.15517076741891,0.22085179597464827,2.557014735161722,13.650126952881969,3.0,251.0,120.0,3.0,253.0,124.0
