H_mean,S_mean,V_mean,H_std,S_std,V_std,H_median,S_median,V_median,H_mode,S_mode,V_mode
3.214151573988605,253.2947448833434,158.1957857211064,0.41023899643124684,1.3605806589264997,8.479980472818005,3.0,253.0,160.0,3.0,253.0,166.0
