H_mean,S_mean,V_mean,H_std,S_std,V_std,H_median,S_median,V_median,H_mode,S_mode,V_mode
3.1912022153611104,251.4018206703377,128.08498583569406,0.3955140728899762,1.7029855135422112,6.053537058497181,3.0,251.0,131.0,3.0,251.0,131.0
