H_mean,S_mean,V_mean,H_std,S_std,V_std,H_median,S_median,V_median,H_mode,S_mode,V_mode
2.8852213769615176,250.731419295286,108.02186714199318,0.35288239274306865,2.970151764279527,11.363095448038704,3.0,251.0,111.0,3.0,253.0,116.0
