H_mean,S_mean,V_mean,H_std,S_std,V_std,H_median,S_median,V_median,H_mode,S_mode,V_mode
2.9949390457395677,253.57086927459656,155.15787630900468,0.07531347532540578,1.5221233681947544,5.107492777999326,3.0,253.0,157.0,3.0,255.0,158.0
