H_mean,S_mean,V_mean,H_std,S_std,V_std,H_median,S_median,V_median,H_mode,S_mode,V_mode
2.7990578349301334,249.58293280707898,104.0272145653627,0.4109082135546851,2.848970662422419,7.890374696125506,3.0,250.0,105.0,3.0,250.0,106.0
