H_mean,S_mean,V_mean,H_std,S_std,V_std,H_median,S_median,V_median,H_mode,S_mode,V_mode
2.9973581182162525,251.87977846388898,128.92583633064902,0.10922276803588775,1.6578221197137124,3.5674910752893685,3.0,251.0,130.0,3.0,251.0,131.0
