H_mean,S_mean,V_mean,H_std,S_std,V_std,H_median,S_median,V_median,H_mode,S_mode,V_mode
2.966419454435497,252.3006334150301,116.68825794951778,0.1949166606458293,1.9364712691941997,8.622595135991254,3.0,253.0,119.0,3.0,253.0,124.0
