H_mean,S_mean,V_mean,H_std,S_std,V_std,H_median,S_median,V_median,H_mode,S_mode,V_mode
3.0061750007957477,251.21122322309577,130.60199891778336,0.14304187109319563,1.7675087482259524,4.068280986861143,3.0,251.0,131.0,3.0,251.0,131.0
