H_mean,S_mean,V_mean,H_std,S_std,V_std,H_median,S_median,V_median,H_mode,S_mode,V_mode
3.008785052678486,252.61218448610626,119.9939841487093,0.15405305645244688,1.745477401862448,7.239196579648625,3.0,253.0,122.0,3.0,253.0,124.0
