H_mean,S_mean,V_mean,H_std,S_std,V_std,H_median,S_median,V_median,H_mode,S_mode,V_mode
3.2776203966005664,253.58987172549894,160.2091861094312,0.44783221813106355,1.3935865821600397,9.884199046184492,3.0,253.0,164.0,3.0,255.0,166.0
