H_mean,S_mean,V_mean,H_std,S_std,V_std,H_median,S_median,V_median,H_mode,S_mode,V_mode
3.000700257822198,253.89868542508833,157.59098577203426,0.026453539185119047,1.1031374641030325,3.390827848088585,3.0,253.0,158.0,3.0,255.0,153.0
