H_mean,S_mean,V_mean,H_std,S_std,V_std,H_median,S_median,V_median,H_mode,S_mode,V_mode
2.8557787185281853,248.89938568291052,101.63090046789955,0.39555773407249745,2.6060579446138576,4.385036314043781,3.0,250.0,102.0,3.0,250.0,100.0
