H_mean,S_mean,V_mean,H_std,S_std,V_std,H_median,S_median,V_median,H_mode,S_mode,V_mode
2.9370404558041825,251.14823184899896,110.99261546296592,0.28475985025846223,2.772520378192395,12.231592821916019,3.0,252.0,115.0,3.0,253.0,125.0
