H_mean,S_mean,V_mean,H_std,S_std,V_std,H_median,S_median,V_median,H_mode,S_mode,V_mode
2.9052105547951745,251.31046885444187,109.61899608492217,0.3111601417644839,2.8918834305193193,10.455675697380183,3.0,253.0,113.0,3.0,253.0,116.0
