H_mean,S_mean,V_mean,H_std,S_std,V_std,H_median,S_median,V_median,H_mode,S_mode,V_mode
2.9215392940127956,250.69452844001654,132.82254830187478,0.27912213459670554,2.0223901830310553,4.63299669241078,3.0,251.0,135.0,3.0,251.0,135.0
