H_mean,S_mean,V_mean,H_std,S_std,V_std,H_median,S_median,V_median,H_mode,S_mode,V_mode
2.9977719069293696,251.9024731833084,127.73367921825763,0.13060017398837467,1.7220352658671143,4.279523400790766,3.0,251.0,127.0,3.0,251.0,126.0
