H_mean,S_mean,V_mean,H_std,S_std,V_std,H_median,S_median,V_median,H_mode,S_mode,V_mode
3.0558296463697996,251.5353152751695,134.7215838558742,0.27949140303070624,1.8211077049215423,5.121933436301356,3.0,251.0,136.0,3.0,251.0,137.0
