H_mean,S_mean,V_mean,H_std,S_std,V_std,H_median,S_median,V_median,H_mode,S_mode,V_mode
2.93583091956584,246.73266066142534,83.13960594582551,0.6785913508692537,7.388974541168183,7.68424007074106,3.0,249.0,83.0,3.0,249.0,83.0
