H_mean,S_mean,V_mean,H_std,S_std,V_std,H_median,S_median,V_median,H_mode,S_mode,V_mode
2.9650189387911006,252.44705095967151,114.64636979978992,0.26753240391491623,2.1659283276416237,5.837393095477,3.0,253.0,115.0,3.0,253.0,116.0
