H_mean,S_mean,V_mean,H_std,S_std,V_std,H_median,S_median,V_median,H_mode,S_mode,V_mode
3.0422382786389535,253.27144539580482,149.968201928892,0.20239760072166701,1.7600986736518789,6.17409144723712,3.0,253.0,153.0,3.0,255.0,153.0
