H_mean,S_mean,V_mean,H_std,S_std,V_std,H_median,S_median,V_median,H_mode,S_mode,V_mode
3.2532068625266577,253.4727376897858,159.3838049463666,0.43529431109769223,1.3842177180039015,10.039040927992376,3.0,253.0,162.0,3.0,253.0,166.0
