H_mean,S_mean,V_mean,H_std,S_std,V_std,H_median,S_median,V_median,H_mode,S_mode,V_mode
2.988413916032721,252.13976509533055,116.14759525097877,0.17839281439003266,2.111493848630343,7.6914131859634205,3.0,253.0,117.0,3.0,253.0,124.0
