H_mean,S_mean,V_mean,H_std,S_std,V_std,H_median,S_median,V_median,H_mode,S_mode,V_mode
2.9908329885094056,251.79234172581724,117.9759365948372,0.18153912015951537,2.3084032160885286,11.106875137803904,3.0,253.0,122.0,3.0,253.0,125.0
