H_mean,S_mean,V_mean,H_std,S_std,V_std,H_median,S_median,V_median,H_mode,S_mode,V_mode
2.959989814431677,251.8070471400834,115.41611229589076,0.22260146717584914,2.4009823116190296,9.00293709671033,3.0,253.0,116.0,3.0,253.0,125.0
