H_mean,S_mean,V_mean,H_std,S_std,V_std,H_median,S_median,V_median,H_mode,S_mode,V_mode
3.004710825349333,254.1346404812681,155.30900467899545,0.06939817269990911,1.0543009571067568,2.0596541958983545,3.0,255.0,156.0,3.0,255.0,156.0
