H_mean,S_mean,V_mean,H_std,S_std,V_std,H_median,S_median,V_median,H_mode,S_mode,V_mode
2.8765636438870676,247.84046853614285,89.67482573129197,0.5877677266813853,2.937969757220992,10.644440482254321,3.0,248.0,90.0,3.0,247.0,89.0
