H_mean,S_mean,V_mean,H_std,S_std,V_std,H_median,S_median,V_median,H_mode,S_mode,V_mode
2.9862494827641086,252.64818410414745,121.78132858006812,0.19083099477992072,1.4395817308119299,5.676412758734219,3.0,253.0,122.0,3.0,253.0,125.0
