H_mean,S_mean,V_mean,H_std,S_std,V_std,H_median,S_median,V_median,H_mode,S_mode,V_mode
2.7725753572906386,250.01158608396727,104.28029410828532,0.43883784236558376,3.046911582118631,9.507776510506918,3.0,250.0,106.0,3.0,250.0,114.0
