H_mean,S_mean,V_mean,H_std,S_std,V_std,H_median,S_median,V_median,H_mode,S_mode,V_mode
2.991628736034631,251.8674921220995,120.79893051532609,0.17633032834701973,2.1572490010705048,10.820977132091297,3.0,253.0,124.0,3.0,253.0,125.0
