H_mean,S_mean,V_mean,H_std,S_std,V_std,H_median,S_median,V_median,H_mode,S_mode,V_mode
2.881720087850527,247.91087627717476,90.69701117229525,0.5609204712766024,2.943760550211706,10.541179465299042,3.0,248.0,91.0,3.0,250.0,89.0
