H_mean,S_mean,V_mean,H_std,S_std,V_std,H_median,S_median,V_median,H_mode,S_mode,V_mode
2.9758729350351723,252.97943788394818,149.32781615049177,0.15814525351948341,1.6745742846063405,4.818962223809694,3.0,253.0,152.0,3.0,255.0,153.0
