H_mean,S_mean,V_mean,H_std,S_std,V_std,H_median,S_median,V_median,H_mode,S_mode,V_mode
3.0024827322787027,252.00910335168857,143.81997007989304,0.18401610944656427,1.8848588228477503,8.695649987815136,3.0,252.0,147.0,3.0,253.0,153.0
