H_mean,S_mean,V_mean,H_std,S_std,V_std,H_median,S_median,V_median,H_mode,S_mode,V_mode
3.05003660438616,252.06903905528853,125.55482700448802,0.24858540821827718,1.9911253819805586,6.732052530498286,3.0,253.0,126.0,3.0,253.0,131.0
