H_mean,S_mean,V_mean,H_std,S_std,V_std,H_median,S_median,V_median,H_mode,S_mode,V_mode
2.8398001082216635,250.22115415221057,105.19393958684789,0.38251484559534243,2.6845163182973506,6.399507512288645,3.0,250.0,106.0,3.0,250.0,109.0
