H_mean,S_mean,V_mean,H_std,S_std,V_std,H_median,S_median,V_median,H_mode,S_mode,V_mode
2.9787057962249737,251.7484482923258,120.48002673711684,0.18060692757783273,2.09126947949077,11.611534010508997,3.0,253.0,124.0,3.0,253.0,125.0
