H_mean,S_mean,V_mean,H_std,S_std,V_std,H_median,S_median,V_median,H_mode,S_mode,V_mode
2.9851036063277845,251.3189992679123,128.83801763376516,0.2049045694951524,1.9969975978801562,5.722490887057136,3.0,251.0,130.0,3.0,253.0,135.0
