H_mean,S_mean,V_mean,H_std,S_std,V_std,H_median,S_median,V_median,H_mode,S_mode,V_mode
2.9660693255243977,250.49918833752426,104.38539644141707,0.28778225153752385,3.118899593365872,9.922198010793643,3.0,250.0,108.0,3.0,250.0,113.0
