H_mean,S_mean,V_mean,H_std,S_std,V_std,H_median,S_median,V_median,H_mode,S_mode,V_mode
3.029729127542413,251.57570741954993,113.51370277238438,0.2443812829346723,2.8154337676785497,12.532883092571332,3.0,253.0,117.0,3.0,253.0,122.0
