H_mean,S_mean,V_mean,H_std,S_std,V_std,H_median,S_median,V_median,H_mode,S_mode,V_mode
2.8324474010885825,250.25209281599135,104.5304134704141,0.3987025015287824,2.964862046532748,7.906876171550953,3.0,250.0,106.0,3.0,250.0,109.0
