H_mean,S_mean,V_mean,H_std,S_std,V_std,H_median,S_median,V_median,H_mode,S_mode,V_mode
2.6812235413947865,247.35604927268676,85.69513320813573,0.5907156042496664,2.5702210384557262,6.392691193547775,3.0,247.0,84.0,3.0,249.0,83.0
