H_mean,S_mean,V_mean,H_std,S_std,V_std,H_median,S_median,V_median,H_mode,S_mode,V_mode
2.9368176464971194,250.94296081739185,133.52070535060636,0.261943082347845,1.8817522150384416,4.831779233816874,3.0,251.0,135.0,3.0,251.0,135.0
