H_mean,S_mean,V_mean,H_std,S_std,V_std,H_median,S_median,V_median,H_mode,S_mode,V_mode
3.602953814813636,254.13171213037526,165.29799153324632,0.4892935032804677,1.1528379637465564,9.15450764868566,4.0,255.0,169.0,4.0,255.0,172.0
