H_mean,S_mean,V_mean,H_std,S_std,V_std,H_median,S_median,V_median,H_mode,S_mode,V_mode
2.582773657573925,247.42426075054905,94.17159499633956,0.5053507022832365,2.391269535538488,6.426510407109915,3.0,247.0,95.0,3.0,247.0,100.0
