H_mean,S_mean,V_mean,H_std,S_std,V_std,H_median,S_median,V_median,H_mode,S_mode,V_mode
3.008180284559315,252.67603526753032,147.40408059330935,0.16802012832974805,1.959731865913917,5.628392355855902,3.0,253.0,149.0,3.0,255.0,150.0
