H_mean,S_mean,V_mean,H_std,S_std,V_std,H_median,S_median,V_median,H_mode,S_mode,V_mode
2.9942706178183784,252.7041729000223,121.93538530095171,0.1480895132067131,1.4232394774906918,5.656119410773347,3.0,253.0,123.0,3.0,253.0,125.0
