H_mean,S_mean,V_mean,H_std,S_std,V_std,H_median,S_median,V_median,H_mode,S_mode,V_mode
2.9580481904701275,252.83620332940765,149.79482445809595,0.2017484304213476,1.6561141198628286,4.525538819421265,3.0,253.0,151.0,3.0,253.0,153.0
