H_mean,S_mean,V_mean,H_std,S_std,V_std,H_median,S_median,V_median,H_mode,S_mode,V_mode
3.017474615653945,253.01779291466403,147.09100168698475,0.15871732844606884,1.9326666386515874,7.019994966399148,3.0,253.0,150.0,3.0,255.0,153.0
