H_mean,S_mean,V_mean,H_std,S_std,V_std,H_median,S_median,V_median,H_mode,S_mode,V_mode
2.9033325906356433,250.09383454817456,105.36505713467231,0.3403617193591359,2.6713340219517083,6.603985376913994,3.0,250.0,105.0,3.0,250.0,100.0
