H_mean,S_mean,V_mean,H_std,S_std,V_std,H_median,S_median,V_median,H_mode,S_mode,V_mode
2.829805519304835,249.81048476939236,103.57758538370946,0.3846829456442822,3.0194789605461096,8.326509433515492,3.0,250.0,106.0,3.0,250.0,106.0
