H_mean,S_mean,V_mean,H_std,S_std,V_std,H_median,S_median,V_median,H_mode,S_mode,V_mode
2.7333290893465323,246.67517586020307,86.501766559506,0.5760208967969543,3.316481640654207,5.470154664504613,3.0,247.0,86.0,3.0,249.0,83.0
