H_mean,S_mean,V_mean,H_std,S_std,V_std,H_median,S_median,V_median,H_mode,S_mode,V_mode
2.942610688480759,250.893942769838,108.34996976159404,0.35393703462024223,2.892746967413217,11.439209854953072,3.0,251.0,111.0,3.0,253.0,115.0
