H_mean,S_mean,V_mean,H_std,S_std,V_std,H_median,S_median,V_median,H_mode,S_mode,V_mode
2.939332208676831,251.19702708724577,129.98612216316008,0.2764161392290501,1.9826276501386666,9.059331687175177,3.0,251.0,132.0,3.0,251.0,135.0
