H_mean,S_mean,V_mean,H_std,S_std,V_std,H_median,S_median,V_median,H_mode,S_mode,V_mode
2.9051150650921476,251.02164433268612,109.54199955438139,0.32713948821437405,2.8138567341509013,11.023594437085544,3.0,251.0,113.0,3.0,253.0,114.0
