H_mean,S_mean,V_mean,H_std,S_std,V_std,H_median,S_median,V_median,H_mode,S_mode,V_mode
2.8236305185090873,248.71973772161567,101.61227997580927,0.39532443342195706,2.4709883405496846,6.247016559088466,3.0,248.0,103.0,3.0,250.0,106.0
