H_mean,S_mean,V_mean,H_std,S_std,V_std,H_median,S_median,V_median,H_mode,S_mode,V_mode
3.013082089314702,253.83079224623611,159.5398987809148,0.11362816209527585,1.105759794486396,4.01372833902179,3.0,253.0,160.0,3.0,253.0,163.0
