H_mean,S_mean,V_mean,H_std,S_std,V_std,H_median,S_median,V_median,H_mode,S_mode,V_mode
2.9586847884903076,251.6671547251488,116.80478721711175,0.23765502328443008,2.469101370709876,9.320677238890735,3.0,253.0,118.0,3.0,253.0,125.0
