H_mean,S_mean,V_mean,H_std,S_std,V_std,H_median,S_median,V_median,H_mode,S_mode,V_mode
2.9864404621701626,247.25804500748004,83.46166088423465,0.6465866882771674,3.411981339963476,9.723216381467395,3.0,247.0,84.0,3.0,249.0,83.0
