H_mean,S_mean,V_mean,H_std,S_std,V_std,H_median,S_median,V_median,H_mode,S_mode,V_mode
2.849922016742528,250.46583060126682,104.14600375592832,0.40822420922279473,2.89578762689678,10.678189124017344,3.0,250.0,108.0,3.0,250.0,109.0
