H_mean,S_mean,V_mean,H_std,S_std,V_std,H_median,S_median,V_median,H_mode,S_mode,V_mode
2.978737626125983,251.59786103065218,120.7056689053697,0.19147517595037025,2.229648475222096,12.34271728546004,3.0,253.0,124.0,3.0,253.0,132.0
