H_mean,S_mean,V_mean,H_std,S_std,V_std,H_median,S_median,V_median,H_mode,S_mode,V_mode
2.992997421778018,253.37934876022535,154.61212082630422,0.08452661677207005,1.6976080165813792,5.101226729456264,3.0,253.0,156.0,3.0,255.0,153.0
