H_mean,S_mean,V_mean,H_std,S_std,V_std,H_median,S_median,V_median,H_mode,S_mode,V_mode
3.1101632873921763,245.8826749848808,102.2699493904574,0.38363705413159116,5.222437988452807,9.919935979898602,3.0,246.0,105.0,3.0,250.0,103.0
