H_mean,S_mean,V_mean,H_std,S_std,V_std,H_median,S_median,V_median,H_mode,S_mode,V_mode
2.793583091956584,246.4214915491613,83.45001114046535,0.6672803949765552,3.1274423046306024,7.692168718282922,3.0,246.0,84.0,3.0,246.0,83.0
