H_mean,S_mean,V_mean,H_std,S_std,V_std,H_median,S_median,V_median,H_mode,S_mode,V_mode
2.7751217493713596,249.47833975236338,102.4389025050132,0.4531190592125213,2.743881717447818,9.52734356703419,3.0,250.0,104.0,3.0,250.0,109.0
