H_mean,S_mean,V_mean,H_std,S_std,V_std,H_median,S_median,V_median,H_mode,S_mode,V_mode
2.6690326893083363,248.1558073654391,96.40965082598593,0.5054012411417502,2.6018489815531685,9.440369110453688,3.0,248.0,99.0,3.0,250.0,100.0
