H_mean,S_mean,V_mean,H_std,S_std,V_std,H_median,S_median,V_median,H_mode,S_mode,V_mode
3.3302988827704745,249.1815895852564,78.21084126428367,0.603167528470878,2.4356959897894384,4.3173813680932485,3.0,249.0,79.0,3.0,249.0,80.0
