H_mean,S_mean,V_mean,H_std,S_std,V_std,H_median,S_median,V_median,H_mode,S_mode,V_mode
2.6672820447528407,248.15045994206957,99.23289938568291,0.4794974986545674,2.1814332155444807,4.804123764404415,3.0,248.0,100.0,3.0,250.0,102.0
