H_mean,S_mean,V_mean,H_std,S_std,V_std,H_median,S_median,V_median,H_mode,S_mode,V_mode
2.8926377438966164,250.65139892414933,107.46407995671133,0.3262001166640505,2.638595976279875,5.154907824848311,3.0,250.0,109.0,3.0,250.0,113.0
