H_mean,S_mean,V_mean,H_std,S_std,V_std,H_median,S_median,V_median,H_mode,S_mode,V_mode
2.7289365630072893,247.90078619855493,95.16331922207722,0.5549056569254988,2.3942342688851563,9.574768112009943,3.0,248.0,98.0,3.0,250.0,101.0
