H_mean,S_mean,V_mean,H_std,S_std,V_std,H_median,S_median,V_median,H_mode,S_mode,V_mode
2.7784320590762963,248.15666677276633,94.18263997198969,0.5370967602026273,2.517982727817012,10.126916176218476,3.0,248.0,97.0,3.0,250.0,102.0
