H_mean,S_mean,V_mean,H_std,S_std,V_std,H_median,S_median,V_median,H_mode,S_mode,V_mode
2.6610752140560843,247.6936372027883,93.00983543941179,0.5612227705592552,2.3238712213516037,9.411679093706464,3.0,248.0,95.0,3.0,247.0,100.0
