H_mean,S_mean,V_mean,H_std,S_std,V_std,H_median,S_median,V_median,H_mode,S_mode,V_mode
2.8067925008753223,249.66578603940542,102.75678772639017,0.42442723730400267,2.9550401573809535,10.736102544925163,3.0,250.0,105.0,3.0,250.0,109.0
