H_mean,S_mean,V_mean,H_std,S_std,V_std,H_median,S_median,V_median,H_mode,S_mode,V_mode
2.6338924785943916,248.120094216507,97.10242862144699,0.5205550579891005,2.664942571879994,9.66020016873255,3.0,248.0,100.0,3.0,250.0,102.0
