H_mean,S_mean,V_mean,H_std,S_std,V_std,H_median,S_median,V_median,H_mode,S_mode,V_mode
2.8610624820956807,249.92882834134386,103.76216697966069,0.4159927476282626,2.9752440724939726,10.418580539747449,3.0,250.0,106.0,3.0,250.0,106.0
