H_mean,S_mean,V_mean,H_std,S_std,V_std,H_median,S_median,V_median,H_mode,S_mode,V_mode
3.064073590731133,247.4339688703568,77.8745583601235,0.6354084888708414,3.7133544692068807,8.382056381984706,3.0,248.0,79.0,3.0,249.0,83.0
