H_mean,S_mean,V_mean,H_std,S_std,V_std,H_median,S_median,V_median,H_mode,S_mode,V_mode
2.599006907088519,248.0127319604036,97.69853900754369,0.5034983616535801,2.236401819790433,3.7217566540126232,3.0,247.0,99.0,3.0,247.0,100.0
