H_mean,S_mean,V_mean,H_std,S_std,V_std,H_median,S_median,V_median,H_mode,S_mode,V_mode
3.1078397046185184,247.71674571092083,77.03889613903301,0.5976845836189962,3.220675425059038,7.5736399812449005,3.0,249.0,79.0,3.0,249.0,80.0
