H_mean,S_mean,V_mean,H_std,S_std,V_std,H_median,S_median,V_median,H_mode,S_mode,V_mode
2.7760448165006206,248.0996594200592,94.46201101314576,0.5348276310034104,2.4969102778624257,10.160187131068524,3.0,248.0,97.0,3.0,250.0,100.0
