H_mean,S_mean,V_mean,H_std,S_std,V_std,H_median,S_median,V_median,H_mode,S_mode,V_mode
3.0430976859661967,248.35522169526052,102.67412547346977,0.3259452636711515,5.641437096354452,8.786687242377445,3.0,250.0,105.0,3.0,250.0,106.0
