H_mean,S_mean,V_mean,H_std,S_std,V_std,H_median,S_median,V_median,H_mode,S_mode,V_mode
3.2864372791800616,248.17226342426076,72.40019734538626,0.5475641980173898,3.806815213019647,8.148375209224685,3.0,248.0,74.0,3.0,248.0,77.0
