H_mean,S_mean,V_mean,H_std,S_std,V_std,H_median,S_median,V_median,H_mode,S_mode,V_mode
2.709106534678677,247.69048604258842,94.48371900563389,0.5416367826008934,2.4530106946326646,10.294792138277458,3.0,248.0,98.0,3.0,248.0,102.0
