H_mean,S_mean,V_mean,H_std,S_std,V_std,H_median,S_median,V_median,H_mode,S_mode,V_mode
2.930897284909444,250.81850590444662,107.1052933125378,0.26019925896366564,2.8471989587521294,3.7955270075314766,3.0,250.0,108.0,3.0,250.0,109.0
