H_mean,S_mean,V_mean,H_std,S_std,V_std,H_median,S_median,V_median,H_mode,S_mode,V_mode
3.129547697106662,247.0437661138874,102.00254639208072,0.3862424711541917,4.8504002050360135,9.491320932411725,3.0,247.0,103.0,3.0,250.0,101.0
