H_mean,S_mean,V_mean,H_std,S_std,V_std,H_median,S_median,V_median,H_mode,S_mode,V_mode
2.8105802590953943,250.13769615176497,106.22920711716587,0.3923350111141108,2.7765107912004288,5.776370205291277,3.0,250.0,106.0,3.0,250.0,109.0
