H_mean,S_mean,V_mean,H_std,S_std,V_std,H_median,S_median,V_median,H_mode,S_mode,V_mode
2.6506668364261388,247.67851799980903,93.57742623420441,0.5144050650759927,2.547055449511733,6.079082405403703,3.0,247.0,95.0,3.0,247.0,100.0
