H_mean,S_mean,V_mean,H_std,S_std,V_std,H_median,S_median,V_median,H_mode,S_mode,V_mode
2.70773784893529,248.3084635706783,99.34096189960849,0.479608669344694,2.6125887643210284,6.204389510825649,3.0,248.0,100.0,3.0,250.0,102.0
