H_mean,S_mean,V_mean,H_std,S_std,V_std,H_median,S_median,V_median,H_mode,S_mode,V_mode
2.5442594773530254,247.95480154056722,98.86144444090779,0.5004043182157485,2.0885037814635,3.6963713359625316,3.0,247.0,100.0,3.0,247.0,100.0
