H_mean,S_mean,V_mean,H_std,S_std,V_std,H_median,S_median,V_median,H_mode,S_mode,V_mode
2.635292994238788,248.12321354680586,98.89438838845211,0.48740134284698167,2.205264613497323,3.7116238580833714,3.0,248.0,100.0,3.0,247.0,100.0
