H_mean,S_mean,V_mean,H_std,S_std,V_std,H_median,S_median,V_median,H_mode,S_mode,V_mode
2.7178597574561545,247.59802018015725,90.54031256962791,0.5718412782249104,2.7635721803588105,11.175295488281282,3.0,247.0,92.0,3.0,247.0,100.0
