H_mean,S_mean,V_mean,H_std,S_std,V_std,H_median,S_median,V_median,H_mode,S_mode,V_mode
2.8738262724002928,250.5904764936181,107.98099754909762,0.35160547706701845,3.168628203311781,11.504817437865322,3.0,251.0,112.0,3.0,253.0,116.0
