H_mean,S_mean,V_mean,H_std,S_std,V_std,H_median,S_median,V_median,H_mode,S_mode,V_mode
2.7741350224400803,249.62071489957665,102.72868192379921,0.43502083664795793,2.86663741951488,9.853716284823705,3.0,250.0,105.0,3.0,250.0,109.0
