H_mean,S_mean,V_mean,H_std,S_std,V_std,H_median,S_median,V_median,H_mode,S_mode,V_mode
2.7113346277493076,248.56889582073399,99.60228538689245,0.4667139697502616,2.82734161577623,7.014507947389539,3.0,248.0,100.0,3.0,250.0,95.0
