H_mean,S_mean,V_mean,H_std,S_std,V_std,H_median,S_median,V_median,H_mode,S_mode,V_mode
2.8316834834643663,249.78947703472642,102.73816723429991,0.4150506832470606,2.922006286455433,10.521075414298483,3.0,250.0,106.0,3.0,250.0,106.0
