H_mean,S_mean,V_mean,H_std,S_std,V_std,H_median,S_median,V_median,H_mode,S_mode,V_mode
2.9233217684693003,250.82363051850908,106.9194385205462,0.36056405021675897,2.962382655511981,13.025331213124527,3.0,251.0,111.0,3.0,253.0,116.0
