H_mean,S_mean,V_mean,H_std,S_std,V_std,H_median,S_median,V_median,H_mode,S_mode,V_mode
2.649107171276697,247.7501989368813,93.28029410828532,0.5599914697091422,2.372289047298389,8.700985403837073,3.0,248.0,94.0,3.0,247.0,104.0
