H_mean,S_mean,V_mean,H_std,S_std,V_std,H_median,S_median,V_median,H_mode,S_mode,V_mode
2.7593659483719004,248.04424356240253,95.22350956488525,0.5472576308214869,2.3453198622327593,9.742689233535748,3.0,248.0,98.0,3.0,250.0,102.0
