H_mean,S_mean,V_mean,H_std,S_std,V_std,H_median,S_median,V_median,H_mode,S_mode,V_mode
3.1072031065983383,243.45338510997232,102.97179870770601,0.4444913637836544,7.581485829147485,10.464384486468438,3.0,245.0,105.0,3.0,245.0,102.0
