H_mean,S_mean,V_mean,H_std,S_std,V_std,H_median,S_median,V_median,H_mode,S_mode,V_mode
2.9814749976127572,249.67482573129197,101.50501320940892,0.337534880098334,3.2683441457829545,10.372682735103133,3.0,250.0,105.0,3.0,250.0,106.0
