H_mean,S_mean,V_mean,H_std,S_std,V_std,H_median,S_median,V_median,H_mode,S_mode,V_mode
2.6169908011586083,248.010535697234,97.09415284718465,0.5183250749469294,2.509350432676098,8.767876162591179,3.0,248.0,100.0,3.0,250.0,102.0
