H_mean,S_mean,V_mean,H_std,S_std,V_std,H_median,S_median,V_median,H_mode,S_mode,V_mode
2.713371741413884,247.98465798771366,92.54209504408442,0.5690737533062507,2.361995679819193,9.964896656327255,3.0,248.0,94.0,3.0,248.0,104.0
