H_mean,S_mean,V_mean,H_std,S_std,V_std,H_median,S_median,V_median,H_mode,S_mode,V_mode
2.7794506159085843,248.12563261928256,94.82496737435146,0.5257808929737778,2.5347039203736585,10.143941906870728,3.0,248.0,97.0,3.0,250.0,102.0
