H_mean,S_mean,V_mean,H_std,S_std,V_std,H_median,S_median,V_median,H_mode,S_mode,V_mode
2.6584969920743546,247.98430785880257,98.0360314479422,0.488309155187999,2.407475940761873,4.798476424816557,3.0,248.0,99.0,3.0,247.0,100.0
