H_mean,S_mean,V_mean,H_std,S_std,V_std,H_median,S_median,V_median,H_mode,S_mode,V_mode
2.7477480345036125,247.67835885030397,90.95677499442976,0.5615282306593188,2.827103444177812,10.900996262730638,3.0,248.0,92.0,3.0,247.0,95.0
