H_mean,S_mean,V_mean,H_std,S_std,V_std,H_median,S_median,V_median,H_mode,S_mode,V_mode
2.7439921061845496,249.2325810866728,101.4038896139033,0.46776428733830705,3.0958066239520807,9.409064535770048,3.0,250.0,101.0,3.0,250.0,100.0
