H_mean,S_mean,V_mean,H_std,S_std,V_std,H_median,S_median,V_median,H_mode,S_mode,V_mode
2.7395359200432887,247.8632269153643,94.81035744978833,0.5352253818482987,2.351032084146511,10.047696460059068,3.0,248.0,98.0,3.0,248.0,102.0
