H_mean,S_mean,V_mean,H_std,S_std,V_std,H_median,S_median,V_median,H_mode,S_mode,V_mode
2.833911576534997,248.13304898621766,92.70850176655951,0.6218721223375461,2.768827804583375,10.937762997206425,3.0,248.0,94.0,3.0,250.0,100.0
