H_mean,S_mean,V_mean,H_std,S_std,V_std,H_median,S_median,V_median,H_mode,S_mode,V_mode
3.0472355730973675,248.86593245695005,98.74797084381068,0.3532337430181757,3.3171300900434257,9.620813213623581,3.0,250.0,102.0,3.0,250.0,106.0
