H_mean,S_mean,V_mean,H_std,S_std,V_std,H_median,S_median,V_median,H_mode,S_mode,V_mode
2.7965432727504216,245.99984085049496,81.00996275901582,0.6571651806001465,3.287740455992046,8.98172798167536,3.0,246.0,83.0,3.0,246.0,83.0
