H_mean,S_mean,V_mean,H_std,S_std,V_std,H_median,S_median,V_median,H_mode,S_mode,V_mode
2.7028360441799024,248.4437724798676,99.31919024731833,0.4664609927895701,2.8901946713458995,7.837262775277885,3.0,248.0,100.0,3.0,250.0,109.0
