H_mean,S_mean,V_mean,H_std,S_std,V_std,H_median,S_median,V_median,H_mode,S_mode,V_mode
3.019448069516504,247.36492981506828,77.3017474615654,0.6165198113543312,3.6956961926755048,8.845373010618667,3.0,248.0,79.0,3.0,249.0,83.0
