H_mean,S_mean,V_mean,H_std,S_std,V_std,H_median,S_median,V_median,H_mode,S_mode,V_mode
2.849890186841519,250.23735557182417,106.49937931693033,0.36502989023465604,2.653674100781498,5.547742407546992,3.0,250.0,108.0,3.0,250.0,109.0
