H_mean,S_mean,V_mean,H_std,S_std,V_std,H_median,S_median,V_median,H_mode,S_mode,V_mode
2.816723429990133,249.7166183913168,102.73266066142534,0.40905422623891935,2.818901817940699,10.265742066513946,3.0,250.0,105.0,3.0,250.0,109.0
