H_mean,S_mean,V_mean,H_std,S_std,V_std,H_median,S_median,V_median,H_mode,S_mode,V_mode
2.627112709679473,247.61832765700098,92.5522806124073,0.5604138704540784,2.3046435044114992,9.11469230614466,3.0,248.0,94.0,3.0,247.0,100.0
