H_mean,S_mean,V_mean,H_std,S_std,V_std,H_median,S_median,V_median,H_mode,S_mode,V_mode
2.684247381990642,248.27516949422287,99.68357895406945,0.477056150076215,2.2547248280540337,5.442869060086406,3.0,248.0,100.0,3.0,250.0,106.0
