H_mean,S_mean,V_mean,H_std,S_std,V_std,H_median,S_median,V_median,H_mode,S_mode,V_mode
2.7870897921507463,246.07871534519526,81.92360823757838,0.6783147402199096,3.399444678166954,9.269977119777055,3.0,246.0,84.0,3.0,246.0,83.0
