H_mean,S_mean,V_mean,H_std,S_std,V_std,H_median,S_median,V_median,H_mode,S_mode,V_mode
2.882611325078779,250.60912881560938,107.8947066874622,0.3503004715774721,3.137641742551089,11.627253019831576,3.0,251.0,112.0,3.0,253.0,116.0
