H_mean,S_mean,V_mean,H_std,S_std,V_std,H_median,S_median,V_median,H_mode,S_mode,V_mode
2.651303434446319,247.6435369386001,93.16526084603876,0.5129165943743194,2.3604613451907572,7.461641074526608,3.0,247.0,95.0,3.0,247.0,100.0
