H_mean,S_mean,V_mean,H_std,S_std,V_std,H_median,S_median,V_median,H_mode,S_mode,V_mode
3.1628417735620844,248.5667950472674,79.18649139001178,0.7091049397558941,2.477220387659488,5.04314952279871,3.0,249.0,79.0,3.0,249.0,83.0
