H_mean,S_mean,V_mean,H_std,S_std,V_std,H_median,S_median,V_median,H_mode,S_mode,V_mode
2.9782601776108475,249.15669860266735,102.3925899990451,0.34374581050798897,3.5972854476178817,10.427343590981991,3.0,250.0,105.0,3.0,250.0,105.0
