H_mean,S_mean,V_mean,H_std,S_std,V_std,H_median,S_median,V_median,H_mode,S_mode,V_mode
2.777254352738963,248.91746506668363,100.42731642104593,0.4359697020666032,2.628847883190687,6.379857424468037,3.0,250.0,100.0,3.0,250.0,95.0
