H_mean,S_mean,V_mean,H_std,S_std,V_std,H_median,S_median,V_median,H_mode,S_mode,V_mode
2.560238087659547,248.052933125378,97.98710889009135,0.5053271542486042,2.2251011213870195,3.7198742345331772,3.0,247.0,99.0,3.0,247.0,100.0
