H_mean,S_mean,V_mean,H_std,S_std,V_std,H_median,S_median,V_median,H_mode,S_mode,V_mode
2.7023904255657767,247.76617754718782,92.89403825954102,0.49832129958140603,2.6087399152034614,6.089515209381983,3.0,247.0,94.0,3.0,250.0,100.0
