H_mean,S_mean,V_mean,H_std,S_std,V_std,H_median,S_median,V_median,H_mode,S_mode,V_mode
3.2005283763567496,251.438106757488,120.34974695228698,0.40850828386087085,2.196919349428776,12.89287484178872,3.0,251.0,125.0,3.0,251.0,131.0
