H_mean,S_mean,V_mean,H_std,S_std,V_std,H_median,S_median,V_median,H_mode,S_mode,V_mode
3.1762421618868766,247.97870579622497,93.08259859311838,0.4226203300752727,2.4900665537022078,9.017286430305512,3.0,248.0,95.0,3.0,250.0,100.0
