H_mean,S_mean,V_mean,H_std,S_std,V_std,H_median,S_median,V_median,H_mode,S_mode,V_mode
3.5603972371645924,253.09994588916828,114.00617500079575,0.49634666852693327,2.0077213593808385,5.227230329028435,4.0,253.0,116.0,4.0,253.0,118.0
