H_mean,S_mean,V_mean,H_std,S_std,V_std,H_median,S_median,V_median,H_mode,S_mode,V_mode
3.672342999013273,244.63331954037622,65.34296718337205,0.5393569046875692,4.334747770317721,5.214880744098642,4.0,245.0,65.0,4.0,248.0,68.0
