H_mean,S_mean,V_mean,H_std,S_std,V_std,H_median,S_median,V_median,H_mode,S_mode,V_mode
3.348887544959735,252.29694114651303,113.61282108412642,0.47689296924532326,2.416578873506384,6.451609149734323,3.0,253.0,115.0,3.0,253.0,118.0
