H_mean,S_mean,V_mean,H_std,S_std,V_std,H_median,S_median,V_median,H_mode,S_mode,V_mode
3.1687939650507686,247.6179456981889,88.69236400674794,0.4630436227744075,2.5192738209461356,8.162337225660098,3.0,248.0,89.0,3.0,249.0,84.0
