H_mean,S_mean,V_mean,H_std,S_std,V_std,H_median,S_median,V_median,H_mode,S_mode,V_mode
3.169685202279021,251.06162268835345,116.75716968520229,0.3872986710389939,2.890986286466158,15.946398915924675,3.0,251.0,122.0,3.0,251.0,131.0
