H_mean,S_mean,V_mean,H_std,S_std,V_std,H_median,S_median,V_median,H_mode,S_mode,V_mode
3.23805582964637,249.88961390330076,100.85791132189578,0.43711282661118384,4.056440603662494,10.465754290263826,3.0,250.0,105.0,3.0,253.0,107.0
