H_mean,S_mean,V_mean,H_std,S_std,V_std,H_median,S_median,V_median,H_mode,S_mode,V_mode
3.235636757169685,248.61317121303753,94.74765254480059,0.45906333813226513,2.7271043191746855,9.478470285272289,3.0,249.0,97.0,3.0,250.0,101.0
