H_mean,S_mean,V_mean,H_std,S_std,V_std,H_median,S_median,V_median,H_mode,S_mode,V_mode
3.396632396473247,244.51612184486106,79.7537002259923,0.6441783453573147,3.4355264517148165,6.449111615358106,3.0,244.0,80.0,3.0,248.0,85.0
