H_mean,S_mean,V_mean,H_std,S_std,V_std,H_median,S_median,V_median,H_mode,S_mode,V_mode
3.137537002259923,249.57268357895407,100.6222745647261,0.37196709244853776,3.0984312479629135,8.105882206076995,3.0,250.0,103.0,3.0,250.0,105.0
