H_mean,S_mean,V_mean,H_std,S_std,V_std,H_median,S_median,V_median,H_mode,S_mode,V_mode
3.217748352802623,249.1629054333641,95.19941432982144,0.47817744021060904,2.825005267544021,13.540065969789389,3.0,250.0,100.0,3.0,250.0,105.0
