H_mean,S_mean,V_mean,H_std,S_std,V_std,H_median,S_median,V_median,H_mode,S_mode,V_mode
3.6816373301079035,245.13371741413883,68.93548079065474,0.5008821024573648,3.8988730764588526,6.9513712952168945,4.0,245.0,69.0,4.0,248.0,69.0
