H_mean,S_mean,V_mean,H_std,S_std,V_std,H_median,S_median,V_median,H_mode,S_mode,V_mode
3.1911703854601012,249.95247795779355,101.60314479421969,0.4019556322618966,3.6498359999181127,8.805223366484672,3.0,250.0,103.0,3.0,250.0,103.0
