H_mean,S_mean,V_mean,H_std,S_std,V_std,H_median,S_median,V_median,H_mode,S_mode,V_mode
3.2447082789572526,246.48645637712067,83.93503517204061,0.5124091263716112,2.524734321988749,6.487683005024714,3.0,246.0,85.0,3.0,246.0,84.0
