H_mean,S_mean,V_mean,H_std,S_std,V_std,H_median,S_median,V_median,H_mode,S_mode,V_mode
3.1081898335296176,250.07193557628037,102.86746029219849,0.33715954429455736,3.066113376077812,7.980838924378202,3.0,250.0,103.0,3.0,250.0,101.0
