H_mean,S_mean,V_mean,H_std,S_std,V_std,H_median,S_median,V_median,H_mode,S_mode,V_mode
3.1878282458541554,248.91498233440495,95.19842760289015,0.43936610534154996,2.486581750590171,10.907237002088195,3.0,249.0,99.0,3.0,250.0,100.0
