H_mean,S_mean,V_mean,H_std,S_std,V_std,H_median,S_median,V_median,H_mode,S_mode,V_mode
3.2370372728140815,251.43960276283542,107.91036699875863,0.42884977382838135,2.8190237272353835,14.407509069646418,3.0,253.0,113.0,3.0,253.0,118.0
