H_mean,S_mean,V_mean,H_std,S_std,V_std,H_median,S_median,V_median,H_mode,S_mode,V_mode
3.2241779928064425,246.91514148391,84.98901868415189,0.5519288813695997,2.665706197965448,7.739317393874975,3.0,247.0,87.0,3.0,246.0,90.0
