H_mean,S_mean,V_mean,H_std,S_std,V_std,H_median,S_median,V_median,H_mode,S_mode,V_mode
3.9979947162364327,248.1534519527644,71.30852723048031,0.32746653049500946,3.1777071961458807,3.86473302681682,4.0,248.0,71.0,4.0,248.0,68.0
