H_mean,S_mean,V_mean,H_std,S_std,V_std,H_median,S_median,V_median,H_mode,S_mode,V_mode
3.189547060508642,249.8932743419168,100.57325651717223,0.4070867347180038,3.2823440452691885,8.917208341201077,3.0,250.0,103.0,3.0,250.0,103.0
