H_mean,S_mean,V_mean,H_std,S_std,V_std,H_median,S_median,V_median,H_mode,S_mode,V_mode
3.2461724544036668,251.36107839704619,122.42808033867014,0.43270393058885825,2.0073230354187306,14.162483557792388,3.0,251.0,126.0,3.0,251.0,131.0
