H_mean,S_mean,V_mean,H_std,S_std,V_std,H_median,S_median,V_median,H_mode,S_mode,V_mode
3.1357863577044274,247.56303911894835,89.76060731451125,0.4433367484912564,2.9364795120439324,7.954848807147579,3.0,248.0,90.0,3.0,246.0,90.0
