H_mean,S_mean,V_mean,H_std,S_std,V_std,H_median,S_median,V_median,H_mode,S_mode,V_mode
3.1926663908075246,249.41073304262025,96.21653881656428,0.4425482360043271,2.617823844578953,12.152893814360345,3.0,250.0,100.0,3.0,250.0,106.0
