H_mean,S_mean,V_mean,H_std,S_std,V_std,H_median,S_median,V_median,H_mode,S_mode,V_mode
3.2736098290734317,247.90861635420313,89.92841455263074,0.5092113663301779,2.519560841344222,9.933551838933202,3.0,248.0,91.0,3.0,250.0,100.0
