H_mean,S_mean,V_mean,H_std,S_std,V_std,H_median,S_median,V_median,H_mode,S_mode,V_mode
3.125537129579527,250.0656969156826,102.5360155329917,0.35677451674360106,3.2012558887934084,8.036521191123288,3.0,250.0,103.0,3.0,250.0,100.0
