H_mean,S_mean,V_mean,H_std,S_std,V_std,H_median,S_median,V_median,H_mode,S_mode,V_mode
3.1759875226788044,248.92204857242893,95.78244262660343,0.4274439529610842,2.506600003002758,10.849119752021881,3.0,249.0,100.0,3.0,250.0,100.0
