H_mean,S_mean,V_mean,H_std,S_std,V_std,H_median,S_median,V_median,H_mode,S_mode,V_mode
3.2004647165547313,249.39768278320653,96.55680045835058,0.44800555442948,2.7715022238597395,12.508478013118747,3.0,250.0,101.0,3.0,250.0,105.0
