H_mean,S_mean,V_mean,H_std,S_std,V_std,H_median,S_median,V_median,H_mode,S_mode,V_mode
3.327402361778655,246.3501925709011,81.45354425947735,0.5497394834877672,2.933560958952457,6.187165551832695,3.0,246.0,83.0,3.0,246.0,84.0
