H_mean,S_mean,V_mean,H_std,S_std,V_std,H_median,S_median,V_median,H_mode,S_mode,V_mode
3.656237069102715,243.18289461119775,63.49135818187605,0.5400723440606039,4.813583348853044,4.968521690013522,4.0,243.0,63.0,4.0,247.0,63.0
