H_mean,S_mean,V_mean,H_std,S_std,V_std,H_median,S_median,V_median,H_mode,S_mode,V_mode
3.3705318776458606,251.94900849858357,112.51742687080244,0.48361353140364216,2.9487619579676414,7.35108660714262,3.0,253.0,114.0,3.0,253.0,118.0
