H_mean,S_mean,V_mean,H_std,S_std,V_std,H_median,S_median,V_median,H_mode,S_mode,V_mode
3.218894229238947,248.55415857656683,94.25782219817296,0.43466955688174597,2.491046477595047,9.453886782980385,3.0,249.0,97.0,3.0,250.0,100.0
