H_mean,S_mean,V_mean,H_std,S_std,V_std,H_median,S_median,V_median,H_mode,S_mode,V_mode
3.2427029951936848,248.75487793232963,95.31874462870421,0.45256215611273604,2.9526724511743274,10.85489826066116,3.0,249.0,99.0,3.0,250.0,103.0
