H_mean,S_mean,V_mean,H_std,S_std,V_std,H_median,S_median,V_median,H_mode,S_mode,V_mode
3.112964318680969,249.89416557914504,101.31807620078301,0.3479765087699978,3.145802801481532,7.288671230618518,3.0,250.0,103.0,3.0,250.0,105.0
