H_mean,S_mean,V_mean,H_std,S_std,V_std,H_median,S_median,V_median,H_mode,S_mode,V_mode
3.8605850335805454,246.94191043065857,70.10287424006111,0.4049352738191962,3.518019868261051,3.5949129666578146,4.0,248.0,70.0,4.0,248.0,69.0
