H_mean,S_mean,V_mean,H_std,S_std,V_std,H_median,S_median,V_median,H_mode,S_mode,V_mode
3.2125600789381545,251.18531368367445,114.7890314161123,0.41675669231867807,2.7750818342593506,16.130661281902125,3.0,251.0,120.0,3.0,253.0,125.0
