H_mean,S_mean,V_mean,H_std,S_std,V_std,H_median,S_median,V_median,H_mode,S_mode,V_mode
3.6363752108730942,245.07133080816118,68.5190820256549,0.535710690349957,4.1694788612455245,6.633381088311691,4.0,245.0,68.0,4.0,248.0,68.0
