H_mean,S_mean,V_mean,H_std,S_std,V_std,H_median,S_median,V_median,H_mode,S_mode,V_mode
3.2006875258617944,249.5601425979565,96.90874367380718,0.4502802069287112,2.803221995750592,12.641993826040947,3.0,250.0,101.0,3.0,250.0,105.0
