H_mean,S_mean,V_mean,H_std,S_std,V_std,H_median,S_median,V_median,H_mode,S_mode,V_mode
3.6823057580290923,245.41009644460004,69.74542445172996,0.5085872525645028,3.8590782934875154,7.169844400556666,4.0,246.0,69.0,4.0,248.0,68.0
