H_mean,S_mean,V_mean,H_std,S_std,V_std,H_median,S_median,V_median,H_mode,S_mode,V_mode
3.239520005092784,251.89346532132285,119.51959130407104,0.42954796927612604,2.151568532238725,11.039812366053981,3.0,253.0,122.0,3.0,253.0,125.0
