H_mean,S_mean,V_mean,H_std,S_std,V_std,H_median,S_median,V_median,H_mode,S_mode,V_mode
3.060190342808034,249.75930228856987,101.10188751312984,0.2963565821158174,3.0345594706848584,8.768974947765129,3.0,250.0,103.0,3.0,250.0,105.0
