H_mean,S_mean,V_mean,H_std,S_std,V_std,H_median,S_median,V_median,H_mode,S_mode,V_mode
3.1834675494159215,248.8204156985072,94.55603654072635,0.4508746079083275,2.417500396460933,10.942693396031478,3.0,249.0,99.0,3.0,250.0,100.0
