H_mean,S_mean,V_mean,H_std,S_std,V_std,H_median,S_median,V_median,H_mode,S_mode,V_mode
3.067320240634052,249.78110577076106,101.29280325938187,0.29525024082375706,3.1128489987914483,8.733931556926654,3.0,250.0,103.0,3.0,250.0,105.0
