H_mean,S_mean,V_mean,H_std,S_std,V_std,H_median,S_median,V_median,H_mode,S_mode,V_mode
3.2048254129929656,251.1127415093739,105.05993570359996,0.41038485183629847,2.906272191942881,14.112421206082164,3.0,252.0,110.0,3.0,253.0,115.0
