H_mean,S_mean,V_mean,H_std,S_std,V_std,H_median,S_median,V_median,H_mode,S_mode,V_mode
3.2533023522296847,249.5533309991406,101.76146672183849,0.44374884129784015,3.18978314483029,5.322076481772989,3.0,250.0,101.0,3.0,250.0,101.0
