H_mean,S_mean,V_mean,H_std,S_std,V_std,H_median,S_median,V_median,H_mode,S_mode,V_mode
3.2397428143998472,248.53092274883025,92.9826527039501,0.45905210632731075,2.70753205644769,10.354361739489395,3.0,249.0,95.0,3.0,250.0,99.0
