H_mean,S_mean,V_mean,H_std,S_std,V_std,H_median,S_median,V_median,H_mode,S_mode,V_mode
3.2529203934175763,248.12276792819173,91.05945825508482,0.4944398819391979,2.5574347501556978,10.483566832976821,3.0,248.0,92.0,3.0,250.0,100.0
