H_mean,S_mean,V_mean,H_std,S_std,V_std,H_median,S_median,V_median,H_mode,S_mode,V_mode
3.2372282522201354,246.58449247222842,82.97304007384537,0.5855872776727622,2.7092935149274027,7.5296886393330595,3.0,246.0,85.0,3.0,246.0,89.0
