H_mean,S_mean,V_mean,H_std,S_std,V_std,H_median,S_median,V_median,H_mode,S_mode,V_mode
3.20788108348983,249.88779959894325,101.46099245631346,0.4214958992569171,3.9809095851456164,8.77948023410436,3.0,250.0,103.0,3.0,253.0,103.0
