H_mean,S_mean,V_mean,H_std,S_std,V_std,H_median,S_median,V_median,H_mode,S_mode,V_mode
3.4809498042461087,244.44011204125155,78.8014450775058,0.6449754985604932,3.363160276625229,6.0725586137927765,3.0,244.0,79.0,4.0,248.0,78.0
