H_mean,S_mean,V_mean,H_std,S_std,V_std,H_median,S_median,V_median,H_mode,S_mode,V_mode
3.2208040232994875,246.49985676544546,84.64783397523634,0.5269440732682567,2.77727835519661,6.030500407401946,3.0,246.0,85.0,3.0,246.0,84.0
