H_mean,S_mean,V_mean,H_std,S_std,V_std,H_median,S_median,V_median,H_mode,S_mode,V_mode
4.095362383422987,246.36728522774294,68.84193271158927,0.3987141247169626,4.950766312567041,4.1598328393722745,4.0,248.0,69.0,4.0,248.0,68.0
