H_mean,S_mean,V_mean,H_std,S_std,V_std,H_median,S_median,V_median,H_mode,S_mode,V_mode
3.1265238565108064,250.95995798453066,128.00642964000383,0.3368197324400492,1.8210077181372737,14.691029672982584,3.0,251.0,132.0,3.0,251.0,138.0
