H_mean,S_mean,V_mean,H_std,S_std,V_std,H_median,S_median,V_median,H_mode,S_mode,V_mode
3.603908711843906,243.137727981666,63.21326033676035,0.5350891015938956,4.6530608904347375,5.04567612767851,4.0,243.0,63.0,4.0,247.0,63.0
