H_mean,S_mean,V_mean,H_std,S_std,V_std,H_median,S_median,V_median,H_mode,S_mode,V_mode
3.190310978132858,251.2106502848776,111.58503358054557,0.40105581712994776,3.0827332178846754,14.747381629360538,3.0,251.0,116.0,3.0,253.0,118.0
