H_mean,S_mean,V_mean,H_std,S_std,V_std,H_median,S_median,V_median,H_mode,S_mode,V_mode
3.57427507400452,249.67126078237897,105.42938536461152,0.4994563225333012,4.6023874648807075,13.21030937290125,4.0,251.0,110.0,4.0,253.0,118.0
