H_mean,S_mean,V_mean,H_std,S_std,V_std,H_median,S_median,V_median,H_mode,S_mode,V_mode
4.05516121844861,243.1674889391094,70.1003915077824,0.4497759114553407,6.246752844286904,6.610299405065809,4.0,245.0,72.0,4.0,248.0,74.0
