H_mean,S_mean,V_mean,H_std,S_std,V_std,H_median,S_median,V_median,H_mode,S_mode,V_mode
3.6937963522933446,243.78807651908204,64.00693891841996,0.5361374543053549,4.617496057976727,5.141969961396063,4.0,243.0,64.0,4.0,247.0,68.0
