H_mean,S_mean,V_mean,H_std,S_std,V_std,H_median,S_median,V_median,H_mode,S_mode,V_mode
3.166565871980138,250.30276601839768,100.27781137600662,0.384202333943241,2.9709574269293606,10.704742978131353,3.0,250.0,105.0,3.0,250.0,106.0
