H_mean,S_mean,V_mean,H_std,S_std,V_std,H_median,S_median,V_median,H_mode,S_mode,V_mode
3.0667473024158896,249.93716777540823,101.6127255944234,0.3201010723984025,3.102577279873372,8.631266397390322,3.0,250.0,103.0,3.0,250.0,105.0
