H_mean,S_mean,V_mean,H_std,S_std,V_std,H_median,S_median,V_median,H_mode,S_mode,V_mode
3.9205525670815162,247.1664703822771,70.27812967501671,0.37921299526829194,3.652152094200276,3.6936053338474566,4.0,248.0,70.0,4.0,248.0,68.0
