H_mean,S_mean,V_mean,H_std,S_std,V_std,H_median,S_median,V_median,H_mode,S_mode,V_mode
3.2134194862653978,246.86873348823886,95.90059521914887,0.41795785468123603,3.339582204106527,8.004929405976767,3.0,247.0,100.0,3.0,247.0,101.0
