H_mean,S_mean,V_mean,H_std,S_std,V_std,H_median,S_median,V_median,H_mode,S_mode,V_mode
3.33975236337015,252.20402966546774,112.55501798389407,0.4756444997457341,2.5744959396255513,6.279833688911742,3.0,253.0,114.0,3.0,253.0,118.0
