H_mean,S_mean,V_mean,H_std,S_std,V_std,H_median,S_median,V_median,H_mode,S_mode,V_mode
3.26692554986154,248.01642422892064,90.82690899831302,0.48156630861119953,2.7339801527701195,10.159569649352608,3.0,248.0,92.0,3.0,250.0,101.0
