H_mean,S_mean,V_mean,H_std,S_std,V_std,H_median,S_median,V_median,H_mode,S_mode,V_mode
3.2530158831206033,251.3137791641468,110.756214788172,0.4491516755939967,3.3687359462374604,13.418530937919918,3.0,253.0,116.0,3.0,253.0,122.0
