H_mean,S_mean,V_mean,H_std,S_std,V_std,H_median,S_median,V_median,H_mode,S_mode,V_mode
3.93904573956775,246.03800490180475,67.6275583282936,0.4201701166111838,4.908328925038039,5.139854177662974,4.0,248.0,68.0,4.0,248.0,68.0
