H_mean,S_mean,V_mean,H_std,S_std,V_std,H_median,S_median,V_median,H_mode,S_mode,V_mode
3.355508164369609,246.8625266575421,82.82181621415157,0.49803309691984654,2.7850210759510152,5.850762986681177,3.0,248.0,81.0,3.0,249.0,80.0
