H_mean,S_mean,V_mean,H_std,S_std,V_std,H_median,S_median,V_median,H_mode,S_mode,V_mode
3.295636120571665,251.19836394308814,120.38310468854442,0.45779791557413485,2.1711071510529556,14.502646062192113,3.0,251.0,125.0,3.0,251.0,129.0
