H_mean,S_mean,V_mean,H_std,S_std,V_std,H_median,S_median,V_median,H_mode,S_mode,V_mode
3.142247827609256,250.2134194862654,101.692554986154,0.38370216442032906,3.065109301903221,11.120313092438076,3.0,250.0,105.0,3.0,250.0,103.0
