H_mean,S_mean,V_mean,H_std,S_std,V_std,H_median,S_median,V_median,H_mode,S_mode,V_mode
3.461501734729605,252.9477034726422,114.09380271827355,0.49852361440817977,2.0810013187382284,4.387310115470979,3.0,253.0,116.0,3.0,253.0,118.0
