H_mean,S_mean,V_mean,H_std,S_std,V_std,H_median,S_median,V_median,H_mode,S_mode,V_mode
3.0518827386446827,249.74863927173186,100.68590253684312,0.293781095044833,3.1737319707453193,9.041011737994177,3.0,250.0,103.0,3.0,250.0,105.0
