H_mean,S_mean,V_mean,H_std,S_std,V_std,H_median,S_median,V_median,H_mode,S_mode,V_mode
3.858293280707897,243.96164496928415,72.79733902027564,0.5293499890695387,5.249227762174617,6.933059316257915,4.0,245.0,75.0,4.0,248.0,76.0
