H_mean,S_mean,V_mean,H_std,S_std,V_std,H_median,S_median,V_median,H_mode,S_mode,V_mode
3.210013686857434,248.8844574593373,93.57758538370946,0.4615441172666276,2.273468421521461,11.432749655879642,3.0,249.0,97.0,3.0,250.0,100.0
