H_mean,S_mean,V_mean,H_std,S_std,V_std,H_median,S_median,V_median,H_mode,S_mode,V_mode
3.1802527294140117,248.03364420536653,93.32893019702709,0.4175085253879204,2.6739069534223634,9.12560339013363,3.0,248.0,95.0,3.0,250.0,100.0
