H_mean,S_mean,V_mean,H_std,S_std,V_std,H_median,S_median,V_median,H_mode,S_mode,V_mode
3.5245249387274407,244.9792150746411,77.89451570805615,0.6305137116472573,3.3450238756875383,5.131267789205548,4.0,245.0,79.0,4.0,248.0,80.0
