H_mean,S_mean,V_mean,H_std,S_std,V_std,H_median,S_median,V_median,H_mode,S_mode,V_mode
3.1593404844510933,249.66626348792056,100.45087054779259,0.3843257904164155,3.11087537571385,8.202197938059307,3.0,250.0,103.0,3.0,250.0,105.0
