H_mean,S_mean,V_mean,H_std,S_std,V_std,H_median,S_median,V_median,H_mode,S_mode,V_mode
3.2256103383518475,251.09485310500685,124.53490148645638,0.4204200914292488,1.8854661862769708,14.820771591901883,3.0,251.0,129.0,3.0,251.0,138.0
