H_mean,S_mean,V_mean,H_std,S_std,V_std,H_median,S_median,V_median,H_mode,S_mode,V_mode
3.213865104879524,249.07308145271668,95.30034694592099,0.4737857021167424,2.8893756026745407,13.390698066103642,3.0,250.0,100.0,3.0,250.0,105.0
