H_mean,S_mean,V_mean,H_std,S_std,V_std,H_median,S_median,V_median,H_mode,S_mode,V_mode
3.162141515739886,248.35219785466467,94.692554986154,0.41321017756222467,2.541456192394968,9.00135339930626,3.0,249.0,98.0,3.0,250.0,100.0
