H_mean,S_mean,V_mean,H_std,S_std,V_std,H_median,S_median,V_median,H_mode,S_mode,V_mode
3.2524111150014323,251.24690454212688,111.05436547092339,0.4493855925716894,3.4535909716224023,13.423415863647493,3.0,253.0,117.0,3.0,253.0,122.0
