H_mean,S_mean,V_mean,H_std,S_std,V_std,H_median,S_median,V_median,H_mode,S_mode,V_mode
3.219626316962154,246.58697520450713,83.49021230543973,0.5835082428928025,2.713241905041152,7.241186788454929,3.0,246.0,86.0,3.0,246.0,88.0
