H_mean,S_mean,V_mean,H_std,S_std,V_std,H_median,S_median,V_median,H_mode,S_mode,V_mode
3.6335423496832924,245.12512334086642,68.33434128019861,0.5136280362381636,3.906156382212234,6.544202602327144,4.0,245.0,68.0,4.0,248.0,68.0
