H_mean,S_mean,V_mean,H_std,S_std,V_std,H_median,S_median,V_median,H_mode,S_mode,V_mode
3.1682210268326068,249.01648788872268,95.94070089442022,0.4112759974185681,2.9148287668938626,11.100629668979131,3.0,250.0,99.0,3.0,250.0,103.0
