H_mean,S_mean,V_mean,H_std,S_std,V_std,H_median,S_median,V_median,H_mode,S_mode,V_mode
3.7939332208676833,246.21984912626922,65.17267721297387,0.499551736668127,4.075172574910929,4.3704734891329196,4.0,247.0,66.0,4.0,248.0,68.0
