H_mean,S_mean,V_mean,H_std,S_std,V_std,H_median,S_median,V_median,H_mode,S_mode,V_mode
3.401852500238724,252.31336537543368,112.77690422382787,0.4902802457718786,2.4395147930437373,6.451966756147673,3.0,253.0,115.0,3.0,253.0,118.0
