H_mean,S_mean,V_mean,H_std,S_std,V_std,H_median,S_median,V_median,H_mode,S_mode,V_mode
3.1600089123722825,248.8158321927619,95.31747143266385,0.41430967668714275,2.618106558949525,10.638325673361374,3.0,249.0,99.0,3.0,250.0,100.0
