H_mean,S_mean,V_mean,H_std,S_std,V_std,H_median,S_median,V_median,H_mode,S_mode,V_mode
3.202215361110227,248.40694528440017,94.47101887513129,0.43942769177306706,2.742969138779994,10.13693464825944,3.0,249.0,98.0,3.0,250.0,101.0
