H_mean,S_mean,V_mean,H_std,S_std,V_std,H_median,S_median,V_median,H_mode,S_mode,V_mode
3.258331476589108,246.47060508641817,83.65833784256931,0.5312186040095207,2.6790902023572363,6.4645922998536856,3.0,246.0,84.0,3.0,246.0,84.0
