H_mean,S_mean,V_mean,H_std,S_std,V_std,H_median,S_median,V_median,H_mode,S_mode,V_mode
3.1911067256580834,248.32221408791418,94.26689371996054,0.42312646778433843,2.3807383920100555,9.076688339059698,3.0,248.0,97.0,3.0,250.0,100.0
