H_mean,S_mean,V_mean,H_std,S_std,V_std,H_median,S_median,V_median,H_mode,S_mode,V_mode
3.198013814177038,249.96906133621926,101.93866378075565,0.41000490899648684,3.5425311005706748,8.077358671387335,3.0,250.0,103.0,3.0,250.0,103.0
