H_mean,S_mean,V_mean,H_std,S_std,V_std,H_median,S_median,V_median,H_mode,S_mode,V_mode
2.9322023108508133,252.7106025400261,149.1593404844511,0.25152899648820687,1.8050413082409615,4.448114786859755,3.0,253.0,150.0,3.0,255.0,153.0
