H_mean,S_mean,V_mean,H_std,S_std,V_std,H_median,S_median,V_median,H_mode,S_mode,V_mode
2.9090301429162557,252.44705095967151,148.2551484864882,0.2879026917337181,1.889537432391896,5.143264344982467,3.0,252.0,149.0,3.0,255.0,153.0
