H_mean,S_mean,V_mean,H_std,S_std,V_std,H_median,S_median,V_median,H_mode,S_mode,V_mode
2.9528599166056595,251.93099277461246,139.88382086131713,0.2516298752292231,1.490360251799073,9.390815657248455,3.0,252.0,142.0,3.0,253.0,141.0
