H_mean,S_mean,V_mean,H_std,S_std,V_std,H_median,S_median,V_median,H_mode,S_mode,V_mode
2.9577617213610465,251.62392971957857,139.7042365598243,0.22644647264520698,1.3990261996324842,9.249350052035377,3.0,252.0,143.0,3.0,253.0,146.0
