H_mean,S_mean,V_mean,H_std,S_std,V_std,H_median,S_median,V_median,H_mode,S_mode,V_mode
2.9612311805710285,252.70732406022216,148.3536302002101,0.1941973662850495,1.794296809879837,5.140702879084317,3.0,253.0,149.0,3.0,255.0,153.0
