H_mean,S_mean,V_mean,H_std,S_std,V_std,H_median,S_median,V_median,H_mode,S_mode,V_mode
2.907120348855715,250.8420600311933,130.33863831683485,0.2988059367538547,1.8544427506789254,6.137764153813907,3.0,251.0,132.0,3.0,249.0,135.0
