H_mean,S_mean,V_mean,H_std,S_std,V_std,H_median,S_median,V_median,H_mode,S_mode,V_mode
2.870261323487284,250.54862017379125,129.86523219912786,0.3365889439931578,1.9068582637110312,7.697260303552417,3.0,249.0,134.0,3.0,249.0,135.0
