H_mean,S_mean,V_mean,H_std,S_std,V_std,H_median,S_median,V_median,H_mode,S_mode,V_mode
2.8688289779418787,250.42677531272878,131.3222459178152,0.3425534842179576,1.8652891013441368,6.063825238183165,3.0,249.0,135.0,3.0,249.0,135.0
