H_mean,S_mean,V_mean,H_std,S_std,V_std,H_median,S_median,V_median,H_mode,S_mode,V_mode
2.8666963745742753,251.80287742305123,140.6845020211987,0.3420550664323256,1.5693604280322193,10.773894426878996,3.0,252.0,143.0,3.0,253.0,142.0
