H_mean,S_mean,V_mean,H_std,S_std,V_std,H_median,S_median,V_median,H_mode,S_mode,V_mode
2.8893274341916797,250.19756819556292,130.7014673584365,0.3184641076316855,1.7219383710137686,7.527394715168676,3.0,249.0,135.0,3.0,249.0,135.0
