H_mean,S_mean,V_mean,H_std,S_std,V_std,H_median,S_median,V_median,H_mode,S_mode,V_mode
2.8331158290097718,250.53467867714932,130.28366807779227,0.3796461725171493,1.851369148186297,8.120675868583989,3.0,251.0,134.0,3.0,249.0,135.0
