H_mean,S_mean,V_mean,H_std,S_std,V_std,H_median,S_median,V_median,H_mode,S_mode,V_mode
2.8763726644810133,251.80131775790178,140.57586656905497,0.3351980926184054,1.5018220137515494,7.192250267112709,3.0,252.0,142.0,3.0,253.0,142.0
