H_mean,S_mean,V_mean,H_std,S_std,V_std,H_median,S_median,V_median,H_mode,S_mode,V_mode
3.0065887895088648,252.50800522010377,122.30123818314925,0.1310614781101804,1.8068870302201636,6.468334560069277,3.0,253.0,124.0,3.0,253.0,124.0
