H_mean,S_mean,V_mean,H_std,S_std,V_std,H_median,S_median,V_median,H_mode,S_mode,V_mode
2.8973803991469587,250.76659133590096,129.65302224910081,0.30701181053760934,1.918005153698234,7.621055537624573,3.0,251.0,133.0,3.0,249.0,135.0
