H_mean,S_mean,V_mean,H_std,S_std,V_std,H_median,S_median,V_median,H_mode,S_mode,V_mode
2.8679695706146355,251.64808861444442,140.42177801827037,0.3524414546515283,1.5940236028804269,6.9554084170355255,3.0,252.0,141.0,3.0,253.0,141.0
