H_mean,S_mean,V_mean,H_std,S_std,V_std,H_median,S_median,V_median,H_mode,S_mode,V_mode
2.875131298341662,251.0986090333259,129.77976891491866,0.3433283183853616,2.071384188234961,9.120914867291072,3.0,251.0,133.0,3.0,249.0,135.0
