H_mean,S_mean,V_mean,H_std,S_std,V_std,H_median,S_median,V_median,H_mode,S_mode,V_mode
2.8187605436547094,251.6413725053315,141.0321482000191,0.38949564096154754,1.60011323464508,12.059355172791639,3.0,252.0,145.0,3.0,253.0,152.0
