H_mean,S_mean,V_mean,H_std,S_std,V_std,H_median,S_median,V_median,H_mode,S_mode,V_mode
2.826272400292835,250.65700098672693,129.95846197918326,0.37888110274566483,1.9244701915029736,7.809941545186462,3.0,251.0,134.0,3.0,249.0,135.0
