H_mean,S_mean,V_mean,H_std,S_std,V_std,H_median,S_median,V_median,H_mode,S_mode,V_mode
2.8608715026896268,251.94318362669893,140.72285705191456,0.3509268412284638,1.5460586628671416,11.30382029821426,3.0,252.0,143.0,3.0,253.0,151.0
