H_mean,S_mean,V_mean,H_std,S_std,V_std,H_median,S_median,V_median,H_mode,S_mode,V_mode
2.874494700321482,250.62494827641086,130.05146894993158,0.3581658904018525,1.8333255105015391,9.36936873520191,3.0,251.0,133.0,3.0,251.0,135.0
