H_mean,S_mean,V_mean,H_std,S_std,V_std,H_median,S_median,V_median,H_mode,S_mode,V_mode
2.801508737307827,250.37110481586402,130.6101792023427,0.40323559608048537,1.9285219398988682,8.363542515818297,3.0,249.0,135.0,3.0,249.0,135.0
