H_mean,S_mean,V_mean,H_std,S_std,V_std,H_median,S_median,V_median,H_mode,S_mode,V_mode
2.8014132476048,250.44826049590986,130.48244580959354,0.40503960404429323,2.010319596846458,8.038095587532272,3.0,249.0,135.0,3.0,249.0,135.0
