H_mean,S_mean,V_mean,H_std,S_std,V_std,H_median,S_median,V_median,H_mode,S_mode,V_mode
2.8043097685966196,250.51885921634783,130.4932998058376,0.3987381603139818,1.9813964467304819,8.366293690603285,3.0,249.0,135.0,3.0,249.0,135.0
