H_mean,S_mean,V_mean,H_std,S_std,V_std,H_median,S_median,V_median,H_mode,S_mode,V_mode
2.861794569818888,250.97883311582902,138.78186968838526,0.3461340211142977,1.7633672605075548,4.347712303259694,3.0,251.0,138.0,3.0,251.0,142.0
