H_mean,S_mean,V_mean,H_std,S_std,V_std,H_median,S_median,V_median,H_mode,S_mode,V_mode
2.991214947321514,252.65954737880764,124.03342139605945,0.11221196120731247,1.483060693633171,5.283637277289638,3.0,253.0,124.0,3.0,253.0,125.0
