H_mean,S_mean,V_mean,H_std,S_std,V_std,H_median,S_median,V_median,H_mode,S_mode,V_mode
2.99519368494764,251.78419327115893,128.90766145717288,0.18646202777846244,1.8456035756683458,5.1011200938962675,3.0,251.0,129.0,3.0,251.0,131.0
