H_mean,S_mean,V_mean,H_std,S_std,V_std,H_median,S_median,V_median,H_mode,S_mode,V_mode
2.9939204889072797,252.14269344622338,140.2636470700576,0.17714443448173484,2.202486219306938,18.226847039350627,3.0,252.0,148.0,3.0,253.0,153.0
