H_mean,S_mean,V_mean,H_std,S_std,V_std,H_median,S_median,V_median,H_mode,S_mode,V_mode
4.002610051882739,254.15396123118057,186.6579558837572,0.0652574127050869,1.0736248321756456,8.591858969411474,4.0,254.0,188.0,4.0,255.0,195.0
