H_mean,S_mean,V_mean,H_std,S_std,V_std,H_median,S_median,V_median,H_mode,S_mode,V_mode
2.7424961008371262,251.43820224719101,144.03167075150395,0.4388647710114396,1.5135861849454577,5.921762764793603,3.0,252.0,145.0,3.0,253.0,151.0
