H_mean,S_mean,V_mean,H_std,S_std,V_std,H_median,S_median,V_median,H_mode,S_mode,V_mode
2.968042779386956,251.59356399401597,139.80975268166915,0.21821168716605238,1.7640015978930337,14.031905842826323,3.0,252.0,146.0,3.0,253.0,148.0
