H_mean,S_mean,V_mean,H_std,S_std,V_std,H_median,S_median,V_median,H_mode,S_mode,V_mode
3.028328611898017,253.8971257599389,159.92173027341886,0.16610430354236927,1.046984928274737,4.83851965301298,3.0,253.0,160.0,3.0,253.0,159.0
