H_mean,S_mean,V_mean,H_std,S_std,V_std,H_median,S_median,V_median,H_mode,S_mode,V_mode
2.8618900595219148,250.86704650348537,135.69631091447306,0.3522338119371269,1.732341638282442,7.362558459884448,3.0,251.0,136.0,3.0,251.0,135.0
