H_mean,S_mean,V_mean,H_std,S_std,V_std,H_median,S_median,V_median,H_mode,S_mode,V_mode
3.0416335105197825,251.21949899735813,113.51844542763472,0.29465267500430936,2.5874588265492604,17.028202726209337,3.0,251.0,118.0,3.0,253.0,135.0
