H_mean,S_mean,V_mean,H_std,S_std,V_std,H_median,S_median,V_median,H_mode,S_mode,V_mode
2.927746124709552,251.55632300983544,136.00270554158575,0.27891618009685376,1.7398308199251156,8.997691555993782,3.0,252.0,137.0,3.0,253.0,135.0
