H_mean,S_mean,V_mean,H_std,S_std,V_std,H_median,S_median,V_median,H_mode,S_mode,V_mode
2.9414011522424164,252.01766559506,142.31610274692045,0.24573776404599673,1.6494900053206876,9.432590547625285,3.0,252.0,145.0,3.0,253.0,153.0
