H_mean,S_mean,V_mean,H_std,S_std,V_std,H_median,S_median,V_median,H_mode,S_mode,V_mode
2.9163828500493363,251.56205239201705,135.97046185186363,0.30660632802215887,1.7376403261788118,9.062385618463704,3.0,251.0,137.0,3.0,253.0,135.0
