H_mean,S_mean,V_mean,H_std,S_std,V_std,H_median,S_median,V_median,H_mode,S_mode,V_mode
2.8876404494382024,252.14431677117483,146.353375561002,0.31732157827247265,1.8105601212385825,6.3997450107009115,3.0,252.0,147.0,3.0,253.0,153.0
