H_mean,S_mean,V_mean,H_std,S_std,V_std,H_median,S_median,V_median,H_mode,S_mode,V_mode
3.01508737307827,252.11528790145462,117.73931311073622,0.17342258858347653,2.196213110131256,10.106277271303743,3.0,253.0,122.0,3.0,253.0,126.0
