H_mean,S_mean,V_mean,H_std,S_std,V_std,H_median,S_median,V_median,H_mode,S_mode,V_mode
2.869911194576185,251.35133844733744,110.68192379921699,0.3480331002090572,2.661978982870116,6.935243930040343,3.0,252.0,112.0,3.0,253.0,115.0
