H_mean,S_mean,V_mean,H_std,S_std,V_std,H_median,S_median,V_median,H_mode,S_mode,V_mode
2.895852563898526,251.16478339752362,135.08307604163352,0.30959681948909534,1.8117222596709737,6.62659807116712,3.0,251.0,136.0,3.0,251.0,135.0
