H_mean,S_mean,V_mean,H_std,S_std,V_std,H_median,S_median,V_median,H_mode,S_mode,V_mode
2.9994270617818377,253.83652162841773,159.9335073367922,0.04652068245255624,1.2240218168227668,5.7939101196859015,3.0,253.0,160.0,3.0,255.0,153.0
