H_mean,S_mean,V_mean,H_std,S_std,V_std,H_median,S_median,V_median,H_mode,S_mode,V_mode
3.9912467772225226,253.90228220390236,180.24569500588854,0.12848067925546852,1.213019390487171,12.061615644092186,4.0,254.0,184.0,4.0,255.0,187.0
