H_mean,S_mean,V_mean,H_std,S_std,V_std,H_median,S_median,V_median,H_mode,S_mode,V_mode
3.995702963363784,254.21857593022887,186.8773275615113,0.08489494924987888,1.0597150072472927,8.969807639184467,4.0,255.0,189.0,4.0,255.0,195.0
