H_mean,S_mean,V_mean,H_std,S_std,V_std,H_median,S_median,V_median,H_mode,S_mode,V_mode
3.0060158512907025,253.04217461883692,148.71668205111882,0.11253596376550389,1.8341531025112867,6.506948126099043,3.0,253.0,152.0,3.0,255.0,153.0
