H_mean,S_mean,V_mean,H_std,S_std,V_std,H_median,S_median,V_median,H_mode,S_mode,V_mode
2.9777508991947035,253.0102492281249,150.7194830824076,0.15258654806921026,1.790735108927561,8.711480393244226,3.0,253.0,153.0,3.0,255.0,158.0
