H_mean,S_mean,V_mean,H_std,S_std,V_std,H_median,S_median,V_median,H_mode,S_mode,V_mode
3.0984498838208614,253.11668841709903,122.89021867141993,0.2979267182194633,1.301287049010587,3.6708733025453135,3.0,253.0,124.0,3.0,253.0,124.0
