H_mean,S_mean,V_mean,H_std,S_std,V_std,H_median,S_median,V_median,H_mode,S_mode,V_mode
2.9555654581914252,246.94900849858357,100.19040646783588,0.36152006716737983,4.224747893953745,6.239243324388857,3.0,247.0,102.0,3.0,250.0,101.0
