H_mean,S_mean,V_mean,H_std,S_std,V_std,H_median,S_median,V_median,H_mode,S_mode,V_mode
2.9247859439157144,251.01470541426616,129.8907916096381,0.2801281347578082,2.1787425184338107,5.7879962859577,3.0,251.0,131.0,3.0,249.0,135.0
