H_mean,S_mean,V_mean,H_std,S_std,V_std,H_median,S_median,V_median,H_mode,S_mode,V_mode
3.020498456249801,250.8784734379476,124.23449088073336,0.25896203966261405,2.0243143528110488,12.285300946895621,3.0,251.0,130.0,3.0,251.0,132.0
