H_mean,S_mean,V_mean,H_std,S_std,V_std,H_median,S_median,V_median,H_mode,S_mode,V_mode
3.984021389693478,253.82417162682623,180.8887226660725,0.15512412553241522,1.2717764973498642,11.697007966429316,4.0,254.0,184.0,4.0,255.0,187.0
