H_mean,S_mean,V_mean,H_std,S_std,V_std,H_median,S_median,V_median,H_mode,S_mode,V_mode
2.9662284750294425,250.30633096731069,126.24725467103798,0.2724026829359156,1.9181748926649855,13.741352960507058,3.0,251.0,132.0,3.0,251.0,135.0
