H_mean,S_mean,V_mean,H_std,S_std,V_std,H_median,S_median,V_median,H_mode,S_mode,V_mode
2.9702390425565777,249.58751631282428,103.17926600248273,0.2850786676120759,3.91992205204732,8.020739553370552,3.0,250.0,106.0,3.0,250.0,106.0
