H_mean,S_mean,V_mean,H_std,S_std,V_std,H_median,S_median,V_median,H_mode,S_mode,V_mode
3.999076932870739,253.87252124645892,180.5271986504122,0.15887436189565182,1.232987716356346,12.350422878379646,4.0,254.0,185.0,4.0,255.0,187.0
