H_mean,S_mean,V_mean,H_std,S_std,V_std,H_median,S_median,V_median,H_mode,S_mode,V_mode
2.8129038418690517,250.4374701594678,134.3759747907184,0.3912986279032324,1.806139704746551,4.4328269742717215,3.0,251.0,135.0,3.0,249.0,135.0
