H_mean,S_mean,V_mean,H_std,S_std,V_std,H_median,S_median,V_median,H_mode,S_mode,V_mode
3.0821211446032404,251.58474711143649,143.80606041315212,0.3288852431302291,2.4652965082184193,8.17643744550594,3.0,252.0,145.0,3.0,253.0,153.0
