H_mean,S_mean,V_mean,H_std,S_std,V_std,H_median,S_median,V_median,H_mode,S_mode,V_mode
2.831460674157303,250.441608046599,134.38711525607155,0.3745205010831415,1.7465008303144922,4.434259005048031,3.0,251.0,135.0,3.0,249.0,135.0
