H_mean,S_mean,V_mean,H_std,S_std,V_std,H_median,S_median,V_median,H_mode,S_mode,V_mode
2.9049877454881115,250.79017729254863,134.74609287965114,0.303373592585429,1.8793407331578689,5.855334069643735,3.0,251.0,135.0,3.0,251.0,135.0
