H_mean,S_mean,V_mean,H_std,S_std,V_std,H_median,S_median,V_median,H_mode,S_mode,V_mode
2.9975490976223065,250.77333927491486,107.02037113664576,0.22516802433118868,2.8316604936920737,10.986525769648825,3.0,251.0,109.0,3.0,253.0,115.0
