H_mean,S_mean,V_mean,H_std,S_std,V_std,H_median,S_median,V_median,H_mode,S_mode,V_mode
2.9251679027278223,250.61189801699717,107.17544641436164,0.3305718503733588,2.838923725788413,10.283084047354505,3.0,251.0,109.0,3.0,253.0,115.0
