H_mean,S_mean,V_mean,H_std,S_std,V_std,H_median,S_median,V_median,H_mode,S_mode,V_mode
3.0012731960403602,252.98895502434988,147.9579208708661,0.0667435907483539,1.9099204859999181,6.522298170193483,3.0,253.0,150.0,3.0,255.0,153.0
