H_mean,S_mean,V_mean,H_std,S_std,V_std,H_median,S_median,V_median,H_mode,S_mode,V_mode
3.0077983257472067,250.46506668364262,104.14807269949391,0.36957989497681004,2.8821491127169976,16.935841842569793,3.0,251.0,108.0,3.0,253.0,106.0
