H_mean,S_mean,V_mean,H_std,S_std,V_std,H_median,S_median,V_median,H_mode,S_mode,V_mode
2.910939936976796,251.63341503007925,110.51666295317821,0.29890354037225386,2.436453907351375,7.853415640426074,3.0,253.0,114.0,3.0,253.0,116.0
