H_mean,S_mean,V_mean,H_std,S_std,V_std,H_median,S_median,V_median,H_mode,S_mode,V_mode
2.96342744374065,251.9851990960308,140.46850431295158,0.19778649468767578,1.7943524493155898,11.02006857001373,3.0,252.0,142.0,3.0,253.0,153.0
