H_mean,S_mean,V_mean,H_std,S_std,V_std,H_median,S_median,V_median,H_mode,S_mode,V_mode
2.8688289779418787,248.04749021230543,96.58589298787281,0.42887429629494933,2.6526909561303373,8.193698605338314,3.0,248.0,100.0,3.0,250.0,100.0
