H_mean,S_mean,V_mean,H_std,S_std,V_std,H_median,S_median,V_median,H_mode,S_mode,V_mode
2.8963300124136615,252.16414679950344,146.8258267816787,0.30494120891961235,1.5274887117571365,5.175592941053874,3.0,252.0,147.0,3.0,253.0,153.0
