H_mean,S_mean,V_mean,H_std,S_std,V_std,H_median,S_median,V_median,H_mode,S_mode,V_mode
2.936244708278957,251.95190501957538,144.70901104497565,0.24665434805440611,1.7474592171063792,8.181594932426723,3.0,252.0,146.0,3.0,253.0,153.0
