H_mean,S_mean,V_mean,H_std,S_std,V_std,H_median,S_median,V_median,H_mode,S_mode,V_mode
2.9890823439539105,253.03186173091,150.58640226628896,0.11579697543763912,1.7335856337984052,13.860393491400057,3.0,253.0,154.0,3.0,253.0,153.0
