H_mean,S_mean,V_mean,H_std,S_std,V_std,H_median,S_median,V_median,H_mode,S_mode,V_mode
2.9092847821243275,252.06270490498775,145.94015978610307,0.28996575389927565,1.839294582864118,7.15244597746738,3.0,252.0,147.0,3.0,253.0,153.0
