H_mean,S_mean,V_mean,H_std,S_std,V_std,H_median,S_median,V_median,H_mode,S_mode,V_mode
2.9580163605691188,251.48142725276125,140.77365757392494,0.2078807342105782,1.7850086326834205,5.991520297591493,3.0,251.0,140.0,3.0,251.0,141.0
