H_mean,S_mean,V_mean,H_std,S_std,V_std,H_median,S_median,V_median,H_mode,S_mode,V_mode
2.8548556513989243,248.0505140529013,97.17901136327465,0.40887708907981024,2.7666367964410084,4.8810241229505875,3.0,248.0,98.0,3.0,250.0,100.0
