H_mean,S_mean,V_mean,H_std,S_std,V_std,H_median,S_median,V_median,H_mode,S_mode,V_mode
3.072954133112646,253.08030684024573,123.66069325524397,0.260065338631137,1.3128081730687717,3.5960527040522527,3.0,253.0,125.0,3.0,253.0,126.0
