H_mean,S_mean,V_mean,H_std,S_std,V_std,H_median,S_median,V_median,H_mode,S_mode,V_mode
3.008403093866378,252.2201355953783,143.0381958812108,0.3591265958783594,1.9574960735520908,9.428550968649871,3.0,252.0,146.0,3.0,253.0,153.0
