H_mean,S_mean,V_mean,H_std,S_std,V_std,H_median,S_median,V_median,H_mode,S_mode,V_mode
2.87038864309132,251.00862590317345,132.09049240856862,0.3517129747919397,1.9440436016760845,6.277634932552068,3.0,251.0,134.0,3.0,251.0,135.0
