H_mean,S_mean,V_mean,H_std,S_std,V_std,H_median,S_median,V_median,H_mode,S_mode,V_mode
2.9017410955851926,250.9246586243117,130.10793519432156,0.3127904691332196,2.1786363091799337,5.87427425572306,3.0,251.0,132.0,3.0,249.0,135.0
