H_mean,S_mean,V_mean,H_std,S_std,V_std,H_median,S_median,V_median,H_mode,S_mode,V_mode
2.9939841487092975,250.69554699684883,123.73065537766178,0.25129300236223334,2.0891521008926004,13.05264555865547,3.0,251.0,130.0,3.0,251.0,132.0
