H_mean,S_mean,V_mean,H_std,S_std,V_std,H_median,S_median,V_median,H_mode,S_mode,V_mode
2.910748957570742,252.1046248846166,146.51987777318013,0.2914045391834545,1.887067296642016,6.045093672548693,3.0,252.0,148.0,3.0,253.0,153.0
