H_mean,S_mean,V_mean,H_std,S_std,V_std,H_median,S_median,V_median,H_mode,S_mode,V_mode
2.8957889040965084,251.5215329280326,140.77862303848235,0.3250243801952209,1.6412534394484792,9.44906352386275,3.0,252.0,142.0,3.0,253.0,135.0
