H_mean,S_mean,V_mean,H_std,S_std,V_std,H_median,S_median,V_median,H_mode,S_mode,V_mode
2.9482127510583442,250.81586402266288,134.64964827959386,0.23362750286700487,1.7769691818468707,4.216468399244189,3.0,251.0,135.0,3.0,251.0,132.0
