H_mean,S_mean,V_mean,H_std,S_std,V_std,H_median,S_median,V_median,H_mode,S_mode,V_mode
2.9771143011745234,252.70188114714963,147.12852914027437,0.1722897724130517,1.6919819717941298,10.383702104528085,3.0,253.0,152.0,3.0,253.0,153.0
