H_mean,S_mean,V_mean,H_std,S_std,V_std,H_median,S_median,V_median,H_mode,S_mode,V_mode
2.9010726676640037,250.6229429926473,133.85463284209186,0.3109972833628854,1.756697891104724,5.628018835085732,3.0,251.0,135.0,3.0,251.0,135.0
