H_mean,S_mean,V_mean,H_std,S_std,V_std,H_median,S_median,V_median,H_mode,S_mode,V_mode
3.0014323455454055,253.03946907725117,148.0112996148582,0.04475819382545171,1.8974794837888393,6.215915433812898,3.0,253.0,150.0,3.0,255.0,153.0
