H_mean,S_mean,V_mean,H_std,S_std,V_std,H_median,S_median,V_median,H_mode,S_mode,V_mode
2.9761912340452623,251.51589903555399,128.2516153674762,0.20792417497037297,1.9374473421772265,7.729186424328573,3.0,251.0,129.0,3.0,251.0,131.0
