H_mean,S_mean,V_mean,H_std,S_std,V_std,H_median,S_median,V_median,H_mode,S_mode,V_mode
2.964827959385046,252.5321641149696,147.80128592800077,0.31725958533093107,1.6864035230132042,5.615373317582235,3.0,253.0,149.0,3.0,253.0,153.0
