H_mean,S_mean,V_mean,H_std,S_std,V_std,H_median,S_median,V_median,H_mode,S_mode,V_mode
2.9943342776203967,252.62418435878664,123.56478976350384,0.11954835821067043,1.5121920345332773,5.456317637900164,3.0,253.0,124.0,3.0,253.0,125.0
