H_mean,S_mean,V_mean,H_std,S_std,V_std,H_median,S_median,V_median,H_mode,S_mode,V_mode
2.9415603017474616,250.8784416080466,134.0112996148582,0.23994316938711577,1.9375168374629204,4.792554905892796,3.0,251.0,135.0,3.0,251.0,136.0
