H_mean,S_mean,V_mean,H_std,S_std,V_std,H_median,S_median,V_median,H_mode,S_mode,V_mode
2.5893624470827894,247.25995480154057,92.28344526848521,0.517990725501281,2.7098103206719446,5.052691925377249,3.0,247.0,92.0,3.0,246.0,89.0
