H_mean,S_mean,V_mean,H_std,S_std,V_std,H_median,S_median,V_median,H_mode,S_mode,V_mode
3.359900690708852,250.99735811821625,140.78148772957317,0.4799786625396464,2.7319958401892626,11.31403051606485,3.0,251.0,144.0,3.0,255.0,150.0
