H_mean,S_mean,V_mean,H_std,S_std,V_std,H_median,S_median,V_median,H_mode,S_mode,V_mode
2.9573161027469204,251.9664512843365,140.73883566222108,0.2110821377756609,1.7908234493141784,10.870130274934976,3.0,252.0,142.0,3.0,253.0,153.0
