H_mean,S_mean,V_mean,H_std,S_std,V_std,H_median,S_median,V_median,H_mode,S_mode,V_mode
2.98491262692173,251.06958016360568,107.72365279943979,0.2295110962492469,3.0406061518031526,9.665616332573592,3.0,252.0,111.0,3.0,253.0,115.0
