H_mean,S_mean,V_mean,H_std,S_std,V_std,H_median,S_median,V_median,H_mode,S_mode,V_mode
2.985135436228793,251.222586497756,120.74303720915428,0.2566940717479691,2.3464186135621787,15.188406507573102,3.0,251.0,126.0,3.0,253.0,131.0
