H_mean,S_mean,V_mean,H_std,S_std,V_std,H_median,S_median,V_median,H_mode,S_mode,V_mode
3.0021007734665943,253.46528949294967,158.12843365057134,0.16035886402353758,1.4963072935334374,9.110724913450053,3.0,253.0,160.0,3.0,253.0,167.0
