H_mean,S_mean,V_mean,H_std,S_std,V_std,H_median,S_median,V_median,H_mode,S_mode,V_mode
2.9099532100455168,246.15978610306522,99.84788490307795,0.37755401514554177,3.9831013754908837,5.842497190929483,3.0,247.0,101.0,3.0,245.0,103.0
