H_mean,S_mean,V_mean,H_std,S_std,V_std,H_median,S_median,V_median,H_mode,S_mode,V_mode
2.9122449629181655,252.50689117356845,114.71897380399147,0.2885129635941379,1.9080328736182912,5.715497841427097,3.0,253.0,115.0,3.0,253.0,116.0
