H_mean,S_mean,V_mean,H_std,S_std,V_std,H_median,S_median,V_median,H_mode,S_mode,V_mode
2.9863449724671356,251.7117165865614,128.33010790336442,0.18958275735563979,1.8640789846609114,5.923084828456959,3.0,251.0,128.0,3.0,251.0,131.0
