H_mean,S_mean,V_mean,H_std,S_std,V_std,H_median,S_median,V_median,H_mode,S_mode,V_mode
2.8903459910239677,251.35356654040805,109.660756915046,0.3188162639061345,2.6756631185889383,7.777667837147177,3.0,252.0,113.0,3.0,253.0,116.0
