H_mean,S_mean,V_mean,H_std,S_std,V_std,H_median,S_median,V_median,H_mode,S_mode,V_mode
2.9141229270776967,251.09173377470796,111.46522583314766,0.288360908474563,2.649596156613338,8.875002482313706,3.0,251.0,113.0,3.0,253.0,116.0
