H_mean,S_mean,V_mean,H_std,S_std,V_std,H_median,S_median,V_median,H_mode,S_mode,V_mode
2.980329121176433,252.93131107362257,149.9767005124614,0.1436016976601899,2.107906536692999,9.786892333497072,3.0,253.0,153.0,3.0,253.0,156.0
