H_mean,S_mean,V_mean,H_std,S_std,V_std,H_median,S_median,V_median,H_mode,S_mode,V_mode
2.9057198332113185,251.02419072476684,130.8452430212942,0.3483720253602475,2.073036292645574,6.997129107638828,3.0,251.0,133.0,3.0,251.0,135.0
