H_mean,S_mean,V_mean,H_std,S_std,V_std,H_median,S_median,V_median,H_mode,S_mode,V_mode
3.097494986790591,253.0951077442149,123.01947989941752,0.29824057832537726,1.3042873864047515,3.7508426958319143,3.0,253.0,124.0,3.0,253.0,124.0
