H_mean,S_mean,V_mean,H_std,S_std,V_std,H_median,S_median,V_median,H_mode,S_mode,V_mode
2.865391348632906,250.93271158926694,135.74074545628164,0.3448362216744773,1.7091456263157074,7.3178573905416995,3.0,251.0,136.0,3.0,251.0,135.0
