H_mean,S_mean,V_mean,H_std,S_std,V_std,H_median,S_median,V_median,H_mode,S_mode,V_mode
2.8510678931788522,247.49361810484768,95.77890950759144,0.41857140415661126,2.399222738483192,7.432191355329691,3.0,247.0,99.0,3.0,250.0,100.0
