H_mean,S_mean,V_mean,H_std,S_std,V_std,H_median,S_median,V_median,H_mode,S_mode,V_mode
2.9094439316293728,252.15593468504312,144.5501480090397,0.30929534499713585,1.6124266364927997,8.473440060536415,3.0,252.0,148.0,3.0,253.0,153.0
