H_mean,S_mean,V_mean,H_std,S_std,V_std,H_median,S_median,V_median,H_mode,S_mode,V_mode
2.9694432950313523,252.664385523761,147.63507018493172,0.17649878061298818,2.3525073512893413,9.237099621171902,3.0,253.0,152.0,3.0,253.0,153.0
