H_mean,S_mean,V_mean,H_std,S_std,V_std,H_median,S_median,V_median,H_mode,S_mode,V_mode
2.623484100964446,247.20205621160517,91.73753063627971,0.5537448450293935,2.710534974173229,5.318681962767737,3.0,247.0,91.0,3.0,246.0,91.0
