H_mean,S_mean,V_mean,H_std,S_std,V_std,H_median,S_median,V_median,H_mode,S_mode,V_mode
3.020180157239711,250.81513193493967,133.66126619346213,0.32278341391581394,2.2596895897914653,5.769314376624947,3.0,251.0,134.0,3.0,251.0,135.0
