H_mean,S_mean,V_mean,H_std,S_std,V_std,H_median,S_median,V_median,H_mode,S_mode,V_mode
4.0639781010281055,253.85886621892607,183.55734156666773,0.3294304883903465,1.291662614663607,12.569335269328985,4.0,254.0,187.0,4.0,255.0,196.0
