H_mean,S_mean,V_mean,H_std,S_std,V_std,H_median,S_median,V_median,H_mode,S_mode,V_mode
3.9932838908870996,254.21367412547346,190.06235477607666,0.14837019906984789,1.068100763511582,8.260351761479575,4.0,255.0,191.0,4.0,255.0,191.0
