H_mean,S_mean,V_mean,H_std,S_std,V_std,H_median,S_median,V_median,H_mode,S_mode,V_mode
2.996403221185982,252.3579590667473,121.70831078715345,0.17321551560338902,1.6964025990097886,7.723247607383931,3.0,253.0,124.0,3.0,253.0,125.0
