H_mean,S_mean,V_mean,H_std,S_std,V_std,H_median,S_median,V_median,H_mode,S_mode,V_mode
2.9375179043193174,251.52264697456792,138.07168093707227,0.26572924858862557,1.7823739534054843,10.379528511707118,3.0,251.0,139.0,3.0,253.0,136.0
