H_mean,S_mean,V_mean,H_std,S_std,V_std,H_median,S_median,V_median,H_mode,S_mode,V_mode
2.991724225737658,253.06295954419582,150.59684247381992,0.1096688505008334,1.7378252152948486,12.909258544223924,3.0,253.0,153.0,3.0,253.0,153.0
