H_mean,S_mean,V_mean,H_std,S_std,V_std,H_median,S_median,V_median,H_mode,S_mode,V_mode
2.9582073399751727,251.42534296718338,125.82872330267053,0.22596637936283615,1.9875403041713762,8.595394388184205,3.0,251.0,128.0,3.0,253.0,135.0
