H_mean,S_mean,V_mean,H_std,S_std,V_std,H_median,S_median,V_median,H_mode,S_mode,V_mode
3.004678995448324,253.5629117993443,158.54811089537512,0.15760092094372877,1.4832687204842285,8.845794209496809,3.0,253.0,160.0,3.0,255.0,169.0
