H_mean,S_mean,V_mean,H_std,S_std,V_std,H_median,S_median,V_median,H_mode,S_mode,V_mode
3.0044561861412613,253.2993283890887,150.30375274532895,0.10332148343284872,1.6364505272525673,13.643126788509031,3.0,253.0,155.0,3.0,253.0,153.0
