H_mean,S_mean,V_mean,H_std,S_std,V_std,H_median,S_median,V_median,H_mode,S_mode,V_mode
2.7600343762930897,251.37107298596302,143.4635388483942,0.4302619982701074,1.5996326204153144,6.2621424797088245,3.0,252.0,145.0,3.0,253.0,151.0
