H_mean,S_mean,V_mean,H_std,S_std,V_std,H_median,S_median,V_median,H_mode,S_mode,V_mode
2.997262628513225,251.18563198268453,119.9519368494764,0.20987256082986103,2.299077786162379,15.954093074712917,3.0,251.0,126.0,3.0,251.0,132.0
