H_mean,S_mean,V_mean,H_std,S_std,V_std,H_median,S_median,V_median,H_mode,S_mode,V_mode
2.9742814399847215,251.96266352611644,114.29366266670911,0.21684382413105102,2.114746900614462,8.155843483092802,3.0,253.0,115.0,3.0,253.0,115.0
