H_mean,S_mean,V_mean,H_std,S_std,V_std,H_median,S_median,V_median,H_mode,S_mode,V_mode
2.6551548524684088,247.52840818665055,92.81560938345481,0.5423246088823319,2.754021619494098,4.954397417189561,3.0,247.0,94.0,3.0,250.0,94.0
