H_mean,S_mean,V_mean,H_std,S_std,V_std,H_median,S_median,V_median,H_mode,S_mode,V_mode
2.8151001050386735,247.51077442149156,94.9950345354426,0.42725593651438654,2.895320608384333,5.31359713693073,3.0,247.0,95.0,3.0,250.0,100.0
