H_mean,S_mean,V_mean,H_std,S_std,V_std,H_median,S_median,V_median,H_mode,S_mode,V_mode
3.513479963077315,253.61361683165165,172.07072604004202,0.4998262123378522,1.2517964519030453,11.595018334453476,4.0,254.0,175.0,4.0,255.0,183.0
