H_mean,S_mean,V_mean,H_std,S_std,V_std,H_median,S_median,V_median,H_mode,S_mode,V_mode
2.952382468090524,252.50596810643918,147.94703504472102,0.3113159602034474,1.6582080777630035,5.518747899453178,3.0,253.0,149.0,3.0,253.0,153.0
