H_mean,S_mean,V_mean,H_std,S_std,V_std,H_median,S_median,V_median,H_mode,S_mode,V_mode
2.9902918801922524,252.33029888277048,147.14950504503932,0.37771338277112015,1.9198636037786427,6.874194109313197,3.0,253.0,148.0,3.0,253.0,153.0
