H_mean,S_mean,V_mean,H_std,S_std,V_std,H_median,S_median,V_median,H_mode,S_mode,V_mode
2.9656873667122894,252.5572460769647,147.3081452716682,0.19190809585852037,2.140034056803461,9.931766582370056,3.0,253.0,152.0,3.0,253.0,153.0
