H_mean,S_mean,V_mean,H_std,S_std,V_std,H_median,S_median,V_median,H_mode,S_mode,V_mode
2.9547697106662,251.501766559506,124.78677149314066,0.2276925416455922,2.0826302757372033,9.252286522935158,3.0,251.0,127.0,3.0,253.0,135.0
