H_mean,S_mean,V_mean,H_std,S_std,V_std,H_median,S_median,V_median,H_mode,S_mode,V_mode
3.007989305153261,252.28751949581437,117.14364834325366,0.15987512279725175,2.1458459492978053,7.578253828351682,3.0,253.0,119.0,3.0,253.0,124.0
