H_mean,S_mean,V_mean,H_std,S_std,V_std,H_median,S_median,V_median,H_mode,S_mode,V_mode
3.514625839513639,253.6003755928319,172.9183881338129,0.4997939932991906,1.2784789359275872,10.737531702543363,4.0,254.0,175.0,4.0,255.0,183.0
