H_mean,S_mean,V_mean,H_std,S_std,V_std,H_median,S_median,V_median,H_mode,S_mode,V_mode
3.1195849380908425,252.4791991596906,142.61110226947193,0.3248728663403714,2.194184739739393,17.658733385134543,3.0,253.0,150.0,3.0,253.0,153.0
