H_mean,S_mean,V_mean,H_std,S_std,V_std,H_median,S_median,V_median,H_mode,S_mode,V_mode
2.9375815641213356,252.2109685838877,142.99073749880637,0.2613965553147959,1.6175179381309692,9.675947461407343,3.0,252.0,147.0,3.0,253.0,153.0
