H_mean,S_mean,V_mean,H_std,S_std,V_std,H_median,S_median,V_median,H_mode,S_mode,V_mode
2.903300760734634,250.88213387656364,129.98383041028742,0.323916565496188,2.1794388228182817,6.023117193448344,3.0,251.0,132.0,3.0,249.0,135.0
