H_mean,S_mean,V_mean,H_std,S_std,V_std,H_median,S_median,V_median,H_mode,S_mode,V_mode
3.987459019002451,254.26199191520513,191.95677499442976,0.11955732444666065,1.0821923710910633,5.464370847003242,4.0,255.0,192.0,4.0,255.0,195.0
