H_mean,S_mean,V_mean,H_std,S_std,V_std,H_median,S_median,V_median,H_mode,S_mode,V_mode
3.008466753668396,252.36333832001782,117.3162618964255,0.16942094977509614,2.077697953015181,7.378084788588679,3.0,253.0,119.0,3.0,253.0,124.0
