H_mean,S_mean,V_mean,H_std,S_std,V_std,H_median,S_median,V_median,H_mode,S_mode,V_mode
2.8816882579495178,251.4844192634561,142.533564630614,0.3231790800972849,1.6883924865424107,5.59755842341748,3.0,251.0,142.0,3.0,253.0,141.0
