H_mean,S_mean,V_mean,H_std,S_std,V_std,H_median,S_median,V_median,H_mode,S_mode,V_mode
2.6947194194226056,247.20743546487572,88.74994429767324,0.5987598047498925,2.7878306469227976,6.448433981592093,3.0,247.0,89.0,3.0,246.0,89.0
