H_mean,S_mean,V_mean,H_std,S_std,V_std,H_median,S_median,V_median,H_mode,S_mode,V_mode
2.842887608619537,247.58719801381417,95.67530317980712,0.3997585388211123,2.5144563631480734,7.540390281945757,3.0,248.0,99.0,3.0,250.0,100.0
