H_mean,S_mean,V_mean,H_std,S_std,V_std,H_median,S_median,V_median,H_mode,S_mode,V_mode
2.745042492917847,251.42346500302384,143.43495559728808,0.44200845975044256,1.5570410404425594,6.23653969906178,3.0,252.0,145.0,3.0,253.0,151.0
