H_mean,S_mean,V_mean,H_std,S_std,V_std,H_median,S_median,V_median,H_mode,S_mode,V_mode
3.012572810898558,252.4144571410383,123.40430340261642,0.16487775677255806,1.5857056755229444,7.132688129110904,3.0,253.0,125.0,3.0,253.0,125.0
