H_mean,S_mean,V_mean,H_std,S_std,V_std,H_median,S_median,V_median,H_mode,S_mode,V_mode
2.999936340197982,252.92583633064902,147.80593309354808,0.07527216399192245,1.978342750518354,6.541024905478282,3.0,253.0,150.0,3.0,255.0,153.0
