H_mean,S_mean,V_mean,H_std,S_std,V_std,H_median,S_median,V_median,H_mode,S_mode,V_mode
2.9587166183913167,251.8069834802814,114.91253143202725,0.2516469467936799,2.178131318879792,8.509460942245642,3.0,253.0,116.0,3.0,253.0,115.0
