H_mean,S_mean,V_mean,H_std,S_std,V_std,H_median,S_median,V_median,H_mode,S_mode,V_mode
2.907247668459751,251.0748639271732,111.54919311200942,0.2992712323222229,2.6867593556825793,10.869594494768009,3.0,251.0,113.0,3.0,253.0,124.0
