H_mean,S_mean,V_mean,H_std,S_std,V_std,H_median,S_median,V_median,H_mode,S_mode,V_mode
2.9898780914791354,253.41566667727665,158.48951204761752,0.10566781595077274,1.4629453485571235,8.915650329557911,3.0,253.0,160.0,3.0,253.0,169.0
