H_mean,S_mean,V_mean,H_std,S_std,V_std,H_median,S_median,V_median,H_mode,S_mode,V_mode
2.853677945061591,247.95925772670847,96.5198141133781,0.43892148799139435,2.4485659541971323,8.269377540395828,3.0,248.0,100.0,3.0,250.0,100.0
