H_mean,S_mean,V_mean,H_std,S_std,V_std,H_median,S_median,V_median,H_mode,S_mode,V_mode
3.2566126619346214,252.36811280516918,116.42060031193303,0.4367707359903088,1.815704903030375,4.567875712435582,3.0,253.0,117.0,3.0,253.0,118.0
