H_mean,S_mean,V_mean,H_std,S_std,V_std,H_median,S_median,V_median,H_mode,S_mode,V_mode
2.8274501066301685,250.35417130852724,134.5628799694433,0.37828465672552264,1.782856066204358,4.184768536914458,3.0,249.0,135.0,3.0,249.0,135.0
