H_mean,S_mean,V_mean,H_std,S_std,V_std,H_median,S_median,V_median,H_mode,S_mode,V_mode
2.982843683356145,251.66849158099117,124.45596333195404,0.20850217848485672,2.127481099355245,8.241244409155616,3.0,251.0,125.0,3.0,251.0,131.0
