H_mean,S_mean,V_mean,H_std,S_std,V_std,H_median,S_median,V_median,H_mode,S_mode,V_mode
3.996053092274883,254.2034885571506,187.00015914950504,0.08547240306573578,1.0637931046424667,8.757933213305058,4.0,255.0,189.0,4.0,255.0,195.0
