H_mean,S_mean,V_mean,H_std,S_std,V_std,H_median,S_median,V_median,H_mode,S_mode,V_mode
3.0385141802208997,252.36384759843398,144.62698539007545,0.22520948018966805,1.9328873590703626,8.127637652971506,3.0,252.0,148.0,3.0,255.0,150.0
