H_mean,S_mean,V_mean,H_std,S_std,V_std,H_median,S_median,V_median,H_mode,S_mode,V_mode
2.9651144284941275,252.3006970748321,142.06585606518763,0.2723206987170768,1.7122396264141027,10.444389252802397,3.0,253.0,145.0,3.0,253.0,153.0
