H_mean,S_mean,V_mean,H_std,S_std,V_std,H_median,S_median,V_median,H_mode,S_mode,V_mode
2.967438011267785,251.61581309482128,124.80720628958844,0.2390782825400372,2.078198643522383,8.446865879041109,3.0,251.0,125.0,3.0,253.0,132.0
