H_mean,S_mean,V_mean,H_std,S_std,V_std,H_median,S_median,V_median,H_mode,S_mode,V_mode
2.9805837603845053,252.91749689658465,149.39793742241463,0.1389046529273533,1.736475550514127,9.311457455866504,3.0,253.0,153.0,3.0,253.0,153.0
