H_mean,S_mean,V_mean,H_std,S_std,V_std,H_median,S_median,V_median,H_mode,S_mode,V_mode
2.74784352420664,251.3689085526944,143.45303498106122,0.434257515742116,1.5486790689949477,6.129332871635901,3.0,252.0,145.0,3.0,253.0,151.0
