H_mean,S_mean,V_mean,H_std,S_std,V_std,H_median,S_median,V_median,H_mode,S_mode,V_mode
2.8856351656746346,251.49555972880924,142.5073686220836,0.3187586110956044,1.7414496142712126,5.590029139058936,3.0,252.0,142.0,3.0,253.0,137.0
