H_mean,S_mean,V_mean,H_std,S_std,V_std,H_median,S_median,V_median,H_mode,S_mode,V_mode
2.946939555017984,251.73412483687176,141.17009899099213,0.2251494310547354,1.603926149253262,5.714543115918069,3.0,252.0,141.0,3.0,253.0,141.0
