H_mean,S_mean,V_mean,H_std,S_std,V_std,H_median,S_median,V_median,H_mode,S_mode,V_mode
3.0095808002037114,252.86456377120666,147.15501161791386,0.10706459356099617,1.8553729886111787,6.986251671753853,3.0,253.0,150.0,3.0,255.0,153.0
