H_mean,S_mean,V_mean,H_std,S_std,V_std,H_median,S_median,V_median,H_mode,S_mode,V_mode
2.960117134035713,251.79870770601903,115.3307126714836,0.2372967325339455,2.2066569678297343,8.881243872434071,3.0,253.0,116.0,3.0,253.0,124.0
