H_mean,S_mean,V_mean,H_std,S_std,V_std,H_median,S_median,V_median,H_mode,S_mode,V_mode
2.9243403253015883,251.1548206385078,124.66012031702581,0.2731022297564524,2.166507156678863,10.436450168982446,3.0,251.0,127.0,3.0,253.0,135.0
