H_mean,S_mean,V_mean,H_std,S_std,V_std,H_median,S_median,V_median,H_mode,S_mode,V_mode
2.883152433395932,248.24795492886017,101.74185950281695,0.34961748273055887,4.839887477410609,7.5570457644009945,3.0,250.0,105.0,3.0,250.0,106.0
