H_mean,S_mean,V_mean,H_std,S_std,V_std,H_median,S_median,V_median,H_mode,S_mode,V_mode
2.988604895438775,253.46188369354172,158.27268676194416,0.11478444837039886,1.4708634179070679,8.810038830938778,3.0,253.0,160.0,3.0,253.0,169.0
