H_mean,S_mean,V_mean,H_std,S_std,V_std,H_median,S_median,V_median,H_mode,S_mode,V_mode
2.9828118534551358,252.9698889136455,150.17054460960625,0.13851020790898036,2.1321826954110388,9.642079860464667,3.0,253.0,153.0,3.0,253.0,156.0
