H_mean,S_mean,V_mean,H_std,S_std,V_std,H_median,S_median,V_median,H_mode,S_mode,V_mode
2.958461979183245,251.9748225483019,117.24684088232486,0.2438962604897685,2.101170783258342,7.869027415599411,3.0,253.0,118.0,3.0,253.0,120.0
