H_mean,S_mean,V_mean,H_std,S_std,V_std,H_median,S_median,V_median,H_mode,S_mode,V_mode
2.9089664831142374,250.4427539230353,104.91125823598689,0.2970251956027502,3.16565441380854,7.910533498637356,3.0,250.0,107.0,3.0,250.0,113.0
