H_mean,S_mean,V_mean,H_std,S_std,V_std,H_median,S_median,V_median,H_mode,S_mode,V_mode
2.838399592577267,247.93420759461438,97.71763694814909,0.4397256307789889,2.684419005162654,4.922056594364341,3.0,248.0,99.0,3.0,250.0,100.0
