H_mean,S_mean,V_mean,H_std,S_std,V_std,H_median,S_median,V_median,H_mode,S_mode,V_mode
2.939777827290957,250.6762899067384,107.339243084954,0.3357781957317656,2.7774710053613365,10.893765471695126,3.0,251.0,110.0,3.0,253.0,115.0
