H_mean,S_mean,V_mean,H_std,S_std,V_std,H_median,S_median,V_median,H_mode,S_mode,V_mode
2.817360028010313,250.36480249546423,134.6491390011777,0.3865419616032137,1.7439735679441035,4.087280897993251,3.0,251.0,135.0,3.0,249.0,135.0
