H_mean,S_mean,V_mean,H_std,S_std,V_std,H_median,S_median,V_median,H_mode,S_mode,V_mode
2.8410414743610146,250.73126014578094,132.7087564057676,0.3700563761239952,1.915486035532026,6.499762784629487,3.0,251.0,135.0,3.0,249.0,135.0
