H_mean,S_mean,V_mean,H_std,S_std,V_std,H_median,S_median,V_median,H_mode,S_mode,V_mode
2.947639812840182,251.5540949167648,137.49664194544354,0.24008658384023027,1.7229512777366889,9.969334659533212,3.0,251.0,139.0,3.0,253.0,135.0
