H_mean,S_mean,V_mean,H_std,S_std,V_std,H_median,S_median,V_median,H_mode,S_mode,V_mode
2.99455708692746,252.0166788681287,142.98510360632778,0.1595836332947475,1.5442424947664861,8.250967465107028,3.0,252.0,144.0,3.0,253.0,141.0
