H_mean,S_mean,V_mean,H_std,S_std,V_std,H_median,S_median,V_median,H_mode,S_mode,V_mode
3.988795874844829,254.34863290575166,191.48884361969635,0.1073525881149897,0.9381229155953673,6.476471931827578,4.0,255.0,192.0,4.0,255.0,194.0
