H_mean,S_mean,V_mean,H_std,S_std,V_std,H_median,S_median,V_median,H_mode,S_mode,V_mode
3.0105356972339816,252.06375529172104,117.37218703249833,0.18102577137649717,2.2131262387449055,10.189922061488335,3.0,253.0,121.0,3.0,253.0,124.0
