H_mean,S_mean,V_mean,H_std,S_std,V_std,H_median,S_median,V_median,H_mode,S_mode,V_mode
2.890377820924977,251.3653117738804,109.29280325938187,0.3273492600364287,2.8834101134687726,9.180315156037715,3.0,253.0,113.0,3.0,253.0,116.0
