H_mean,S_mean,V_mean,H_std,S_std,V_std,H_median,S_median,V_median,H_mode,S_mode,V_mode
2.88706751122004,248.0995957602572,94.24117515994526,0.4606116440534903,3.050365380656115,4.24167129739212,3.0,249.0,94.0,3.0,250.0,94.0
