H_mean,S_mean,V_mean,H_std,S_std,V_std,H_median,S_median,V_median,H_mode,S_mode,V_mode
2.87424006111341,251.04707642359233,135.14059267275678,0.3465113374744261,1.9102055097368906,6.083897984487551,3.0,251.0,136.0,3.0,251.0,135.0
