H_mean,S_mean,V_mean,H_std,S_std,V_std,H_median,S_median,V_median,H_mode,S_mode,V_mode
2.95604290670656,249.23582773657574,103.0752777158863,0.28536446291048123,4.010822799091248,9.296311551401361,3.0,250.0,105.0,3.0,250.0,113.0
