H_mean,S_mean,V_mean,H_std,S_std,V_std,H_median,S_median,V_median,H_mode,S_mode,V_mode
2.9247222841136966,251.05640258458797,141.02597319922336,0.2662450632890181,1.8717817183092238,6.035610746240368,3.0,251.0,141.0,3.0,251.0,136.0
