H_mean,S_mean,V_mean,H_std,S_std,V_std,H_median,S_median,V_median,H_mode,S_mode,V_mode
2.8642136422955726,251.3972371645924,110.45669541967725,0.3482803345469932,2.528010136274205,6.807292610704619,3.0,251.0,112.0,3.0,253.0,116.0
