H_mean,S_mean,V_mean,H_std,S_std,V_std,H_median,S_median,V_median,H_mode,S_mode,V_mode
2.8891682846866344,250.48464207276317,135.06903905528853,0.314839863301605,1.7460607178178185,3.979397117968279,3.0,251.0,135.0,3.0,251.0,135.0
