H_mean,S_mean,V_mean,H_std,S_std,V_std,H_median,S_median,V_median,H_mode,S_mode,V_mode
2.9007225387529045,252.15109654008975,113.33701499188338,0.3032668238309937,2.1902141369056722,5.7500281917853275,3.0,253.0,115.0,3.0,253.0,116.0
