H_mean,S_mean,V_mean,H_std,S_std,V_std,H_median,S_median,V_median,H_mode,S_mode,V_mode
4.285641531654837,244.20431613457683,141.02183531209218,0.45320397235318527,5.912730863113739,4.46861498605042,4.0,246.0,141.0,4.0,248.0,139.0
