H_mean,S_mean,V_mean,H_std,S_std,V_std,H_median,S_median,V_median,H_mode,S_mode,V_mode
2.9446478021453353,251.4399210618455,133.29566795047268,0.2653933260606425,1.9748292822542106,10.577331941155153,3.0,251.0,135.0,3.0,253.0,136.0
