H_mean,S_mean,V_mean,H_std,S_std,V_std,H_median,S_median,V_median,H_mode,S_mode,V_mode
2.94996339561384,251.6692554986154,137.86494573001877,0.23610766926153623,1.7814816621553797,10.688272843007882,3.0,252.0,139.0,3.0,253.0,141.0
