H_mean,S_mean,V_mean,H_std,S_std,V_std,H_median,S_median,V_median,H_mode,S_mode,V_mode
2.93968233758793,251.49778782187988,137.78196517808829,0.25722919468531774,1.7069311534873792,10.769620970591339,3.0,251.0,139.0,3.0,251.0,136.0
