H_mean,S_mean,V_mean,H_std,S_std,V_std,H_median,S_median,V_median,H_mode,S_mode,V_mode
2.9870770601903427,252.62230639462712,123.9219530827259,0.12750585880541773,1.4642663264141538,5.203481837086696,3.0,253.0,124.0,3.0,253.0,125.0
