H_mean,S_mean,V_mean,H_std,S_std,V_std,H_median,S_median,V_median,H_mode,S_mode,V_mode
2.95091829264411,249.1865550498138,102.9480854314543,0.29491035307391095,4.0131230525926895,8.959100414873332,3.0,250.0,105.0,3.0,250.0,113.0
