H_mean,S_mean,V_mean,H_std,S_std,V_std,H_median,S_median,V_median,H_mode,S_mode,V_mode
3.080593309354808,253.11850272145654,123.68065060317663,0.27221386160519745,1.2874367769121737,3.543524022784831,3.0,253.0,124.0,3.0,253.0,126.0
