H_mean,S_mean,V_mean,H_std,S_std,V_std,H_median,S_median,V_median,H_mode,S_mode,V_mode
2.958334659579209,251.9268867173823,113.89451570805615,0.25158398563253226,2.2391766301103377,7.55775324454562,3.0,253.0,115.0,3.0,253.0,115.0
