H_mean,S_mean,V_mean,H_std,S_std,V_std,H_median,S_median,V_median,H_mode,S_mode,V_mode
2.9826845338510997,252.96556004710826,150.41012827450106,0.14301720573485005,2.239671821764487,9.265264518478276,3.0,253.0,153.0,3.0,253.0,156.0
