H_mean,S_mean,V_mean,H_std,S_std,V_std,H_median,S_median,V_median,H_mode,S_mode,V_mode
2.883598052010058,251.06276856478976,131.28360441799026,0.35194347805525855,1.9783027007907634,7.133220387659501,3.0,251.0,134.0,3.0,251.0,135.0
