H_mean,S_mean,V_mean,H_std,S_std,V_std,H_median,S_median,V_median,H_mode,S_mode,V_mode
2.998949613266703,252.52694401120414,122.61275742432441,0.15295299466739698,1.6007009411929032,6.926822032621984,3.0,253.0,124.0,3.0,253.0,125.0
