H_mean,S_mean,V_mean,H_std,S_std,V_std,H_median,S_median,V_median,H_mode,S_mode,V_mode
2.9732628831524335,252.8685743387338,149.33828818792372,0.16269205432539616,1.7524069758358742,9.225275066994591,3.0,253.0,153.0,3.0,253.0,153.0
