H_mean,S_mean,V_mean,H_std,S_std,V_std,H_median,S_median,V_median,H_mode,S_mode,V_mode
2.966514944138524,251.98160231721678,140.73998153865742,0.1958291319787606,1.7791495872285161,10.849464360782065,3.0,252.0,142.0,3.0,253.0,153.0
