H_mean,S_mean,V_mean,H_std,S_std,V_std,H_median,S_median,V_median,H_mode,S_mode,V_mode
2.750230766782315,251.37164592418117,143.45398987809148,0.43596367368042716,1.548764490595046,6.174108225069085,3.0,252.0,145.0,3.0,253.0,151.0
