H_mean,S_mean,V_mean,H_std,S_std,V_std,H_median,S_median,V_median,H_mode,S_mode,V_mode
2.9743450997867398,252.63443358691154,147.66871439029825,0.16188606090687516,2.287815441713442,9.41885313360259,3.0,253.0,152.0,3.0,253.0,153.0
