H_mean,S_mean,V_mean,H_std,S_std,V_std,H_median,S_median,V_median,H_mode,S_mode,V_mode
3.112741509373906,253.57013718687335,161.34611834357196,0.3167843977433296,1.377981092639022,8.342227827378359,3.0,253.0,163.0,3.0,255.0,165.0
