H_mean,S_mean,V_mean,H_std,S_std,V_std,H_median,S_median,V_median,H_mode,S_mode,V_mode
2.8918738262724,250.307445013846,134.33545532673392,0.3484155717156364,1.6474837150621175,5.373838449745991,3.0,251.0,135.0,3.0,249.0,135.0
