H_mean,S_mean,V_mean,H_std,S_std,V_std,H_median,S_median,V_median,H_mode,S_mode,V_mode
2.756692236687144,251.6381576853296,145.0717445968743,0.4290861871295493,1.4180187592705995,5.551803308798421,3.0,252.0,146.0,3.0,253.0,152.0
