H_mean,S_mean,V_mean,H_std,S_std,V_std,H_median,S_median,V_median,H_mode,S_mode,V_mode
4.01473724416717,254.33443676990166,190.37833020339306,0.13424574685428867,0.9967650894658697,7.916467638262789,4.0,255.0,192.0,4.0,255.0,195.0
