H_mean,S_mean,V_mean,H_std,S_std,V_std,H_median,S_median,V_median,H_mode,S_mode,V_mode
2.6230066524493107,247.12066715472514,92.13435401215902,0.5141519873481157,2.875413361502067,5.378202913724097,3.0,247.0,92.0,3.0,250.0,100.0
