H_mean,S_mean,V_mean,H_std,S_std,V_std,H_median,S_median,V_median,H_mode,S_mode,V_mode
2.975427316421046,252.9441703536302,149.45621797116212,0.15767338186508476,1.7179536501570585,9.28311803696716,3.0,253.0,153.0,3.0,253.0,153.0
