H_mean,S_mean,V_mean,H_std,S_std,V_std,H_median,S_median,V_median,H_mode,S_mode,V_mode
2.9467804055129387,252.0078301556482,142.12203584046853,0.24089062357564406,1.6552390933035817,9.647531806508331,3.0,252.0,145.0,3.0,253.0,153.0
