H_mean,S_mean,V_mean,H_std,S_std,V_std,H_median,S_median,V_median,H_mode,S_mode,V_mode
3.0056975522806124,253.11089537511538,148.618423146704,0.09304502370843813,1.889684585851539,6.751344207521787,3.0,253.0,152.0,3.0,255.0,153.0
