H_mean,S_mean,V_mean,H_std,S_std,V_std,H_median,S_median,V_median,H_mode,S_mode,V_mode
2.9767323423624155,252.93786803323042,149.5056498074291,0.15305971793962975,1.7760817726040585,9.364681737384354,3.0,253.0,153.0,3.0,253.0,153.0
