H_mean,S_mean,V_mean,H_std,S_std,V_std,H_median,S_median,V_median,H_mode,S_mode,V_mode
3.031416112295891,252.3148932106821,140.94108285323233,0.19511414140337938,1.9714488811391486,17.10484969616467,3.0,253.0,147.0,3.0,253.0,153.0
