H_mean,S_mean,V_mean,H_std,S_std,V_std,H_median,S_median,V_median,H_mode,S_mode,V_mode
2.939204889072795,249.46169271413567,102.04328866537224,0.3605463581996548,3.2266582958231376,9.597653123907783,3.0,250.0,105.0,3.0,250.0,106.0
