H_mean,S_mean,V_mean,H_std,S_std,V_std,H_median,S_median,V_median,H_mode,S_mode,V_mode
2.992138014450775,253.4671674571092,158.42852595728428,0.09658316054036702,1.4962858612781231,8.870061480887406,3.0,253.0,160.0,3.0,253.0,163.0
