H_mean,S_mean,V_mean,H_std,S_std,V_std,H_median,S_median,V_median,H_mode,S_mode,V_mode
2.862240188433014,248.23729191202216,95.13903300760735,0.41504428999084025,3.1994933947520456,4.254982189697607,3.0,250.0,95.0,3.0,250.0,95.0
