H_mean,S_mean,V_mean,H_std,S_std,V_std,H_median,S_median,V_median,H_mode,S_mode,V_mode
2.8682242098227073,250.74692045707738,133.73648024954642,0.3904924409881319,1.9363828918014285,5.608586513413512,3.0,251.0,135.0,3.0,249.0,135.0
