H_mean,S_mean,V_mean,H_std,S_std,V_std,H_median,S_median,V_median,H_mode,S_mode,V_mode
2.952382468090524,246.30582168889455,98.72635834102556,0.36991025055268345,4.008575863849369,6.848622634654977,3.0,247.0,101.0,3.0,250.0,101.0
