H_mean,S_mean,V_mean,H_std,S_std,V_std,H_median,S_median,V_median,H_mode,S_mode,V_mode
4.000445618614126,253.9600853041347,180.3444950186205,0.10092419906327522,1.1745154196308483,11.828522565882544,4.0,254.0,184.0,4.0,255.0,187.0
