H_mean,S_mean,V_mean,H_std,S_std,V_std,H_median,S_median,V_median,H_mode,S_mode,V_mode
3.1518604577139766,253.92360823757838,161.6522583314766,0.3588912911764633,1.147131637367229,6.92276114863424,3.0,254.0,162.0,3.0,255.0,169.0
