H_mean,S_mean,V_mean,H_std,S_std,V_std,H_median,S_median,V_median,H_mode,S_mode,V_mode
2.9696342744374067,252.063596142216,114.52493872744056,0.24312753342895047,2.085278706504177,7.632470521903864,3.0,253.0,115.0,3.0,253.0,115.0
