H_mean,S_mean,V_mean,H_std,S_std,V_std,H_median,S_median,V_median,H_mode,S_mode,V_mode
2.91947035044721,251.2915300633415,136.20227902091224,0.316763819145537,1.7375450426773973,7.343602139736934,3.0,251.0,137.0,3.0,251.0,135.0
