H_mean,S_mean,V_mean,H_std,S_std,V_std,H_median,S_median,V_median,H_mode,S_mode,V_mode
3.2535569914377565,252.27386446828152,116.38517363211001,0.44079604408009676,2.149090850965804,5.0037801278428145,3.0,253.0,117.0,3.0,253.0,118.0
