H_mean,S_mean,V_mean,H_std,S_std,V_std,H_median,S_median,V_median,H_mode,S_mode,V_mode
2.97466339879683,253.07588248400546,150.6268580704714,0.15876000290727524,1.7616531159636852,9.157654650203314,3.0,253.0,153.0,3.0,255.0,158.0
