H_mean,S_mean,V_mean,H_std,S_std,V_std,H_median,S_median,V_median,H_mode,S_mode,V_mode
2.9093166120253366,252.51831810803068,114.6240252092816,0.3027042107064335,1.8838479204261689,5.7114229604924205,3.0,253.0,115.0,3.0,253.0,115.0
