H_mean,S_mean,V_mean,H_std,S_std,V_std,H_median,S_median,V_median,H_mode,S_mode,V_mode
2.994970875640577,252.76232612916573,147.763217366394,0.07760528846695675,1.9764198269904667,6.538834194449697,3.0,253.0,150.0,3.0,255.0,153.0
