H_mean,S_mean,V_mean,H_std,S_std,V_std,H_median,S_median,V_median,H_mode,S_mode,V_mode
2.9496132667027406,251.78352484323773,114.00436069643824,0.26982377613502273,2.2542207282704294,7.3264627453721545,3.0,253.0,115.0,3.0,253.0,115.0
