H_mean,S_mean,V_mean,H_std,S_std,V_std,H_median,S_median,V_median,H_mode,S_mode,V_mode
3.0094534805996753,253.99834484514753,159.62313397205335,0.09676988360271012,1.0888102811044362,4.33801450191834,3.0,255.0,159.0,3.0,255.0,153.0
