H_mean,S_mean,V_mean,H_std,S_std,V_std,H_median,S_median,V_median,H_mode,S_mode,V_mode
3.101823853327816,253.08110258777094,122.90059521914887,0.3024213407509785,1.300003802642276,3.686060703339357,3.0,253.0,124.0,3.0,253.0,124.0
