H_mean,S_mean,V_mean,H_std,S_std,V_std,H_median,S_median,V_median,H_mode,S_mode,V_mode
2.9931247413820543,253.0964127701563,150.28535506254576,0.11733433457478823,1.706771420599308,13.375412804131905,3.0,253.0,153.0,3.0,253.0,153.0
