H_mean,S_mean,V_mean,H_std,S_std,V_std,H_median,S_median,V_median,H_mode,S_mode,V_mode
2.7429735493522616,251.3544259477353,143.4547537957157,0.437001067354787,1.455328222530258,6.185754426220916,3.0,251.0,145.0,3.0,253.0,151.0
