H_mean,S_mean,V_mean,H_std,S_std,V_std,H_median,S_median,V_median,H_mode,S_mode,V_mode
2.7661775471878283,251.51360728268136,143.74688862717636,0.42409373489583946,1.4403339127426373,6.206399378921582,3.0,252.0,145.0,3.0,253.0,151.0
