H_mean,S_mean,V_mean,H_std,S_std,V_std,H_median,S_median,V_median,H_mode,S_mode,V_mode
2.9410510233313176,252.57694878568927,148.06875258617947,0.3082365261008411,1.6927945599394396,5.351234523435754,3.0,253.0,149.0,3.0,253.0,153.0
