H_mean,S_mean,V_mean,H_std,S_std,V_std,H_median,S_median,V_median,H_mode,S_mode,V_mode
2.9410191934303085,252.19833211318712,143.30165197186236,0.2556783547833786,1.581754663810484,9.646443162218024,3.0,252.0,147.0,3.0,253.0,153.0
