H_mean,S_mean,V_mean,H_std,S_std,V_std,H_median,S_median,V_median,H_mode,S_mode,V_mode
3.0022599229716396,253.01865232199128,149.10908107075787,0.09076948473585326,1.8614051304573462,6.440001387833918,3.0,253.0,152.0,3.0,255.0,153.0
