H_mean,S_mean,V_mean,H_std,S_std,V_std,H_median,S_median,V_median,H_mode,S_mode,V_mode
2.967501671069803,252.16462424801858,114.71820988636725,0.2330188506634677,2.0124118571948317,7.599836973971215,3.0,253.0,115.0,3.0,253.0,115.0
