H_mean,S_mean,V_mean,H_std,S_std,V_std,H_median,S_median,V_median,H_mode,S_mode,V_mode
3.0194162396154947,251.7123850144826,143.13155298087023,0.381575117226486,2.324890444248636,8.52389071200444,3.0,252.0,144.0,3.0,253.0,153.0
