H_mean,S_mean,V_mean,H_std,S_std,V_std,H_median,S_median,V_median,H_mode,S_mode,V_mode
3.9981538657414775,254.16650221217813,186.83238374128658,0.06177622019738387,1.0350064942257076,8.8994777659519,4.0,254.0,188.0,4.0,255.0,187.0
