H_mean,S_mean,V_mean,H_std,S_std,V_std,H_median,S_median,V_median,H_mode,S_mode,V_mode
3.0662698539007542,250.77117484164623,136.1666931915842,0.2521884203706975,1.4870844515524273,5.031553189039418,3.0,251.0,137.0,3.0,251.0,138.0
