H_mean,S_mean,V_mean,H_std,S_std,V_std,H_median,S_median,V_median,H_mode,S_mode,V_mode
3.998758633860649,254.11621096858389,186.95932138651048,0.06048978502359155,1.0772420929946116,8.766254161110515,4.0,254.0,188.0,4.0,255.0,195.0
