H_mean,S_mean,V_mean,H_std,S_std,V_std,H_median,S_median,V_median,H_mode,S_mode,V_mode
2.9614539898780916,251.61250278511633,140.2275837922144,0.22414145836555285,1.7527363098159063,14.110315104806883,3.0,252.0,146.0,3.0,252.0,149.0
