H_mean,S_mean,V_mean,H_std,S_std,V_std,H_median,S_median,V_median,H_mode,S_mode,V_mode
3.0053792532705224,252.31107362256103,117.29843715186045,0.16603754187105757,2.0647378206077263,8.189325840254236,3.0,253.0,119.0,3.0,253.0,124.0
