H_mean,S_mean,V_mean,H_std,S_std,V_std,H_median,S_median,V_median,H_mode,S_mode,V_mode
2.8771684120062386,251.14498519909603,110.91997962886336,0.33008634220964966,2.699021036166755,8.294603459425526,3.0,251.0,113.0,3.0,253.0,115.0
