H_mean,S_mean,V_mean,H_std,S_std,V_std,H_median,S_median,V_median,H_mode,S_mode,V_mode
2.9980583760384505,253.00416971703217,148.95021803482192,0.10043221481514089,1.8665400245030812,6.661177093532725,3.0,253.0,152.0,3.0,255.0,153.0
