H_mean,S_mean,V_mean,H_std,S_std,V_std,H_median,S_median,V_median,H_mode,S_mode,V_mode
2.898971894197409,251.40411242321036,134.03545850972404,0.3100133066887948,1.8414472104760404,8.07524160429844,3.0,251.0,136.0,3.0,253.0,142.0
