H_mean,S_mean,V_mean,H_std,S_std,V_std,H_median,S_median,V_median,H_mode,S_mode,V_mode
2.9127224114333004,247.9181016647038,95.68914918674604,0.4413199887234272,2.315060931565364,8.181502437909106,3.0,248.0,99.0,3.0,250.0,100.0
