H_mean,S_mean,V_mean,H_std,S_std,V_std,H_median,S_median,V_median,H_mode,S_mode,V_mode
3.0022280930706304,253.1113091638285,147.91698761816852,0.08403272215073809,1.9167296508796192,7.503673456777301,3.0,253.0,152.0,3.0,255.0,153.0
