H_mean,S_mean,V_mean,H_std,S_std,V_std,H_median,S_median,V_median,H_mode,S_mode,V_mode
2.71254416398765,247.2109049240857,87.96119935067001,0.6575884233589164,2.67254419739788,6.456268290753138,3.0,246.0,89.0,3.0,246.0,89.0
