H_mean,S_mean,V_mean,H_std,S_std,V_std,H_median,S_median,V_median,H_mode,S_mode,V_mode
2.9823980647420187,251.9915650762326,111.99643505108699,0.20445650265594886,2.36289949300512,8.31880373411781,3.0,253.0,116.0,3.0,253.0,116.0
