H_mean,S_mean,V_mean,H_std,S_std,V_std,H_median,S_median,V_median,H_mode,S_mode,V_mode
2.8713117102205814,251.04854059903874,132.07922462361142,0.3586357435124926,2.008282566370742,6.1630914743542204,3.0,251.0,134.0,3.0,251.0,135.0
