H_mean,S_mean,V_mean,H_std,S_std,V_std,H_median,S_median,V_median,H_mode,S_mode,V_mode
2.7351433937040457,251.6557596205876,145.66588152910845,0.4413359762653865,1.3897845715634132,5.363807207283735,3.0,252.0,147.0,3.0,253.0,151.0
