H_mean,S_mean,V_mean,H_std,S_std,V_std,H_median,S_median,V_median,H_mode,S_mode,V_mode
2.947798962345227,250.60581850590444,106.65951554890664,0.35235349986486003,2.7200720982717175,11.183927779297022,3.0,250.0,109.0,3.0,253.0,115.0
