H_mean,S_mean,V_mean,H_std,S_std,V_std,H_median,S_median,V_median,H_mode,S_mode,V_mode
3.0007957475252254,253.94862653977145,160.1136964064042,0.0281982201622141,1.0818178549321675,4.861514427080425,3.0,255.0,160.0,3.0,255.0,153.0
