H_mean,S_mean,V_mean,H_std,S_std,V_std,H_median,S_median,V_median,H_mode,S_mode,V_mode
2.8560333577362575,251.50218034821913,110.70302702358596,0.3623937406075181,2.6358076931474925,5.561956411238194,3.0,253.0,113.0,3.0,253.0,116.0
