H_mean,S_mean,V_mean,H_std,S_std,V_std,H_median,S_median,V_median,H_mode,S_mode,V_mode
2.8797466339879683,251.09934112104912,110.84269662921348,0.32944395588083963,2.6680646105880097,8.560422398343958,3.0,251.0,113.0,3.0,253.0,115.0
