H_mean,S_mean,V_mean,H_std,S_std,V_std,H_median,S_median,V_median,H_mode,S_mode,V_mode
2.914154756978706,251.91364547856256,143.26269217302735,0.3228953014809502,1.6622495597561397,8.14452195578169,3.0,252.0,145.0,3.0,253.0,153.0
