H_mean,S_mean,V_mean,H_std,S_std,V_std,H_median,S_median,V_median,H_mode,S_mode,V_mode
2.6918865582328038,246.98739535920043,88.27262310214215,0.665395286700662,2.6132546937279026,6.009922994991007,3.0,246.0,89.0,3.0,246.0,89.0
