H_mean,S_mean,V_mean,H_std,S_std,V_std,H_median,S_median,V_median,H_mode,S_mode,V_mode
3.0218353120921795,252.2272018334023,122.40621319667696,0.20521444185891288,1.8643540253374364,8.189850656819305,3.0,253.0,124.0,3.0,253.0,125.0
