H_mean,S_mean,V_mean,H_std,S_std,V_std,H_median,S_median,V_median,H_mode,S_mode,V_mode
2.9171467676735525,250.9226851704491,135.0381322214088,0.28340782863974745,1.8780730040456317,5.360252990407487,3.0,251.0,136.0,3.0,251.0,135.0
