H_mean,S_mean,V_mean,H_std,S_std,V_std,H_median,S_median,V_median,H_mode,S_mode,V_mode
2.9973262883152434,251.05700735270713,114.45790495591558,0.27372033725514733,2.600249369978584,16.323650532140416,3.0,251.0,118.0,3.0,253.0,135.0
