B_mean,G_mean,R_mean,B_std,G_std,R_std,B_median,G_median,R_median,B_mode,G_mode,R_mode
1.307858802559124,12.117834293535347,113.2611325078779,0.9443111951221415,0.935699760298458,5.166072120021838,1.0,12.0,114.0,1.0,12.0,115.0
