B_mean,G_mean,R_mean,B_std,G_std,R_std,B_median,G_median,R_median,B_mode,G_mode,R_mode
2.8962981825126524,10.524047490212306,85.21275105834421,0.9247560652386336,0.8175890238084591,4.83225745577132,3.0,11.0,85.0,3.0,11.0,84.0
