B_mean,G_mean,R_mean,B_std,G_std,R_std,B_median,G_median,R_median,B_mode,G_mode,R_mode
1.3618741445714104,13.175764713371741,113.61473087818698,0.9460701834581348,0.9891734281426627,9.574418528031353,1.0,13.0,116.0,1.0,14.0,124.0
