B_mean,G_mean,R_mean,B_std,G_std,R_std,B_median,G_median,R_median,B_mode,G_mode,R_mode
1.3267021039564566,12.99134226692555,118.03491740140689,0.8101314786110858,1.0120493365980476,9.825211524451364,1.0,13.0,121.0,1.0,13.0,124.0
