B_mean,G_mean,R_mean,B_std,G_std,R_std,B_median,G_median,R_median,B_mode,G_mode,R_mode
2.713403571314893,10.757901772925486,93.10437024540853,0.9012816214253748,0.7601825720236431,5.718328954466549,3.0,11.0,94.0,3.0,11.0,100.0
