B_mean,G_mean,R_mean,B_std,G_std,R_std,B_median,G_median,R_median,B_mode,G_mode,R_mode
2.88194289715759,10.584587961931438,85.47206926186459,0.9072594045357624,0.7008547632235621,5.033506716426821,3.0,11.0,87.0,3.0,11.0,85.0
