B_mean,G_mean,R_mean,B_std,G_std,R_std,B_median,G_median,R_median,B_mode,G_mode,R_mode
2.272081993824999,12.181876054365471,102.0134003883248,1.0276952229381071,0.5999734796298034,4.5375150111414735,2.0,12.0,102.0,2.0,12.0,106.0
