B_mean,G_mean,R_mean,B_std,G_std,R_std,B_median,G_median,R_median,B_mode,G_mode,R_mode
1.8103574497883312,13.601744278575294,124.79746633987968,1.0238763690659225,0.9100950472797927,10.275192754623172,2.0,14.0,128.0,1.0,14.0,135.0
