B_mean,G_mean,R_mean,B_std,G_std,R_std,B_median,G_median,R_median,B_mode,G_mode,R_mode
1.0947576153038163,13.151287519495815,121.9208708660916,0.644384436388881,0.9056230562772796,6.079122656216493,1.0,13.0,124.0,1.0,13.0,125.0
