B_mean,G_mean,R_mean,B_std,G_std,R_std,B_median,G_median,R_median,B_mode,G_mode,R_mode
1.0578985899353852,13.171117547824426,120.13744151255689,0.6210098620950498,0.806179818423789,4.8257006004943745,1.0,13.0,121.0,1.0,13.0,125.0
