B_mean,G_mean,R_mean,B_std,G_std,R_std,B_median,G_median,R_median,B_mode,G_mode,R_mode
2.0756596746984117,11.33844733742878,101.43902982461725,1.0464625825285627,0.9113055277286807,10.147482382454454,2.0,11.0,104.0,2.0,12.0,109.0
