B_mean,G_mean,R_mean,B_std,G_std,R_std,B_median,G_median,R_median,B_mode,G_mode,R_mode
2.720724448546965,10.709583983193813,92.82070216761626,0.8448837227401962,0.842064854665804,6.290185339498257,3.0,11.0,94.0,3.0,11.0,100.0
