B_mean,G_mean,R_mean,B_std,G_std,R_std,B_median,G_median,R_median,B_mode,G_mode,R_mode
1.2286660088487125,12.659133590094536,113.96524174809817,0.8576277269702799,0.8269682098958391,4.535994894324538,1.0,13.0,115.0,1.0,13.0,115.0
