B_mean,G_mean,R_mean,B_std,G_std,R_std,B_median,G_median,R_median,B_mode,G_mode,R_mode
2.009517140401693,12.216697966069326,104.20450711398287,1.1629431610107421,0.5783616276728613,5.511860264120902,2.0,12.0,105.0,2.0,12.0,106.0
