B_mean,G_mean,R_mean,B_std,G_std,R_std,B_median,G_median,R_median,B_mode,G_mode,R_mode
1.0375592831906293,13.692491326351975,120.1918388133813,0.773117534473814,0.9168054164481546,7.752536380405171,1.0,14.0,122.0,1.0,14.0,124.0
