B_mean,G_mean,R_mean,B_std,G_std,R_std,B_median,G_median,R_median,B_mode,G_mode,R_mode
2.0227583792214405,14.092879651144285,131.8756405767578,1.0988327452582194,0.4679360343298808,4.204797996898567,2.0,14.0,132.0,3.0,14.0,135.0
