B_mean,G_mean,R_mean,B_std,G_std,R_std,B_median,G_median,R_median,B_mode,G_mode,R_mode
1.376706878441608,12.347932647929465,114.17643314129293,0.9018674937277608,0.8960795874189366,7.925721968758254,1.0,12.0,115.0,1.0,12.0,116.0
