B_mean,G_mean,R_mean,B_std,G_std,R_std,B_median,G_median,R_median,B_mode,G_mode,R_mode
1.2176528630995958,11.967087882356687,113.54190406467836,0.8703460342409659,0.8059013476365353,4.836415832883945,1.0,12.0,114.0,1.0,12.0,116.0
