B_mean,G_mean,R_mean,B_std,G_std,R_std,B_median,G_median,R_median,B_mode,G_mode,R_mode
2.575739249450934,10.487825062864054,91.01199987268039,0.9643180143217611,0.7079074519196478,7.2848489740689635,3.0,11.0,93.0,3.0,11.0,95.0
