B_mean,G_mean,R_mean,B_std,G_std,R_std,B_median,G_median,R_median,B_mode,G_mode,R_mode
2.312378648502403,12.01865232199128,100.692554986154,1.196696655759173,0.7361545583953333,7.870282586731615,2.0,12.0,103.0,2.0,12.0,106.0
