B_mean,G_mean,R_mean,B_std,G_std,R_std,B_median,G_median,R_median,B_mode,G_mode,R_mode
2.6507623261291657,10.36060094853105,91.21898971894197,0.9563320836993524,0.8278739913148996,8.277213665608398,3.0,10.0,94.0,3.0,10.0,95.0
