B_mean,G_mean,R_mean,B_std,G_std,R_std,B_median,G_median,R_median,B_mode,G_mode,R_mode
0.97978801285928,13.296845656810007,120.92255785084508,0.55509324780277,0.7129709118572111,4.197727048949965,1.0,13.0,122.0,1.0,13.0,124.0
