B_mean,G_mean,R_mean,B_std,G_std,R_std,B_median,G_median,R_median,B_mode,G_mode,R_mode
2.3096094471146196,11.929878728077156,99.93433491421841,1.1478080674427495,0.7064430019361289,7.1582024909862545,2.0,12.0,101.0,2.0,12.0,106.0
