B_mean,G_mean,R_mean,B_std,G_std,R_std,B_median,G_median,R_median,B_mode,G_mode,R_mode
2.583060126683006,11.337938059012636,92.1735366203011,0.851972064093249,0.8181928314308629,8.478909030239524,2.0,11.0,95.0,2.0,11.0,100.0
