B_mean,G_mean,R_mean,B_std,G_std,R_std,B_median,G_median,R_median,B_mode,G_mode,R_mode
1.3444631887194831,13.64678358850304,121.17258172327084,0.8305316930528266,0.9866591242427958,9.025937115000032,1.0,14.0,124.0,1.0,14.0,132.0
