B_mean,G_mean,R_mean,B_std,G_std,R_std,B_median,G_median,R_median,B_mode,G_mode,R_mode
1.041028742400611,13.220485724289398,116.84619791832448,0.7281778598945566,0.8242121537738634,6.1142901313401214,1.0,13.0,118.0,1.0,14.0,121.0
