B_mean,G_mean,R_mean,B_std,G_std,R_std,B_median,G_median,R_median,B_mode,G_mode,R_mode
2.6658496992074356,10.58519273005061,92.98666327147723,0.8601261400354802,0.9353672439977724,7.599814146884585,3.0,11.0,94.0,3.0,10.0,94.0
