B_mean,G_mean,R_mean,B_std,G_std,R_std,B_median,G_median,R_median,B_mode,G_mode,R_mode
1.3470414107012127,12.090683387974664,111.29840532195945,0.9260471175453645,0.7692989176285822,4.34158480401723,1.0,12.0,112.0,1.0,12.0,115.0
