B_mean,G_mean,R_mean,B_std,G_std,R_std,B_median,G_median,R_median,B_mode,G_mode,R_mode
2.5039946525766306,10.522678804468917,91.08609988222936,0.938348947953378,0.7386802005952648,7.361950133808415,2.0,11.0,93.0,2.0,11.0,95.0
