B_mean,G_mean,R_mean,B_std,G_std,R_std,B_median,G_median,R_median,B_mode,G_mode,R_mode
1.4110831715313366,12.95601107680555,117.95104561224815,0.8271837170155864,1.1307338010472225,10.933365185771859,1.0,13.0,122.0,1.0,14.0,125.0
