B_mean,G_mean,R_mean,B_std,G_std,R_std,B_median,G_median,R_median,B_mode,G_mode,R_mode
1.0522965273578,12.348187287137536,115.1561893242512,0.7788071099856952,0.9933599780040755,5.257921676364546,1.0,12.0,115.0,1.0,12.0,114.0
