B_mean,G_mean,R_mean,B_std,G_std,R_std,B_median,G_median,R_median,B_mode,G_mode,R_mode
2.4866791864277302,11.320017824744564,98.4395709329344,0.9229391946662491,0.8512812732289547,5.391932988165971,3.0,11.0,99.0,3.0,11.0,100.0
