B_mean,G_mean,R_mean,B_std,G_std,R_std,B_median,G_median,R_median,B_mode,G_mode,R_mode
2.6294044625521216,10.701912977050641,94.71031607091702,0.8834585369013848,0.8328127039970398,5.9226149454656305,3.0,11.0,95.0,3.0,11.0,95.0
