B_mean,G_mean,R_mean,B_std,G_std,R_std,B_median,G_median,R_median,B_mode,G_mode,R_mode
1.6138078110577077,14.709552153292803,122.51640831397015,0.9299936983400624,1.014013464682332,9.926624408709314,2.0,15.0,127.0,2.0,15.0,131.0
