B_mean,G_mean,R_mean,B_std,G_std,R_std,B_median,G_median,R_median,B_mode,G_mode,R_mode
2.6855842378330204,10.701467358436515,93.22834770983862,0.881475476951342,0.8492320103912341,6.085806921453026,3.0,11.0,94.0,3.0,11.0,100.0
