B_mean,G_mean,R_mean,B_std,G_std,R_std,B_median,G_median,R_median,B_mode,G_mode,R_mode
2.6778177419868223,10.798612216316007,93.25104242925805,0.9076407822887602,0.8337181342146094,6.031269391884082,3.0,11.0,94.0,3.0,11.0,100.0
