B_mean,G_mean,R_mean,B_std,G_std,R_std,B_median,G_median,R_median,B_mode,G_mode,R_mode
1.3975236337014991,13.521278288824522,120.82016105929911,0.7846958796008998,1.160420529021137,11.394554705700859,1.0,14.0,124.0,1.0,14.0,132.0
