B_mean,G_mean,R_mean,B_std,G_std,R_std,B_median,G_median,R_median,B_mode,G_mode,R_mode
2.5039628226756214,11.126173727599706,98.02941082853232,0.8501440999758428,0.8529119846568354,6.205121081960349,3.0,11.0,99.0,3.0,11.0,100.0
