B_mean,G_mean,R_mean,B_std,G_std,R_std,B_median,G_median,R_median,B_mode,G_mode,R_mode
1.125505299678518,12.610051882738645,113.38157685329598,0.8126305227744512,0.8058969386429033,4.335635529328068,1.0,13.0,115.0,1.0,12.0,115.0
