B_mean,G_mean,R_mean,B_std,G_std,R_std,B_median,G_median,R_median,B_mode,G_mode,R_mode
1.5401534201228635,11.656587198013813,108.35035172040615,1.0018380812359904,0.8692157440224939,9.563351216232896,1.0,12.0,112.0,1.0,12.0,116.0
