B_mean,G_mean,R_mean,B_std,G_std,R_std,B_median,G_median,R_median,B_mode,G_mode,R_mode
1.6769901645605882,11.834229875545088,106.84642072763154,1.100994067088451,0.7380891316978556,5.575419823989843,2.0,12.0,108.0,2.0,12.0,109.0
