B_mean,G_mean,R_mean,B_std,G_std,R_std,B_median,G_median,R_median,B_mode,G_mode,R_mode
1.586720565299042,11.76544545946462,107.97625489384728,1.0659435587093942,0.9543396583828789,10.915395474156321,1.0,12.0,112.0,1.0,12.0,116.0
