B_mean,G_mean,R_mean,B_std,G_std,R_std,B_median,G_median,R_median,B_mode,G_mode,R_mode
2.5557819015182863,10.572174300537926,89.75767896361842,1.0019158534716897,0.7758899285531892,7.527134959172479,2.0,11.0,92.0,2.0,11.0,94.0
