B_mean,G_mean,R_mean,B_std,G_std,R_std,B_median,G_median,R_median,B_mode,G_mode,R_mode
1.7346341152879015,14.192475411401471,132.43766113887386,0.9751601146199051,0.8494950714071419,10.597204515775015,2.0,14.0,136.0,1.0,14.0,142.0
