B_mean,G_mean,R_mean,B_std,G_std,R_std,B_median,G_median,R_median,B_mode,G_mode,R_mode
1.1086672820447527,13.389407008944202,122.23232644746474,1.9514984962321604,1.9519631803889417,4.882308691675316,1.0,13.0,124.0,1.0,13.0,125.0
