B_mean,G_mean,R_mean,B_std,G_std,R_std,B_median,G_median,R_median,B_mode,G_mode,R_mode
2.4154120380685615,10.521946716745711,91.26297864213642,0.9342985186897969,0.713004402626039,6.883524001241245,2.0,11.0,94.0,2.0,11.0,95.0
