B_mean,G_mean,R_mean,B_std,G_std,R_std,B_median,G_median,R_median,B_mode,G_mode,R_mode
2.1558710252411113,14.324251201578763,132.02552758060924,0.9281842279181534,0.6279970922675695,3.175253694182584,2.0,14.0,132.0,2.0,14.0,135.0
