B_mean,G_mean,R_mean,B_std,G_std,R_std,B_median,G_median,R_median,B_mode,G_mode,R_mode
1.3060763281026195,12.80653786166725,114.83830410287425,0.9262114488499982,0.9353656354681262,7.6762430050849515,1.0,13.0,116.0,1.0,12.0,124.0
