B_mean,G_mean,R_mean,B_std,G_std,R_std,B_median,G_median,R_median,B_mode,G_mode,R_mode
1.3863513384473374,13.53353280071299,121.39809657191967,0.8041318736480032,1.1203792465274556,10.484588599866374,1.0,14.0,125.0,1.0,14.0,130.0
