B_mean,G_mean,R_mean,B_std,G_std,R_std,B_median,G_median,R_median,B_mode,G_mode,R_mode
2.9036190597447242,10.436897221249643,85.05325142438807,0.9132920238809087,0.7643281380286611,4.1494241287095734,3.0,10.0,85.0,2.0,10.0,85.0
