B_mean,G_mean,R_mean,B_std,G_std,R_std,B_median,G_median,R_median,B_mode,G_mode,R_mode
1.1480090396918865,12.721138237260082,114.99859948435561,0.8071206759247612,0.8667582142123728,6.431313101467475,1.0,13.0,116.0,1.0,12.0,116.0
