B_mean,G_mean,R_mean,B_std,G_std,R_std,B_median,G_median,R_median,B_mode,G_mode,R_mode
2.32660661425343,14.200878505267848,132.41362956361206,0.8822603317301173,0.48870798027182494,3.359676987002176,2.0,14.0,132.0,2.0,14.0,135.0
