B_mean,G_mean,R_mean,B_std,G_std,R_std,B_median,G_median,R_median,B_mode,G_mode,R_mode
1.073049622815673,13.28392271700035,121.51262055575008,0.6395860024331894,0.7893285208088675,5.085834562966078,1.0,13.0,124.0,1.0,13.0,124.0
