B_mean,G_mean,R_mean,B_std,G_std,R_std,B_median,G_median,R_median,B_mode,G_mode,R_mode
1.2975777445332144,12.808574975331826,115.23697361301207,0.8890039588109155,0.9820578112390639,8.743826683750948,1.0,13.0,116.0,1.0,12.0,124.0
