B_mean,G_mean,R_mean,B_std,G_std,R_std,B_median,G_median,R_median,B_mode,G_mode,R_mode
2.238851577171595,12.017347296049909,100.70636916319191,1.1878241487937566,0.7250551142010734,7.807975719323062,2.0,12.0,102.0,2.0,12.0,106.0
