B_mean,G_mean,R_mean,B_std,G_std,R_std,B_median,G_median,R_median,B_mode,G_mode,R_mode
2.1195212782888246,12.064200910335169,102.44740108858261,1.0479070413467482,0.6664957150593307,4.641973291560615,2.0,12.0,102.0,2.0,12.0,100.0
