B_mean,G_mean,R_mean,B_std,G_std,R_std,B_median,G_median,R_median,B_mode,G_mode,R_mode
1.2058757997262628,12.297036636216061,113.34080275010345,0.7897515534331464,0.7946066549860978,3.650943315679335,1.0,12.0,114.0,1.0,12.0,116.0
