B_mean,G_mean,R_mean,B_std,G_std,R_std,B_median,G_median,R_median,B_mode,G_mode,R_mode
2.6459560110768057,11.164719737721615,96.72654932043162,0.8285891575930143,0.798573007875862,6.1789165898615375,3.0,11.0,98.0,3.0,11.0,100.0
