B_mean,G_mean,R_mean,B_std,G_std,R_std,B_median,G_median,R_median,B_mode,G_mode,R_mode
1.097049368176465,12.430467581245823,114.94439316293726,0.8293595695064314,0.9791296231456271,5.747941291908521,1.0,12.0,115.0,1.0,12.0,114.0
