B_mean,G_mean,R_mean,B_std,G_std,R_std,B_median,G_median,R_median,B_mode,G_mode,R_mode
1.8071107998854123,14.124645892351275,132.70952032339179,1.0148046498915984,0.7854978253549753,10.059574078276897,2.0,14.0,136.0,1.0,14.0,142.0
