B_mean,G_mean,R_mean,B_std,G_std,R_std,B_median,G_median,R_median,B_mode,G_mode,R_mode
1.258936244708279,11.785148168189197,112.85561956902313,0.9447520610607852,0.6533821757679921,4.060479445475513,1.0,12.0,114.0,1.0,12.0,116.0
