B_mean,G_mean,R_mean,B_std,G_std,R_std,B_median,G_median,R_median,B_mode,G_mode,R_mode
1.664608333068084,14.427953019066111,129.23417258172327,0.7954259117785096,0.614556149463494,4.310130847133583,2.0,14.0,131.0,2.0,14.0,131.0
