B_mean,G_mean,R_mean,B_std,G_std,R_std,B_median,G_median,R_median,B_mode,G_mode,R_mode
2.648152274246427,10.68784416080466,93.24260750549065,0.8689365787744604,0.872099720351656,5.928186346049446,3.0,11.0,94.0,3.0,11.0,94.0
