B_mean,G_mean,R_mean,B_std,G_std,R_std,B_median,G_median,R_median,B_mode,G_mode,R_mode
1.3020975904764935,11.945316230066524,111.15536174682497,0.8889833008369216,0.6883117191848458,4.7120641430767005,1.0,12.0,112.0,1.0,12.0,115.0
