B_mean,G_mean,R_mean,B_std,G_std,R_std,B_median,G_median,R_median,B_mode,G_mode,R_mode
2.092306712926123,12.114683133335456,102.67466658178694,1.0240660053117234,0.6291603743319342,5.167594096630591,2.0,12.0,103.0,2.0,12.0,106.0
