B_mean,G_mean,R_mean,B_std,G_std,R_std,B_median,G_median,R_median,B_mode,G_mode,R_mode
1.0713308081611865,13.288569882547666,121.53079542922622,0.6287390741535134,0.8060564893789963,4.869340869264481,1.0,13.0,123.0,1.0,14.0,124.0
