B_mean,G_mean,R_mean,B_std,G_std,R_std,B_median,G_median,R_median,B_mode,G_mode,R_mode
1.4443454180857498,13.345099786739663,121.88413916032721,0.81327276552738,1.011117663261188,10.367214061869348,1.0,14.0,125.0,1.0,14.0,130.0
