B_mean,G_mean,R_mean,B_std,G_std,R_std,B_median,G_median,R_median,B_mode,G_mode,R_mode
2.162173345640895,12.014578094662125,101.88038323200814,1.1881599971756551,0.7187448748202417,8.13322604715413,2.0,12.0,104.0,2.0,12.0,106.0
