B_mean,G_mean,R_mean,B_std,G_std,R_std,B_median,G_median,R_median,B_mode,G_mode,R_mode
2.3697043002196265,11.940891873826272,99.91778336569374,1.1146820445228416,0.7531707910169047,7.6119742243792965,2.0,12.0,102.0,2.0,12.0,106.0
