B_mean,G_mean,R_mean,B_std,G_std,R_std,B_median,G_median,R_median,B_mode,G_mode,R_mode
1.1767514403030206,12.76420409332527,115.99621224177993,0.7841109609670364,0.885672821033704,7.643264045580266,1.0,13.0,117.0,1.0,13.0,124.0
