B_mean,G_mean,R_mean,B_std,G_std,R_std,B_median,G_median,R_median,B_mode,G_mode,R_mode
1.2489416557914506,12.119807747397905,112.77512174937137,0.9058004820638343,0.8068699256169544,4.825336835706643,1.0,12.0,114.0,1.0,12.0,116.0
