B_mean,G_mean,R_mean,B_std,G_std,R_std,B_median,G_median,R_median,B_mode,G_mode,R_mode
2.92010694846739,10.661998281185346,86.73043256835471,0.8741737056821409,0.7251037119234557,4.41479917885043,3.0,11.0,88.0,3.0,11.0,89.0
