B_mean,G_mean,R_mean,B_std,G_std,R_std,B_median,G_median,R_median,B_mode,G_mode,R_mode
1.2368462934080275,12.803705000477448,115.76229429926472,0.8464456071496642,0.8921760609994459,8.222942399049192,1.0,13.0,118.0,1.0,13.0,124.0
