B_mean,G_mean,R_mean,B_std,G_std,R_std,B_median,G_median,R_median,B_mode,G_mode,R_mode
1.9089664831142374,11.631091447305598,106.72670846993665,1.1904205022471872,0.6646985976289075,5.804046818969616,2.0,12.0,108.0,2.0,12.0,109.0
