B_mean,G_mean,R_mean,B_std,G_std,R_std,B_median,G_median,R_median,B_mode,G_mode,R_mode
2.667409364356877,11.54314543081771,96.94945411719769,0.8256025503710465,0.7809435825072693,5.953681599164344,3.0,12.0,99.0,3.0,12.0,100.0
