B_mean,G_mean,R_mean,B_std,G_std,R_std,B_median,G_median,R_median,B_mode,G_mode,R_mode
1.1791705127797052,12.781774198682243,114.10067797689149,0.848282938625835,0.9425813005201825,5.498328783872016,1.0,13.0,115.0,1.0,12.0,115.0
