B_mean,G_mean,R_mean,B_std,G_std,R_std,B_median,G_median,R_median,B_mode,G_mode,R_mode
2.2450902377693605,14.00929433109463,132.5095330553522,0.8655990338086854,0.4090772803112905,3.035270316064357,2.0,14.0,133.0,3.0,14.0,135.0
