B_mean,G_mean,R_mean,B_std,G_std,R_std,B_median,G_median,R_median,B_mode,G_mode,R_mode
1.6004392526339244,11.737180507368622,107.70350447210109,0.9965773158134756,1.0516775050019274,10.42242668985243,2.0,12.0,111.0,1.0,12.0,116.0
