B_mean,G_mean,R_mean,B_std,G_std,R_std,B_median,G_median,R_median,B_mode,G_mode,R_mode
1.0949167648088614,13.292293980965718,121.11258235986887,0.6488652954283193,0.8201697338413496,5.207927678197453,1.0,13.0,123.0,1.0,14.0,124.0
