B_mean,G_mean,R_mean,B_std,G_std,R_std,B_median,G_median,R_median,B_mode,G_mode,R_mode
1.7397268994493427,11.807906547410637,106.70219944615972,1.095060716247652,0.6820788826559876,5.851011205282396,2.0,12.0,108.0,2.0,12.0,109.0
