B_mean,G_mean,R_mean,B_std,G_std,R_std,B_median,G_median,R_median,B_mode,G_mode,R_mode
1.2664481013464048,12.937199605309228,117.06553776617754,0.8396860533453852,1.0058888046946746,8.477880673396982,1.0,13.0,119.0,1.0,13.0,124.0
