B_mean,G_mean,R_mean,B_std,G_std,R_std,B_median,G_median,R_median,B_mode,G_mode,R_mode
2.185600152783525,14.19569023140338,136.7717159499634,1.0688479203860815,0.41378157467095983,3.953208408681565,2.0,14.0,137.0,2.0,14.0,135.0
