B_mean,G_mean,R_mean,B_std,G_std,R_std,B_median,G_median,R_median,B_mode,G_mode,R_mode
2.5828054874749338,10.428907916096382,92.73931311073622,0.9134083035196061,0.8719131558056172,8.385318450722036,3.0,10.0,94.0,3.0,10.0,94.0
