B_mean,G_mean,R_mean,B_std,G_std,R_std,B_median,G_median,R_median,B_mode,G_mode,R_mode
1.8167870897921508,11.787567240665881,107.15399306108158,1.103410264655928,0.6394086208338265,5.492404475770836,2.0,12.0,108.0,2.0,12.0,106.0
