B_mean,G_mean,R_mean,B_std,G_std,R_std,B_median,G_median,R_median,B_mode,G_mode,R_mode
1.3379062291116275,12.975172677212974,117.88996403221186,0.811781159783781,1.0918569506671696,10.691174088410433,1.0,13.0,121.0,1.0,14.0,125.0
