B_mean,G_mean,R_mean,B_std,G_std,R_std,B_median,G_median,R_median,B_mode,G_mode,R_mode
2.562020562116052,11.174491517331381,98.61934621383328,0.8493133533041505,0.8002227356960667,5.8680713668494615,3.0,11.0,100.0,3.0,11.0,100.0
