B_mean,G_mean,R_mean,B_std,G_std,R_std,B_median,G_median,R_median,B_mode,G_mode,R_mode
1.8328930197027087,15.116911226406087,137.74577458064104,1.0315047495910048,0.6695946904258385,3.193560999198482,2.0,15.0,138.0,1.0,15.0,141.0
