B_mean,G_mean,R_mean,B_std,G_std,R_std,B_median,G_median,R_median,B_mode,G_mode,R_mode
1.0799885412356367,13.118279912149474,116.53283254289079,0.7502649730526888,0.8582437727815754,6.5623839876779435,1.0,13.0,118.0,1.0,14.0,124.0
