B_mean,G_mean,R_mean,B_std,G_std,R_std,B_median,G_median,R_median,B_mode,G_mode,R_mode
2.6219880956170227,11.028933380017188,94.81191711493777,0.9250071511493744,0.9481849016756221,7.432198449412474,3.0,11.0,96.0,3.0,11.0,95.0
