B_mean,G_mean,R_mean,B_std,G_std,R_std,B_median,G_median,R_median,B_mode,G_mode,R_mode
0.9665149441385237,12.210363815768533,114.93010153738422,0.7093264818433122,0.8704377504668528,4.130812774349413,1.0,12.0,115.0,1.0,12.0,116.0
