B_mean,G_mean,R_mean,B_std,G_std,R_std,B_median,G_median,R_median,B_mode,G_mode,R_mode
1.2527930738135404,12.7212018970621,116.76226246936372,0.8494054416301116,0.9929245394723063,7.793700441015691,1.0,13.0,119.0,1.0,13.0,124.0
