B_mean,G_mean,R_mean,B_std,G_std,R_std,B_median,G_median,R_median,B_mode,G_mode,R_mode
1.2983098322564217,12.795174587007034,116.52089633001242,0.8665075021097793,0.9866847875502786,8.641566900379836,1.0,13.0,118.0,1.0,13.0,125.0
