B_mean,G_mean,R_mean,B_std,G_std,R_std,B_median,G_median,R_median,B_mode,G_mode,R_mode
2.6132348728395454,11.077410319253907,97.23948817519178,0.863990763899082,0.8986333826660154,6.407413132734227,3.0,11.0,99.0,3.0,11.0,100.0
