B_mean,G_mean,R_mean,B_std,G_std,R_std,B_median,G_median,R_median,B_mode,G_mode,R_mode
1.7191966132985326,14.203966005665722,132.93468504312952,0.9672303352062805,0.791132615137526,9.597379251305803,2.0,14.0,136.0,1.0,14.0,142.0
