B_mean,G_mean,R_mean,B_std,G_std,R_std,B_median,G_median,R_median,B_mode,G_mode,R_mode
2.100677976891492,12.060063023203998,102.54375019893688,1.0785095966472578,0.6753240334391362,4.963567661107579,2.0,12.0,102.0,2.0,12.0,106.0
