B_mean,G_mean,R_mean,B_std,G_std,R_std,B_median,G_median,R_median,B_mode,G_mode,R_mode
2.069707483209727,12.235668587070695,104.33192220772193,1.1069803725992267,0.6069977974574329,3.931796605696945,2.0,12.0,105.0,2.0,12.0,106.0
