B_mean,G_mean,R_mean,B_std,G_std,R_std,B_median,G_median,R_median,B_mode,G_mode,R_mode
1.6580195435592195,14.381417703790941,133.87869624725468,0.894622227377204,0.9294996966126952,9.757419838040933,2.0,14.0,137.0,1.0,15.0,141.0
