B_mean,G_mean,R_mean,B_std,G_std,R_std,B_median,G_median,R_median,B_mode,G_mode,R_mode
1.4183722188623993,12.36897221249642,110.42683897253079,0.9572428316042768,1.0933753412696547,10.657204843112758,1.0,12.0,115.0,1.0,12.0,116.0
