B_mean,G_mean,R_mean,B_std,G_std,R_std,B_median,G_median,R_median,B_mode,G_mode,R_mode
1.9321068211477863,11.804532577903682,108.16487888722666,1.125838733966388,0.6840109467896446,5.420754448700323,2.0,12.0,109.0,2.0,12.0,114.0
