B_mean,G_mean,R_mean,B_std,G_std,R_std,B_median,G_median,R_median,B_mode,G_mode,R_mode
1.1829901009007862,12.728745583601235,115.58064105420632,0.8352852727179493,0.9088936450383743,7.76168534652254,1.0,13.0,117.0,1.0,13.0,124.0
