B_mean,G_mean,R_mean,B_std,G_std,R_std,B_median,G_median,R_median,B_mode,G_mode,R_mode
1.2688353439220803,12.898462615781265,114.81213992424483,0.8957539379228934,0.9401171261384771,8.084119058981885,1.0,13.0,116.0,1.0,13.0,124.0
