B_mean,G_mean,R_mean,B_std,G_std,R_std,B_median,G_median,R_median,B_mode,G_mode,R_mode
1.882133876563644,11.416048636088743,104.36744437724799,1.0654143062828594,0.856951314286538,10.900907087984873,2.0,12.0,107.0,2.0,12.0,115.0
