B_mean,G_mean,R_mean,B_std,G_std,R_std,B_median,G_median,R_median,B_mode,G_mode,R_mode
2.178820383868606,14.10971766877805,131.67399815386574,1.073967176719717,0.658261323734534,7.611201523186487,2.0,14.0,135.0,3.0,14.0,135.0
