B_mean,G_mean,R_mean,B_std,G_std,R_std,B_median,G_median,R_median,B_mode,G_mode,R_mode
2.562529840532196,10.318139860585033,91.60836489798517,0.9429453752235819,0.7707570732231376,7.759953238164054,3.0,10.0,94.0,3.0,10.0,95.0
