B_mean,G_mean,R_mean,B_std,G_std,R_std,B_median,G_median,R_median,B_mode,G_mode,R_mode
1.4540217079924882,12.13632746602158,110.43221822580132,0.9797061364195225,1.0743779248278733,10.617531765753586,1.0,12.0,115.0,1.0,12.0,116.0
