B_mean,G_mean,R_mean,B_std,G_std,R_std,B_median,G_median,R_median,B_mode,G_mode,R_mode
1.1361683165165357,12.86367253397842,115.29003405799408,0.8057730319088383,0.8687247139878818,6.739016967163235,1.0,13.0,116.0,1.0,13.0,115.0
