B_mean,G_mean,R_mean,B_std,G_std,R_std,B_median,G_median,R_median,B_mode,G_mode,R_mode
1.1400197345386256,12.6307413183945,114.56097017538275,0.8631362809477452,0.874424217313892,6.25293784181371,1.0,13.0,116.0,1.0,12.0,116.0
