B_mean,G_mean,R_mean,B_std,G_std,R_std,B_median,G_median,R_median,B_mode,G_mode,R_mode
1.6756214788172008,14.20208804150619,132.73049622815674,0.9360650633005823,0.7975233624407632,9.423534476155641,2.0,14.0,136.0,1.0,14.0,142.0
