B_mean,G_mean,R_mean,B_std,G_std,R_std,B_median,G_median,R_median,B_mode,G_mode,R_mode
1.1039246267944107,12.295190501957538,114.89095075914314,0.7785742981803313,0.8052382000690551,4.410941429447524,1.0,12.0,116.0,1.0,12.0,116.0
