B_mean,G_mean,R_mean,B_std,G_std,R_std,B_median,G_median,R_median,B_mode,G_mode,R_mode
2.7066874622019927,10.738358213705956,94.8332431486138,0.9112677251789782,0.865424331109138,5.636327433565427,3.0,11.0,95.0,3.0,11.0,95.0
