B_mean,G_mean,R_mean,B_std,G_std,R_std,B_median,G_median,R_median,B_mode,G_mode,R_mode
1.1723907438647865,13.186809689021867,121.24018843301397,0.7704501586791942,0.8873494437752834,7.427245664893672,1.0,13.0,124.0,1.0,14.0,130.0
