B_mean,G_mean,R_mean,B_std,G_std,R_std,B_median,G_median,R_median,B_mode,G_mode,R_mode
1.0555431772607187,12.624852786707834,117.4646528949295,0.6724998770706558,1.0100481130793955,4.102669965762515,1.0,13.0,117.0,1.0,12.0,116.0
