B_mean,G_mean,R_mean,B_std,G_std,R_std,B_median,G_median,R_median,B_mode,G_mode,R_mode
1.9656555368112805,12.216538816564281,105.00232358277366,1.1372003102307227,0.7001829227079767,4.533554940282967,2.0,12.0,105.0,2.0,12.0,106.0
