B_mean,G_mean,R_mean,B_std,G_std,R_std,B_median,G_median,R_median,B_mode,G_mode,R_mode
1.562020562116052,11.76706878441608,108.49941114683133,1.0153426236758298,1.0337352903465769,11.297505644553283,1.0,12.0,112.0,1.0,12.0,116.0
