B_mean,G_mean,R_mean,B_std,G_std,R_std,B_median,G_median,R_median,B_mode,G_mode,R_mode
2.0303338956615846,11.37699334755069,101.4208549511411,1.0564366687646718,0.8617307704801193,10.449207571841269,2.0,11.0,105.0,2.0,12.0,109.0
