B_mean,G_mean,R_mean,B_std,G_std,R_std,B_median,G_median,R_median,B_mode,G_mode,R_mode
2.1169748862081037,14.119807747397905,131.11621096858389,1.0154321920773144,0.6563785588676692,7.762839225053169,2.0,14.0,134.0,2.0,14.0,135.0
