B_mean,G_mean,R_mean,B_std,G_std,R_std,B_median,G_median,R_median,B_mode,G_mode,R_mode
1.7117802463634337,11.998567654454595,107.25568959480536,1.111655070954735,0.7041958253151012,5.6716480154365065,2.0,12.0,108.0,2.0,12.0,109.0
