B_mean,G_mean,R_mean,B_std,G_std,R_std,B_median,G_median,R_median,B_mode,G_mode,R_mode
2.6586879714804086,10.859343667441195,94.5466785498297,0.8755861494516396,0.9100323561860497,7.837572732858077,3.0,11.0,96.0,3.0,11.0,100.0
