B_mean,G_mean,R_mean,B_std,G_std,R_std,B_median,G_median,R_median,B_mode,G_mode,R_mode
1.7176687780501003,14.128210841264284,132.76614571728683,0.9772970704744773,0.7668729876093482,9.629349513770029,2.0,14.0,136.0,1.0,14.0,142.0
