B_mean,G_mean,R_mean,B_std,G_std,R_std,B_median,G_median,R_median,B_mode,G_mode,R_mode
2.6323964732469682,11.124423083044212,97.22481459082663,0.8608189464939905,0.8789880590236524,6.1433027379584075,3.0,11.0,99.0,3.0,11.0,100.0
