B_mean,G_mean,R_mean,B_std,G_std,R_std,B_median,G_median,R_median,B_mode,G_mode,R_mode
1.1651653563357418,13.41261100677977,120.14727695196868,0.7478846530223177,0.841536972848825,7.57577700118002,1.0,14.0,122.0,1.0,14.0,124.0
