B_mean,G_mean,R_mean,B_std,G_std,R_std,B_median,G_median,R_median,B_mode,G_mode,R_mode
1.3545532673393386,11.987936467517587,112.8911417385492,0.9597122444534644,0.7676790776897258,5.18900997992312,1.0,12.0,114.0,1.0,12.0,116.0
