B_mean,G_mean,R_mean,B_std,G_std,R_std,B_median,G_median,R_median,B_mode,G_mode,R_mode
1.9482445809593532,11.78925422541936,107.35003342139606,1.071154620397816,0.6583302040609946,5.445746262685557,2.0,12.0,108.0,2.0,12.0,114.0
