B_mean,G_mean,R_mean,B_std,G_std,R_std,B_median,G_median,R_median,B_mode,G_mode,R_mode
1.4241334309450298,12.480217716522901,114.82187987395359,0.9534195561418176,0.9477694739602625,8.48596265924467,1.0,12.0,116.0,1.0,12.0,124.0
