B_mean,G_mean,R_mean,B_std,G_std,R_std,B_median,G_median,R_median,B_mode,G_mode,R_mode
0.89091892924213,17.0911608364898,161.97367667186555,0.8216492938514612,1.0999356904756927,8.51499454595453,1.0,17.0,165.0,1.0,17.0,169.0
