B_mean,G_mean,R_mean,B_std,G_std,R_std,B_median,G_median,R_median,B_mode,G_mode,R_mode
0.9700480631505236,17.100582487188465,160.32921666613618,0.8522206800195815,1.2829085395084532,10.347680007556038,1.0,17.0,163.0,1.0,17.0,169.0
