B_mean,G_mean,R_mean,B_std,G_std,R_std,B_median,G_median,R_median,B_mode,G_mode,R_mode
0.4886844701912977,19.255753254607377,181.0310978132858,0.6337584013381186,0.6313882233560792,4.054429060139756,0.0,19.0,181.0,0.0,19.0,182.0
