B_mean,G_mean,R_mean,B_std,G_std,R_std,B_median,G_median,R_median,B_mode,G_mode,R_mode
0.8951204761753191,16.397300824394435,150.5321322850686,1.0207520490496655,0.5855316478237131,5.534488634043435,1.0,16.0,153.0,0.0,16.0,153.0
