B_mean,G_mean,R_mean,B_std,G_std,R_std,B_median,G_median,R_median,B_mode,G_mode,R_mode
1.1226724384887163,16.077760448165005,156.9360218989719,0.8418564726480152,0.9165774991668844,8.529154684302187,1.0,16.0,160.0,1.0,16.0,164.0
