B_mean,G_mean,R_mean,B_std,G_std,R_std,B_median,G_median,R_median,B_mode,G_mode,R_mode
1.4033803354871566,15.55699143775663,150.9603717732438,0.906168225034253,0.8995621623835286,8.623866538044718,1.0,16.0,153.0,1.0,16.0,156.0
