B_mean,G_mean,R_mean,B_std,G_std,R_std,B_median,G_median,R_median,B_mode,G_mode,R_mode
1.137282363051851,16.730241588948658,158.028233122195,0.9485574865695479,1.7320213798986126,14.996939630530848,1.0,17.0,163.0,1.0,17.0,169.0
