B_mean,G_mean,R_mean,B_std,G_std,R_std,B_median,G_median,R_median,B_mode,G_mode,R_mode
0.8346754941592132,21.111786612343636,188.16914409396188,0.8173402529059354,1.7256380726044165,10.581081873675029,1.0,22.0,192.0,1.0,22.0,198.0
