B_mean,G_mean,R_mean,B_std,G_std,R_std,B_median,G_median,R_median,B_mode,G_mode,R_mode
0.46914091097176686,18.481777381672345,169.9551516694783,0.6858164181812839,1.025114624492098,7.185046862622164,0.0,19.0,171.0,0.0,19.0,176.0
