B_mean,G_mean,R_mean,B_std,G_std,R_std,B_median,G_median,R_median,B_mode,G_mode,R_mode
0.9367858165961104,19.548779323296305,183.03685902536844,0.8275414326532701,0.9466527901981698,6.475068533804347,1.0,20.0,184.0,1.0,20.0,186.0
