B_mean,G_mean,R_mean,B_std,G_std,R_std,B_median,G_median,R_median,B_mode,G_mode,R_mode
0.5516758442881242,18.374606104975012,171.21033198586753,0.7226102634947943,1.0183611756338506,7.097205427058345,0.0,19.0,173.0,0.0,19.0,178.0
