B_mean,G_mean,R_mean,B_std,G_std,R_std,B_median,G_median,R_median,B_mode,G_mode,R_mode
0.8121080943438266,16.709424833688768,154.60798293917307,0.8817584146097809,0.6081825575107145,4.79913544052843,1.0,17.0,156.0,0.0,17.0,156.0
