B_mean,G_mean,R_mean,B_std,G_std,R_std,B_median,G_median,R_median,B_mode,G_mode,R_mode
0.48801604227010853,18.284113696406404,173.87936467517585,0.7264189954227239,0.848912206059484,7.092971824524972,0.0,18.0,175.0,0.0,18.0,169.0
