B_mean,G_mean,R_mean,B_std,G_std,R_std,B_median,G_median,R_median,B_mode,G_mode,R_mode
0.6339243084954006,18.301842951268423,172.1523697361301,0.8071010654622557,1.2282824791748324,9.406668321050333,0.0,19.0,175.0,0.0,19.0,178.0
