B_mean,G_mean,R_mean,B_std,G_std,R_std,B_median,G_median,R_median,B_mode,G_mode,R_mode
1.0835534901486457,16.228920648056786,157.6515580736544,0.8519004669940164,0.9803194961799517,8.666765720659336,1.0,16.0,160.0,1.0,16.0,159.0
