B_mean,G_mean,R_mean,B_std,G_std,R_std,B_median,G_median,R_median,B_mode,G_mode,R_mode
1.3904255657764903,15.633733329089347,151.82032020880416,0.9225315312196782,0.865186417400795,7.5817308606763705,1.0,16.0,153.0,1.0,16.0,156.0
