B_mean,G_mean,R_mean,B_std,G_std,R_std,B_median,G_median,R_median,B_mode,G_mode,R_mode
1.1754782442626603,16.8293280707897,158.68895820733997,0.9812928795926394,1.8092515507201432,15.25466955814868,1.0,17.0,164.0,1.0,17.0,169.0
