B_mean,G_mean,R_mean,B_std,G_std,R_std,B_median,G_median,R_median,B_mode,G_mode,R_mode
0.9511092720501639,17.058216888945477,161.69077251169747,0.8504650505450128,1.1092092177817627,8.248887492318902,1.0,17.0,164.0,1.0,17.0,169.0
