B_mean,G_mean,R_mean,B_std,G_std,R_std,B_median,G_median,R_median,B_mode,G_mode,R_mode
0.6014578094662125,18.776872393926855,173.51857274723875,0.7563257810288122,0.972958079409311,6.527330381941075,0.0,19.0,174.0,0.0,19.0,176.0
