B_mean,G_mean,R_mean,B_std,G_std,R_std,B_median,G_median,R_median,B_mode,G_mode,R_mode
0.4845784129611357,19.480472355730974,168.68214660852405,0.5786383391297296,0.7482317196802442,4.188706350081633,0.0,19.0,169.0,0.0,20.0,166.0
