B_mean,G_mean,R_mean,B_std,G_std,R_std,B_median,G_median,R_median,B_mode,G_mode,R_mode
0.8424419900054111,17.086545500843492,160.9564566954197,0.8186396420828091,1.0593190979761984,8.326844493227423,1.0,17.0,163.0,1.0,17.0,169.0
