B_mean,G_mean,R_mean,B_std,G_std,R_std,B_median,G_median,R_median,B_mode,G_mode,R_mode
0.9891778336569373,17.035522169526054,161.46236114205684,0.8724396945398083,1.0853909460737983,8.337501647954474,1.0,17.0,163.0,1.0,17.0,169.0
