B_mean,G_mean,R_mean,B_std,G_std,R_std,B_median,G_median,R_median,B_mode,G_mode,R_mode
0.5556545819142502,16.66760034376293,155.98176146672185,0.6550167307835798,0.5749677637888647,3.040389713782854,0.0,17.0,156.0,0.0,17.0,153.0
