B_mean,G_mean,R_mean,B_std,G_std,R_std,B_median,G_median,R_median,B_mode,G_mode,R_mode
0.918801922526021,17.272081993825,165.79027278225163,0.7574404655384553,1.1372604995109503,6.454989767652983,1.0,17.0,167.0,1.0,18.0,169.0
