B_mean,G_mean,R_mean,B_std,G_std,R_std,B_median,G_median,R_median,B_mode,G_mode,R_mode
0.4395072731323806,18.35035172040615,174.62147881720088,0.6684932539688503,0.8005258054785771,6.507739183449087,0.0,18.0,176.0,0.0,18.0,169.0
