B_mean,G_mean,R_mean,B_std,G_std,R_std,B_median,G_median,R_median,B_mode,G_mode,R_mode
0.39701435528535506,19.517681510010505,168.98449883820862,0.5307287736192279,0.7610577741617794,4.729994698885355,0.0,20.0,170.0,0.0,20.0,172.0
