B_mean,G_mean,R_mean,B_std,G_std,R_std,B_median,G_median,R_median,B_mode,G_mode,R_mode
0.8318744628704204,18.208135722697904,168.7381354043989,0.9096216461344923,1.5115631102696094,13.096049552341613,1.0,19.0,172.0,0.0,19.0,175.0
