B_mean,G_mean,R_mean,B_std,G_std,R_std,B_median,G_median,R_median,B_mode,G_mode,R_mode
0.8087341248368718,17.724671356272083,167.5551134735971,0.8394418974168534,1.27187264353886,9.356672852692308,1.0,18.0,170.0,0.0,18.0,169.0
