B_mean,G_mean,R_mean,B_std,G_std,R_std,B_median,G_median,R_median,B_mode,G_mode,R_mode
0.4106057230162014,18.771111181844226,170.02027564694274,0.5716764137038767,0.9201134444150819,7.71538633430969,0.0,19.0,171.0,0.0,19.0,176.0
