B_mean,G_mean,R_mean,B_std,G_std,R_std,B_median,G_median,R_median,B_mode,G_mode,R_mode
1.0624184358786644,15.664958461979182,155.40541744915174,0.8441480096592502,0.8453303623614875,8.802069051849351,1.0,16.0,158.0,1.0,16.0,158.0
