B_mean,G_mean,R_mean,B_std,G_std,R_std,B_median,G_median,R_median,B_mode,G_mode,R_mode
0.6499347487029316,18.70134003883248,174.6308368080975,0.7857428651990376,0.9857443518390007,6.622401536001382,0.0,19.0,175.0,0.0,19.0,178.0
