B_mean,G_mean,R_mean,B_std,G_std,R_std,B_median,G_median,R_median,B_mode,G_mode,R_mode
0.6480567845434001,18.473310628003947,171.2731323805583,0.8279857167669721,1.1733213247192404,9.795517654871114,0.0,19.0,175.0,0.0,19.0,178.0
