B_mean,G_mean,R_mean,B_std,G_std,R_std,B_median,G_median,R_median,B_mode,G_mode,R_mode
0.5452143743832957,18.39879682974186,173.9300060476812,0.6879872276620904,0.9409019554087514,8.040036775111036,0.0,19.0,175.0,0.0,19.0,178.0
