B_mean,G_mean,R_mean,B_std,G_std,R_std,B_median,G_median,R_median,B_mode,G_mode,R_mode
0.9124041124232104,20.828532323264476,187.3933220867683,0.8149149214340448,1.6202078034941192,10.592722875393175,1.0,21.0,191.0,1.0,22.0,198.0
