B_mean,G_mean,R_mean,B_std,G_std,R_std,B_median,G_median,R_median,B_mode,G_mode,R_mode
1.141611229589076,15.745010663016838,154.82130693573544,0.8809475670990803,0.7513310576615995,8.524196034803738,1.0,16.0,158.0,1.0,16.0,158.0
