B_mean,G_mean,R_mean,B_std,G_std,R_std,B_median,G_median,R_median,B_mode,G_mode,R_mode
0.4194544354967056,19.474233695133208,168.80370500047744,0.5576181843366854,0.7635415356119188,4.814850713467937,0.0,20.0,169.0,0.0,20.0,172.0
