B_mean,G_mean,R_mean,B_std,G_std,R_std,B_median,G_median,R_median,B_mode,G_mode,R_mode
0.7454881115319731,18.709774962599866,173.4268389725308,0.8170991201256189,1.101335626115148,6.330159723245267,1.0,19.0,174.0,0.0,19.0,175.0
