B_mean,G_mean,R_mean,B_std,G_std,R_std,B_median,G_median,R_median,B_mode,G_mode,R_mode
0.9405735748161823,17.110067797689148,152.05643441448896,0.9324329515151379,0.8809911765346309,7.553794307144898,1.0,17.0,154.0,1.0,17.0,159.0
