B_mean,G_mean,R_mean,B_std,G_std,R_std,B_median,G_median,R_median,B_mode,G_mode,R_mode
0.4035076550911927,18.792564535124296,169.97011172295254,0.5651397248421242,0.9117743909326967,7.733412584167807,0.0,19.0,171.0,0.0,19.0,175.0
