B_mean,G_mean,R_mean,B_std,G_std,R_std,B_median,G_median,R_median,B_mode,G_mode,R_mode
0.999872680395964,16.497405863067765,150.11576534996976,1.0363583792206488,0.6168532857347216,5.42801927232399,1.0,17.0,152.0,0.0,17.0,153.0
