B_mean,G_mean,R_mean,B_std,G_std,R_std,B_median,G_median,R_median,B_mode,G_mode,R_mode
0.6101792023426807,18.254639208072064,171.1685711557437,0.7780258273528589,1.1593895191102288,9.033542534882894,0.0,19.0,174.0,0.0,19.0,176.0
