B_mean,G_mean,R_mean,B_std,G_std,R_std,B_median,G_median,R_median,B_mode,G_mode,R_mode
0.5721424706369164,26.086831969952573,197.12505968106439,0.7343724355004322,2.703348907196928,8.553293214837236,0.0,26.0,198.0,0.0,29.0,204.0
