B_mean,G_mean,R_mean,B_std,G_std,R_std,B_median,G_median,R_median,B_mode,G_mode,R_mode
1.178120126046408,16.683260655059364,158.0691982047936,0.913868331702078,1.724528393093952,13.888463035818159,1.0,17.0,163.0,1.0,17.0,164.0
