B_mean,G_mean,R_mean,B_std,G_std,R_std,B_median,G_median,R_median,B_mode,G_mode,R_mode
0.6330330712671484,19.71540885507846,179.88292962408886,0.7118230655194575,0.7393775077526212,5.667348411513789,0.0,20.0,180.0,0.0,20.0,175.0
