B_mean,G_mean,R_mean,B_std,G_std,R_std,B_median,G_median,R_median,B_mode,G_mode,R_mode
0.5599834484514753,18.39590030875004,171.44504567590795,0.7454387911308856,1.0567936567485374,8.47060363272343,0.0,19.0,174.0,0.0,19.0,178.0
