B_mean,G_mean,R_mean,B_std,G_std,R_std,B_median,G_median,R_median,B_mode,G_mode,R_mode
0.6746665817869306,18.730623547760768,174.2113187127988,0.811957192337643,1.0465859207589179,6.5391858504917675,0.0,19.0,175.0,0.0,19.0,175.0
