B_mean,G_mean,R_mean,B_std,G_std,R_std,B_median,G_median,R_median,B_mode,G_mode,R_mode
0.5519941432982144,18.54667854982971,174.40268007766497,0.7459106229737322,1.0361402304302016,8.608230153723296,0.0,19.0,176.0,0.0,19.0,178.0
