B_mean,G_mean,R_mean,B_std,G_std,R_std,B_median,G_median,R_median,B_mode,G_mode,R_mode
0.7007034408122991,18.659547378807652,174.91396377757266,0.7763025241820206,1.2650736010444392,9.386639610956681,1.0,19.0,176.0,0.0,19.0,176.0
