B_mean,G_mean,R_mean,B_std,G_std,R_std,B_median,G_median,R_median,B_mode,G_mode,R_mode
0.42114142025018303,18.798293917305916,169.9112900658879,0.5930932010180995,0.9317625522868704,7.769911387091576,0.0,19.0,171.0,0.0,19.0,175.0
