B_mean,G_mean,R_mean,B_std,G_std,R_std,B_median,G_median,R_median,B_mode,G_mode,R_mode
0.9600853041347042,17.240092943310945,160.44504567590795,0.8555594746261898,1.149727590999449,8.396873947222511,1.0,17.0,163.0,1.0,18.0,163.0
