B_mean,G_mean,R_mean,B_std,G_std,R_std,B_median,G_median,R_median,B_mode,G_mode,R_mode
0.6889263774389661,17.606200464716554,164.09198841391603,0.7878646824102319,1.273042170705367,9.199595035227947,1.0,18.0,168.0,0.0,18.0,169.0
