B_mean,G_mean,R_mean,B_std,G_std,R_std,B_median,G_median,R_median,B_mode,G_mode,R_mode
0.692300346945921,18.450488588980487,171.21459719260272,0.8652250107698694,1.1731770448937453,9.943248669134242,0.0,19.0,175.0,0.0,19.0,178.0
