B_mean,G_mean,R_mean,B_std,G_std,R_std,B_median,G_median,R_median,B_mode,G_mode,R_mode
0.8412642836680778,16.406308686379987,151.0162650794156,1.0251079086132335,0.5912008001689713,5.322705209587239,0.0,16.0,153.0,0.0,16.0,153.0
