B_mean,G_mean,R_mean,B_std,G_std,R_std,B_median,G_median,R_median,B_mode,G_mode,R_mode
0.8910780787471752,17.820383868606168,167.89613903300761,0.8264023428296303,1.251907459466761,8.520840741602047,1.0,18.0,170.0,1.0,18.0,169.0
