B_mean,G_mean,R_mean,B_std,G_std,R_std,B_median,G_median,R_median,B_mode,G_mode,R_mode
0.769424197090747,16.726517490530604,154.9279371041156,0.8213108223365302,0.5918941004389388,4.22892191285954,1.0,17.0,156.0,0.0,17.0,156.0
