B_mean,G_mean,R_mean,B_std,G_std,R_std,B_median,G_median,R_median,B_mode,G_mode,R_mode
1.0853359646051501,16.877009262501193,157.79625680364134,0.9297349763614626,1.430691936729314,12.17396401300412,1.0,17.0,161.0,1.0,18.0,165.0
