B_mean,G_mean,R_mean,B_std,G_std,R_std,B_median,G_median,R_median,B_mode,G_mode,R_mode
0.850367635356654,17.776808734124838,167.77372123372697,0.8344195541158672,1.29835774660205,9.2138362927043,1.0,18.0,170.0,1.0,18.0,169.0
