B_mean,G_mean,R_mean,B_std,G_std,R_std,B_median,G_median,R_median,B_mode,G_mode,R_mode
1.1345449915650763,16.16427411910749,157.28847439284465,0.8703202244690678,0.9918688596337593,10.130606475731524,1.0,16.0,161.0,1.0,16.0,164.0
