B_mean,G_mean,R_mean,B_std,G_std,R_std,B_median,G_median,R_median,B_mode,G_mode,R_mode
0.5920998185695643,18.83512111277334,174.42196899767643,0.7336139525252572,0.950485504519233,6.542657807055202,0.0,19.0,175.0,0.0,19.0,175.0
