B_mean,G_mean,R_mean,B_std,G_std,R_std,B_median,G_median,R_median,B_mode,G_mode,R_mode
0.6647356526721202,18.398955979246903,169.33421396059458,0.8621881276029809,1.5717040298031444,13.853250615998808,0.0,19.0,174.0,0.0,19.0,176.0
