B_mean,G_mean,R_mean,B_std,G_std,R_std,B_median,G_median,R_median,B_mode,G_mode,R_mode
1.2683897253079544,16.66244389979947,158.33099914059267,0.9524093567194986,1.6157805158794667,12.61983170053245,1.0,17.0,163.0,1.0,17.0,168.0
