B_mean,G_mean,R_mean,B_std,G_std,R_std,B_median,G_median,R_median,B_mode,G_mode,R_mode
0.5801954355921953,18.51459400961263,174.92987872807714,0.7032745085513891,1.0992502515647113,8.76344781812497,0.0,19.0,176.0,0.0,19.0,178.0
