B_mean,G_mean,R_mean,B_std,G_std,R_std,B_median,G_median,R_median,B_mode,G_mode,R_mode
1.0664608333068084,16.495846197918326,149.98077473979055,1.0709968752169412,0.6534785748578165,5.239035344428561,1.0,16.0,152.0,0.0,16.0,153.0
