B_mean,G_mean,R_mean,B_std,G_std,R_std,B_median,G_median,R_median,B_mode,G_mode,R_mode
0.558805742114142,18.4151892287615,171.89346532132285,0.7488979763621793,1.0395212951998722,7.229610362448387,0.0,19.0,174.0,0.0,19.0,178.0
