B_mean,G_mean,R_mean,B_std,G_std,R_std,B_median,G_median,R_median,B_mode,G_mode,R_mode
1.0766464016296908,16.17869306426457,157.50097081198078,0.8629589205613353,1.112394250348265,10.329580023671781,1.0,16.0,161.0,1.0,16.0,162.0
