B_mean,G_mean,R_mean,B_std,G_std,R_std,B_median,G_median,R_median,B_mode,G_mode,R_mode
1.39268548874813,15.646592609096986,151.74797084381066,0.9127042247911921,0.8384067185178318,7.743690666237103,1.0,16.0,153.0,1.0,16.0,156.0
