B_mean,G_mean,R_mean,B_std,G_std,R_std,B_median,G_median,R_median,B_mode,G_mode,R_mode
0.5614157939968807,18.423592322627876,171.83193812267243,0.735563637684823,1.0341574259719986,7.264288172187107,0.0,19.0,174.0,0.0,19.0,176.0
