B_mean,G_mean,R_mean,B_std,G_std,R_std,B_median,G_median,R_median,B_mode,G_mode,R_mode
0.522424165260846,18.31533882929624,172.3187764586052,0.7157076667246789,1.097183383462786,8.52947012638202,0.0,19.0,174.0,0.0,19.0,178.0
