B_mean,G_mean,R_mean,B_std,G_std,R_std,B_median,G_median,R_median,B_mode,G_mode,R_mode
1.8550466308049782,14.340007002578222,138.05688003310308,1.0056164273354173,0.5890317506826833,5.062461131965104,2.0,14.0,139.0,1.0,14.0,142.0
