B_mean,G_mean,R_mean,B_std,G_std,R_std,B_median,G_median,R_median,B_mode,G_mode,R_mode
1.8000127319604036,14.354394117834294,137.19273005060955,0.925002838881445,0.5663337268084375,6.430466905291728,2.0,14.0,138.0,2.0,14.0,142.0
