B_mean,G_mean,R_mean,B_std,G_std,R_std,B_median,G_median,R_median,B_mode,G_mode,R_mode
0.5111563803036573,16.49279052742146,155.06200464716554,0.6149488377956122,0.6589817696292883,2.592711860592857,0.0,16.0,154.0,0.0,16.0,153.0
