B_mean,G_mean,R_mean,B_std,G_std,R_std,B_median,G_median,R_median,B_mode,G_mode,R_mode
1.9570296336378394,14.591463220549384,138.20511188210205,0.9192988923328786,0.7862581545065958,8.332201843921872,2.0,15.0,139.0,2.0,15.0,138.0
