B_mean,G_mean,R_mean,B_std,G_std,R_std,B_median,G_median,R_median,B_mode,G_mode,R_mode
1.1877964159531464,15.56851386192189,147.87283954546902,1.0412916484987016,0.9551432535711785,9.155785020965968,1.0,16.0,152.0,0.0,16.0,153.0
