B_mean,G_mean,R_mean,B_std,G_std,R_std,B_median,G_median,R_median,B_mode,G_mode,R_mode
0.8163414711780247,16.753190947576154,160.75105834420856,0.6803634280413916,0.6606611973679946,3.906485939388676,1.0,17.0,162.0,1.0,17.0,163.0
