B_mean,G_mean,R_mean,B_std,G_std,R_std,B_median,G_median,R_median,B_mode,G_mode,R_mode
0.7685011299614858,16.15211509692205,153.74777986440463,0.8732964558005698,0.7476736254953206,5.145320731303725,1.0,16.0,154.0,0.0,16.0,153.0
