B_mean,G_mean,R_mean,B_std,G_std,R_std,B_median,G_median,R_median,B_mode,G_mode,R_mode
0.7850845083871789,16.852532068625266,159.82856415316547,0.6524837123845427,0.6564449311286004,3.574156410309633,1.0,17.0,160.0,1.0,17.0,163.0
