B_mean,G_mean,R_mean,B_std,G_std,R_std,B_median,G_median,R_median,B_mode,G_mode,R_mode
1.9700798930515326,14.806283222459179,138.42766654995702,0.9799342036077969,0.8046576221243646,6.281193793758556,2.0,15.0,139.0,2.0,15.0,141.0
