B_mean,G_mean,R_mean,B_std,G_std,R_std,B_median,G_median,R_median,B_mode,G_mode,R_mode
1.3269885730655377,15.561352134194863,150.74147754400485,1.004665814680802,0.7492886398395284,3.15274243199688,1.0,16.0,152.0,1.0,16.0,153.0
