B_mean,G_mean,R_mean,B_std,G_std,R_std,B_median,G_median,R_median,B_mode,G_mode,R_mode
1.988031957220613,14.689690295063182,137.40640417608302,1.0056420290038337,0.7697776534875862,6.742553427404827,2.0,15.0,138.0,2.0,15.0,137.0
