B_mean,G_mean,R_mean,B_std,G_std,R_std,B_median,G_median,R_median,B_mode,G_mode,R_mode
0.8238533278161505,18.015278352484323,151.63507018493172,0.8801926629381784,1.0963377816216064,5.53782132029356,1.0,18.0,153.0,0.0,19.0,154.0
