B_mean,G_mean,R_mean,B_std,G_std,R_std,B_median,G_median,R_median,B_mode,G_mode,R_mode
0.870515962695356,16.698475347741667,158.4180539198523,0.828709970794405,1.0808401650921122,6.805192634917862,1.0,17.0,159.0,1.0,17.0,163.0
