B_mean,G_mean,R_mean,B_std,G_std,R_std,B_median,G_median,R_median,B_mode,G_mode,R_mode
1.2117006716109113,15.490944393162938,148.97233981602318,0.9250802419637323,0.9973174115338485,10.322648480934584,1.0,16.0,153.0,1.0,16.0,153.0
