B_mean,G_mean,R_mean,B_std,G_std,R_std,B_median,G_median,R_median,B_mode,G_mode,R_mode
1.194608014769074,15.526307413183945,149.61189801699717,0.93967806317765,0.927683529926739,8.631974143127872,1.0,16.0,153.0,1.0,16.0,153.0
