B_mean,G_mean,R_mean,B_std,G_std,R_std,B_median,G_median,R_median,B_mode,G_mode,R_mode
0.8838526912181303,17.493618104847695,160.29722761562212,1.0697471087575576,1.5356406923728905,9.146222001173237,1.0,18.0,163.0,1.0,18.0,168.0
