B_mean,G_mean,R_mean,B_std,G_std,R_std,B_median,G_median,R_median,B_mode,G_mode,R_mode
0.5917815195594742,18.98335296177229,156.0357768087341,0.6749925253137117,1.0200481696305608,3.6042788338995457,0.0,19.0,156.0,0.0,19.0,154.0
