B_mean,G_mean,R_mean,B_std,G_std,R_std,B_median,G_median,R_median,B_mode,G_mode,R_mode
0.7978801285928001,16.9307381354044,160.10121908520864,0.7851462507764788,0.9781038979836583,8.488165872027603,1.0,17.0,163.0,1.0,17.0,167.0
