B_mean,G_mean,R_mean,B_std,G_std,R_std,B_median,G_median,R_median,B_mode,G_mode,R_mode
1.170417290002228,15.622656523538211,149.66206194098737,0.9795071372372194,0.8972128327673717,8.319988892127302,1.0,16.0,153.0,1.0,16.0,153.0
