B_mean,G_mean,R_mean,B_std,G_std,R_std,B_median,G_median,R_median,B_mode,G_mode,R_mode
0.79756182958271,18.0112996148582,151.67476207148997,0.8975834992638936,1.0574440045038953,5.497153923803102,1.0,18.0,153.0,0.0,19.0,154.0
