B_mean,G_mean,R_mean,B_std,G_std,R_std,B_median,G_median,R_median,B_mode,G_mode,R_mode
0.9163828500493364,15.996084922175893,155.84613425852245,0.8792181195546611,0.7172196844782069,6.2569447360126755,1.0,16.0,158.0,1.0,16.0,159.0
