B_mean,G_mean,R_mean,B_std,G_std,R_std,B_median,G_median,R_median,B_mode,G_mode,R_mode
0.7376579558837572,16.773593914122927,160.76003437629308,0.6980860934004808,0.6759579850696802,3.847974852415595,1.0,17.0,161.0,1.0,17.0,163.0
