B_mean,G_mean,R_mean,B_std,G_std,R_std,B_median,G_median,R_median,B_mode,G_mode,R_mode
0.7113982875513257,16.87541776745074,160.41853136836744,0.6438245624904155,0.6155708422759065,2.5937338243216805,1.0,17.0,160.0,1.0,17.0,158.0
