B_mean,G_mean,R_mean,B_std,G_std,R_std,B_median,G_median,R_median,B_mode,G_mode,R_mode
1.7635356654040806,14.47028678740809,136.55676862844956,0.9583626415446266,0.6133985049489555,5.942146927495459,2.0,14.0,138.0,1.0,14.0,142.0
