B_mean,G_mean,R_mean,B_std,G_std,R_std,B_median,G_median,R_median,B_mode,G_mode,R_mode
0.8934334914218417,16.575134481331762,158.35175223605054,0.862512115577936,0.9073956781670907,6.940243379395796,1.0,17.0,159.0,1.0,17.0,163.0
