B_mean,G_mean,R_mean,B_std,G_std,R_std,B_median,G_median,R_median,B_mode,G_mode,R_mode
1.1924435815004615,15.618805105516122,149.57682146608525,0.9644575923735021,0.8897173456616907,8.322291209994072,1.0,16.0,153.0,1.0,16.0,153.0
