B_mean,G_mean,R_mean,B_std,G_std,R_std,B_median,G_median,R_median,B_mode,G_mode,R_mode
0.7827609256135214,17.298150682751377,160.8441289747589,1.1256430598135678,1.4890122835896267,9.325849555860692,1.0,18.0,164.0,1.0,18.0,168.0
