B_mean,G_mean,R_mean,B_std,G_std,R_std,B_median,G_median,R_median,B_mode,G_mode,R_mode
1.4318044370882006,15.327084062768565,148.0240952350638,0.9826308763811785,0.9089726907487725,6.9519082644652785,1.0,15.0,149.0,1.0,15.0,153.0
