B_mean,G_mean,R_mean,B_std,G_std,R_std,B_median,G_median,R_median,B_mode,G_mode,R_mode
1.8551739504090143,15.695706146353885,136.61304389343348,0.870517026910945,0.622220091154845,5.252325489946812,2.0,16.0,138.0,2.0,16.0,138.0
