B_mean,G_mean,R_mean,B_std,G_std,R_std,B_median,G_median,R_median,B_mode,G_mode,R_mode
0.8871948308240761,16.049877454881116,155.28242671165293,0.8951994470088191,0.6832242151149729,6.226102844219533,1.0,16.0,157.0,1.0,16.0,159.0
