B_mean,G_mean,R_mean,B_std,G_std,R_std,B_median,G_median,R_median,B_mode,G_mode,R_mode
1.8160231721679345,14.385205462011013,141.61686348155456,0.8180664287928173,0.6794728325034206,6.514526054227824,2.0,14.0,142.0,2.0,14.0,142.0
