B_mean,G_mean,R_mean,B_std,G_std,R_std,B_median,G_median,R_median,B_mode,G_mode,R_mode
1.8247445650444027,15.70420472992329,136.4787535410765,0.8603287944463761,0.6370633501426837,5.3662466047048785,2.0,16.0,138.0,2.0,16.0,138.0
