B_mean,G_mean,R_mean,B_std,G_std,R_std,B_median,G_median,R_median,B_mode,G_mode,R_mode
0.8698793646751759,16.961008371263965,156.89384728013496,0.8090962296119969,1.2703554646564796,7.580606187289386,1.0,17.0,158.0,1.0,16.0,159.0
