B_mean,G_mean,R_mean,B_std,G_std,R_std,B_median,G_median,R_median,B_mode,G_mode,R_mode
1.356526721201897,16.97657319285737,147.23337683419805,1.106149100512035,0.7234996036850584,4.694882056851453,1.0,17.0,149.0,2.0,17.0,150.0
