B_mean,G_mean,R_mean,B_std,G_std,R_std,B_median,G_median,R_median,B_mode,G_mode,R_mode
2.0550338988445747,15.683706273673488,146.08855078460707,0.8417548693953639,0.6503605501734954,4.45330458052782,2.0,16.0,147.0,2.0,16.0,148.0
