B_mean,G_mean,R_mean,B_std,G_std,R_std,B_median,G_median,R_median,B_mode,G_mode,R_mode
1.8552376102110322,15.407327243212274,135.25712194035077,0.9479653444197061,0.5964529220775028,4.73978794820209,2.0,15.0,137.0,2.0,15.0,138.0
