B_mean,G_mean,R_mean,B_std,G_std,R_std,B_median,G_median,R_median,B_mode,G_mode,R_mode
0.6703695451507146,16.793487602253556,157.59744724193908,0.6795689432364909,0.6783922569935286,3.6012312712260988,1.0,17.0,158.0,1.0,17.0,158.0
