B_mean,G_mean,R_mean,B_std,G_std,R_std,B_median,G_median,R_median,B_mode,G_mode,R_mode
1.0019416239615495,16.060699621224177,150.03103415348377,1.0168068418250333,0.869532937477623,8.072841174746502,1.0,16.0,153.0,0.0,16.0,153.0
