B_mean,G_mean,R_mean,B_std,G_std,R_std,B_median,G_median,R_median,B_mode,G_mode,R_mode
1.1185027214565362,15.8713753700226,150.109494859471,0.9169383067669519,0.7444563789597339,5.5614873812801555,1.0,16.0,153.0,1.0,16.0,153.0
