B_mean,G_mean,R_mean,B_std,G_std,R_std,B_median,G_median,R_median,B_mode,G_mode,R_mode
1.6375847471114364,12.27077696788363,110.17729254862017,1.050475839082771,1.2137997318730849,12.154463394498565,1.0,12.0,114.0,1.0,12.0,124.0
