B_mean,G_mean,R_mean,B_std,G_std,R_std,B_median,G_median,R_median,B_mode,G_mode,R_mode
1.70869274596556,11.893974599738995,108.08396727886176,1.0533870457916021,0.7627164328942689,7.648143250787552,2.0,12.0,110.0,2.0,12.0,115.0
