B_mean,G_mean,R_mean,B_std,G_std,R_std,B_median,G_median,R_median,B_mode,G_mode,R_mode
1.157335200687526,15.91724225737658,150.39583664894803,1.0307731964154305,0.837375538893148,8.161260199822115,1.0,16.0,153.0,0.0,16.0,153.0
