B_mean,G_mean,R_mean,B_std,G_std,R_std,B_median,G_median,R_median,B_mode,G_mode,R_mode
0.8199382499920426,18.65741477544005,158.83130152465225,0.789348307113446,1.316190670924075,9.888929735388688,1.0,19.0,162.0,1.0,19.0,166.0
