B_mean,G_mean,R_mean,B_std,G_std,R_std,B_median,G_median,R_median,B_mode,G_mode,R_mode
1.6747939013909667,13.327084062768565,123.08062513925582,0.9434677732132202,1.060898490753791,10.832598910271871,2.0,14.0,126.0,1.0,14.0,132.0
