B_mean,G_mean,R_mean,B_std,G_std,R_std,B_median,G_median,R_median,B_mode,G_mode,R_mode
2.672788617627399,9.905210554795175,85.03759111309164,0.8942397467331874,0.908286643462717,6.348398088636846,3.0,10.0,84.0,3.0,10.0,83.0
