B_mean,G_mean,R_mean,B_std,G_std,R_std,B_median,G_median,R_median,B_mode,G_mode,R_mode
2.677181143966642,11.16074100009549,95.59544195817551,0.8610486253597687,0.9425545213091746,8.114857123807814,3.0,11.0,99.0,3.0,11.0,100.0
