B_mean,G_mean,R_mean,B_std,G_std,R_std,B_median,G_median,R_median,B_mode,G_mode,R_mode
1.9926791227679281,11.47388356622211,104.65999299742178,1.0814239927030382,0.8809809859737187,8.438961410279603,2.0,12.0,107.0,2.0,12.0,109.0
