B_mean,G_mean,R_mean,B_std,G_std,R_std,B_median,G_median,R_median,B_mode,G_mode,R_mode
2.794124200273737,10.76544545946462,94.17159499633956,0.8360738359194537,0.9678523697012764,6.426510407109915,3.0,11.0,95.0,3.0,11.0,100.0
