B_mean,G_mean,R_mean,B_std,G_std,R_std,B_median,G_median,R_median,B_mode,G_mode,R_mode
1.0071617277270268,16.700798930515326,150.49912467772225,1.0228387098328295,0.6055907812924742,4.8675944251677885,1.0,17.0,153.0,0.0,17.0,153.0
