B_mean,G_mean,R_mean,B_std,G_std,R_std,B_median,G_median,R_median,B_mode,G_mode,R_mode
1.2481140783652163,12.668332431486139,115.65365884712098,0.8091136166434626,1.0157284836188287,8.65644989073655,1.0,13.0,118.0,1.0,13.0,124.0
