B_mean,G_mean,R_mean,B_std,G_std,R_std,B_median,G_median,R_median,B_mode,G_mode,R_mode
1.9891460037559283,14.420695801636057,131.06206830696757,0.9363377489123365,0.5910444779564811,3.6114920994880064,2.0,14.0,132.0,2.0,14.0,135.0
