B_mean,G_mean,R_mean,B_std,G_std,R_std,B_median,G_median,R_median,B_mode,G_mode,R_mode
0.4498838208613171,16.52162841773562,156.25603972371647,0.6162157608251323,0.6125946991371163,2.9227840634207083,0.0,17.0,157.0,0.0,17.0,158.0
