B_mean,G_mean,R_mean,B_std,G_std,R_std,B_median,G_median,R_median,B_mode,G_mode,R_mode
1.1086672820447527,15.899067383900436,149.62953178215616,1.0093308295854577,0.836464882674356,8.643759368778946,1.0,16.0,153.0,0.0,16.0,153.0
