B_mean,G_mean,R_mean,B_std,G_std,R_std,B_median,G_median,R_median,B_mode,G_mode,R_mode
2.623547760766464,10.327657000986727,87.69207753763885,1.0185868045416309,0.9253919332888969,7.152618777497746,3.0,10.0,88.0,3.0,10.0,89.0
