B_mean,G_mean,R_mean,B_std,G_std,R_std,B_median,G_median,R_median,B_mode,G_mode,R_mode
0.7170003501289111,17.159658783461182,159.6158767546233,0.6043106050625089,0.7402096659542832,3.645727537879871,1.0,17.0,160.0,1.0,17.0,163.0
