B_mean,G_mean,R_mean,B_std,G_std,R_std,B_median,G_median,R_median,B_mode,G_mode,R_mode
1.8653276888308878,14.371359455072096,129.8571474042716,0.8787086535031902,0.5969841134878476,4.592480088395733,2.0,14.0,131.0,2.0,14.0,132.0
