B_mean,G_mean,R_mean,B_std,G_std,R_std,B_median,G_median,R_median,B_mode,G_mode,R_mode
1.8670146735843651,13.998440334850558,128.68201928892,1.024284755237242,0.6975192403564366,5.676793066781234,2.0,14.0,130.0,1.0,14.0,135.0
