B_mean,G_mean,R_mean,B_std,G_std,R_std,B_median,G_median,R_median,B_mode,G_mode,R_mode
2.1650380367317057,12.184931724862336,103.7558009994589,1.0944869279520533,0.687791114339434,4.255460195028816,2.0,12.0,104.0,2.0,12.0,106.0
