B_mean,G_mean,R_mean,B_std,G_std,R_std,B_median,G_median,R_median,B_mode,G_mode,R_mode
1.75681955629118,11.918770092625012,107.74622019925518,1.058002436747913,1.060925750375287,10.176022133397943,2.0,12.0,110.0,2.0,12.0,115.0
