B_mean,G_mean,R_mean,B_std,G_std,R_std,B_median,G_median,R_median,B_mode,G_mode,R_mode
2.191234045262119,15.707928828341345,145.39863768023682,0.7693904128177823,0.6652157051125396,4.242728698270417,2.0,16.0,147.0,2.0,16.0,148.0
