B_mean,G_mean,R_mean,B_std,G_std,R_std,B_median,G_median,R_median,B_mode,G_mode,R_mode
1.4151573988604895,12.715154215870388,115.73654390934844,0.9293906259112259,0.978764777731002,8.587723406906177,1.0,13.0,116.0,1.0,12.0,125.0
