B_mean,G_mean,R_mean,B_std,G_std,R_std,B_median,G_median,R_median,B_mode,G_mode,R_mode
0.8631950854632842,16.706973931311072,149.11722952541618,0.9976100240259025,0.9433333627738311,6.972770815007032,1.0,17.0,153.0,0.0,17.0,153.0
