B_mean,G_mean,R_mean,B_std,G_std,R_std,B_median,G_median,R_median,B_mode,G_mode,R_mode
2.4956870484132794,11.725085144985199,101.63793487602254,0.9463529769922038,0.8349340444506964,6.438936966371045,2.0,12.0,103.0,2.0,12.0,105.0
