B_mean,G_mean,R_mean,B_std,G_std,R_std,B_median,G_median,R_median,B_mode,G_mode,R_mode
2.562370691027151,10.660693255243975,89.53986695101378,1.1187460158782363,1.1527829462498131,10.907478220269974,3.0,11.0,90.0,2.0,11.0,94.0
