B_mean,G_mean,R_mean,B_std,G_std,R_std,B_median,G_median,R_median,B_mode,G_mode,R_mode
2.0952987236209695,9.35191138555559,69.91227679281917,0.9606909136116649,1.0357634008556778,8.298231843766906,2.0,9.0,70.0,2.0,10.0,70.0
