B_mean,G_mean,R_mean,B_std,G_std,R_std,B_median,G_median,R_median,B_mode,G_mode,R_mode
1.8150682751376643,11.84151892287615,107.0766782315307,1.0538340316380637,0.9802597499610477,10.452726658303499,2.0,12.0,110.0,2.0,12.0,115.0
