B_mean,G_mean,R_mean,B_std,G_std,R_std,B_median,G_median,R_median,B_mode,G_mode,R_mode
2.467071967406181,11.686825603972371,101.71101632873922,0.9983145005778342,0.8560379832081431,6.325655713664161,2.0,12.0,103.0,2.0,12.0,105.0
