B_mean,G_mean,R_mean,B_std,G_std,R_std,B_median,G_median,R_median,B_mode,G_mode,R_mode
1.1731546614890027,12.506732024063405,114.65693732692492,0.8556355861130007,1.0233277641043534,5.80108168512732,1.0,12.0,115.0,1.0,12.0,116.0
