B_mean,G_mean,R_mean,B_std,G_std,R_std,B_median,G_median,R_median,B_mode,G_mode,R_mode
1.987586338606487,11.397714613107553,104.28029410828532,1.1039832081432455,0.8082595789064149,9.507776510506918,2.0,11.0,106.0,2.0,12.0,114.0
