B_mean,G_mean,R_mean,B_std,G_std,R_std,B_median,G_median,R_median,B_mode,G_mode,R_mode
0.914950504503931,16.494573001877963,154.61212082630422,1.0104613821739363,0.6354912616607661,5.101226729456264,1.0,17.0,156.0,0.0,17.0,153.0
