B_mean,G_mean,R_mean,B_std,G_std,R_std,B_median,G_median,R_median,B_mode,G_mode,R_mode
1.5358882133876564,13.159499633956138,115.4582869147277,1.1255503427017908,1.415875323860569,12.837961935121317,1.0,13.0,119.0,1.0,14.0,124.0
