B_mean,G_mean,R_mean,B_std,G_std,R_std,B_median,G_median,R_median,B_mode,G_mode,R_mode
1.5037718432695675,13.959194066906452,126.61065665085782,0.8817571322812733,0.7298277524951597,5.805220423534024,1.0,14.0,127.0,1.0,14.0,132.0
