B_mean,G_mean,R_mean,B_std,G_std,R_std,B_median,G_median,R_median,B_mode,G_mode,R_mode
1.008148454658306,15.839036190597447,150.38393226597066,1.007166736748521,0.6724271912049004,5.095219530517476,1.0,16.0,153.0,0.0,16.0,153.0
