B_mean,G_mean,R_mean,B_std,G_std,R_std,B_median,G_median,R_median,B_mode,G_mode,R_mode
1.5647261037018174,15.42664799312474,134.4682178438425,0.896130760311288,0.665341429343682,6.665744737112265,1.0,15.0,137.0,1.0,16.0,138.0
