B_mean,G_mean,R_mean,B_std,G_std,R_std,B_median,G_median,R_median,B_mode,G_mode,R_mode
0.7293821816214151,18.787344431358818,160.96976159404144,0.7787689045877332,1.2954034246734096,10.245902734221975,1.0,19.0,165.0,0.0,19.0,169.0
