B_mean,G_mean,R_mean,B_std,G_std,R_std,B_median,G_median,R_median,B_mode,G_mode,R_mode
1.8005220103765478,11.949517776999713,107.65843333227234,1.0638046812105126,0.7601267601139648,8.527087354124088,2.0,12.0,109.0,2.0,12.0,116.0
