B_mean,G_mean,R_mean,B_std,G_std,R_std,B_median,G_median,R_median,B_mode,G_mode,R_mode
1.8694974058630678,11.344176719610402,104.40118407231753,1.0714085719809654,0.7853261997212203,10.19990144220153,2.0,11.0,108.0,2.0,11.0,114.0
