B_mean,G_mean,R_mean,B_std,G_std,R_std,B_median,G_median,R_median,B_mode,G_mode,R_mode
2.5760893783620333,10.293821816214152,84.65696915682592,1.0815423434848725,0.9916690603676845,9.865014197260129,2.0,10.0,85.0,2.0,10.0,83.0
