B_mean,G_mean,R_mean,B_std,G_std,R_std,B_median,G_median,R_median,B_mode,G_mode,R_mode
1.9780055384027755,11.51462583951364,105.4872839545469,1.1358259742782155,0.931433528609646,10.005599352180433,2.0,12.0,108.0,2.0,12.0,109.0
