B_mean,G_mean,R_mean,B_std,G_std,R_std,B_median,G_median,R_median,B_mode,G_mode,R_mode
2.4716236432504695,10.919088391635102,91.58356940509915,1.0728635398466788,1.1991678993103734,11.423011576859603,2.0,11.0,92.0,2.0,11.0,83.0
