B_mean,G_mean,R_mean,B_std,G_std,R_std,B_median,G_median,R_median,B_mode,G_mode,R_mode
1.0176019352579813,16.006684279211893,149.65416812553713,1.0445157034753199,0.8997459587802562,8.169068969237852,1.0,16.0,153.0,0.0,16.0,153.0
