B_mean,G_mean,R_mean,B_std,G_std,R_std,B_median,G_median,R_median,B_mode,G_mode,R_mode
0.781455899672152,16.195913040710444,152.20756278447973,0.9045951962249541,0.6093019722436784,5.76694777393319,1.0,16.0,153.0,0.0,16.0,153.0
