B_mean,G_mean,R_mean,B_std,G_std,R_std,B_median,G_median,R_median,B_mode,G_mode,R_mode
1.5010981315848109,12.925804500748002,116.59668332431487,0.9594233310514775,1.1809493108798945,9.546494346949993,1.0,13.0,118.0,1.0,13.0,124.0
