B_mean,G_mean,R_mean,B_std,G_std,R_std,B_median,G_median,R_median,B_mode,G_mode,R_mode
2.478085113155298,11.738167234299901,101.79590667473025,0.9833274246412916,0.8399438027130363,6.233129391538563,2.0,12.0,103.0,2.0,12.0,106.0
