B_mean,G_mean,R_mean,B_std,G_std,R_std,B_median,G_median,R_median,B_mode,G_mode,R_mode
2.6643536938600123,11.455454053537894,97.76025718560015,0.922955308689623,0.9853767178915204,4.978743513408298,3.0,12.0,99.0,3.0,12.0,100.0
