B_mean,G_mean,R_mean,B_std,G_std,R_std,B_median,G_median,R_median,B_mode,G_mode,R_mode
1.0091351815895853,16.644014387115256,147.26810325619888,1.0421835214227149,0.8452419463354575,6.749116377933873,1.0,17.0,150.0,0.0,17.0,153.0
