B_mean,G_mean,R_mean,B_std,G_std,R_std,B_median,G_median,R_median,B_mode,G_mode,R_mode
1.6092243053124105,12.324474010885826,110.2109367539867,1.0206588805425487,1.1592168918279029,12.008044055711379,1.0,12.0,114.0,1.0,12.0,124.0
