B_mean,G_mean,R_mean,B_std,G_std,R_std,B_median,G_median,R_median,B_mode,G_mode,R_mode
2.4269981220358403,11.912531432027246,101.63090046789955,1.0174317848133343,0.7135960976658016,4.385036314043781,2.0,12.0,102.0,2.0,12.0,100.0
