B_mean,G_mean,R_mean,B_std,G_std,R_std,B_median,G_median,R_median,B_mode,G_mode,R_mode
0.5349651462583951,19.942706178183787,164.33876563643886,0.6709304885660625,1.3060318127922075,8.17738376326558,0.0,20.0,167.0,0.0,21.0,172.0
