B_mean,G_mean,R_mean,B_std,G_std,R_std,B_median,G_median,R_median,B_mode,G_mode,R_mode
0.4873476143489194,16.660343126332876,155.78457522997104,0.5914901538791428,0.6977838226936427,2.2047013592924043,0.0,17.0,156.0,0.0,17.0,157.0
