B_mean,G_mean,R_mean,B_std,G_std,R_std,B_median,G_median,R_median,B_mode,G_mode,R_mode
0.8669828436833561,16.40557659865678,154.9385364611516,0.9566475186344074,0.5748125263160447,4.88397438729099,1.0,16.0,156.0,0.0,16.0,153.0
