B_mean,G_mean,R_mean,B_std,G_std,R_std,B_median,G_median,R_median,B_mode,G_mode,R_mode
2.815227424642709,10.480854314543082,83.13960594582551,2.806455116940891,2.9548138369868533,7.68424007074106,2.0,10.0,83.0,2.0,10.0,83.0
