B_mean,G_mean,R_mean,B_std,G_std,R_std,B_median,G_median,R_median,B_mode,G_mode,R_mode
1.4341280198618582,13.310755323550945,121.03969188655823,0.8337774714799785,1.1090165651572133,10.462967642293114,1.0,14.0,124.0,1.0,14.0,125.0
