B_mean,G_mean,R_mean,B_std,G_std,R_std,B_median,G_median,R_median,B_mode,G_mode,R_mode
2.3661711812076263,9.864627431008689,81.94210141006461,0.872608353025665,0.8295929642776112,6.049898830683101,2.0,10.0,82.0,2.0,10.0,80.0
