B_mean,G_mean,R_mean,B_std,G_std,R_std,B_median,G_median,R_median,B_mode,G_mode,R_mode
2.1284018206703377,12.600630232039979,102.14683133335456,1.3160730320156726,0.7760850344463202,7.911585828323005,2.0,13.0,103.0,2.0,13.0,106.0
