B_mean,G_mean,R_mean,B_std,G_std,R_std,B_median,G_median,R_median,B_mode,G_mode,R_mode
2.5485565139892414,11.619155234427222,100.17719705891714,1.1084004687470062,1.074571713084946,6.368672291575421,3.0,12.0,101.0,2.0,12.0,105.0
