B_mean,G_mean,R_mean,B_std,G_std,R_std,B_median,G_median,R_median,B_mode,G_mode,R_mode
1.5774580641054206,13.19059744724194,120.7056689053697,0.9314032220737503,1.212188525487688,12.34271728546004,1.0,13.0,124.0,1.0,14.0,132.0
