B_mean,G_mean,R_mean,B_std,G_std,R_std,B_median,G_median,R_median,B_mode,G_mode,R_mode
1.7738485533309991,15.445363974918038,134.84575229971034,0.9919492898020834,0.6287724767912833,5.753627623201773,2.0,15.0,137.0,2.0,15.0,138.0
