B_mean,G_mean,R_mean,B_std,G_std,R_std,B_median,G_median,R_median,B_mode,G_mode,R_mode
1.611579717987077,13.200623866059777,120.99980902059394,0.9386772346955641,1.2259978211151965,12.219060905652038,2.0,13.0,124.0,1.0,14.0,135.0
