B_mean,G_mean,R_mean,B_std,G_std,R_std,B_median,G_median,R_median,B_mode,G_mode,R_mode
0.4675494159213165,16.516312824267118,155.32186395900308,0.6811320563591311,0.5794934278968594,3.381470500245957,0.0,17.0,156.0,0.0,17.0,158.0
