B_mean,G_mean,R_mean,B_std,G_std,R_std,B_median,G_median,R_median,B_mode,G_mode,R_mode
1.5065092147563421,13.237673870834263,115.77980074481968,1.0879183331094333,1.2990110193609616,12.370720138871723,1.0,13.0,120.0,1.0,14.0,124.0
