B_mean,G_mean,R_mean,B_std,G_std,R_std,B_median,G_median,R_median,B_mode,G_mode,R_mode
1.6322691536429321,12.215838558742082,110.40217079924881,0.9265522274415393,1.1103117433711347,9.23036110922847,2.0,12.0,111.0,1.0,12.0,115.0
