B_mean,G_mean,R_mean,B_std,G_std,R_std,B_median,G_median,R_median,B_mode,G_mode,R_mode
1.1247413820543017,12.47098704523029,114.47474297354935,0.8556374439945984,0.9560597862386673,5.3356650604257725,1.0,12.0,115.0,1.0,12.0,116.0
