B_mean,G_mean,R_mean,B_std,G_std,R_std,B_median,G_median,R_median,B_mode,G_mode,R_mode
1.6541044657351116,15.850367635356655,144.28532323264474,1.009506525949203,0.8732649182522318,8.657402033014764,2.0,16.0,148.0,2.0,16.0,153.0
