B_mean,G_mean,R_mean,B_std,G_std,R_std,B_median,G_median,R_median,B_mode,G_mode,R_mode
2.6627940287105707,10.75172677212974,91.45825508482669,0.8735940346855862,1.0094642038329493,7.929850443756393,3.0,11.0,93.0,3.0,11.0,100.0
