B_mean,G_mean,R_mean,B_std,G_std,R_std,B_median,G_median,R_median,B_mode,G_mode,R_mode
1.1200623866059776,13.264124518572748,121.80682433077634,0.664142263714305,0.9425213711328371,5.637782188780639,1.0,13.0,123.0,1.0,13.0,125.0
