B_mean,G_mean,R_mean,B_std,G_std,R_std,B_median,G_median,R_median,B_mode,G_mode,R_mode
1.9904828595983066,11.516758442881242,104.80348219117039,1.083950007266239,0.865610461225257,8.45183762873673,2.0,12.0,108.0,2.0,12.0,109.0
