B_mean,G_mean,R_mean,B_std,G_std,R_std,B_median,G_median,R_median,B_mode,G_mode,R_mode
0.5430499411146832,16.81013464048127,157.36932234140752,0.6346065872516756,0.6768963010089086,2.37558881817181,0.0,17.0,158.0,0.0,17.0,158.0
