B_mean,G_mean,R_mean,B_std,G_std,R_std,B_median,G_median,R_median,B_mode,G_mode,R_mode
2.6868256039723715,11.14371200305567,95.50256230703123,0.8541767599722434,0.956398251808312,8.647899242626217,3.0,11.0,99.0,3.0,11.0,100.0
