B_mean,G_mean,R_mean,B_std,G_std,R_std,B_median,G_median,R_median,B_mode,G_mode,R_mode
1.4780851131552981,14.151287519495815,125.55482700448802,1.0375733672858383,1.28059614397046,6.732052530498286,1.0,14.0,126.0,1.0,14.0,131.0
