B_mean,G_mean,R_mean,B_std,G_std,R_std,B_median,G_median,R_median,B_mode,G_mode,R_mode
0.8573383836776267,16.46328420918611,154.29522233185855,1.004138854023821,0.5865366863365375,4.945059797573655,1.0,16.0,156.0,0.0,16.0,158.0
