B_mean,G_mean,R_mean,B_std,G_std,R_std,B_median,G_median,R_median,B_mode,G_mode,R_mode
1.428716936690327,13.120794474329184,118.52605277397588,0.8422229863964488,1.071789462158646,10.713430591593283,1.0,13.0,121.0,1.0,14.0,125.0
