B_mean,G_mean,R_mean,B_std,G_std,R_std,B_median,G_median,R_median,B_mode,G_mode,R_mode
0.7787185281853773,16.38600120953624,154.77426234204412,0.9506148280506016,0.6390037558364365,5.219741852615953,0.0,16.0,156.0,0.0,16.0,158.0
