B_mean,G_mean,R_mean,B_std,G_std,R_std,B_median,G_median,R_median,B_mode,G_mode,R_mode
1.7699971353089092,14.364070407741032,129.73199223350414,0.8206185460881307,0.5611273018442735,4.163107881553308,2.0,14.0,131.0,2.0,14.0,132.0
