B_mean,G_mean,R_mean,B_std,G_std,R_std,B_median,G_median,R_median,B_mode,G_mode,R_mode
2.014960053474234,11.629722761562212,105.3423624152529,1.0232055533941657,0.6922201470800986,6.241851193642671,2.0,12.0,106.0,2.0,12.0,109.0
