B_mean,G_mean,R_mean,B_std,G_std,R_std,B_median,G_median,R_median,B_mode,G_mode,R_mode
1.4311041792660024,13.256803641340676,119.78495718878314,0.8347541680856729,1.191602645477049,11.503685112178387,1.0,14.0,124.0,1.0,14.0,125.0
