B_mean,G_mean,R_mean,B_std,G_std,R_std,B_median,G_median,R_median,B_mode,G_mode,R_mode
2.1436483432536524,11.84085049495496,105.5148168189197,1.0416387573581678,0.7635177790110833,5.639539898019788,2.0,12.0,105.0,2.0,12.0,100.0
