B_mean,G_mean,R_mean,B_std,G_std,R_std,B_median,G_median,R_median,B_mode,G_mode,R_mode
1.4478785370977496,13.171754145844606,119.43734283986377,0.8799339972907232,1.0639893302034624,10.599440165589881,1.0,13.0,123.0,1.0,14.0,125.0
