B_mean,G_mean,R_mean,B_std,G_std,R_std,B_median,G_median,R_median,B_mode,G_mode,R_mode
0.4510296972976414,16.531018238533278,155.30900467899545,0.5724477014845557,0.5780121094584325,2.0596541958983545,0.0,16.0,156.0,0.0,16.0,156.0
