B_mean,G_mean,R_mean,B_std,G_std,R_std,B_median,G_median,R_median,B_mode,G_mode,R_mode
1.1070439570932935,16.40713626380622,146.96909316612025,1.0500132047791444,0.7846754491708058,6.769940294590439,1.0,17.0,150.0,0.0,17.0,150.0
