B_mean,G_mean,R_mean,B_std,G_std,R_std,B_median,G_median,R_median,B_mode,G_mode,R_mode
2.436738071744597,10.972530795429225,92.77620396600567,0.9769842612225695,1.1194750033185135,12.206852223950811,2.0,11.0,95.0,2.0,11.0,100.0
