B_mean,G_mean,R_mean,B_std,G_std,R_std,B_median,G_median,R_median,B_mode,G_mode,R_mode
2.6696056275264985,11.466308049781965,98.53079542922622,1.0002626726209298,1.0734809929760374,5.298885847208002,3.0,12.0,99.0,3.0,12.0,100.0
