B_mean,G_mean,R_mean,B_std,G_std,R_std,B_median,G_median,R_median,B_mode,G_mode,R_mode
0.38956615844924725,16.41900881688258,156.43527389629818,0.5266364320734739,0.5811465778968338,2.6021811522353637,0.0,16.0,157.0,0.0,16.0,153.0
