B_mean,G_mean,R_mean,B_std,G_std,R_std,B_median,G_median,R_median,B_mode,G_mode,R_mode
2.5883438902505014,9.950472674029983,85.69513320813573,0.8639103455792938,0.9357874899819023,6.392691193547775,3.0,10.0,84.0,2.0,10.0,83.0
