B_mean,G_mean,R_mean,B_std,G_std,R_std,B_median,G_median,R_median,B_mode,G_mode,R_mode
2.202979278734443,9.900436069643824,78.82464907534137,1.0167711471532934,0.9210730037767966,9.263695206801614,2.0,10.0,79.0,2.0,10.0,78.0
