B_mean,G_mean,R_mean,B_std,G_std,R_std,B_median,G_median,R_median,B_mode,G_mode,R_mode
1.3488557150587261,12.982238915236973,117.29289874908488,0.8947784002925732,1.0671389922640029,8.020109262859263,1.0,13.0,118.0,1.0,13.0,124.0
