B_mean,G_mean,R_mean,B_std,G_std,R_std,B_median,G_median,R_median,B_mode,G_mode,R_mode
2.5653308718209886,9.933952955406308,84.03634974695228,0.8784361463436388,0.8962608072621507,5.822715304310816,2.0,10.0,83.0,2.0,10.0,83.0
