B_mean,G_mean,R_mean,B_std,G_std,R_std,B_median,G_median,R_median,B_mode,G_mode,R_mode
2.5168857624852787,11.725880892510425,101.58404685361428,0.94064510814345,0.843821563400737,6.286751696192522,3.0,12.0,103.0,2.0,12.0,106.0
