B_mean,G_mean,R_mean,B_std,G_std,R_std,B_median,G_median,R_median,B_mode,G_mode,R_mode
1.080338670146736,16.411369640640416,147.09100168698475,1.0627622011521607,0.7490648351163571,7.019994966399148,1.0,16.0,150.0,0.0,17.0,153.0
