B_mean,G_mean,R_mean,B_std,G_std,R_std,B_median,G_median,R_median,B_mode,G_mode,R_mode
1.4096508259859313,12.741668523410892,115.85485565139892,0.9367200323852611,0.9775194954020611,8.613530045958795,1.0,13.0,117.0,1.0,13.0,124.0
