B_mean,G_mean,R_mean,B_std,G_std,R_std,B_median,G_median,R_median,B_mode,G_mode,R_mode
0.493968233758793,19.86870165833784,166.07823789668015,0.6470513268210738,1.2401303040471823,8.82913971024248,0.0,20.0,170.0,0.0,21.0,172.0
