B_mean,G_mean,R_mean,B_std,G_std,R_std,B_median,G_median,R_median,B_mode,G_mode,R_mode
1.6424865518668237,15.728299964987109,144.27284591144922,1.0439539535330475,0.8362712757908287,8.824053948673283,2.0,16.0,147.0,2.0,16.0,153.0
