B_mean,G_mean,R_mean,B_std,G_std,R_std,B_median,G_median,R_median,B_mode,G_mode,R_mode
1.2502785116338289,15.813126651176114,148.86201737912594,1.0388594983271573,0.650895706360208,4.843346993678536,1.0,16.0,150.0,0.0,16.0,153.0
