B_mean,G_mean,R_mean,B_std,G_std,R_std,B_median,G_median,R_median,B_mode,G_mode,R_mode
1.6820192889200114,14.377757265174905,129.25845879619314,0.9130691850312577,0.6025151208655803,4.524912348332019,2.0,14.0,131.0,2.0,14.0,132.0
