B_mean,G_mean,R_mean,B_std,G_std,R_std,B_median,G_median,R_median,B_mode,G_mode,R_mode
3.413597733711048,16.138205430181113,116.68758952159659,1.8430914150143987,0.9518238697813859,8.972176900744339,3.0,16.0,119.0,3.0,16.0,123.0
