B_mean,G_mean,R_mean,B_std,G_std,R_std,B_median,G_median,R_median,B_mode,G_mode,R_mode
2.550593627653818,10.676735525352516,89.37186873348824,1.104079401044568,1.1542170054653405,10.946309779288343,3.0,11.0,89.0,2.0,11.0,95.0
