B_mean,G_mean,R_mean,B_std,G_std,R_std,B_median,G_median,R_median,B_mode,G_mode,R_mode
2.531559346850431,11.588280230448483,100.22669255498616,1.1011510822756676,1.0462534073603476,5.397084136522774,2.0,12.0,101.0,2.0,12.0,100.0
