B_mean,G_mean,R_mean,B_std,G_std,R_std,B_median,G_median,R_median,B_mode,G_mode,R_mode
1.4010567527134992,12.691090810707578,115.54932043161345,0.9471097946898304,0.993213480327549,8.831180270520804,1.0,13.0,116.0,1.0,12.0,116.0
