B_mean,G_mean,R_mean,B_std,G_std,R_std,B_median,G_median,R_median,B_mode,G_mode,R_mode
1.874717509628545,13.977655409491677,128.9954801540567,1.0379372472567865,0.7204476974016508,5.681954910501703,2.0,14.0,130.0,1.0,14.0,135.0
