B_mean,G_mean,R_mean,B_std,G_std,R_std,B_median,G_median,R_median,B_mode,G_mode,R_mode
2.1372823630518507,11.907120348855715,105.6883216093198,1.100398409922579,0.8616954268884269,6.203882682532922,2.0,12.0,106.0,2.0,12.0,106.0
