B_mean,G_mean,R_mean,B_std,G_std,R_std,B_median,G_median,R_median,B_mode,G_mode,R_mode
0.5571505872616737,17.17831110545246,160.392176210332,0.6185434551226655,0.7747096926071294,4.367394429274306,0.0,17.0,161.0,0.0,17.0,163.0
