B_mean,G_mean,R_mean,B_std,G_std,R_std,B_median,G_median,R_median,B_mode,G_mode,R_mode
1.2285705191456855,15.877964159531464,148.9000222809307,1.0614496801145556,0.6308357445135864,4.840928270066423,1.0,16.0,150.0,0.0,16.0,153.0
