B_mean,G_mean,R_mean,B_std,G_std,R_std,B_median,G_median,R_median,B_mode,G_mode,R_mode
1.1610274692045708,16.047235573097367,150.922271381736,0.9408662217891197,0.9724676621915304,8.622948390520234,1.0,16.0,153.0,1.0,16.0,153.0
