B_mean,G_mean,R_mean,B_std,G_std,R_std,B_median,G_median,R_median,B_mode,G_mode,R_mode
1.339529554063087,12.944870611452398,116.67234299901327,0.9058568983892218,1.0898418020035325,8.39087423325266,1.0,13.0,118.0,1.0,13.0,124.0
