B_mean,G_mean,R_mean,B_std,G_std,R_std,B_median,G_median,R_median,B_mode,G_mode,R_mode
0.5233790622911163,19.923130789063247,165.29799153324632,0.6746972573393317,1.256474964788364,9.15450764868566,0.0,20.0,169.0,0.0,21.0,172.0
