B_mean,G_mean,R_mean,B_std,G_std,R_std,B_median,G_median,R_median,B_mode,G_mode,R_mode
1.489416557914505,13.250469491039883,115.55664130884553,1.066521990405934,1.3211909177017318,12.253538510767083,1.0,13.0,120.0,1.0,14.0,124.0
