B_mean,G_mean,R_mean,B_std,G_std,R_std,B_median,G_median,R_median,B_mode,G_mode,R_mode
1.7901454626476112,11.535633574179585,104.03720915427952,1.0290754785565797,0.800718224946172,10.411839476114515,2.0,12.0,108.0,2.0,12.0,109.0
