B_mean,G_mean,R_mean,B_std,G_std,R_std,B_median,G_median,R_median,B_mode,G_mode,R_mode
2.5677499442976734,10.365852882197537,83.44234013432218,1.1829421193210121,1.0263104712873556,8.962303632456766,2.0,10.0,84.0,2.0,10.0,89.0
