B_mean,G_mean,R_mean,B_std,G_std,R_std,B_median,G_median,R_median,B_mode,G_mode,R_mode
2.821179616131394,10.288283413438585,86.20616226883534,1.0198467738718373,0.9069241244993379,7.326604562924444,3.0,10.0,88.0,3.0,10.0,89.0
