B_mean,G_mean,R_mean,B_std,G_std,R_std,B_median,G_median,R_median,B_mode,G_mode,R_mode
1.3281981093038802,12.896871120730815,116.60094853105007,0.8678052688756285,1.0811229300544307,8.155413034847717,1.0,13.0,117.0,1.0,13.0,124.0
