B_mean,G_mean,R_mean,B_std,G_std,R_std,B_median,G_median,R_median,B_mode,G_mode,R_mode
1.9153324633160391,14.192570901104498,129.73380653786165,1.0339719775862197,0.9182761187753637,9.402371889601772,2.0,14.0,132.0,2.0,14.0,135.0
