B_mean,G_mean,R_mean,B_std,G_std,R_std,B_median,G_median,R_median,B_mode,G_mode,R_mode
1.408632269153643,13.8643091319986,125.50580895693415,0.8727252969116583,0.8777544921493429,6.430944985613566,1.0,14.0,126.0,1.0,14.0,131.0
