B_mean,G_mean,R_mean,B_std,G_std,R_std,B_median,G_median,R_median,B_mode,G_mode,R_mode
2.0457077378489354,11.622210904924085,103.57758538370946,1.0816895673463633,0.9603652504463248,8.326509433515492,2.0,12.0,106.0,2.0,12.0,106.0
