B_mean,G_mean,R_mean,B_std,G_std,R_std,B_median,G_median,R_median,B_mode,G_mode,R_mode
2.1228315879937614,11.880128592800077,105.93586274946685,1.1059397142596206,0.8230308714721085,5.6073901369719525,2.0,12.0,106.0,2.0,12.0,106.0
