B_mean,G_mean,R_mean,B_std,G_std,R_std,B_median,G_median,R_median,B_mode,G_mode,R_mode
2.871439029824617,10.095426043225006,87.42566126619346,0.8566710878353805,0.8879464883700287,5.572023705592163,3.0,10.0,87.0,3.0,10.0,83.0
