B_mean,G_mean,R_mean,B_std,G_std,R_std,B_median,G_median,R_median,B_mode,G_mode,R_mode
2.7516312824267115,10.6335741795843,90.71146194735334,0.925733779678053,0.7486450275264532,6.638572558328806,3.0,11.0,91.0,3.0,11.0,90.0
