B_mean,G_mean,R_mean,B_std,G_std,R_std,B_median,G_median,R_median,B_mode,G_mode,R_mode
1.5822325492567717,15.425756755896488,134.88700385141803,0.9745912904278088,0.6319691063638209,6.561628429693931,1.0,15.0,138.0,1.0,16.0,138.0
