B_mean,G_mean,R_mean,B_std,G_std,R_std,B_median,G_median,R_median,B_mode,G_mode,R_mode
1.2722729732310532,15.885730655377662,149.80542381513195,1.0207762944362935,0.6710711958775484,4.527782400237516,1.0,16.0,151.0,1.0,16.0,153.0
