B_mean,G_mean,R_mean,B_std,G_std,R_std,B_median,G_median,R_median,B_mode,G_mode,R_mode
2.915714422128147,10.497724162077857,87.43065856065188,1.2371932668165389,1.1678041211686705,5.344186151313156,3.0,10.0,87.0,3.0,10.0,83.0
