B_mean,G_mean,R_mean,B_std,G_std,R_std,B_median,G_median,R_median,B_mode,G_mode,R_mode
1.6241843587866442,12.025209281599134,108.32307349524143,1.0900349714539785,1.3396135151727657,12.437338234271946,1.0,12.0,112.0,1.0,12.0,115.0
