B_mean,G_mean,R_mean,B_std,G_std,R_std,B_median,G_median,R_median,B_mode,G_mode,R_mode
1.6019034280803386,14.080688799057835,128.7304007384537,0.8979294253074551,0.631449506247568,4.058101134569613,2.0,14.0,129.0,1.0,14.0,131.0
