B_mean,G_mean,R_mean,B_std,G_std,R_std,B_median,G_median,R_median,B_mode,G_mode,R_mode
1.4558996721520197,13.909603081134417,125.57239710984499,0.8746047343935941,0.8677011554020191,6.431460700709352,1.0,14.0,127.0,1.0,14.0,131.0
