B_mean,G_mean,R_mean,B_std,G_std,R_std,B_median,G_median,R_median,B_mode,G_mode,R_mode
2.4721647515676226,10.995352834452685,92.93945952828086,1.008524717486862,1.1585166078401277,11.841080753265725,2.0,11.0,95.0,2.0,11.0,100.0
