B_mean,G_mean,R_mean,B_std,G_std,R_std,B_median,G_median,R_median,B_mode,G_mode,R_mode
2.7052869465575964,12.159881592768247,101.97781455899673,0.8641903290485309,0.6516788655148766,3.5883814327938874,3.0,12.0,102.0,2.0,12.0,105.0
