B_mean,G_mean,R_mean,B_std,G_std,R_std,B_median,G_median,R_median,B_mode,G_mode,R_mode
2.3429035235700417,9.887799598943248,81.92440398510361,0.8909702557216607,0.8488276938542512,6.123203133281466,2.0,10.0,82.0,2.0,10.0,83.0
