B_mean,G_mean,R_mean,B_std,G_std,R_std,B_median,G_median,R_median,B_mode,G_mode,R_mode
2.604831778973167,11.00703440812299,93.31511601998918,0.9388108192089664,1.0945184478413497,9.66457166595827,3.0,11.0,95.0,3.0,11.0,95.0
