B_mean,G_mean,R_mean,B_std,G_std,R_std,B_median,G_median,R_median,B_mode,G_mode,R_mode
1.7511856638125856,11.983671260782378,107.7968297418595,1.0657052133065088,0.8038974199341885,8.174566327319567,2.0,12.0,109.0,2.0,12.0,100.0
