B_mean,G_mean,R_mean,B_std,G_std,R_std,B_median,G_median,R_median,B_mode,G_mode,R_mode
2.0847311964859787,14.327911640194799,130.7882993283891,0.930594451792769,0.5768498405682124,5.0679460832731795,2.0,14.0,132.0,2.0,14.0,132.0
