B_mean,G_mean,R_mean,B_std,G_std,R_std,B_median,G_median,R_median,B_mode,G_mode,R_mode
1.611356908680014,12.328962026928096,110.99261546296592,0.9898045944454644,1.2194467870214536,12.231592821916019,1.0,12.0,115.0,1.0,12.0,125.0
