B_mean,G_mean,R_mean,B_std,G_std,R_std,B_median,G_median,R_median,B_mode,G_mode,R_mode
2.5605563866696373,10.301651971862368,83.6954196772448,1.1954288822221975,1.0559869131729809,8.880782548065001,2.0,10.0,84.0,2.0,10.0,83.0
