B_mean,G_mean,R_mean,B_std,G_std,R_std,B_median,G_median,R_median,B_mode,G_mode,R_mode
2.5680045835057452,10.44689181016647,84.84218735079735,1.252587825558687,1.0390828252296607,8.726727143890523,2.0,10.0,85.0,2.0,10.0,94.0
