B_mean,G_mean,R_mean,B_std,G_std,R_std,B_median,G_median,R_median,B_mode,G_mode,R_mode
2.6971066619982813,10.324092052073718,87.96788362988191,0.9630238396974165,0.8958725832617467,7.151678459856837,3.0,10.0,88.0,3.0,10.0,88.0
