B_mean,G_mean,R_mean,B_std,G_std,R_std,B_median,G_median,R_median,B_mode,G_mode,R_mode
2.691218130311615,11.493904573956774,98.074227329153,0.9886919057828427,0.9893609428864496,5.794340835921685,3.0,11.0,99.0,3.0,11.0,101.0
