B_mean,G_mean,R_mean,B_std,G_std,R_std,B_median,G_median,R_median,B_mode,G_mode,R_mode
2.214406213196677,9.919915969061336,78.70827895725245,1.0254241911061632,0.9246591498958242,9.291949003973148,2.0,10.0,79.0,2.0,10.0,77.0
