B_mean,G_mean,R_mean,B_std,G_std,R_std,B_median,G_median,R_median,B_mode,G_mode,R_mode
1.9419104306585606,15.742941719451252,146.2865645987841,0.804023387462677,0.690249982540572,3.85607779650021,2.0,16.0,147.0,2.0,16.0,148.0
