B_mean,G_mean,R_mean,B_std,G_std,R_std,B_median,G_median,R_median,B_mode,G_mode,R_mode
1.328389088709934,14.152178756724066,125.82843683356145,0.7817022263190437,0.8304399738504735,6.055414447798733,1.0,14.0,127.0,2.0,14.0,131.0
