B_mean,G_mean,R_mean,B_std,G_std,R_std,B_median,G_median,R_median,B_mode,G_mode,R_mode
2.1310118725530764,9.51621733456409,71.0714262978642,0.964561038154562,0.9943497629652135,8.239391013840354,2.0,10.0,70.0,2.0,10.0,68.0
