B_mean,G_mean,R_mean,B_std,G_std,R_std,B_median,G_median,R_median,B_mode,G_mode,R_mode
0.4752840818665054,19.923894706687463,164.45453098640863,0.5822653312849222,1.0260335526427822,6.612099938326189,0.0,20.0,165.0,0.0,20.0,172.0
