B_mean,G_mean,R_mean,B_std,G_std,R_std,B_median,G_median,R_median,B_mode,G_mode,R_mode
1.4346054683769933,12.713721870324983,115.53124104784034,0.9533273210798492,0.9970547169846216,8.895414142064128,1.0,13.0,116.0,1.0,13.0,124.0
