B_mean,G_mean,R_mean,B_std,G_std,R_std,B_median,G_median,R_median,B_mode,G_mode,R_mode
1.8846484387433555,11.627017219976446,105.39739631409746,1.0555606263946122,0.7732761902793142,6.592724427345663,2.0,12.0,106.0,2.0,12.0,109.0
