B_mean,G_mean,R_mean,B_std,G_std,R_std,B_median,G_median,R_median,B_mode,G_mode,R_mode
2.8725849062609417,10.350606359614222,85.76213514975969,1.2171970029729893,1.1555970755942657,4.931551585782237,3.0,10.0,85.0,3.0,10.0,83.0
