B_mean,G_mean,R_mean,B_std,G_std,R_std,B_median,G_median,R_median,B_mode,G_mode,R_mode
1.6068052328357258,12.974249610083712,116.15517076741891,1.0000296825429804,1.455215586892205,13.650126952881969,2.0,13.0,120.0,1.0,14.0,124.0
