B_mean,G_mean,R_mean,B_std,G_std,R_std,B_median,G_median,R_median,B_mode,G_mode,R_mode
1.6102746920457078,12.975331826718019,116.07645542222363,0.992366512525006,1.4564150193576242,13.276371618635812,2.0,13.0,120.0,1.0,14.0,124.0
