B_mean,G_mean,R_mean,B_std,G_std,R_std,B_median,G_median,R_median,B_mode,G_mode,R_mode
1.6293408027501035,13.03431263328771,116.44752840818666,0.9787771125796636,1.3854142499330722,12.535084136404958,2.0,13.0,120.0,2.0,14.0,124.0
