B_mean,G_mean,R_mean,B_std,G_std,R_std,B_median,G_median,R_median,B_mode,G_mode,R_mode
2.8237896680141326,9.941878600757551,86.34812362733553,0.8578362179896432,0.8926650984575942,5.334487790907073,3.0,10.0,85.0,3.0,10.0,83.0
