B_mean,G_mean,R_mean,B_std,G_std,R_std,B_median,G_median,R_median,B_mode,G_mode,R_mode
1.1185663812585542,13.235095648852532,121.41538020816755,0.6643391114371481,0.9741957097658183,5.713039803211631,1.0,13.0,122.0,1.0,13.0,125.0
