B_mean,G_mean,R_mean,B_std,G_std,R_std,B_median,G_median,R_median,B_mode,G_mode,R_mode
2.6661998281185344,10.330076073463411,87.50017506445555,1.0053402987514122,0.8878962712980263,7.18216765648773,3.0,10.0,88.0,3.0,10.0,89.0
