B_mean,G_mean,R_mean,B_std,G_std,R_std,B_median,G_median,R_median,B_mode,G_mode,R_mode
1.583219276188051,15.787217111754783,144.48317789731675,1.031381073533979,0.8788054574751634,8.763078841755323,2.0,16.0,148.0,2.0,16.0,153.0
