B_mean,G_mean,R_mean,B_std,G_std,R_std,B_median,G_median,R_median,B_mode,G_mode,R_mode
2.388420282012923,11.623834229875545,102.5614794537989,1.0003040551661802,0.7425136277646754,6.028150746882384,2.0,12.0,103.0,3.0,12.0,100.0
