B_mean,G_mean,R_mean,B_std,G_std,R_std,B_median,G_median,R_median,B_mode,G_mode,R_mode
1.052073718050737,15.922621510647103,149.47362892701403,0.9509689648755696,0.8687207462997905,8.561009500989117,1.0,16.0,153.0,1.0,16.0,153.0
