B_mean,G_mean,R_mean,B_std,G_std,R_std,B_median,G_median,R_median,B_mode,G_mode,R_mode
2.7890314161122958,10.467262946812236,86.78989082343953,1.179002324140309,1.1636877636442242,6.0937472632277245,3.0,10.0,86.0,2.0,10.0,83.0
