B_mean,G_mean,R_mean,B_std,G_std,R_std,B_median,G_median,R_median,B_mode,G_mode,R_mode
0.7729573161027469,16.4802177165229,154.63873062354776,0.9027288041573663,0.6352565682662655,5.109899893526644,1.0,17.0,156.0,0.0,17.0,158.0
