B_mean,G_mean,R_mean,B_std,G_std,R_std,B_median,G_median,R_median,B_mode,G_mode,R_mode
2.7778272909571253,11.257440239360855,95.97647770315434,0.839281695280933,0.8721751911430248,8.339410090892319,3.0,11.0,99.0,3.0,11.0,100.0
