B_mean,G_mean,R_mean,B_std,G_std,R_std,B_median,G_median,R_median,B_mode,G_mode,R_mode
1.1112455040264824,13.257694878568927,121.71467676735526,0.6872969052850231,0.9540583550097994,5.749443243554411,1.0,13.0,123.0,1.0,13.0,124.0
