B_mean,G_mean,R_mean,B_std,G_std,R_std,B_median,G_median,R_median,B_mode,G_mode,R_mode
2.1716904860425883,12.101187255307636,103.67272495782538,1.0982702433008176,0.6597230157074019,3.591030182601753,2.0,12.0,104.0,2.0,12.0,106.0
