B_mean,G_mean,R_mean,B_std,G_std,R_std,B_median,G_median,R_median,B_mode,G_mode,R_mode
0.7388674921220995,17.136136486615527,159.84635706782953,0.6134285031173352,0.7193075623116089,4.084631823885121,1.0,17.0,160.0,1.0,17.0,163.0
