B_mean,G_mean,R_mean,B_std,G_std,R_std,B_median,G_median,R_median,B_mode,G_mode,R_mode
2.4364516026355156,9.110481586402265,65.92042524747748,1.073818803516932,1.231322368460005,9.88658157610465,2.0,9.0,67.0,2.0,10.0,69.0
