B_mean,G_mean,R_mean,B_std,G_std,R_std,B_median,G_median,R_median,B_mode,G_mode,R_mode
1.1613775981156698,15.858261450806888,149.32781615049177,1.0015873507005364,0.660265894702663,4.818962223809694,1.0,16.0,152.0,0.0,16.0,153.0
