B_mean,G_mean,R_mean,B_std,G_std,R_std,B_median,G_median,R_median,B_mode,G_mode,R_mode
1.7459973899481172,14.842378330203394,127.63777572651749,0.8667061943454911,0.7763587588437348,6.352631715277485,2.0,15.0,130.0,2.0,15.0,131.0
