B_mean,G_mean,R_mean,B_std,G_std,R_std,B_median,G_median,R_median,B_mode,G_mode,R_mode
1.983862240188433,11.53095457873126,104.74233695133208,1.088501874319812,0.8023422444094465,7.730226706948987,2.0,12.0,106.0,2.0,12.0,109.0
