B_mean,G_mean,R_mean,B_std,G_std,R_std,B_median,G_median,R_median,B_mode,G_mode,R_mode
1.6876531813986058,14.416780723811948,129.15774898940063,0.7936423888075876,0.5967794370929669,4.469951012910748,2.0,14.0,131.0,2.0,14.0,132.0
