B_mean,G_mean,R_mean,B_std,G_std,R_std,B_median,G_median,R_median,B_mode,G_mode,R_mode
1.4788490307795144,13.931247413820543,126.21774835280262,0.8690376762340728,0.7304774822736658,5.974292881728487,1.0,14.0,127.0,1.0,14.0,132.0
