B_mean,G_mean,R_mean,B_std,G_std,R_std,B_median,G_median,R_median,B_mode,G_mode,R_mode
1.076901040837763,16.005315593468506,149.2635834102556,1.053874209485477,0.8097656492271591,8.083743053980974,1.0,16.0,153.0,0.0,16.0,153.0
