B_mean,G_mean,R_mean,B_std,G_std,R_std,B_median,G_median,R_median,B_mode,G_mode,R_mode
1.7785593786803322,11.877041092402203,104.38539644141707,1.0862129599054626,0.7553815444471055,9.922198010793643,2.0,12.0,108.0,2.0,12.0,113.0
