B_mean,G_mean,R_mean,B_std,G_std,R_std,B_median,G_median,R_median,B_mode,G_mode,R_mode
2.4437088200655697,10.755769169557883,95.85036763535665,0.8915737997189223,0.8108833024951213,4.735321960780511,2.0,11.0,97.0,3.0,11.0,100.0
