B_mean,G_mean,R_mean,B_std,G_std,R_std,B_median,G_median,R_median,B_mode,G_mode,R_mode
2.7022312760607314,10.650348537416049,91.43683356144763,0.9451700895622362,0.8803892689856578,6.304302919480436,3.0,11.0,92.0,3.0,11.0,94.0
