B_mean,G_mean,R_mean,B_std,G_std,R_std,B_median,G_median,R_median,B_mode,G_mode,R_mode
1.6700512461406245,15.125027851163383,126.6911544705096,0.9502481015992618,0.9480202422412747,7.079297008644131,2.0,15.0,128.0,2.0,15.0,131.0
