B_mean,G_mean,R_mean,B_std,G_std,R_std,B_median,G_median,R_median,B_mode,G_mode,R_mode
1.2738326383804945,13.800171881465449,124.2208040232995,0.8028790545858924,0.851934224926265,6.686729620707515,1.0,14.0,126.0,1.0,14.0,125.0
