B_mean,G_mean,R_mean,B_std,G_std,R_std,B_median,G_median,R_median,B_mode,G_mode,R_mode
2.4220326574784354,9.13059808383996,65.90011777063373,1.071859014972831,1.2149485384345304,9.863791888727327,2.0,9.0,67.0,2.0,10.0,69.0
