B_mean,G_mean,R_mean,B_std,G_std,R_std,B_median,G_median,R_median,B_mode,G_mode,R_mode
2.5046312505968107,10.919915969061336,92.5501798389407,0.9963259498283902,1.1715652812009907,12.247457994210942,2.0,11.0,94.0,2.0,11.0,102.0
