B_mean,G_mean,R_mean,B_std,G_std,R_std,B_median,G_median,R_median,B_mode,G_mode,R_mode
1.489957666231658,13.194194226055957,117.79934430403921,0.9123317235452891,1.315664147419164,12.668509039798842,1.0,13.0,121.0,1.0,14.0,131.0
