B_mean,G_mean,R_mean,B_std,G_std,R_std,B_median,G_median,R_median,B_mode,G_mode,R_mode
1.5057771270331348,12.951491230862272,116.80478721711175,0.9846543695681548,1.17833220645316,9.320677238890735,1.0,13.0,118.0,1.0,13.0,125.0
