B_mean,G_mean,R_mean,B_std,G_std,R_std,B_median,G_median,R_median,B_mode,G_mode,R_mode
1.6777222522837953,15.800140051564439,143.91046248846166,0.977626232023665,0.9730268435879164,9.335397222228565,2.0,16.0,148.0,2.0,16.0,152.0
