B_mean,G_mean,R_mean,B_std,G_std,R_std,B_median,G_median,R_median,B_mode,G_mode,R_mode
2.558837572015151,9.903714549447752,83.92765063500653,0.8939766885740589,0.9094077332327576,5.799517878521705,2.0,10.0,83.0,2.0,10.0,83.0
