B_mean,G_mean,R_mean,B_std,G_std,R_std,B_median,G_median,R_median,B_mode,G_mode,R_mode
2.5174905306044497,9.811471496323646,81.91641467995035,0.9681166126564122,0.7825840478672057,5.445894791831822,2.0,10.0,83.0,2.0,10.0,83.0
