B_mean,G_mean,R_mean,B_std,G_std,R_std,B_median,G_median,R_median,B_mode,G_mode,R_mode
1.757297004806315,15.389343349142184,134.7215838558742,0.9640268532558232,0.5826067399940797,5.121933436301356,2.0,15.0,136.0,2.0,15.0,137.0
