B_mean,G_mean,R_mean,B_std,G_std,R_std,B_median,G_median,R_median,B_mode,G_mode,R_mode
1.6632396473246969,15.847853073176942,143.81997007989304,1.0541289226094548,0.8822070806423679,8.695649987815136,2.0,16.0,147.0,2.0,16.0,153.0
