B_mean,G_mean,R_mean,B_std,G_std,R_std,B_median,G_median,R_median,B_mode,G_mode,R_mode
2.6230066524493107,10.306299137409683,83.65362701721997,1.178586351467877,1.2326396123053878,11.67624488935173,3.0,10.0,85.0,2.0,10.0,83.0
