B_mean,G_mean,R_mean,B_std,G_std,R_std,B_median,G_median,R_median,B_mode,G_mode,R_mode
2.5480154056720883,9.79950345354426,81.92456313460865,0.9473304732151481,0.776740270198281,5.315256204323853,2.0,10.0,83.0,2.0,10.0,83.0
