B_mean,G_mean,R_mean,B_std,G_std,R_std,B_median,G_median,R_median,B_mode,G_mode,R_mode
1.1921889422923895,13.849126269217303,124.68389725307954,0.7146642177852031,0.7564100600154674,5.778103847496837,1.0,14.0,126.0,1.0,14.0,125.0
