B_mean,G_mean,R_mean,B_std,G_std,R_std,B_median,G_median,R_median,B_mode,G_mode,R_mode
1.7861667250214852,14.472483050577713,129.18155775535539,1.1635904922035158,1.4933480976592648,5.229335611209664,2.0,14.0,130.0,1.0,14.0,135.0
