B_mean,G_mean,R_mean,B_std,G_std,R_std,B_median,G_median,R_median,B_mode,G_mode,R_mode
1.2594136932234141,13.827577426234205,124.18563198268454,0.7670848883138436,0.7979432060020291,6.73098287413532,1.0,14.0,126.0,1.0,14.0,126.0
