B_mean,G_mean,R_mean,B_std,G_std,R_std,B_median,G_median,R_median,B_mode,G_mode,R_mode
1.7430053792532705,12.126969475124932,107.69322341407518,1.1061991879840876,0.6605714831537567,5.152510097277663,2.0,12.0,108.0,2.0,12.0,106.0
