B_mean,G_mean,R_mean,B_std,G_std,R_std,B_median,G_median,R_median,B_mode,G_mode,R_mode
2.671388101983003,11.376611388738581,97.78059649234491,0.9645718561627824,1.1100326971575012,6.318323147655258,3.0,11.0,99.0,3.0,12.0,101.0
