B_mean,G_mean,R_mean,B_std,G_std,R_std,B_median,G_median,R_median,B_mode,G_mode,R_mode
1.1768469300060478,16.032593818633224,149.04869974854378,1.0163772008915697,0.7320690756019883,5.6061574012882565,1.0,16.0,152.0,1.0,16.0,153.0
