B_mean,G_mean,R_mean,B_std,G_std,R_std,B_median,G_median,R_median,B_mode,G_mode,R_mode
1.3456727249578253,12.971225769487857,117.34093006970748,0.9078007401529219,1.0967923823171224,7.840986550965172,1.0,13.0,118.0,1.0,13.0,124.0
