B_mean,G_mean,R_mean,B_std,G_std,R_std,B_median,G_median,R_median,B_mode,G_mode,R_mode
1.29130725403444,16.63580227265493,147.87392176210332,1.1554164360364858,0.6072007013668892,4.970365464699422,1.0,17.0,150.0,0.0,17.0,150.0
