B_mean,G_mean,R_mean,B_std,G_std,R_std,B_median,G_median,R_median,B_mode,G_mode,R_mode
1.8843619696342744,9.372409841805393,72.50208485851608,0.8594745078867654,0.9024343342420817,8.169487009508513,2.0,9.0,75.0,2.0,10.0,77.0
