B_mean,G_mean,R_mean,B_std,G_std,R_std,B_median,G_median,R_median,B_mode,G_mode,R_mode
2.5661584492472227,10.605945825508483,92.54209504408442,0.8840093253867604,1.0275615064796715,9.964896656327255,3.0,11.0,94.0,3.0,11.0,104.0
