B_mean,G_mean,R_mean,B_std,G_std,R_std,B_median,G_median,R_median,B_mode,G_mode,R_mode
1.9656237069102716,9.81134417671961,78.68138269089984,0.7065860638708154,0.825738955262268,4.627575920272241,2.0,10.0,79.0,2.0,10.0,80.0
