B_mean,G_mean,R_mean,B_std,G_std,R_std,B_median,G_median,R_median,B_mode,G_mode,R_mode
1.6938600120953624,11.77254352738963,106.55711875736067,1.047259048676495,1.1561963694707678,12.962308671330225,2.0,12.0,111.0,1.0,12.0,116.0
