B_mean,G_mean,R_mean,B_std,G_std,R_std,B_median,G_median,R_median,B_mode,G_mode,R_mode
2.825572142470637,10.21077760448165,83.45001114046535,1.0424851941800617,0.9102210598907731,7.692168718282922,3.0,10.0,84.0,3.0,10.0,83.0
