B_mean,G_mean,R_mean,B_std,G_std,R_std,B_median,G_median,R_median,B_mode,G_mode,R_mode
2.2235413947862623,9.570359996180413,69.69847534774166,1.1384749378546952,1.0620655199741458,10.527714912971707,2.0,10.0,73.0,2.0,10.0,79.0
