B_mean,G_mean,R_mean,B_std,G_std,R_std,B_median,G_median,R_median,B_mode,G_mode,R_mode
2.6658496992074356,10.979342394245155,97.69853900754369,0.8402076434314987,0.873775348267164,3.7217566540126232,3.0,11.0,99.0,3.0,11.0,100.0
