B_mean,G_mean,R_mean,B_std,G_std,R_std,B_median,G_median,R_median,B_mode,G_mode,R_mode
1.7947926281949262,11.887799598943248,107.98465798771366,1.0269172705390361,0.6539602765936605,4.660427974823818,2.0,12.0,109.0,2.0,12.0,113.0
