B_mean,G_mean,R_mean,B_std,G_std,R_std,B_median,G_median,R_median,B_mode,G_mode,R_mode
2.1846452557532547,11.31568895820734,102.4389025050132,1.0078927267538043,0.9144560395372233,9.52734356703419,2.0,11.0,104.0,2.0,12.0,109.0
