B_mean,G_mean,R_mean,B_std,G_std,R_std,B_median,G_median,R_median,B_mode,G_mode,R_mode
1.7106025400261005,11.80204984562498,107.00073208772321,1.0319692220993029,1.1521609217447897,13.012832522593865,2.0,12.0,112.0,1.0,12.0,116.0
