B_mean,G_mean,R_mean,B_std,G_std,R_std,B_median,G_median,R_median,B_mode,G_mode,R_mode
1.8388770410924022,9.36190597447242,72.51749053060445,0.8278094661738551,0.917134676987183,8.26081761585985,2.0,9.0,75.0,2.0,10.0,77.0
