B_mean,G_mean,R_mean,B_std,G_std,R_std,B_median,G_median,R_median,B_mode,G_mode,R_mode
2.261705446096063,9.510678931788522,69.69112264060858,1.0901592629908203,0.982412620147791,9.84833527072203,2.0,10.0,72.0,2.0,10.0,77.0
