B_mean,G_mean,R_mean,B_std,G_std,R_std,B_median,G_median,R_median,B_mode,G_mode,R_mode
2.6217652863099596,10.871789158735716,97.22023108508132,0.9026394553130936,1.0182565527846508,8.921493641800406,3.0,11.0,100.0,3.0,11.0,100.0
