B_mean,G_mean,R_mean,B_std,G_std,R_std,B_median,G_median,R_median,B_mode,G_mode,R_mode
2.6660725085144987,10.646019670878824,93.28029410828532,0.8714804563816428,0.9969456914668201,8.700985403837073,3.0,11.0,94.0,3.0,11.0,104.0
