B_mean,G_mean,R_mean,B_std,G_std,R_std,B_median,G_median,R_median,B_mode,G_mode,R_mode
2.1536111022694717,9.730273418849668,77.76232612916574,0.9465380748330833,0.8136131862478581,6.875336622095503,2.0,10.0,79.0,2.0,10.0,83.0
