B_mean,G_mean,R_mean,B_std,G_std,R_std,B_median,G_median,R_median,B_mode,G_mode,R_mode
2.627781137600662,10.921953082725913,97.66858707069422,0.9621575520940602,0.933841391948273,8.823008068150077,3.0,11.0,100.0,3.0,11.0,102.0
