B_mean,G_mean,R_mean,B_std,G_std,R_std,B_median,G_median,R_median,B_mode,G_mode,R_mode
1.8235986886080784,9.892574084094598,78.28901550116178,0.6926986511625718,0.7083309935809543,4.231807101412517,2.0,10.0,79.0,2.0,10.0,80.0
