B_mean,G_mean,R_mean,B_std,G_std,R_std,B_median,G_median,R_median,B_mode,G_mode,R_mode
2.37664321863959,11.35353471050705,100.42731642104593,0.9941927891863883,0.8745891022994198,6.379857424468037,2.0,11.0,100.0,3.0,11.0,95.0
