B_mean,G_mean,R_mean,B_std,G_std,R_std,B_median,G_median,R_median,B_mode,G_mode,R_mode
2.5272304803132064,11.230512143107235,99.63583410255595,1.040694672418271,0.8938189813328693,7.184490344771297,3.0,11.0,100.0,3.0,11.0,94.0
