B_mean,G_mean,R_mean,B_std,G_std,R_std,B_median,G_median,R_median,B_mode,G_mode,R_mode
2.0437024540853677,11.987745488111532,101.50501320940892,1.159088989043518,0.8057495283418185,10.372682735103133,2.0,12.0,105.0,2.0,12.0,106.0
