B_mean,G_mean,R_mean,B_std,G_std,R_std,B_median,G_median,R_median,B_mode,G_mode,R_mode
2.197663685265939,9.713881019830028,76.87325333418212,0.8718956812716745,0.8434025574574542,7.64177453648599,2.0,10.0,79.0,2.0,10.0,80.0
