B_mean,G_mean,R_mean,B_std,G_std,R_std,B_median,G_median,R_median,B_mode,G_mode,R_mode
2.6013623197631857,10.573383836776268,90.95677499442976,0.9781067538346394,1.098518916966982,10.900996262730638,3.0,11.0,92.0,3.0,11.0,95.0
