B_mean,G_mean,R_mean,B_std,G_std,R_std,B_median,G_median,R_median,B_mode,G_mode,R_mode
2.712257694878569,10.85148168189197,96.88490307795142,0.8522579239504218,0.8257809062699643,4.390353518931628,3.0,11.0,97.0,3.0,11.0,100.0
