B_mean,G_mean,R_mean,B_std,G_std,R_std,B_median,G_median,R_median,B_mode,G_mode,R_mode
1.8359805201005825,11.849762867237484,107.98472164751567,1.06133230776675,0.6830387344994531,5.557420321168787,2.0,12.0,109.0,2.0,12.0,109.0
