B_mean,G_mean,R_mean,B_std,G_std,R_std,B_median,G_median,R_median,B_mode,G_mode,R_mode
2.498201610592991,10.81261737275997,92.70850176655951,1.000352439659735,1.065284884048039,10.937762997206425,2.0,11.0,94.0,2.0,11.0,100.0
