B_mean,G_mean,R_mean,B_std,G_std,R_std,B_median,G_median,R_median,B_mode,G_mode,R_mode
2.607410000954897,10.995384664353693,95.37473342457905,0.8995548752075125,0.9664661787791993,9.68224675352225,3.0,11.0,98.0,3.0,11.0,102.0
