B_mean,G_mean,R_mean,B_std,G_std,R_std,B_median,G_median,R_median,B_mode,G_mode,R_mode
1.9522869783874972,11.777286182639973,106.4126746665818,1.0274045776501883,0.6828940362191738,5.071084566494384,2.0,12.0,107.0,2.0,12.0,109.0
