B_mean,G_mean,R_mean,B_std,G_std,R_std,B_median,G_median,R_median,B_mode,G_mode,R_mode
2.308463570678295,9.544514116561098,69.68517044911991,1.125265997704277,0.9841175233271418,9.950554195831709,2.0,10.0,72.0,2.0,10.0,77.0
