B_mean,G_mean,R_mean,B_std,G_std,R_std,B_median,G_median,R_median,B_mode,G_mode,R_mode
2.6929369449661014,10.971703218002991,98.08142088678105,0.8326091080403202,0.9041793181632103,4.401207836842543,3.0,11.0,99.0,3.0,11.0,100.0
