B_mean,G_mean,R_mean,B_std,G_std,R_std,B_median,G_median,R_median,B_mode,G_mode,R_mode
2.6087786866982845,11.002514562179712,95.22350956488525,0.8813363979722206,0.968316537031979,9.742689233535748,3.0,11.0,98.0,3.0,11.0,102.0
