B_mean,G_mean,R_mean,B_std,G_std,R_std,B_median,G_median,R_median,B_mode,G_mode,R_mode
1.7308463570678294,11.910366998758635,107.6091924754114,1.0405276960656933,0.6783323338693659,4.34953314061267,2.0,12.0,109.0,2.0,12.0,109.0
