B_mean,G_mean,R_mean,B_std,G_std,R_std,B_median,G_median,R_median,B_mode,G_mode,R_mode
2.603176624120699,10.747779864404622,92.89403825954102,0.8764344525020064,0.7878349899574578,6.089515209381983,3.0,11.0,94.0,3.0,11.0,100.0
