B_mean,G_mean,R_mean,B_std,G_std,R_std,B_median,G_median,R_median,B_mode,G_mode,R_mode
2.146544864245472,12.103479008180285,101.29624088869083,1.186854343057312,0.7283630879525045,8.921716034444632,2.0,12.0,105.0,2.0,12.0,106.0
