B_mean,G_mean,R_mean,B_std,G_std,R_std,B_median,G_median,R_median,B_mode,G_mode,R_mode
1.8655186682369418,11.712385014482605,106.85644714644937,1.0291278650555158,0.7367173478951144,6.145694634130826,2.0,12.0,108.0,2.0,12.0,109.0
