B_mean,G_mean,R_mean,B_std,G_std,R_std,B_median,G_median,R_median,B_mode,G_mode,R_mode
2.5609383454817456,10.601744278575294,90.95636120571665,0.9203646189858964,1.1220273009115114,11.380239066133466,3.0,11.0,94.0,3.0,11.0,100.0
