B_mean,G_mean,R_mean,B_std,G_std,R_std,B_median,G_median,R_median,B_mode,G_mode,R_mode
2.5691186300410607,10.607696470063978,91.42193716777541,0.9286378114409558,1.0923702772227901,11.106369289110429,3.0,11.0,94.0,3.0,11.0,101.0
