B_mean,G_mean,R_mean,B_std,G_std,R_std,B_median,G_median,R_median,B_mode,G_mode,R_mode
2.5552726231021423,12.92558169144094,102.67412547346977,2.104963614833479,1.6047779475977055,8.786687242377445,2.0,13.0,105.0,2.0,13.0,106.0
