B_mean,G_mean,R_mean,B_std,G_std,R_std,B_median,G_median,R_median,B_mode,G_mode,R_mode
1.6781360409969126,11.915714422128147,107.90610179202342,1.063302478550337,0.6961920276580968,4.782368971102059,2.0,12.0,109.0,2.0,12.0,109.0
