B_mean,G_mean,R_mean,B_std,G_std,R_std,B_median,G_median,R_median,B_mode,G_mode,R_mode
2.1679345577235254,12.39459528280867,101.95168221026833,1.2050945628113074,1.0734308087937183,9.99503736932019,2.0,12.0,105.0,2.0,12.0,106.0
