B_mean,G_mean,R_mean,B_std,G_std,R_std,B_median,G_median,R_median,B_mode,G_mode,R_mode
2.565999299742178,11.239106216379668,98.75147213292166,0.8338819263535315,0.905902505141063,3.426348154525494,3.0,11.0,100.0,3.0,11.0,100.0
