B_mean,G_mean,R_mean,B_std,G_std,R_std,B_median,G_median,R_median,B_mode,G_mode,R_mode
1.7869306426457015,11.845274851195212,108.27134990610179,1.0591092027475186,0.6779401033028526,5.41322070771486,2.0,12.0,109.0,2.0,12.0,109.0
