B_mean,G_mean,R_mean,B_std,G_std,R_std,B_median,G_median,R_median,B_mode,G_mode,R_mode
2.597924690454213,10.842919438520546,97.10242862144699,0.9666416081102512,1.0328172473489845,9.66020016873255,3.0,11.0,100.0,3.0,11.0,102.0
