B_mean,G_mean,R_mean,B_std,G_std,R_std,B_median,G_median,R_median,B_mode,G_mode,R_mode
1.7840022917528726,11.917146767673552,108.13931947671642,1.0831874823735783,1.1002889438702002,10.659741988880109,2.0,12.0,111.0,1.0,12.0,116.0
