B_mean,G_mean,R_mean,B_std,G_std,R_std,B_median,G_median,R_median,B_mode,G_mode,R_mode
2.647897635038355,10.79498360760098,93.7413183944998,0.8542394844114851,0.9684428914962252,7.036290244032829,3.0,11.0,95.0,3.0,11.0,100.0
