B_mean,G_mean,R_mean,B_std,G_std,R_std,B_median,G_median,R_median,B_mode,G_mode,R_mode
2.6611707037591112,10.946493936403858,97.98710889009135,0.8454962045176174,0.8503930453909623,3.7198742345331772,3.0,11.0,99.0,3.0,11.0,100.0
