B_mean,G_mean,R_mean,B_std,G_std,R_std,B_median,G_median,R_median,B_mode,G_mode,R_mode
2.58003628608715,10.613171213037527,91.58821657064647,0.9126791077719988,1.1048292860035027,11.076535599024037,3.0,11.0,94.0,3.0,11.0,102.0
