B_mean,G_mean,R_mean,B_std,G_std,R_std,B_median,G_median,R_median,B_mode,G_mode,R_mode
2.230512143107235,11.421014100646147,101.4038896139033,1.1091533972278895,1.171751892864883,9.409064535770048,2.0,11.0,101.0,2.0,12.0,100.0
