B_mean,G_mean,R_mean,B_std,G_std,R_std,B_median,G_median,R_median,B_mode,G_mode,R_mode
1.939650507686921,9.826686189005953,79.45029760957443,0.7314808367243694,0.7520303199247458,3.882475168804194,2.0,10.0,80.0,2.0,10.0,83.0
