B_mean,G_mean,R_mean,B_std,G_std,R_std,B_median,G_median,R_median,B_mode,G_mode,R_mode
2.600025463920807,10.924563134608652,97.50867364802495,0.8513070580093014,0.850957283655603,3.990406939603707,3.0,11.0,98.0,3.0,11.0,95.0
