B_mean,G_mean,R_mean,B_std,G_std,R_std,B_median,G_median,R_median,B_mode,G_mode,R_mode
1.7786548683833594,12.577712703313493,102.56545819142502,1.0264016352619512,0.6951786202632941,8.367820733973828,2.0,13.0,105.0,2.0,13.0,106.0
