B_mean,G_mean,R_mean,B_std,G_std,R_std,B_median,G_median,R_median,B_mode,G_mode,R_mode
3.262628513225324,11.92424483559856,69.02937899863132,1.4597787642423017,1.2428264072800714,6.586474697644617,3.0,12.0,71.0,2.0,12.0,74.0
