B_mean,G_mean,R_mean,B_std,G_std,R_std,B_median,G_median,R_median,B_mode,G_mode,R_mode
2.1950854632842094,12.14247063691632,95.94070089442022,0.9818074139957785,0.9589270273117864,11.100629668979131,2.0,12.0,99.0,2.0,13.0,103.0
