B_mean,G_mean,R_mean,B_std,G_std,R_std,B_median,G_median,R_median,B_mode,G_mode,R_mode
1.8290734315816277,12.471973772161569,101.71544068497947,1.0774992906739638,0.9551232411208467,11.136397732672176,2.0,13.0,105.0,2.0,13.0,103.0
