B_mean,G_mean,R_mean,B_std,G_std,R_std,B_median,G_median,R_median,B_mode,G_mode,R_mode
2.578985899353853,11.62240188433014,88.69236400674794,0.8964790947590463,0.99773032398313,8.162337225660098,2.0,11.0,89.0,2.0,11.0,84.0
