B_mean,G_mean,R_mean,B_std,G_std,R_std,B_median,G_median,R_median,B_mode,G_mode,R_mode
3.4182767291593725,11.69201387783684,79.32530158831206,1.165462274882734,0.8798801897228868,6.437263146489022,3.0,12.0,80.0,3.0,12.0,85.0
