B_mean,G_mean,R_mean,B_std,G_std,R_std,B_median,G_median,R_median,B_mode,G_mode,R_mode
2.655918770092625,10.713690040423975,68.73854919311201,0.9877090651472175,1.0512649248626265,6.611645346272062,3.0,11.0,69.0,3.0,11.0,69.0
