B_mean,G_mean,R_mean,B_std,G_std,R_std,B_median,G_median,R_median,B_mode,G_mode,R_mode
2.5730973676671867,12.180125409809975,92.48776140306204,0.9098389474721132,0.7964795196482877,9.128753826808161,2.0,12.0,94.0,2.0,12.0,101.0
