B_mean,G_mean,R_mean,B_std,G_std,R_std,B_median,G_median,R_median,B_mode,G_mode,R_mode
2.2461406245026576,10.208931470223128,65.53388292962408,1.000629966943898,0.9977785012368281,4.144351428829629,2.0,10.0,66.0,2.0,10.0,68.0
