B_mean,G_mean,R_mean,B_std,G_std,R_std,B_median,G_median,R_median,B_mode,G_mode,R_mode
1.1742687080243182,14.035681319031097,114.03007925645352,1.009549495614861,0.9868791824723233,6.543050942201684,1.0,14.0,115.0,1.0,14.0,118.0
