B_mean,G_mean,R_mean,B_std,G_std,R_std,B_median,G_median,R_median,B_mode,G_mode,R_mode
2.8169462392971956,11.515517076741892,82.29512684215553,1.0007677505780699,0.8856631442177832,6.757098296218375,3.0,11.0,84.0,3.0,11.0,84.0
