B_mean,G_mean,R_mean,B_std,G_std,R_std,B_median,G_median,R_median,B_mode,G_mode,R_mode
2.534615017347296,12.131393831365184,93.08259859311838,0.8156893177998229,0.7997088187641539,9.017286430305512,2.0,12.0,95.0,2.0,12.0,100.0
