B_mean,G_mean,R_mean,B_std,G_std,R_std,B_median,G_median,R_median,B_mode,G_mode,R_mode
2.697584110513416,11.077251169748862,75.45093420759461,0.958619021100728,0.7876754579379757,9.695432952623356,3.0,11.0,78.0,2.0,11.0,80.0
