B_mean,G_mean,R_mean,B_std,G_std,R_std,B_median,G_median,R_median,B_mode,G_mode,R_mode
2.004583505745297,12.492822357322469,101.10188751312984,1.054163112043445,0.7588421027780208,8.768974947765129,2.0,13.0,103.0,2.0,13.0,105.0
