B_mean,G_mean,R_mean,B_std,G_std,R_std,B_median,G_median,R_median,B_mode,G_mode,R_mode
2.675494159213165,11.43759747907184,82.98176146672184,0.9664716489461941,1.0469605969300253,5.2020927960666175,2.0,11.0,82.0,2.0,11.0,79.0
