B_mean,G_mean,R_mean,B_std,G_std,R_std,B_median,G_median,R_median,B_mode,G_mode,R_mode
1.8925104242925805,12.367126078237897,98.35729063882611,0.9808779013259118,1.0037421675207785,12.283949558214745,2.0,13.0,102.0,2.0,13.0,106.0
