B_mean,G_mean,R_mean,B_std,G_std,R_std,B_median,G_median,R_median,B_mode,G_mode,R_mode
2.3951363911258237,11.112836999076933,68.5721106407359,1.2665353595247686,1.2555072573802035,4.573546917063245,2.0,11.0,69.0,2.0,11.0,68.0
