B_mean,G_mean,R_mean,B_std,G_std,R_std,B_median,G_median,R_median,B_mode,G_mode,R_mode
2.7849253588821337,10.305280580577394,64.00693891841996,1.1227181063526208,1.1353389745827407,5.141969961396063,3.0,10.0,64.0,3.0,10.0,68.0
