B_mean,G_mean,R_mean,B_std,G_std,R_std,B_median,G_median,R_median,B_mode,G_mode,R_mode
1.9126587516312825,12.48604258840755,100.8858579749817,1.0309436975482813,0.7289209471755098,8.826924021683018,2.0,13.0,103.0,2.0,13.0,105.0
