B_mean,G_mean,R_mean,B_std,G_std,R_std,B_median,G_median,R_median,B_mode,G_mode,R_mode
2.2731323805582964,12.062259286373619,95.31747143266385,0.9224316548984319,0.9251016096376804,10.638325673361374,2.0,12.0,99.0,2.0,12.0,100.0
