B_mean,G_mean,R_mean,B_std,G_std,R_std,B_median,G_median,R_median,B_mode,G_mode,R_mode
1.401184072317535,13.215997708247126,108.87322150428112,0.934877831991759,1.380087753100893,14.437985941024365,1.0,13.0,115.0,1.0,14.0,118.0
