B_mean,G_mean,R_mean,B_std,G_std,R_std,B_median,G_median,R_median,B_mode,G_mode,R_mode
2.7671324442180985,10.288856351656746,63.86230384823503,1.1150739988802199,1.1288802675840837,4.905324453839572,3.0,10.0,64.0,3.0,10.0,68.0
