B_mean,G_mean,R_mean,B_std,G_std,R_std,B_median,G_median,R_median,B_mode,G_mode,R_mode
1.5233790622911163,13.612375465512303,111.05436547092339,1.151651503978787,1.2389761983017527,13.423415863647493,1.0,14.0,117.0,1.0,14.0,122.0
