B_mean,G_mean,R_mean,B_std,G_std,R_std,B_median,G_median,R_median,B_mode,G_mode,R_mode
1.2291116274628386,14.45554954324092,116.14040169335074,1.2708016367221415,0.983311455062816,8.876507694504959,1.0,14.0,118.0,1.0,14.0,118.0
