B_mean,G_mean,R_mean,B_std,G_std,R_std,B_median,G_median,R_median,B_mode,G_mode,R_mode
2.473374287805965,10.11194576184868,64.09501225451189,0.9522261854025078,0.9586777941115862,4.843447358585585,2.0,10.0,64.0,2.0,10.0,68.0
