B_mean,G_mean,R_mean,B_std,G_std,R_std,B_median,G_median,R_median,B_mode,G_mode,R_mode
2.5325142438807013,12.103447178279275,92.65856065187637,0.8076584009099065,0.7987567663189283,9.033720710975206,2.0,12.0,95.0,2.0,12.0,100.0
