B_mean,G_mean,R_mean,B_std,G_std,R_std,B_median,G_median,R_median,B_mode,G_mode,R_mode
2.647865805137346,11.61689531145558,88.54731514784989,0.9700004102287687,1.0009696083719877,7.79055616394248,3.0,12.0,89.0,2.0,11.0,84.0
