B_mean,G_mean,R_mean,B_std,G_std,R_std,B_median,G_median,R_median,B_mode,G_mode,R_mode
2.8346754941592134,10.380112677849572,64.29901009007862,1.0682601731082013,1.2135531216443411,5.078844546810421,3.0,10.0,64.0,3.0,10.0,68.0
