B_mean,G_mean,R_mean,B_std,G_std,R_std,B_median,G_median,R_median,B_mode,G_mode,R_mode
2.0303975554636025,10.211796161313938,67.2568991310437,0.8533993041054422,0.8946034828925873,4.225852500747863,2.0,10.0,68.0,2.0,10.0,68.0
