B_mean,G_mean,R_mean,B_std,G_std,R_std,B_median,G_median,R_median,B_mode,G_mode,R_mode
2.1600407422732917,10.879237355571824,69.9498360760098,0.9835241138769022,0.817155674242062,3.854376461048146,2.0,11.0,70.0,2.0,11.0,71.0
