B_mean,G_mean,R_mean,B_std,G_std,R_std,B_median,G_median,R_median,B_mode,G_mode,R_mode
1.494763981284018,13.57013718687335,110.756214788172,1.1298070019099928,1.2553387735433155,13.418530937919918,1.0,14.0,116.0,1.0,14.0,122.0
