B_mean,G_mean,R_mean,B_std,G_std,R_std,B_median,G_median,R_median,B_mode,G_mode,R_mode
2.5211191393194765,12.164305949008499,93.32893019702709,0.90094165736338,0.8586772427295551,9.12560339013363,2.0,12.0,95.0,2.0,12.0,100.0
