B_mean,G_mean,R_mean,B_std,G_std,R_std,B_median,G_median,R_median,B_mode,G_mode,R_mode
2.2229684565681,11.922653340548111,93.57758538370946,0.8008125878888277,0.8650701174887568,11.432749655879642,2.0,12.0,97.0,2.0,12.0,100.0
