B_mean,G_mean,R_mean,B_std,G_std,R_std,B_median,G_median,R_median,B_mode,G_mode,R_mode
2.74173218321291,11.464748384632523,83.15380208167552,0.8611677225737006,0.7665334254681662,7.388124138741135,3.0,11.0,84.0,3.0,11.0,84.0
