B_mean,G_mean,R_mean,B_std,G_std,R_std,B_median,G_median,R_median,B_mode,G_mode,R_mode
0.8835662221090492,14.052582996466882,114.00617500079575,0.882916644788657,0.9208754610570742,5.227230329028435,1.0,14.0,116.0,1.0,14.0,118.0
