B_mean,G_mean,R_mean,B_std,G_std,R_std,B_median,G_median,R_median,B_mode,G_mode,R_mode
1.4570455485883438,13.529458573383836,110.25190183658529,1.1324085905428267,1.5351018295266132,14.091124608938387,1.0,14.0,115.0,1.0,14.0,118.0
