B_mean,G_mean,R_mean,B_std,G_std,R_std,B_median,G_median,R_median,B_mode,G_mode,R_mode
0.9705891714676768,13.979883502562307,114.09380271827355,0.9188977477769207,0.8585184526038295,4.387310115470979,1.0,14.0,116.0,1.0,14.0,118.0
