B_mean,G_mean,R_mean,B_std,G_std,R_std,B_median,G_median,R_median,B_mode,G_mode,R_mode
2.14565362701722,13.141674889391094,101.76146672183849,1.1508000478034768,0.8615370860283662,5.322076481772989,2.0,13.0,101.0,3.0,13.0,101.0
