B_mean,G_mean,R_mean,B_std,G_std,R_std,B_median,G_median,R_median,B_mode,G_mode,R_mode
1.9402871057071012,12.685456918228985,102.86746029219849,1.0921388810238057,0.7219785539764484,7.980838924378202,2.0,13.0,103.0,2.0,13.0,101.0
