B_mean,G_mean,R_mean,B_std,G_std,R_std,B_median,G_median,R_median,B_mode,G_mode,R_mode
2.396600566572238,11.29872362096954,81.06652449310883,0.8549716223716401,0.9776838769337579,5.778321940690143,2.0,11.0,80.0,2.0,11.0,78.0
