B_mean,G_mean,R_mean,B_std,G_std,R_std,B_median,G_median,R_median,B_mode,G_mode,R_mode
2.636470700576121,10.59031734411306,68.5190820256549,1.0051929697931208,1.038015238126891,6.633381088311691,3.0,11.0,68.0,3.0,11.0,68.0
