B_mean,G_mean,R_mean,B_std,G_std,R_std,B_median,G_median,R_median,B_mode,G_mode,R_mode
1.7807238119489448,14.449565521851227,121.12709679472897,0.9309699595519272,1.2536467884633662,12.967937953764439,2.0,15.0,126.0,2.0,15.0,131.0
