B_mean,G_mean,R_mean,B_std,G_std,R_std,B_median,G_median,R_median,B_mode,G_mode,R_mode
1.8877041092402203,12.402234459050833,99.10879460164878,0.9937707064529817,0.8967580736656059,10.669777893757919,2.0,13.0,103.0,2.0,13.0,106.0
