B_mean,G_mean,R_mean,B_std,G_std,R_std,B_median,G_median,R_median,B_mode,G_mode,R_mode
3.148963936722157,11.603303943724734,77.31960403603145,1.159553721242157,0.9433430644993259,5.987631168840971,3.0,11.0,78.0,3.0,11.0,78.0
