B_mean,G_mean,R_mean,B_std,G_std,R_std,B_median,G_median,R_median,B_mode,G_mode,R_mode
1.9286055320367954,12.671992870102175,101.76659133590094,1.098834692618626,0.7231943991670541,7.529226253161321,2.0,13.0,103.0,2.0,13.0,103.0
