B_mean,G_mean,R_mean,B_std,G_std,R_std,B_median,G_median,R_median,B_mode,G_mode,R_mode
2.590062704904988,11.539325842696629,84.83795397396314,0.9582482315676351,0.9894024485964509,8.535609779993342,3.0,11.0,84.0,2.0,11.0,79.0
