B_mean,G_mean,R_mean,B_std,G_std,R_std,B_median,G_median,R_median,B_mode,G_mode,R_mode
1.1446669000859406,14.205875799726263,115.39669605627526,0.9495399979129554,0.9712311231400977,6.898558732630709,1.0,14.0,117.0,1.0,14.0,118.0
