B_mean,G_mean,R_mean,B_std,G_std,R_std,B_median,G_median,R_median,B_mode,G_mode,R_mode
2.0955851927300504,13.043606964382342,102.15176496801095,1.1008185842621057,0.7470393660652119,4.83080942011188,2.0,13.0,102.0,2.0,13.0,101.0
