B_mean,G_mean,R_mean,B_std,G_std,R_std,B_median,G_median,R_median,B_mode,G_mode,R_mode
1.1734729604990928,14.287487665913359,115.88706751122004,1.0638899686808014,1.0243628172457726,7.745969395402777,1.0,14.0,118.0,1.0,14.0,118.0
