B_mean,G_mean,R_mean,B_std,G_std,R_std,B_median,G_median,R_median,B_mode,G_mode,R_mode
1.2121462902250375,13.906133621924436,112.77690422382787,1.0013526148773404,0.9381528462998977,6.451966756147673,1.0,14.0,115.0,1.0,14.0,118.0
