B_mean,G_mean,R_mean,B_std,G_std,R_std,B_median,G_median,R_median,B_mode,G_mode,R_mode
2.274978514816819,13.254607378171054,101.94327911640195,1.1936491157106295,0.8209364816096251,5.6186615063816365,2.0,13.0,101.0,3.0,13.0,101.0
