B_mean,G_mean,R_mean,B_std,G_std,R_std,B_median,G_median,R_median,B_mode,G_mode,R_mode
1.9612311805710285,12.89317885221377,100.70223127606073,1.2297866519773668,0.7083999855104951,9.586148223546319,2.0,13.0,103.0,2.0,13.0,103.0
