B_mean,G_mean,R_mean,B_std,G_std,R_std,B_median,G_median,R_median,B_mode,G_mode,R_mode
1.485342330585352,13.617340930069707,110.8575930228857,1.1527071487559417,1.276235659781432,13.449921820189145,1.0,14.0,116.0,1.0,14.0,118.0
