B_mean,G_mean,R_mean,B_std,G_std,R_std,B_median,G_median,R_median,B_mode,G_mode,R_mode
2.5325779036827196,11.220008275774262,83.38310468854442,0.8929687875425621,0.8585558328308432,8.240057848559998,2.0,11.0,83.0,2.0,11.0,84.0
