B_mean,G_mean,R_mean,B_std,G_std,R_std,B_median,G_median,R_median,B_mode,G_mode,R_mode
2.3307126714835915,11.256167043320495,68.84193271158927,1.3008916373702906,1.438674760347348,4.1598328393722745,2.0,11.0,69.0,2.0,11.0,68.0
