B_mean,G_mean,R_mean,B_std,G_std,R_std,B_median,G_median,R_median,B_mode,G_mode,R_mode
2.737085017665595,11.322596046726295,79.17624216188688,0.8995642043590479,0.924159524053372,11.12448536039602,3.0,11.0,80.0,3.0,11.0,69.0
