B_mean,G_mean,R_mean,B_std,G_std,R_std,B_median,G_median,R_median,B_mode,G_mode,R_mode
1.9362128783779482,12.879014546264761,101.60314479421969,1.2232907946308558,0.6939095859287876,8.805223366484672,2.0,13.0,103.0,2.0,13.0,103.0
