B_mean,G_mean,R_mean,B_std,G_std,R_std,B_median,G_median,R_median,B_mode,G_mode,R_mode
1.6223700544291306,14.409237037272813,116.89878091479136,0.9433906619766608,1.3379421167734589,14.918845189594766,2.0,15.0,118.0,2.0,15.0,129.0
