B_mean,G_mean,R_mean,B_std,G_std,R_std,B_median,G_median,R_median,B_mode,G_mode,R_mode
2.1529108444472738,12.102142152337906,95.30034694592099,0.9792443725150904,0.9257380250629661,13.390698066103642,2.0,12.0,100.0,2.0,12.0,105.0
