B_mean,G_mean,R_mean,B_std,G_std,R_std,B_median,G_median,R_median,B_mode,G_mode,R_mode
2.5323232644746474,12.19381226724385,93.56937326924913,0.8965000298057716,0.8583996275476717,9.232677313313545,2.0,12.0,96.0,2.0,12.0,100.0
