B_mean,G_mean,R_mean,B_std,G_std,R_std,B_median,G_median,R_median,B_mode,G_mode,R_mode
2.4018206703377154,10.166215743069039,64.22354139478627,1.0284874070075336,0.9731894478876814,4.492605859603174,2.0,10.0,65.0,2.0,10.0,68.0
