B_mean,G_mean,R_mean,B_std,G_std,R_std,B_median,G_median,R_median,B_mode,G_mode,R_mode
3.0458668873539803,11.862749466849158,70.57214247063692,1.4656636406561612,1.2418332106626004,6.462928158626871,3.0,12.0,73.0,2.0,12.0,74.0
