B_mean,G_mean,R_mean,B_std,G_std,R_std,B_median,G_median,R_median,B_mode,G_mode,R_mode
2.249673743514658,12.07671006143171,95.3307763312856,0.8771923888229318,0.8926875348547649,10.663383457649543,2.0,12.0,99.0,2.0,12.0,105.0
