B_mean,G_mean,R_mean,B_std,G_std,R_std,B_median,G_median,R_median,B_mode,G_mode,R_mode
1.29194385205462,13.873539803291212,112.94528440016552,1.0595085096648817,0.97372165905736,6.258462424501017,1.0,14.0,115.0,1.0,14.0,118.0
