B_mean,G_mean,R_mean,B_std,G_std,R_std,B_median,G_median,R_median,B_mode,G_mode,R_mode
2.788426647993125,11.318935608110259,81.45354425947735,1.042188006984605,0.8670955165352275,6.187165551832695,3.0,11.0,83.0,3.0,11.0,84.0
