B_mean,G_mean,R_mean,B_std,G_std,R_std,B_median,G_median,R_median,B_mode,G_mode,R_mode
1.7743578317471433,12.402234459050833,101.05608428557787,1.0702564649909083,0.9420090511035689,10.834620958553828,2.0,13.0,105.0,2.0,13.0,106.0
