B_mean,G_mean,R_mean,B_std,G_std,R_std,B_median,G_median,R_median,B_mode,G_mode,R_mode
2.0993092911481046,10.17869306426457,65.62237005442913,0.8780011468478368,0.9390113594187657,4.382174891989977,2.0,10.0,67.0,2.0,10.0,68.0
