B_mean,G_mean,R_mean,B_std,G_std,R_std,B_median,G_median,R_median,B_mode,G_mode,R_mode
1.651940032466499,14.389502498647229,120.34974695228698,0.9542795639070158,1.2586934507984646,12.89287484178872,2.0,15.0,125.0,2.0,15.0,131.0
