B_mean,G_mean,R_mean,B_std,G_std,R_std,B_median,G_median,R_median,B_mode,G_mode,R_mode
1.9478307922462361,12.887640449438202,101.93866378075565,1.2117787124577393,0.691433512784217,8.077358671387335,2.0,13.0,103.0,2.0,13.0,103.0
