B_mean,G_mean,R_mean,B_std,G_std,R_std,B_median,G_median,R_median,B_mode,G_mode,R_mode
3.0666836426138713,11.82484005474743,77.83362510742592,1.0318535394068657,0.894717094425746,6.634912978546995,3.0,12.0,78.0,2.0,12.0,78.0
