B_mean,G_mean,R_mean,B_std,G_std,R_std,B_median,G_median,R_median,B_mode,G_mode,R_mode
3.5046312505968107,12.073590731132827,78.49530508960117,1.4795479508335752,1.5693770430362557,5.4233188398811025,3.0,12.0,79.0,2.0,11.0,78.0
