B_mean,G_mean,R_mean,B_std,G_std,R_std,B_median,G_median,R_median,B_mode,G_mode,R_mode
1.2734825094693956,13.845402170799249,112.48114078365217,1.0951986545385024,0.9877032068849843,6.897774512381076,1.0,14.0,114.0,1.0,14.0,118.0
