B_mean,G_mean,R_mean,B_std,G_std,R_std,B_median,G_median,R_median,B_mode,G_mode,R_mode
1.9247541140147053,12.855715058726167,100.85791132189578,1.3265054523920004,0.9489274694539981,10.465754290263826,2.0,13.0,105.0,1.0,13.0,107.0
