B_mean,G_mean,R_mean,B_std,G_std,R_std,B_median,G_median,R_median,B_mode,G_mode,R_mode
1.9296877486711017,14.87424006111341,125.06521946716745,0.8795138987767818,1.3138713927609724,14.164865332808711,2.0,15.0,129.0,2.0,15.0,131.0
