B_mean,G_mean,R_mean,B_std,G_std,R_std,B_median,G_median,R_median,B_mode,G_mode,R_mode
2.4377247986758763,12.250055702326765,94.26689371996054,0.8102037505540244,0.8476656933358502,9.076688339059698,2.0,12.0,97.0,2.0,13.0,100.0
