B_mean,G_mean,R_mean,B_std,G_std,R_std,B_median,G_median,R_median,B_mode,G_mode,R_mode
2.514371200305567,12.02310850813254,90.12493236146035,0.8990941562787148,0.9097836923785765,9.940987450436056,2.0,12.0,91.0,2.0,12.0,101.0
