B_mean,G_mean,R_mean,B_std,G_std,R_std,B_median,G_median,R_median,B_mode,G_mode,R_mode
2.7505172358913965,11.452812171754147,80.43279116401948,0.9393458247760598,0.9072448063645078,11.276238872343498,3.0,11.0,82.0,3.0,11.0,68.0
