B_mean,G_mean,R_mean,B_std,G_std,R_std,B_median,G_median,R_median,B_mode,G_mode,R_mode
2.808956934143935,11.704045580418246,85.04962281567305,0.9474907474678448,1.0300460673687042,6.423467779373918,3.0,12.0,86.0,3.0,11.0,86.0
