B_mean,G_mean,R_mean,B_std,G_std,R_std,B_median,G_median,R_median,B_mode,G_mode,R_mode
2.275074004519846,12.06066779132317,94.86450011140465,0.9124316560830844,0.9071408278024254,10.847515022103904,2.0,12.0,99.0,2.0,12.0,100.0
