B_mean,G_mean,R_mean,B_std,G_std,R_std,B_median,G_median,R_median,B_mode,G_mode,R_mode
2.4590508323519114,10.814336187414456,67.31046885444187,1.292369144871203,1.2411646362808215,5.13269826770617,2.0,11.0,68.0,2.0,11.0,68.0
