B_mean,G_mean,R_mean,B_std,G_std,R_std,B_median,G_median,R_median,B_mode,G_mode,R_mode
1.5513893751790433,14.46840882324856,117.61985549224941,0.9368472492646378,1.2992144665558647,13.849477450802915,2.0,15.0,121.0,2.0,15.0,128.0
