B_mean,G_mean,R_mean,B_std,G_std,R_std,B_median,G_median,R_median,B_mode,G_mode,R_mode
1.700162332495146,13.90406467835885,115.76366298500811,1.016723060696738,1.575177191626241,16.324332641410198,2.0,14.0,121.0,2.0,15.0,131.0
