B_mean,G_mean,R_mean,B_std,G_std,R_std,B_median,G_median,R_median,B_mode,G_mode,R_mode
2.431899926791228,12.057071012509152,91.05945825508482,0.900240289439227,0.9071110801154911,10.483566832976821,2.0,12.0,92.0,2.0,12.0,100.0
