B_mean,G_mean,R_mean,B_std,G_std,R_std,B_median,G_median,R_median,B_mode,G_mode,R_mode
2.8193016519718626,11.219944615972244,78.10974949867907,0.9583770731857482,0.8410424428156158,10.08468027040873,3.0,11.0,79.0,3.0,11.0,84.0
