B_mean,G_mean,R_mean,B_std,G_std,R_std,B_median,G_median,R_median,B_mode,G_mode,R_mode
2.712798803195722,11.514816818919693,85.26507941560301,0.9185990859241319,0.8310514870114514,7.902203396526869,3.0,11.0,88.0,3.0,11.0,90.0
