B_mean,G_mean,R_mean,B_std,G_std,R_std,B_median,G_median,R_median,B_mode,G_mode,R_mode
1.927332335996435,12.946621256007894,102.10023235827737,1.19947015989264,0.6656827755202227,7.68017052954331,2.0,13.0,103.0,2.0,13.0,103.0
