B_mean,G_mean,R_mean,B_std,G_std,R_std,B_median,G_median,R_median,B_mode,G_mode,R_mode
1.9334436769901646,14.162300665244931,105.41394786262215,1.5126349147431615,1.1823417064213908,13.232665566501048,2.0,14.0,110.0,1.0,14.0,118.0
