B_mean,G_mean,R_mean,B_std,G_std,R_std,B_median,G_median,R_median,B_mode,G_mode,R_mode
2.229780055384028,10.696661043384156,70.10287424006111,0.9589920253799067,0.9046603539337119,3.5949129666578146,2.0,11.0,70.0,2.0,11.0,69.0
