B_mean,G_mean,R_mean,B_std,G_std,R_std,B_median,G_median,R_median,B_mode,G_mode,R_mode
1.81392239870134,12.494954960690071,102.06159085845243,1.0407441600286875,0.9651663271174789,11.323413411771712,2.0,13.0,105.0,2.0,13.0,103.0
