B_mean,G_mean,R_mean,B_std,G_std,R_std,B_median,G_median,R_median,B_mode,G_mode,R_mode
2.656650857815832,11.632778432059077,85.80268644364516,0.979437379802441,1.2325476953539904,6.61909237894927,2.0,11.0,85.0,2.0,11.0,80.0
