B_mean,G_mean,R_mean,B_std,G_std,R_std,B_median,G_median,R_median,B_mode,G_mode,R_mode
2.227042683897253,12.63713912849731,99.28019861858229,1.076544385687138,0.9682275261664738,8.085105651489142,2.0,13.0,101.0,2.0,13.0,103.0
