B_mean,G_mean,R_mean,B_std,G_std,R_std,B_median,G_median,R_median,B_mode,G_mode,R_mode
1.845656810007321,12.481172613553172,101.692554986154,1.0726801303623916,0.9894579544244769,11.120313092438076,2.0,13.0,105.0,2.0,13.0,103.0
