B_mean,G_mean,R_mean,B_std,G_std,R_std,B_median,G_median,R_median,B_mode,G_mode,R_mode
2.106439188974122,12.004042397428144,94.69360537288729,0.8363340553594689,0.91389004577852,11.73134873223851,2.0,12.0,99.0,2.0,12.0,100.0
