B_mean,G_mean,R_mean,B_std,G_std,R_std,B_median,G_median,R_median,B_mode,G_mode,R_mode
2.8160868319699524,11.38625584874431,82.95878027819333,0.858927371662625,0.7559244251583952,7.515630983496653,3.0,11.0,84.0,3.0,11.0,84.0
