B_mean,G_mean,R_mean,B_std,G_std,R_std,B_median,G_median,R_median,B_mode,G_mode,R_mode
2.140815482063851,12.107616895311455,95.45876436324284,0.9509727289728053,0.9219121040441661,13.107915328970986,2.0,12.0,100.0,2.0,12.0,105.0
