B_mean,G_mean,R_mean,B_std,G_std,R_std,B_median,G_median,R_median,B_mode,G_mode,R_mode
2.2165069866632714,10.149250405831237,65.17267721297387,0.9591098780823709,0.925702591535805,4.3704734891329196,2.0,10.0,66.0,2.0,10.0,68.0
