B_mean,G_mean,R_mean,B_std,G_std,R_std,B_median,G_median,R_median,B_mode,G_mode,R_mode
2.6376165770124453,10.656014259795652,68.93548079065474,0.955817709903954,1.1051702996324018,6.9513712952168945,3.0,11.0,69.0,3.0,11.0,69.0
