B_mean,G_mean,R_mean,B_std,G_std,R_std,B_median,G_median,R_median,B_mode,G_mode,R_mode
1.943406436005984,12.733233599643505,101.10822166343063,1.1087048308435898,0.6886625711885903,8.368810488800916,2.0,13.0,103.0,2.0,13.0,105.0
