B_mean,G_mean,R_mean,B_std,G_std,R_std,B_median,G_median,R_median,B_mode,G_mode,R_mode
2.8314925040583123,11.55883757201515,84.64783397523634,1.0172299905727058,1.0606675055359165,6.030500407401946,3.0,11.0,85.0,3.0,11.0,84.0
