B_mean,G_mean,R_mean,B_std,G_std,R_std,B_median,G_median,R_median,B_mode,G_mode,R_mode
1.2328038959798835,14.5717286819238,116.66212560078938,1.1717114949400667,1.1310631455824105,7.846207765156515,1.0,15.0,118.0,1.0,15.0,118.0
