B_mean,G_mean,R_mean,B_std,G_std,R_std,B_median,G_median,R_median,B_mode,G_mode,R_mode
1.797848298691791,14.857051914568546,139.5632619282554,0.8526373975701236,0.8704435028524181,9.461198481350758,2.0,15.0,142.0,2.0,15.0,148.0
