B_mean,G_mean,R_mean,B_std,G_std,R_std,B_median,G_median,R_median,B_mode,G_mode,R_mode
1.7766495846197918,14.971353089091894,140.53754336824014,0.816491710456459,0.7913183151975627,8.54925878707709,2.0,15.0,143.0,2.0,15.0,145.0
