B_mean,G_mean,R_mean,B_std,G_std,R_std,B_median,G_median,R_median,B_mode,G_mode,R_mode
1.8408823248559696,14.93487602253557,139.7042365598243,0.7676613065173369,0.8059563945378675,9.249350052035377,2.0,15.0,143.0,2.0,15.0,146.0
