B_mean,G_mean,R_mean,B_std,G_std,R_std,B_median,G_median,R_median,B_mode,G_mode,R_mode
1.7330426202374511,14.858420600311932,140.21386510487952,0.827186942035758,0.8673522567556199,9.193260796118773,2.0,15.0,142.0,2.0,15.0,148.0
