B_mean,G_mean,R_mean,B_std,G_std,R_std,B_median,G_median,R_median,B_mode,G_mode,R_mode
2.235859566476748,13.898239806474201,130.32838908870994,0.9836044620951835,0.7916693001436778,8.907882081811948,2.0,14.0,135.0,3.0,14.0,135.0
