B_mean,G_mean,R_mean,B_std,G_std,R_std,B_median,G_median,R_median,B_mode,G_mode,R_mode
2.216156857752172,13.865996116752077,131.24645892351276,0.8966713829367758,0.5554852881791227,5.477093851548652,2.0,14.0,134.0,3.0,14.0,135.0
