B_mean,G_mean,R_mean,B_std,G_std,R_std,B_median,G_median,R_median,B_mode,G_mode,R_mode
1.8251265238565109,14.500238724257567,141.0321482000191,0.8530127020087392,0.8795965557516975,12.059355172791639,2.0,15.0,145.0,2.0,15.0,152.0
