B_mean,G_mean,R_mean,B_std,G_std,R_std,B_median,G_median,R_median,B_mode,G_mode,R_mode
1.955883757201515,13.753031798071108,129.77976891491866,1.0609280547667592,0.7574175622968049,9.120914867291072,2.0,14.0,133.0,3.0,14.0,135.0
