B_mean,G_mean,R_mean,B_std,G_std,R_std,B_median,G_median,R_median,B_mode,G_mode,R_mode
1.3316993984148708,13.340102492281249,121.25855428589617,0.864192331501667,1.0000159928370824,8.93006948083316,1.0,13.0,124.0,1.0,14.0,125.0
