B_mean,G_mean,R_mean,B_std,G_std,R_std,B_median,G_median,R_median,B_mode,G_mode,R_mode
1.7356526721201897,14.41929528599166,140.6845020211987,0.858004956740866,0.8876903275195008,10.773894426878996,2.0,15.0,143.0,2.0,15.0,142.0
