B_mean,G_mean,R_mean,B_std,G_std,R_std,B_median,G_median,R_median,B_mode,G_mode,R_mode
2.174109558519273,13.912499602126237,131.17678327020403,0.9311958393405251,0.5901227737970862,5.4996068617661615,2.0,14.0,133.0,3.0,14.0,135.0
