B_mean,G_mean,R_mean,B_std,G_std,R_std,B_median,G_median,R_median,B_mode,G_mode,R_mode
1.9025686730114268,14.472355730973677,140.72788617627398,0.7920127982569156,0.8561971872108578,10.601697921547306,2.0,15.0,145.0,2.0,15.0,147.0
