B_mean,G_mean,R_mean,B_std,G_std,R_std,B_median,G_median,R_median,B_mode,G_mode,R_mode
1.8060604131521152,14.67692650475857,142.03915077824107,0.8492369531761578,0.6085609652381765,6.585749648936202,2.0,15.0,142.0,2.0,15.0,142.0
