B_mean,G_mean,R_mean,B_std,G_std,R_std,B_median,G_median,R_median,B_mode,G_mode,R_mode
2.1852500238724257,13.933252697584111,130.05146894993158,0.9484726450720197,0.7474817860402955,9.36936873520191,2.0,14.0,133.0,2.0,14.0,135.0
