B_mean,G_mean,R_mean,B_std,G_std,R_std,B_median,G_median,R_median,B_mode,G_mode,R_mode
1.7681191711493778,14.664671992870103,140.9522551484865,0.8567455076277384,0.7006017877066966,8.05199470642617,2.0,15.0,142.0,2.0,15.0,142.0
