B_mean,G_mean,R_mean,B_std,G_std,R_std,B_median,G_median,R_median,B_mode,G_mode,R_mode
2.0982589044148074,13.574147754400483,129.60374956233886,0.996007991350192,0.9146392168843259,8.00168303832448,2.0,14.0,133.0,3.0,14.0,135.0
