B_mean,G_mean,R_mean,B_std,G_std,R_std,B_median,G_median,R_median,B_mode,G_mode,R_mode
2.190406467835885,13.762039660056658,130.09542604322502,0.9756878521025268,0.8543133510833738,11.195461573318402,2.0,14.0,135.0,2.0,14.0,135.0
