B_mean,G_mean,R_mean,B_std,G_std,R_std,B_median,G_median,R_median,B_mode,G_mode,R_mode
2.348219117038546,13.85109972307986,130.6101792023427,1.0333514489630566,0.7899741904399343,8.363542515818297,3.0,14.0,135.0,3.0,14.0,135.0
