B_mean,G_mean,R_mean,B_std,G_std,R_std,B_median,G_median,R_median,B_mode,G_mode,R_mode
2.11293248877996,14.327911640194799,138.56864118152592,1.1053973703505537,0.5080161551449396,2.8679683959235898,2.0,14.0,138.0,2.0,14.0,138.0
