B_mean,G_mean,R_mean,B_std,G_std,R_std,B_median,G_median,R_median,B_mode,G_mode,R_mode
1.8967756310277875,14.262946812235414,139.40395327370533,1.0800680949573576,0.4905782922884287,2.920670588387815,2.0,14.0,140.0,1.0,14.0,142.0
