B_mean,G_mean,R_mean,B_std,G_std,R_std,B_median,G_median,R_median,B_mode,G_mode,R_mode
2.275742432441035,13.812712862462998,129.86593245695005,0.944308728464933,0.8099600115789033,10.281437698621984,2.0,14.0,135.0,3.0,14.0,135.0
