B_mean,G_mean,R_mean,B_std,G_std,R_std,B_median,G_median,R_median,B_mode,G_mode,R_mode
2.0712034885571504,14.309768596619664,138.78186968838526,0.9487054056209948,0.511869927886126,4.347712303259694,2.0,14.0,138.0,2.0,14.0,142.0
