B_mean,G_mean,R_mean,B_std,G_std,R_std,B_median,G_median,R_median,B_mode,G_mode,R_mode
2.286691918388134,13.762676258076837,130.06464652894928,0.969564302504376,0.8009598062873738,9.179753783016041,2.0,14.0,135.0,3.0,14.0,135.0
