B_mean,G_mean,R_mean,B_std,G_std,R_std,B_median,G_median,R_median,B_mode,G_mode,R_mode
2.3660756915045993,14.53770251774517,133.36279721170067,1.0211159224193198,0.8003848897409177,4.38136505364366,2.0,15.0,135.0,2.0,15.0,136.0
