B_mean,G_mean,R_mean,B_std,G_std,R_std,B_median,G_median,R_median,B_mode,G_mode,R_mode
1.3096731069166374,15.334850558614763,141.7664321863959,1.0767023513309517,1.7337900356755689,19.188943730119988,1.0,16.0,149.0,1.0,16.0,153.0
