B_mean,G_mean,R_mean,B_std,G_std,R_std,B_median,G_median,R_median,B_mode,G_mode,R_mode
1.145398987809148,12.186618709615813,114.6240252092816,0.7878836696128572,0.9154276850172994,5.7114229604924205,1.0,12.0,115.0,1.0,12.0,115.0
