B_mean,G_mean,R_mean,B_std,G_std,R_std,B_median,G_median,R_median,B_mode,G_mode,R_mode
1.7471114364834326,11.796002164433268,104.88509405735748,1.0122719174085728,1.1355145243609988,12.344909006499725,2.0,12.0,108.0,2.0,12.0,115.0
