B_mean,G_mean,R_mean,B_std,G_std,R_std,B_median,G_median,R_median,B_mode,G_mode,R_mode
1.6000572938218163,15.066810962217907,140.98994175128115,0.9432543651255831,1.0523713595629332,10.835419509216608,2.0,15.0,143.0,2.0,15.0,153.0
