B_mean,G_mean,R_mean,B_std,G_std,R_std,B_median,G_median,R_median,B_mode,G_mode,R_mode
0.5634210777604481,26.123340866409904,190.15532991692396,0.7346572484373305,1.934691384485947,7.925278088875737,0.0,26.0,192.0,0.0,26.0,194.0
