B_mean,G_mean,R_mean,B_std,G_std,R_std,B_median,G_median,R_median,B_mode,G_mode,R_mode
0.639462711270968,25.328707387720023,187.00015914950504,0.7591055386596309,1.982387104671343,8.757933213305058,0.0,25.0,189.0,0.0,25.0,195.0
