B_mean,G_mean,R_mean,B_std,G_std,R_std,B_median,G_median,R_median,B_mode,G_mode,R_mode
2.6465289492949675,11.525002387242576,97.17901136327465,0.9808080678391644,0.7849044208440994,4.8810241229505875,3.0,11.0,98.0,2.0,11.0,100.0
