B_mean,G_mean,R_mean,B_std,G_std,R_std,B_median,G_median,R_median,B_mode,G_mode,R_mode
2.6507623261291657,11.438425056498074,96.5198141133781,0.87847248759173,0.924222280778193,8.269377540395828,3.0,12.0,100.0,2.0,12.0,100.0
