B_mean,G_mean,R_mean,B_std,G_std,R_std,B_median,G_median,R_median,B_mode,G_mode,R_mode
2.2128465480472355,12.285864340961899,103.0752777158863,1.3900325350867506,0.7356048363284847,9.296311551401361,2.0,12.0,105.0,2.0,12.0,113.0
