B_mean,G_mean,R_mean,B_std,G_std,R_std,B_median,G_median,R_median,B_mode,G_mode,R_mode
1.8452111913931948,15.260368590253684,140.58226437915778,0.9536338703549136,1.3426532986718234,13.803898272432427,2.0,16.0,146.0,2.0,16.0,148.0
