B_mean,G_mean,R_mean,B_std,G_std,R_std,B_median,G_median,R_median,B_mode,G_mode,R_mode
0.6108158003628609,26.051405290129548,191.95677499442976,0.7921269711968377,1.6670611366937587,5.464370847003242,0.0,26.0,192.0,0.0,26.0,195.0
