B_mean,G_mean,R_mean,B_std,G_std,R_std,B_median,G_median,R_median,B_mode,G_mode,R_mode
1.5996753350097082,11.817519177515358,109.1314574911672,1.053963451684723,0.8006482414048738,7.895087890655021,2.0,12.0,110.0,2.0,12.0,109.0
