B_mean,G_mean,R_mean,B_std,G_std,R_std,B_median,G_median,R_median,B_mode,G_mode,R_mode
1.4946366616799822,15.837540185250024,147.14950504503932,1.0988996376931275,1.8066453906777395,6.874194109313197,1.0,16.0,148.0,1.0,15.0,153.0
