B_mean,G_mean,R_mean,B_std,G_std,R_std,B_median,G_median,R_median,B_mode,G_mode,R_mode
0.526562052392017,17.211191393194767,159.62313397205335,0.6027081096363355,0.867342903537614,4.33801450191834,0.0,17.0,159.0,0.0,17.0,153.0
