B_mean,G_mean,R_mean,B_std,G_std,R_std,B_median,G_median,R_median,B_mode,G_mode,R_mode
1.6614253429671835,12.103192539071204,111.20692618645955,1.031549386064812,1.0742940811238857,10.072006118912778,2.0,12.0,113.0,1.0,12.0,116.0
