B_mean,G_mean,R_mean,B_std,G_std,R_std,B_median,G_median,R_median,B_mode,G_mode,R_mode
2.02470000318299,14.345131616640673,135.14059267275678,1.0226744472858709,0.648418230742841,6.083897984487551,2.0,14.0,136.0,2.0,14.0,135.0
