B_mean,G_mean,R_mean,B_std,G_std,R_std,B_median,G_median,R_median,B_mode,G_mode,R_mode
2.037240984180539,11.906897539548652,101.91689212846548,1.1802534014732715,0.7339808493177002,8.5152539271867,2.0,12.0,105.0,2.0,12.0,106.0
