B_mean,G_mean,R_mean,B_std,G_std,R_std,B_median,G_median,R_median,B_mode,G_mode,R_mode
0.5524397619123405,25.755100741636692,191.48884361969635,0.6961244412611917,1.6528496384243159,6.476471931827578,0.0,26.0,192.0,0.0,25.0,194.0
