B_mean,G_mean,R_mean,B_std,G_std,R_std,B_median,G_median,R_median,B_mode,G_mode,R_mode
1.8566699557564377,15.18610943119967,139.80975268166915,0.9359345823758136,1.269899136557215,14.031905842826323,2.0,15.0,146.0,2.0,16.0,148.0
