B_mean,G_mean,R_mean,B_std,G_std,R_std,B_median,G_median,R_median,B_mode,G_mode,R_mode
1.6442690263233282,15.013368558423783,140.73883566222108,0.9761014724326968,1.0383894493425485,10.870130274934976,2.0,15.0,142.0,2.0,15.0,153.0
