B_mean,G_mean,R_mean,B_std,G_std,R_std,B_median,G_median,R_median,B_mode,G_mode,R_mode
1.8997358118216252,14.887449470032148,142.5073686220836,0.9616759964538626,0.7303582262973396,5.590029139058936,2.0,15.0,142.0,2.0,15.0,137.0
