B_mean,G_mean,R_mean,B_std,G_std,R_std,B_median,G_median,R_median,B_mode,G_mode,R_mode
2.012540980997549,14.154502339497725,130.8452430212942,1.0819057632914275,0.6124515863603284,6.997129107638828,2.0,14.0,133.0,2.0,14.0,135.0
