B_mean,G_mean,R_mean,B_std,G_std,R_std,B_median,G_median,R_median,B_mode,G_mode,R_mode
1.2047299232899387,13.467008307604164,122.61275742432441,0.7333409394369461,0.9249955111562828,6.926822032621984,1.0,14.0,124.0,1.0,14.0,125.0
