B_mean,G_mean,R_mean,B_std,G_std,R_std,B_median,G_median,R_median,B_mode,G_mode,R_mode
1.9845624980106311,14.590221854410032,144.03167075150395,0.8518227586070655,0.6034584392538002,5.921762764793603,2.0,15.0,145.0,2.0,15.0,151.0
