B_mean,G_mean,R_mean,B_std,G_std,R_std,B_median,G_median,R_median,B_mode,G_mode,R_mode
1.8553330999140594,11.929051150650922,104.42941719451252,1.0015185970446574,1.5636774149489463,16.90454798106884,2.0,12.0,108.0,2.0,12.0,114.0
