B_mean,G_mean,R_mean,B_std,G_std,R_std,B_median,G_median,R_median,B_mode,G_mode,R_mode
0.5284081866505396,26.165929273959957,190.3692268517045,0.7117930463909088,1.8964135489326854,7.789491838879973,0.0,26.0,192.0,0.0,26.0,194.0
