B_mean,G_mean,R_mean,B_std,G_std,R_std,B_median,G_median,R_median,B_mode,G_mode,R_mode
1.8792373555718243,14.971639558200973,142.94251519877773,0.9157922281354556,0.793918884560755,5.468368023726476,2.0,15.0,142.0,2.0,15.0,141.0
