B_mean,G_mean,R_mean,B_std,G_std,R_std,B_median,G_median,R_median,B_mode,G_mode,R_mode
0.5164719737721616,26.19861858229621,190.61568577521723,0.700906270480681,1.901280009630717,7.312179662551361,0.0,26.0,192.0,0.0,25.0,195.0
