B_mean,G_mean,R_mean,B_std,G_std,R_std,B_median,G_median,R_median,B_mode,G_mode,R_mode
1.6209058789827164,13.22907979756183,118.53579272368462,0.9949098395483018,1.526903216288447,15.696502428039818,2.0,14.0,124.0,1.0,14.0,131.0
