B_mean,G_mean,R_mean,B_std,G_std,R_std,B_median,G_median,R_median,B_mode,G_mode,R_mode
2.5408536779450617,11.23741923162619,94.57443422350957,1.061392389238282,0.6138025444002583,4.52896552181002,2.0,11.0,95.0,2.0,11.0,95.0
