B_mean,G_mean,R_mean,B_std,G_std,R_std,B_median,G_median,R_median,B_mode,G_mode,R_mode
2.1061845497660503,14.321386510487953,135.70181748734763,0.9209555719232442,0.7571903102193612,7.370710213722197,2.0,14.0,136.0,2.0,14.0,135.0
