B_mean,G_mean,R_mean,B_std,G_std,R_std,B_median,G_median,R_median,B_mode,G_mode,R_mode
1.628226756214788,11.764777031543431,109.4494382022472,1.0232478566968417,0.7603730978920975,7.655014477094144,2.0,12.0,111.0,1.0,12.0,116.0
