B_mean,G_mean,R_mean,B_std,G_std,R_std,B_median,G_median,R_median,B_mode,G_mode,R_mode
2.1300569755228063,14.971575898398957,141.02597319922336,1.0448405255822968,0.7857759801139634,6.035610746240368,2.0,15.0,141.0,2.0,15.0,136.0
