B_mean,G_mean,R_mean,B_std,G_std,R_std,B_median,G_median,R_median,B_mode,G_mode,R_mode
1.239233535983703,13.18735079733902,118.01158608396727,0.8098011923987379,1.0857852588948531,8.136398065126793,1.0,13.0,120.0,1.0,14.0,124.0
