B_mean,G_mean,R_mean,B_std,G_std,R_std,B_median,G_median,R_median,B_mode,G_mode,R_mode
1.5064137250533152,11.69296877486711,109.1784702549575,1.0328657900890077,0.7240629465536422,8.031851693393266,1.0,12.0,113.0,1.0,12.0,115.0
