B_mean,G_mean,R_mean,B_std,G_std,R_std,B_median,G_median,R_median,B_mode,G_mode,R_mode
2.3104051946398445,14.388643091319986,135.24337142311487,0.9039167337801921,0.6301429059856677,3.831715907343702,2.0,14.0,135.0,2.0,14.0,135.0
