B_mean,G_mean,R_mean,B_std,G_std,R_std,B_median,G_median,R_median,B_mode,G_mode,R_mode
1.7506127255944235,15.266448101346406,143.92064805678456,1.0278006436109777,1.0190845525140775,7.549883290535812,2.0,15.0,145.0,2.0,15.0,153.0
