B_mean,G_mean,R_mean,B_std,G_std,R_std,B_median,G_median,R_median,B_mode,G_mode,R_mode
1.9369449661011555,14.654995702963364,143.74688862717636,0.821821840527691,0.58413306227407,6.206399378921582,2.0,15.0,145.0,2.0,15.0,151.0
