B_mean,G_mean,R_mean,B_std,G_std,R_std,B_median,G_median,R_median,B_mode,G_mode,R_mode
1.9823662348410096,14.12162205175542,131.16545182544482,1.032977857866055,0.594738681433156,6.9273991214843065,2.0,14.0,133.0,2.0,14.0,135.0
