B_mean,G_mean,R_mean,B_std,G_std,R_std,B_median,G_median,R_median,B_mode,G_mode,R_mode
0.5917496896584652,26.028487761403063,191.26768946748575,0.7532245747324531,1.67598778263473,6.235701065132642,0.0,26.0,192.0,0.0,26.0,191.0
