B_mean,G_mean,R_mean,B_std,G_std,R_std,B_median,G_median,R_median,B_mode,G_mode,R_mode
1.14597192602731,12.227265493204316,114.71897380399147,0.7958178809691273,0.9260834984603095,5.715497841427097,1.0,12.0,115.0,1.0,12.0,116.0
