B_mean,G_mean,R_mean,B_std,G_std,R_std,B_median,G_median,R_median,B_mode,G_mode,R_mode
1.262851322532387,13.344781487729573,121.70831078715345,0.7484253433746996,0.9146010059891656,7.723247607383931,1.0,13.0,124.0,1.0,14.0,125.0
