B_mean,G_mean,R_mean,B_std,G_std,R_std,B_median,G_median,R_median,B_mode,G_mode,R_mode
2.3540439889231943,14.138778368399274,134.53366012031702,0.981347702234875,0.409840686911918,4.353881619289418,3.0,14.0,135.0,3.0,14.0,135.0
