B_mean,G_mean,R_mean,B_std,G_std,R_std,B_median,G_median,R_median,B_mode,G_mode,R_mode
1.8853805264665626,11.876913772798167,102.43307763312856,1.2507224201691056,0.7390449716087489,8.441392993146675,2.0,12.0,106.0,2.0,12.0,106.0
