B_mean,G_mean,R_mean,B_std,G_std,R_std,B_median,G_median,R_median,B_mode,G_mode,R_mode
2.052169207753764,12.319158417417322,103.3731419295286,1.3264259743515814,0.6346259881100932,7.356968743109741,2.0,12.0,106.0,2.0,12.0,106.0
