B_mean,G_mean,R_mean,B_std,G_std,R_std,B_median,G_median,R_median,B_mode,G_mode,R_mode
1.105579781646879,15.820161059299105,150.06900722538754,0.9866822615020949,0.9368918957251827,9.32795643950953,1.0,16.0,153.0,1.0,16.0,156.0
