B_mean,G_mean,R_mean,B_std,G_std,R_std,B_median,G_median,R_median,B_mode,G_mode,R_mode
2.8308877359391413,11.203424897348569,93.0112996148582,1.0790399912336819,0.5953974081454725,5.151489745234982,3.0,11.0,94.0,3.0,11.0,94.0
