B_mean,G_mean,R_mean,B_std,G_std,R_std,B_median,G_median,R_median,B_mode,G_mode,R_mode
2.1798707706019034,14.262342044116243,133.8335932775249,0.9105413261348768,0.6047035966392539,5.81440422245907,2.0,14.0,135.0,2.0,14.0,135.0
