B_mean,G_mean,R_mean,B_std,G_std,R_std,B_median,G_median,R_median,B_mode,G_mode,R_mode
1.149950663653436,16.23741923162619,147.15501161791386,1.0118438925461197,0.7364359979636022,6.986251671753853,1.0,16.0,150.0,0.0,16.0,153.0
