B_mean,G_mean,R_mean,B_std,G_std,R_std,B_median,G_median,R_median,B_mode,G_mode,R_mode
2.6724066588152913,11.525352516153674,96.98169780691983,0.9713624388797311,0.792320071064449,5.178702628964546,3.0,11.0,98.0,2.0,11.0,100.0
