B_mean,G_mean,R_mean,B_std,G_std,R_std,B_median,G_median,R_median,B_mode,G_mode,R_mode
0.6049590985772034,17.393895024986474,160.3692905115065,0.6259738369954477,1.0737472649582676,4.074020257464942,1.0,17.0,160.0,0.0,17.0,163.0
