B_mean,G_mean,R_mean,B_std,G_std,R_std,B_median,G_median,R_median,B_mode,G_mode,R_mode
2.7696470063978103,10.866409905465193,93.3837731164656,0.9486083950886428,0.7375639530487803,5.027787084757861,3.0,11.0,94.0,3.0,11.0,94.0
