B_mean,G_mean,R_mean,B_std,G_std,R_std,B_median,G_median,R_median,B_mode,G_mode,R_mode
1.964191361364866,14.361205716650222,136.9738676512716,0.93118036407207,0.7066348033710795,7.345002114711494,2.0,14.0,137.0,2.0,14.0,135.0
