B_mean,G_mean,R_mean,B_std,G_std,R_std,B_median,G_median,R_median,B_mode,G_mode,R_mode
1.6738708342617055,12.710475220422065,113.42432441035109,0.9866772401919889,1.566805388503732,17.165372055762674,2.0,13.0,118.0,1.0,14.0,135.0
