B_mean,G_mean,R_mean,B_std,G_std,R_std,B_median,G_median,R_median,B_mode,G_mode,R_mode
2.1710857179234173,14.129133908393545,132.7087564057676,1.0160322654164353,0.6355358148961935,6.499762784629487,2.0,14.0,135.0,3.0,14.0,135.0
