B_mean,G_mean,R_mean,B_std,G_std,R_std,B_median,G_median,R_median,B_mode,G_mode,R_mode
1.9846261578126492,14.998790463761658,141.40134322182257,0.9566217834850567,0.8965449135131133,6.021649632961078,2.0,15.0,141.0,2.0,15.0,135.0
