B_mean,G_mean,R_mean,B_std,G_std,R_std,B_median,G_median,R_median,B_mode,G_mode,R_mode
1.6630486679186427,11.995066365343604,110.33535983703091,1.0883587948214393,0.8865890165373113,7.4742505280534,2.0,12.0,112.0,1.0,12.0,109.0
