B_mean,G_mean,R_mean,B_std,G_std,R_std,B_median,G_median,R_median,B_mode,G_mode,R_mode
0.7548142725276125,18.425884075500527,161.61536747620715,0.7836000108442878,1.1100862766311916,8.184711296066089,1.0,18.0,163.0,1.0,19.0,166.0
