B_mean,G_mean,R_mean,B_std,G_std,R_std,B_median,G_median,R_median,B_mode,G_mode,R_mode
0.809625362065124,18.43536938600121,161.34611834357196,0.8092595277617811,1.2116673690255515,8.342227827378359,1.0,19.0,163.0,1.0,19.0,165.0
