B_mean,G_mean,R_mean,B_std,G_std,R_std,B_median,G_median,R_median,B_mode,G_mode,R_mode
1.1367730846357067,14.067415730337078,116.64955278989082,0.8958226849614448,0.8391295776128779,3.5026072368068353,1.0,14.0,117.0,1.0,14.0,118.0
