B_mean,G_mean,R_mean,B_std,G_std,R_std,B_median,G_median,R_median,B_mode,G_mode,R_mode
1.9619950981952445,14.28809243403253,135.08307604163352,0.9669319598212527,0.7151075220762146,6.62659807116712,2.0,14.0,136.0,2.0,14.0,135.0
