B_mean,G_mean,R_mean,B_std,G_std,R_std,B_median,G_median,R_median,B_mode,G_mode,R_mode
2.528949294967693,14.035363020021007,126.84393799535283,1.013970414400962,1.307381831182802,14.314656955129449,3.0,14.0,134.0,3.0,14.0,135.0
