B_mean,G_mean,R_mean,B_std,G_std,R_std,B_median,G_median,R_median,B_mode,G_mode,R_mode
2.0916701149059427,14.451666295317821,135.0381322214088,1.0068834593165392,0.7526131217270096,5.360252990407487,2.0,14.0,136.0,2.0,14.0,135.0
