B_mean,G_mean,R_mean,B_std,G_std,R_std,B_median,G_median,R_median,B_mode,G_mode,R_mode
1.9929019320749912,14.62561670433205,143.43495559728808,0.8792557594009105,0.7602642778858103,6.23653969906178,2.0,15.0,145.0,2.0,15.0,151.0
