B_mean,G_mean,R_mean,B_std,G_std,R_std,B_median,G_median,R_median,B_mode,G_mode,R_mode
1.259509182926441,15.52290161377598,147.19454435496706,1.1377499030328717,1.186163066573022,10.411792765905115,1.0,16.0,152.0,1.0,16.0,153.0
