B_mean,G_mean,R_mean,B_std,G_std,R_std,B_median,G_median,R_median,B_mode,G_mode,R_mode
1.9966578603940541,14.022822039023458,129.8907916096381,1.127427481415635,0.8461825140881797,5.7879962859577,2.0,14.0,131.0,3.0,14.0,135.0
