B_mean,G_mean,R_mean,B_std,G_std,R_std,B_median,G_median,R_median,B_mode,G_mode,R_mode
1.4221281471814622,15.562975459146323,147.94703504472102,0.9777531843653205,1.0871095336774228,5.518747899453178,1.0,16.0,149.0,2.0,16.0,153.0
