B_mean,G_mean,R_mean,B_std,G_std,R_std,B_median,G_median,R_median,B_mode,G_mode,R_mode
1.6244071680937073,15.278925422541937,146.8258267816787,0.9016085804408009,0.8307722905513469,5.175592941053874,2.0,15.0,147.0,2.0,15.0,153.0
