B_mean,G_mean,R_mean,B_std,G_std,R_std,B_median,G_median,R_median,B_mode,G_mode,R_mode
1.3430945029760957,12.627717477798644,114.52493872744056,0.8695244909429087,1.1315298513820944,7.632470521903864,1.0,13.0,115.0,1.0,12.0,115.0
