B_mean,G_mean,R_mean,B_std,G_std,R_std,B_median,G_median,R_median,B_mode,G_mode,R_mode
1.5683228825158353,12.340197981984277,107.67320240634052,1.0682347025949426,0.9184324030424013,9.69905869303821,1.0,12.0,111.0,1.0,12.0,113.0
