B_mean,G_mean,R_mean,B_std,G_std,R_std,B_median,G_median,R_median,B_mode,G_mode,R_mode
1.5700735270713309,15.187987395359201,140.9204889072795,1.0540218355718494,1.2851840592107495,14.213928318851547,2.0,16.0,146.0,2.0,16.0,153.0
