B_mean,G_mean,R_mean,B_std,G_std,R_std,B_median,G_median,R_median,B_mode,G_mode,R_mode
1.53480599675335,14.646974567909094,116.43626062322946,1.0197656607683434,1.48111783800609,12.94069179260177,2.0,15.0,122.0,2.0,16.0,128.0
