B_mean,G_mean,R_mean,B_std,G_std,R_std,B_median,G_median,R_median,B_mode,G_mode,R_mode
2.0470127637903044,14.873539803291212,142.33580545564504,0.8992322317919099,0.7578334996173105,5.510151211644671,2.0,15.0,142.0,2.0,15.0,148.0
