B_mean,G_mean,R_mean,B_std,G_std,R_std,B_median,G_median,R_median,B_mode,G_mode,R_mode
2.0111404653531526,11.919947798962346,102.70519145685456,1.1677497905691445,0.748304013886449,8.163225896870317,2.0,12.0,106.0,2.0,12.0,106.0
