B_mean,G_mean,R_mean,B_std,G_std,R_std,B_median,G_median,R_median,B_mode,G_mode,R_mode
1.9905146894993158,14.321609319795016,135.15809911831175,1.0157151561221927,0.7003323139128967,6.4904430184296436,2.0,14.0,136.0,2.0,14.0,136.0
