B_mean,G_mean,R_mean,B_std,G_std,R_std,B_median,G_median,R_median,B_mode,G_mode,R_mode
1.7981665977018813,12.048508769137728,106.65951554890664,1.0015771621244123,1.1425358212086438,11.183927779297022,2.0,12.0,109.0,2.0,12.0,115.0
