B_mean,G_mean,R_mean,B_std,G_std,R_std,B_median,G_median,R_median,B_mode,G_mode,R_mode
1.0911290065887895,16.21526562052392,147.89652099181973,1.0268253550854969,0.7161235277983532,6.611891227692532,1.0,16.0,150.0,0.0,16.0,153.0
