B_mean,G_mean,R_mean,B_std,G_std,R_std,B_median,G_median,R_median,B_mode,G_mode,R_mode
0.9629499952255148,20.833243148613807,172.24744565044404,0.8630960939585445,1.6745423881053643,10.600694548082792,1.0,21.0,174.0,1.0,21.0,172.0
