B_mean,G_mean,R_mean,B_std,G_std,R_std,B_median,G_median,R_median,B_mode,G_mode,R_mode
2.0655695960785563,14.328675557819015,134.53381926982206,1.0591574827255816,0.6330012713737314,6.162571120765602,2.0,14.0,136.0,2.0,14.0,136.0
