B_mean,G_mean,R_mean,B_std,G_std,R_std,B_median,G_median,R_median,B_mode,G_mode,R_mode
0.9289556609478945,14.107075786994303,122.68367444377247,0.6411785346284306,0.6286542535479424,3.9085238049729623,1.0,14.0,124.0,1.0,14.0,124.0
