B_mean,G_mean,R_mean,B_std,G_std,R_std,B_median,G_median,R_median,B_mode,G_mode,R_mode
1.602953814813636,15.257440239360855,143.30165197186236,0.9293759643731981,0.9145748410069826,9.646443162218024,2.0,15.0,147.0,2.0,16.0,153.0
