B_mean,G_mean,R_mean,B_std,G_std,R_std,B_median,G_median,R_median,B_mode,G_mode,R_mode
1.6910908107075786,12.691536429321705,113.3837731164656,1.0011617315738364,1.560262194676553,17.036687527519106,2.0,13.0,118.0,1.0,14.0,135.0
