B_mean,G_mean,R_mean,B_std,G_std,R_std,B_median,G_median,R_median,B_mode,G_mode,R_mode
2.194353375561002,13.921953082725913,125.18435878664417,0.95451826324706,1.0698579497101743,12.904094969506371,2.0,14.0,132.0,2.0,14.0,132.0
