B_mean,G_mean,R_mean,B_std,G_std,R_std,B_median,G_median,R_median,B_mode,G_mode,R_mode
2.7661775471878283,10.468949931565712,90.30550338988446,0.9920158132546034,0.699456859800335,5.487217414584909,3.0,11.0,91.0,3.0,11.0,90.0
