B_mean,G_mean,R_mean,B_std,G_std,R_std,B_median,G_median,R_median,B_mode,G_mode,R_mode
2.0881051659929337,16.160868319699524,143.0568482032021,2.9278313628122583,4.075057242565226,7.9905694453379095,2.0,15.0,144.0,2.0,15.0,153.0
