B_mean,G_mean,R_mean,B_std,G_std,R_std,B_median,G_median,R_median,B_mode,G_mode,R_mode
0.6730750867364802,25.588821338765637,186.6579558837572,0.7575936394144503,1.9305683838942966,8.591858969411474,1.0,26.0,188.0,0.0,25.0,195.0
