B_mean,G_mean,R_mean,B_std,G_std,R_std,B_median,G_median,R_median,B_mode,G_mode,R_mode
1.7918324474010885,11.92908298055193,104.14807269949391,1.0146084764661851,1.6052537891401133,16.935841842569793,2.0,12.0,108.0,2.0,12.0,106.0
