B_mean,G_mean,R_mean,B_std,G_std,R_std,B_median,G_median,R_median,B_mode,G_mode,R_mode
1.3795715695324187,12.426775312728777,112.25428907916097,0.946469742278954,0.9032979464172787,8.976516139836225,1.0,12.0,116.0,1.0,12.0,116.0
