B_mean,G_mean,R_mean,B_std,G_std,R_std,B_median,G_median,R_median,B_mode,G_mode,R_mode
0.9199796288633543,21.001973453862558,172.11041792660023,0.797341457047505,1.746926779180752,11.400310766302177,1.0,21.0,175.0,1.0,21.0,183.0
