B_mean,G_mean,R_mean,B_std,G_std,R_std,B_median,G_median,R_median,B_mode,G_mode,R_mode
1.1400833943406437,15.67212018970621,149.39793742241463,0.9743739212949554,0.907546770494055,9.311457455866504,1.0,16.0,153.0,1.0,16.0,153.0
