B_mean,G_mean,R_mean,B_std,G_std,R_std,B_median,G_median,R_median,B_mode,G_mode,R_mode
0.834261705446096,24.810166470382278,180.5271986504122,0.8221686663320363,2.306075781821234,12.350422878379646,1.0,25.0,185.0,0.0,25.0,187.0
