B_mean,G_mean,R_mean,B_std,G_std,R_std,B_median,G_median,R_median,B_mode,G_mode,R_mode
1.032180029920107,16.10452939491358,147.91698761816852,1.0616420499875265,0.7597663391406316,7.503673456777301,1.0,16.0,152.0,0.0,16.0,153.0
