B_mean,G_mean,R_mean,B_std,G_std,R_std,B_median,G_median,R_median,B_mode,G_mode,R_mode
0.8804468918101664,24.665913359009455,180.8887226660725,0.8502040402364277,2.437618883875269,11.697007966429316,1.0,25.0,184.0,1.0,25.0,187.0
