B_mean,G_mean,R_mean,B_std,G_std,R_std,B_median,G_median,R_median,B_mode,G_mode,R_mode
2.6714517617850206,10.517999809020594,89.52888563516568,0.970121584587671,0.7448591126227888,6.270913663139751,3.0,11.0,90.0,3.0,11.0,90.0
