B_mean,G_mean,R_mean,B_std,G_std,R_std,B_median,G_median,R_median,B_mode,G_mode,R_mode
5.937326924913264,25.50437661138874,141.02183531209218,3.103519100895661,2.8175441678910276,4.46861498605042,5.0,25.0,141.0,4.0,24.0,139.0
