B_mean,G_mean,R_mean,B_std,G_std,R_std,B_median,G_median,R_median,B_mode,G_mode,R_mode
1.8835025623070312,14.708183467549416,145.73975872935034,0.823863033830081,0.6181571167477572,5.316319231476719,2.0,15.0,147.0,2.0,15.0,151.0
