B_mean,G_mean,R_mean,B_std,G_std,R_std,B_median,G_median,R_median,B_mode,G_mode,R_mode
1.546933189037782,15.169589712575993,140.9887003851418,1.0931158145443676,1.344930143072094,14.525180524140554,2.0,16.0,146.0,2.0,16.0,153.0
