B_mean,G_mean,R_mean,B_std,G_std,R_std,B_median,G_median,R_median,B_mode,G_mode,R_mode
2.120985453735239,14.642168252856733,133.96829741859503,0.9913545026937719,0.7314303161905158,4.8723860602580915,2.0,15.0,135.0,2.0,15.0,136.0
