B_mean,G_mean,R_mean,B_std,G_std,R_std,B_median,G_median,R_median,B_mode,G_mode,R_mode
1.2438807015310183,14.001400515644397,116.14508068879906,0.8717656594161484,0.8565260933579278,4.599806803815901,1.0,14.0,117.0,1.0,14.0,118.0
