B_mean,G_mean,R_mean,B_std,G_std,R_std,B_median,G_median,R_median,B_mode,G_mode,R_mode
0.575134481331763,25.985039946525767,191.98879587484484,0.7300285307731597,1.569388305321424,5.1132204560591825,0.0,26.0,192.0,0.0,26.0,195.0
