B_mean,G_mean,R_mean,B_std,G_std,R_std,B_median,G_median,R_median,B_mode,G_mode,R_mode
2.125600789381545,16.102173982238916,136.21669796606932,0.7889850637185462,1.0368807271716913,5.079971357883074,2.0,16.0,137.0,2.0,16.0,138.0
