B_mean,G_mean,R_mean,B_std,G_std,R_std,B_median,G_median,R_median,B_mode,G_mode,R_mode
0.546614890027692,17.21434255339466,159.90842537479708,0.6022299220104245,0.8831785598891282,3.911150099971895,0.0,17.0,160.0,0.0,17.0,163.0
