B_mean,G_mean,R_mean,B_std,G_std,R_std,B_median,G_median,R_median,B_mode,G_mode,R_mode
0.7825381163064583,24.701180889327436,180.3444950186205,0.7848170180378429,2.2764354445016406,11.828522565882544,1.0,25.0,184.0,0.0,25.0,187.0
