B_mean,G_mean,R_mean,B_std,G_std,R_std,B_median,G_median,R_median,B_mode,G_mode,R_mode
1.821816214151574,14.287010217398224,133.79628863354236,0.9809512301739428,0.9366050837692783,9.995084492256305,2.0,14.0,136.0,2.0,14.0,136.0
