B_mean,G_mean,R_mean,B_std,G_std,R_std,B_median,G_median,R_median,B_mode,G_mode,R_mode
1.019830028328612,16.190088168825795,149.96661043384154,0.9445851385224474,1.4808728028447042,13.71735536633352,1.0,16.0,154.0,1.0,17.0,153.0
