B_mean,G_mean,R_mean,B_std,G_std,R_std,B_median,G_median,R_median,B_mode,G_mode,R_mode
2.5094057357481616,11.40099309291148,95.23401343221822,0.8989473834300071,0.7258612065669229,5.893194437771683,2.0,11.0,97.0,2.0,11.0,100.0
