B_mean,G_mean,R_mean,B_std,G_std,R_std,B_median,G_median,R_median,B_mode,G_mode,R_mode
1.3266384441544388,13.366521310118726,116.95878027819333,0.9251672483519922,0.9667983791858565,10.195272607388649,1.0,14.0,121.0,1.0,14.0,126.0
