B_mean,G_mean,R_mean,B_std,G_std,R_std,B_median,G_median,R_median,B_mode,G_mode,R_mode
1.137600662061941,15.739440430340261,146.58767546232932,1.0118371276368268,1.0843743313251617,11.779371327450848,1.0,16.0,152.0,0.0,16.0,153.0
