B_mean,G_mean,R_mean,B_std,G_std,R_std,B_median,G_median,R_median,B_mode,G_mode,R_mode
1.8112486870165834,13.484291943852055,124.67151542158705,1.0343708808927627,1.0249699243802113,9.973558177404218,2.0,14.0,127.0,1.0,14.0,135.0
