B_mean,G_mean,R_mean,B_std,G_std,R_std,B_median,G_median,R_median,B_mode,G_mode,R_mode
1.777222522837954,15.1848044052583,143.72091542795303,0.975080723730944,0.824083351195925,7.063859342675091,2.0,15.0,145.0,2.0,15.0,153.0
