B_mean,G_mean,R_mean,B_std,G_std,R_std,B_median,G_median,R_median,B_mode,G_mode,R_mode
0.8394181494095553,16.73151478498902,158.42852595728428,0.8541243534291743,1.1017488356810605,8.870061480887406,1.0,17.0,160.0,1.0,17.0,163.0
