B_mean,G_mean,R_mean,B_std,G_std,R_std,B_median,G_median,R_median,B_mode,G_mode,R_mode
2.052105547951746,13.844670083076041,123.92733233599644,0.960575397102862,1.1583884064499717,13.055398869424561,2.0,14.0,130.0,2.0,14.0,135.0
