B_mean,G_mean,R_mean,B_std,G_std,R_std,B_median,G_median,R_median,B_mode,G_mode,R_mode
1.635706782951905,15.589776235795906,142.98510360632778,0.8794774150861945,0.8065146503942356,8.250967465107028,2.0,16.0,144.0,2.0,16.0,141.0
