B_mean,G_mean,R_mean,B_std,G_std,R_std,B_median,G_median,R_median,B_mode,G_mode,R_mode
1.3398160231721679,12.8611261418977,117.40627685647898,0.8669460750768169,1.178400018207959,7.676258964310849,1.0,13.0,118.0,1.0,13.0,120.0
