B_mean,G_mean,R_mean,B_std,G_std,R_std,B_median,G_median,R_median,B_mode,G_mode,R_mode
1.7832065442276475,14.211191393194767,128.24292580450074,1.0431000289437407,0.7492833581967919,6.722291472695701,2.0,14.0,129.0,2.0,14.0,131.0
