B_mean,G_mean,R_mean,B_std,G_std,R_std,B_median,G_median,R_median,B_mode,G_mode,R_mode
1.6486297227615623,12.002673711684757,110.88121080943438,1.0528772634456145,1.05941063104021,9.150735071067855,2.0,12.0,113.0,1.0,12.0,115.0
