B_mean,G_mean,R_mean,B_std,G_std,R_std,B_median,G_median,R_median,B_mode,G_mode,R_mode
2.7149314065633257,11.143170894738518,93.50109813158481,1.0673900625448347,0.5796067800358502,4.276999396613462,3.0,11.0,94.0,2.0,11.0,94.0
