B_mean,G_mean,R_mean,B_std,G_std,R_std,B_median,G_median,R_median,B_mode,G_mode,R_mode
2.3466594518891046,11.249769233217684,96.86946557596205,0.8811744554012334,0.6639489940570333,3.246218139706903,2.0,11.0,98.0,2.0,11.0,98.0
