B_mean,G_mean,R_mean,B_std,G_std,R_std,B_median,G_median,R_median,B_mode,G_mode,R_mode
1.5232199127860713,13.652417480981635,122.22175892032976,0.9426060732733157,1.2017674215325835,9.100946213231282,2.0,14.0,124.0,2.0,14.0,127.0
