B_mean,G_mean,R_mean,B_std,G_std,R_std,B_median,G_median,R_median,B_mode,G_mode,R_mode
1.3054397300824394,13.421332399656237,117.06884807588249,0.8569545100416067,0.9764841176585614,9.967252979563403,1.0,14.0,122.0,1.0,14.0,126.0
