B_mean,G_mean,R_mean,B_std,G_std,R_std,B_median,G_median,R_median,B_mode,G_mode,R_mode
1.1995098195244613,13.298309832256422,123.86564598784098,0.7338680233059008,0.7748563420271068,5.550930622677435,1.0,13.0,124.0,1.0,13.0,125.0
