B_mean,G_mean,R_mean,B_std,G_std,R_std,B_median,G_median,R_median,B_mode,G_mode,R_mode
2.473024158894866,14.046694464780215,127.06451920934526,1.0335501916618361,1.229808906768044,13.185024198428609,3.0,14.0,134.0,2.0,14.0,135.0
