B_mean,G_mean,R_mean,B_std,G_std,R_std,B_median,G_median,R_median,B_mode,G_mode,R_mode
2.30703122513289,14.131712130375275,134.50084349237673,0.9454226907825427,0.3977822081802287,4.407656152864844,2.0,14.0,135.0,3.0,14.0,135.0
