B_mean,G_mean,R_mean,B_std,G_std,R_std,B_median,G_median,R_median,B_mode,G_mode,R_mode
1.964000381958812,14.577076105293312,143.15889486583697,0.8284991775440059,0.5637828497753343,6.371935811044053,2.0,15.0,145.0,2.0,15.0,151.0
