B_mean,G_mean,R_mean,B_std,G_std,R_std,B_median,G_median,R_median,B_mode,G_mode,R_mode
1.2459178151955947,12.133749244039851,113.39354489607537,0.8463593403038063,0.8631534750313163,5.6272300870443965,1.0,12.0,114.0,1.0,12.0,116.0
