B_mean,G_mean,R_mean,B_std,G_std,R_std,B_median,G_median,R_median,B_mode,G_mode,R_mode
1.7554827004488016,13.577744533214501,120.60308113441768,1.0277165165437734,1.485075131678035,15.527234038053635,2.0,14.0,126.0,2.0,14.0,131.0
