B_mean,G_mean,R_mean,B_std,G_std,R_std,B_median,G_median,R_median,B_mode,G_mode,R_mode
2.0134640481268105,14.151924117515994,131.5533628290416,1.02628593411018,0.527505063869727,6.6769531362468095,2.0,14.0,134.0,2.0,14.0,135.0
