B_mean,G_mean,R_mean,B_std,G_std,R_std,B_median,G_median,R_median,B_mode,G_mode,R_mode
1.9945570869274596,14.121685711557436,131.14227965751027,1.07207875364598,0.5922585294201053,6.754055478300713,2.0,14.0,133.0,2.0,14.0,135.0
