B_mean,G_mean,R_mean,B_std,G_std,R_std,B_median,G_median,R_median,B_mode,G_mode,R_mode
1.251265238565108,13.773689403825955,122.50093898207976,0.7775275083168613,1.193802054558191,7.285237291995949,1.0,14.0,124.0,1.0,14.0,124.0
