B_mean,G_mean,R_mean,B_std,G_std,R_std,B_median,G_median,R_median,B_mode,G_mode,R_mode
1.550561797752809,11.802208995130025,109.660756915046,1.0058071230046863,0.6952796274654808,7.777667837147177,1.0,12.0,113.0,1.0,12.0,116.0
