B_mean,G_mean,R_mean,B_std,G_std,R_std,B_median,G_median,R_median,B_mode,G_mode,R_mode
1.2803259381863323,15.52357004169717,147.2416844383614,1.1388816818733307,1.1517028886288065,10.215297404318731,1.0,16.0,152.0,1.0,16.0,153.0
