B_mean,G_mean,R_mean,B_std,G_std,R_std,B_median,G_median,R_median,B_mode,G_mode,R_mode
2.0142597956520354,14.58649775599198,143.45398987809148,0.8648780957806202,0.6464628333751605,6.174108225069085,2.0,15.0,145.0,2.0,15.0,151.0
