B_mean,G_mean,R_mean,B_std,G_std,R_std,B_median,G_median,R_median,B_mode,G_mode,R_mode
1.7672279339211254,14.752363370149919,137.86494573001877,0.9585690670215076,1.0541638223092011,10.688272843007882,2.0,15.0,139.0,2.0,15.0,141.0
