B_mean,G_mean,R_mean,B_std,G_std,R_std,B_median,G_median,R_median,B_mode,G_mode,R_mode
1.6319826845338512,15.259350033421397,147.02950631823535,0.9744472716943652,0.7727702904571108,5.670072433794413,2.0,15.0,148.0,2.0,15.0,153.0
