B_mean,G_mean,R_mean,B_std,G_std,R_std,B_median,G_median,R_median,B_mode,G_mode,R_mode
1.1252188305694368,15.865709647642996,150.41012827450106,1.2883707028677795,1.1809544147095743,9.265264518478276,1.0,16.0,153.0,1.0,16.0,156.0
