B_mean,G_mean,R_mean,B_std,G_std,R_std,B_median,G_median,R_median,B_mode,G_mode,R_mode
2.136391125823599,14.633446859980266,134.64964827959386,0.9581676159989201,0.6605776336042802,4.216468399244189,2.0,15.0,135.0,2.0,15.0,132.0
