B_mean,G_mean,R_mean,B_std,G_std,R_std,B_median,G_median,R_median,B_mode,G_mode,R_mode
1.3779482445809594,12.694369290511506,113.6498074290989,0.859166235553949,1.079671495198559,7.89104322602698,1.0,13.0,115.0,1.0,12.0,113.0
