B_mean,G_mean,R_mean,B_std,G_std,R_std,B_median,G_median,R_median,B_mode,G_mode,R_mode
1.7762039660056657,13.598433968870356,121.05767578062832,0.9821018941729663,1.3993914761118318,15.262854262999081,2.0,14.0,126.0,2.0,14.0,132.0
