B_mean,G_mean,R_mean,B_std,G_std,R_std,B_median,G_median,R_median,B_mode,G_mode,R_mode
1.9367858165961105,15.147658910780788,141.06483750835534,0.9702484172003069,0.7710217127723015,6.444413070966388,2.0,15.0,141.0,2.0,15.0,141.0
