B_mean,G_mean,R_mean,B_std,G_std,R_std,B_median,G_median,R_median,B_mode,G_mode,R_mode
0.8163414711780247,24.591463220549382,180.24569500588854,0.8035343822512708,2.3368827166309054,12.061615644092186,1.0,25.0,184.0,0.0,25.0,187.0
