B_mean,G_mean,R_mean,B_std,G_std,R_std,B_median,G_median,R_median,B_mode,G_mode,R_mode
1.1439348123627335,15.672661298023364,149.3303307126715,0.9671377610082275,0.9130739975118514,9.349347303666729,1.0,16.0,153.0,1.0,16.0,153.0
