B_mean,G_mean,R_mean,B_std,G_std,R_std,B_median,G_median,R_median,B_mode,G_mode,R_mode
1.3005697552280613,15.537288729032053,147.3802399974536,1.1342122719148882,1.1696354364391808,10.086428853363081,1.0,16.0,152.0,1.0,16.0,153.0
