B_mean,G_mean,R_mean,B_std,G_std,R_std,B_median,G_median,R_median,B_mode,G_mode,R_mode
1.3192857370213578,13.397237164592418,117.61387147085972,0.893812103017731,1.0198638323949953,10.031042464458265,1.0,14.0,121.0,1.0,14.0,126.0
