B_mean,G_mean,R_mean,B_std,G_std,R_std,B_median,G_median,R_median,B_mode,G_mode,R_mode
2.7902727822516473,10.689021867141992,91.05624343508292,0.9254264765800625,0.711185676368162,5.377272817774848,3.0,11.0,90.0,3.0,11.0,89.0
