B_mean,G_mean,R_mean,B_std,G_std,R_std,B_median,G_median,R_median,B_mode,G_mode,R_mode
1.785975745615431,14.128242671165292,134.1819397141675,0.9226671370726885,0.7003289242729139,7.953131010068443,2.0,14.0,136.0,1.0,14.0,135.0
