B_mean,G_mean,R_mean,B_std,G_std,R_std,B_median,G_median,R_median,B_mode,G_mode,R_mode
0.5772670846993666,26.101505554317725,189.95212782888245,0.7424752851214506,2.020610150497337,8.093163765054637,0.0,26.0,192.0,0.0,26.0,194.0
