B_mean,G_mean,R_mean,B_std,G_std,R_std,B_median,G_median,R_median,B_mode,G_mode,R_mode
2.2259604672629467,12.280867046503486,102.607791959767,1.3157692122495805,0.6857536895017814,8.203778802956032,2.0,12.0,105.0,2.0,12.0,106.0
