B_mean,G_mean,R_mean,B_std,G_std,R_std,B_median,G_median,R_median,B_mode,G_mode,R_mode
1.6475156762262468,13.81360409969125,123.79998090205939,1.0347690693801237,1.2120278504665616,8.133227220874456,2.0,14.0,125.0,2.0,14.0,131.0
