B_mean,G_mean,R_mean,B_std,G_std,R_std,B_median,G_median,R_median,B_mode,G_mode,R_mode
1.729000222809307,15.101123595505618,141.17009899099213,0.8753970305357119,0.7661288885905457,5.714543115918069,2.0,15.0,141.0,2.0,15.0,141.0
