B_mean,G_mean,R_mean,B_std,G_std,R_std,B_median,G_median,R_median,B_mode,G_mode,R_mode
1.6370754686952924,15.073972689944934,140.73998153865742,0.9748873527683685,1.0590847644146224,10.849464360782065,2.0,15.0,142.0,2.0,15.0,153.0
