B_mean,G_mean,R_mean,B_std,G_std,R_std,B_median,G_median,R_median,B_mode,G_mode,R_mode
1.7979437883948182,13.492631377916414,121.06868892637743,1.0174087423660436,1.4953299699385072,15.77277070418548,2.0,14.0,127.0,2.0,14.0,132.0
