B_mean,G_mean,R_mean,B_std,G_std,R_std,B_median,G_median,R_median,B_mode,G_mode,R_mode
0.5675271349906101,17.537256899131044,159.92173027341886,0.5583757908267787,0.9126031097593419,4.83851965301298,1.0,18.0,160.0,1.0,18.0,159.0
