B_mean,G_mean,R_mean,B_std,G_std,R_std,B_median,G_median,R_median,B_mode,G_mode,R_mode
2.3030843174077726,14.45911449215393,135.4926313779164,1.0496345042997597,1.3973643358120151,4.643088185054602,2.0,14.0,136.0,3.0,14.0,136.0
