B_mean,G_mean,R_mean,B_std,G_std,R_std,B_median,G_median,R_median,B_mode,G_mode,R_mode
0.8821020466626349,20.82219817296368,172.8194608014769,0.8241660132637711,1.4731360555337532,9.725523922187994,1.0,21.0,174.0,1.0,21.0,172.0
