B_mean,G_mean,R_mean,B_std,G_std,R_std,B_median,G_median,R_median,B_mode,G_mode,R_mode
0.5539994270617818,17.15205143712003,160.1136964064042,0.6003945728531045,0.9074264638361088,4.861514427080425,0.0,17.0,160.0,0.0,17.0,153.0
