B_mean,G_mean,R_mean,B_std,G_std,R_std,B_median,G_median,R_median,B_mode,G_mode,R_mode
2.1763058216888944,12.270235859566476,102.92854187223477,1.3844653839902668,0.7220229119050048,9.174462347969227,2.0,12.0,105.0,2.0,12.0,113.0
