B_mean,G_mean,R_mean,B_std,G_std,R_std,B_median,G_median,R_median,B_mode,G_mode,R_mode
1.4070407741031925,14.078810834898304,116.48104529394914,0.9134767966722422,0.950601654546974,4.996315686358912,1.0,14.0,117.0,1.0,14.0,118.0
