B_mean,G_mean,R_mean,B_std,G_std,R_std,B_median,G_median,R_median,B_mode,G_mode,R_mode
2.1184708915555275,14.699239265365884,133.83273387019767,0.980505346923724,0.6499473989617804,4.205149572690038,2.0,15.0,135.0,2.0,15.0,132.0
