B_mean,G_mean,R_mean,B_std,G_std,R_std,B_median,G_median,R_median,B_mode,G_mode,R_mode
1.7345067956838653,11.751631282426711,106.00477448515134,0.9940701633428896,1.1585393763941323,11.484089152450089,2.0,12.0,109.0,2.0,12.0,116.0
