B_mean,G_mean,R_mean,B_std,G_std,R_std,B_median,G_median,R_median,B_mode,G_mode,R_mode
1.8072381194894485,12.102142152337906,107.17544641436164,1.046089551738063,1.14163215167299,10.283084047354505,2.0,12.0,109.0,2.0,12.0,115.0
