B_mean,G_mean,R_mean,B_std,G_std,R_std,B_median,G_median,R_median,B_mode,G_mode,R_mode
0.9597351752236051,14.123945634529077,123.66069325524397,0.6561123016111636,0.595302351614524,3.5960527040522527,1.0,14.0,125.0,1.0,14.0,126.0
