B_mean,G_mean,R_mean,B_std,G_std,R_std,B_median,G_median,R_median,B_mode,G_mode,R_mode
1.7842569309609446,15.562688990037241,143.13155298087023,1.2533592940285914,2.048066284087155,8.52389071200444,2.0,15.0,144.0,2.0,15.0,153.0
