B_mean,G_mean,R_mean,B_std,G_std,R_std,B_median,G_median,R_median,B_mode,G_mode,R_mode
3.38049463666168,12.816118661870961,99.65610974949868,1.3496215966258889,0.5865589139093541,6.220823443313965,3.0,13.0,101.0,4.0,13.0,101.0
