B_mean,G_mean,R_mean,B_std,G_std,R_std,B_median,G_median,R_median,B_mode,G_mode,R_mode
1.3327497851481682,15.527134990610179,141.63828500493364,1.0645309682639963,1.666250751075728,18.391101203457357,1.0,16.0,149.0,1.0,16.0,153.0
