B_mean,G_mean,R_mean,B_std,G_std,R_std,B_median,G_median,R_median,B_mode,G_mode,R_mode
1.097304007384537,15.819556291179934,150.08645001114047,0.9965490117492883,0.9698482205365263,9.752454265567758,1.0,16.0,153.0,1.0,16.0,156.0
