B_mean,G_mean,R_mean,B_std,G_std,R_std,B_median,G_median,R_median,B_mode,G_mode,R_mode
1.813253970780151,14.314192952859917,133.76881942897157,0.9570174430251339,0.9387873363658018,10.007496450908294,2.0,14.0,136.0,2.0,14.0,142.0
