B_mean,G_mean,R_mean,B_std,G_std,R_std,B_median,G_median,R_median,B_mode,G_mode,R_mode
2.4128019861858228,11.34904669446478,94.55084826686189,1.095970509323576,0.6664681860567855,3.4159252515003593,2.0,11.0,95.0,2.0,11.0,95.0
