B_mean,G_mean,R_mean,B_std,G_std,R_std,B_median,G_median,R_median,B_mode,G_mode,R_mode
1.4243244103510837,12.258140497183053,111.73982238915237,0.992913701802015,1.1475175619011573,10.68011169047104,1.0,12.0,115.0,1.0,12.0,115.0
