B_mean,G_mean,R_mean,B_std,G_std,R_std,B_median,G_median,R_median,B_mode,G_mode,R_mode
2.126364707005761,12.28742400611134,102.60222172709042,1.345709828014293,0.6465949978074895,7.318102263033826,2.0,12.0,105.0,2.0,12.0,106.0
