B_mean,G_mean,R_mean,B_std,G_std,R_std,B_median,G_median,R_median,B_mode,G_mode,R_mode
1.1237864850240316,15.647229207117165,149.09739949708757,0.9687568125678059,0.953616835105737,9.78849728334469,1.0,16.0,153.0,1.0,16.0,153.0
