B_mean,G_mean,R_mean,B_std,G_std,R_std,B_median,G_median,R_median,B_mode,G_mode,R_mode
1.206671547251488,13.213928764681542,117.29181653245058,0.8627310503016417,1.0023715317652353,7.70910566960009,1.0,13.0,119.0,1.0,14.0,124.0
