B_mean,G_mean,R_mean,B_std,G_std,R_std,B_median,G_median,R_median,B_mode,G_mode,R_mode
0.5299678517999808,16.972849094439315,160.03023840595856,0.6166467574211892,0.7560097955542124,4.391656417393907,0.0,17.0,160.0,0.0,17.0,153.0
