B_mean,G_mean,R_mean,B_std,G_std,R_std,B_median,G_median,R_median,B_mode,G_mode,R_mode
1.3297259445523124,12.409841805391986,113.19018365852882,1.008137392762502,0.9516393337277173,9.715147584297393,1.0,12.0,116.0,1.0,12.0,116.0
