B_mean,G_mean,R_mean,B_std,G_std,R_std,B_median,G_median,R_median,B_mode,G_mode,R_mode
0.9409873635292995,14.111054524620428,122.89021867141993,0.648807219144041,0.5838614173633064,3.6708733025453135,1.0,14.0,124.0,1.0,14.0,124.0
