B_mean,G_mean,R_mean,B_std,G_std,R_std,B_median,G_median,R_median,B_mode,G_mode,R_mode
1.6916955788267498,12.928605532036796,113.55692777795461,1.0473231453729261,1.5232146203806889,16.99340451105677,2.0,13.0,118.0,2.0,14.0,135.0
