B_mean,G_mean,R_mean,B_std,G_std,R_std,B_median,G_median,R_median,B_mode,G_mode,R_mode
0.5497342203265748,26.130980042652066,189.94853105006842,0.7313277088603981,1.9379213410652298,8.150641503800621,0.0,26.0,192.0,0.0,26.0,194.0
