B_mean,G_mean,R_mean,B_std,G_std,R_std,B_median,G_median,R_median,B_mode,G_mode,R_mode
1.1228634178947703,15.709202024381705,149.42744374064998,0.9512524280042607,0.9132068250584363,9.25457797299949,1.0,16.0,153.0,1.0,16.0,153.0
