B_mean,G_mean,R_mean,B_std,G_std,R_std,B_median,G_median,R_median,B_mode,G_mode,R_mode
1.6900085940732725,15.293408027501034,143.3914441226088,0.8755294825229959,0.8208389443286629,8.113158390456363,2.0,15.0,144.0,2.0,15.0,153.0
