B_mean,G_mean,R_mean,B_std,G_std,R_std,B_median,G_median,R_median,B_mode,G_mode,R_mode
2.105579781646879,14.875003978737626,141.55988795874845,1.0172749018239826,0.7462694893717748,6.107718577023637,2.0,15.0,141.0,2.0,15.0,136.0
