B_mean,G_mean,R_mean,B_std,G_std,R_std,B_median,G_median,R_median,B_mode,G_mode,R_mode
1.7434191679663875,14.305216920775376,129.0159467804055,1.028878624829008,0.8707954923471615,7.287108806484534,2.0,14.0,130.0,2.0,14.0,132.0
