B_mean,G_mean,R_mean,B_std,G_std,R_std,B_median,G_median,R_median,B_mode,G_mode,R_mode
1.8572110640735908,14.346532132285068,132.9798516726613,1.0048812752922447,1.0918521402293404,10.8930494255054,2.0,14.0,135.0,2.0,14.0,136.0
