B_mean,G_mean,R_mean,B_std,G_std,R_std,B_median,G_median,R_median,B_mode,G_mode,R_mode
2.3009835439411783,14.326956743164528,135.07658274182768,0.9155501616865009,0.581128294502986,3.8881571685901024,2.0,14.0,135.0,2.0,14.0,135.0
