B_mean,G_mean,R_mean,B_std,G_std,R_std,B_median,G_median,R_median,B_mode,G_mode,R_mode
0.8995130025145622,20.805519304834963,172.71496323646434,0.8075544634973336,1.4802378153817022,9.88259720521142,1.0,21.0,174.0,1.0,21.0,172.0
