B_mean,G_mean,R_mean,B_std,G_std,R_std,B_median,G_median,R_median,B_mode,G_mode,R_mode
1.9257090110449757,14.404430722220454,137.68049145367158,0.9185821278111664,0.7060098708387605,7.467808797306489,2.0,14.0,138.0,2.0,14.0,142.0
