B_mean,G_mean,R_mean,B_std,G_std,R_std,B_median,G_median,R_median,B_mode,G_mode,R_mode
1.3667759493267977,15.541490275965241,141.22936626667092,1.0592433423733254,1.678537121236665,18.36434270116301,1.0,16.0,148.0,1.0,16.0,153.0
