B_mean,G_mean,R_mean,B_std,G_std,R_std,B_median,G_median,R_median,B_mode,G_mode,R_mode
2.6497437692968773,11.510901741095585,95.68914918674604,0.8349191767748148,0.886378617481968,8.181502437909106,3.0,11.0,99.0,2.0,11.0,100.0
