B_mean,G_mean,R_mean,B_std,G_std,R_std,B_median,G_median,R_median,B_mode,G_mode,R_mode
1.877900499729446,15.353152751694942,143.43804309768598,1.0226556711582067,0.9898383986207181,7.72701922916366,2.0,15.0,145.0,2.0,15.0,153.0
