B_mean,G_mean,R_mean,B_std,G_std,R_std,B_median,G_median,R_median,B_mode,G_mode,R_mode
1.6183276570009868,15.443422350956489,146.06747939013908,0.9793248308090652,0.968823985219939,5.846284897264063,2.0,15.0,147.0,2.0,15.0,153.0
