B_mean,G_mean,R_mean,B_std,G_std,R_std,B_median,G_median,R_median,B_mode,G_mode,R_mode
1.6562688990037242,11.84728013495878,108.06693828182195,1.0092052734417394,0.8396990774088994,8.897494069275917,2.0,12.0,110.0,1.0,12.0,116.0
