B_mean,G_mean,R_mean,B_std,G_std,R_std,B_median,G_median,R_median,B_mode,G_mode,R_mode
1.680523283572588,15.296877486711017,142.59372314352103,0.9382245048252636,0.9620045492530154,9.932267243112932,2.0,15.0,147.0,2.0,16.0,148.0
