B_mean,G_mean,R_mean,B_std,G_std,R_std,B_median,G_median,R_median,B_mode,G_mode,R_mode
1.6614253429671835,15.126301047203743,139.9310882643155,0.989465478524354,1.215442052877456,13.578148364290382,2.0,15.0,144.0,2.0,16.0,153.0
