B_mean,G_mean,R_mean,B_std,G_std,R_std,B_median,G_median,R_median,B_mode,G_mode,R_mode
3.3500015914950505,12.749244039851035,99.23907438647866,1.2484441871123515,0.6285212632973812,5.961929641569918,3.0,13.0,101.0,4.0,13.0,101.0
