B_mean,G_mean,R_mean,B_std,G_std,R_std,B_median,G_median,R_median,B_mode,G_mode,R_mode
2.0378457522997104,14.287519495814369,134.4314543081771,1.0032415218047945,0.655378629708223,6.553205868677231,2.0,14.0,136.0,2.0,14.0,135.0
