B_mean,G_mean,R_mean,B_std,G_std,R_std,B_median,G_median,R_median,B_mode,G_mode,R_mode
1.9059744724193908,14.719419422605595,145.9003724098418,0.8421027366559788,0.6069079200322705,5.364858699265902,2.0,15.0,147.0,2.0,15.0,151.0
