B_mean,G_mean,R_mean,B_std,G_std,R_std,B_median,G_median,R_median,B_mode,G_mode,R_mode
1.906833879746634,14.86882897794188,142.533564630614,0.9323689740013013,0.7227003388658888,5.59755842341748,2.0,15.0,142.0,2.0,15.0,141.0
