B_mean,G_mean,R_mean,B_std,G_std,R_std,B_median,G_median,R_median,B_mode,G_mode,R_mode
0.9534965146258395,14.092911481045293,123.25183817678327,0.6400264789896429,0.5653666066246972,3.5008341267737086,1.0,14.0,124.0,1.0,14.0,124.0
