B_mean,G_mean,R_mean,B_std,G_std,R_std,B_median,G_median,R_median,B_mode,G_mode,R_mode
1.7679281917433236,11.920679886685553,105.55014800903969,0.9973699250746231,1.1909109340072865,12.3563573064233,2.0,12.0,108.0,2.0,12.0,115.0
