B_mean,G_mean,R_mean,B_std,G_std,R_std,B_median,G_median,R_median,B_mode,G_mode,R_mode
1.639558200973995,15.363974918038005,146.51987777318013,1.0772072741370171,0.8015642892407011,6.045093672548693,2.0,15.0,148.0,2.0,15.0,153.0
