B_mean,G_mean,R_mean,B_std,G_std,R_std,B_median,G_median,R_median,B_mode,G_mode,R_mode
1.6766718655504982,15.087404908170736,142.2293344367699,0.9480998515805361,0.9286348503716495,9.527479999428875,2.0,15.0,145.0,2.0,15.0,153.0
