B_mean,G_mean,R_mean,B_std,G_std,R_std,B_median,G_median,R_median,B_mode,G_mode,R_mode
0.6176592290797975,26.009198841391605,191.90260050291243,0.7632899140303988,1.6566448902218371,5.411627567944697,0.0,26.0,192.0,0.0,26.0,195.0
