B_mean,G_mean,R_mean,B_std,G_std,R_std,B_median,G_median,R_median,B_mode,G_mode,R_mode
0.6794092370372729,25.63166438552376,187.13397205334692,0.7486727462212959,1.8869030149811692,8.710720909358866,1.0,26.0,189.0,0.0,25.0,195.0
